season,season_type,week,game_id,opponent,at_home,seconds_elapsed,game_seconds_remaining,wp_sea,margin_sea
2025,REG,1,2025_01_SF_SEA,SF,True,0.0,3600.0,0.5462617874145508,0.0
2025,REG,1,2025_01_SF_SEA,SF,True,0.0,3600.0,0.5462617874145508,0.0
2025,REG,1,2025_01_SF_SEA,SF,True,0.0,3600.0,0.5663902163505554,0.0
2025,REG,1,2025_01_SF_SEA,SF,True,39.0,3561.0,0.5844466686248779,0.0
2025,REG,1,2025_01_SF_SEA,SF,True,78.0,3522.0,0.569413959980011,0.0
2025,REG,1,2025_01_SF_SEA,SF,True,116.0,3484.0,0.5424160957336426,0.0
2025,REG,1,2025_01_SF_SEA,SF,True,161.0,3439.0,0.4951589107513428,0.0
2025,REG,1,2025_01_SF_SEA,SF,True,166.0,3434.0,0.49505850672721863,0.0
2025,REG,1,2025_01_SF_SEA,SF,True,175.0,3425.0,0.5285030901432037,0.0
2025,REG,1,2025_01_SF_SEA,SF,True,213.0,3387.0,0.5412884950637817,0.0
2025,REG,1,2025_01_SF_SEA,SF,True,258.0,3342.0,0.561731606721878,0.0
2025,REG,1,2025_01_SF_SEA,SF,True,300.0,3300.0,0.5177097320556641,0.0
2025,REG,1,2025_01_SF_SEA,SF,True,339.0,3261.0,0.5185618698596954,0.0
2025,REG,1,2025_01_SF_SEA,SF,True,377.0,3223.0,0.5511063635349274,0.0
2025,REG,1,2025_01_SF_SEA,SF,True,415.0,3185.0,0.4700070023536682,0.0
2025,REG,1,2025_01_SF_SEA,SF,True,448.0,3152.0,0.4188879728317261,0.0
2025,REG,1,2025_01_SF_SEA,SF,True,452.0,3148.0,0.43150001764297485,0.0
2025,REG,1,2025_01_SF_SEA,SF,True,493.0,3107.0,0.464877724647522,0.0
2025,REG,1,2025_01_SF_SEA,SF,True,499.0,3101.0,0.38136041164398193,0.0
2025,REG,1,2025_01_SF_SEA,SF,True,536.0,3064.0,0.3877179026603699,0.0
2025,REG,1,2025_01_SF_SEA,SF,True,577.0,3023.0,0.37037086486816406,0.0
2025,REG,1,2025_01_SF_SEA,SF,True,596.0,3004.0,0.37785011529922485,0.0
2025,REG,1,2025_01_SF_SEA,SF,True,634.0,2966.0,0.39005595445632935,0.0
2025,REG,1,2025_01_SF_SEA,SF,True,673.0,2927.0,0.39040708541870117,-6.0
2025,REG,1,2025_01_SF_SEA,SF,True,677.0,2923.0,0.3270032139259361,-7.0
2025,REG,1,2025_01_SF_SEA,SF,True,677.0,2923.0,0.32581260800361633,-7.0
2025,REG,1,2025_01_SF_SEA,SF,True,683.0,2917.0,0.33136123418807983,-7.0
2025,REG,1,2025_01_SF_SEA,SF,True,720.0,2880.0,0.34127768874168396,-7.0
2025,REG,1,2025_01_SF_SEA,SF,True,743.0,2857.0,0.36535024642944336,-7.0
2025,REG,1,2025_01_SF_SEA,SF,True,774.0,2826.0,0.4200976490974426,-7.0
2025,REG,1,2025_01_SF_SEA,SF,True,797.0,2803.0,0.40323829650878906,-7.0
2025,REG,1,2025_01_SF_SEA,SF,True,831.0,2769.0,0.41884076595306396,-7.0
2025,REG,1,2025_01_SF_SEA,SF,True,878.0,2722.0,0.4282209575176239,-7.0
2025,REG,1,2025_01_SF_SEA,SF,True,900.0,2700.0,0.4319984018802643,-7.0
2025,REG,1,2025_01_SF_SEA,SF,True,900.0,2700.0,0.4319984018802643,-7.0
2025,REG,1,2025_01_SF_SEA,SF,True,934.0,2666.0,0.43891608715057373,-7.0
2025,REG,1,2025_01_SF_SEA,SF,True,974.0,2626.0,0.36957651376724243,-7.0
2025,REG,1,2025_01_SF_SEA,SF,True,979.0,2621.0,0.4696539640426636,-1.0
2025,REG,1,2025_01_SF_SEA,SF,True,982.0,2618.0,0.5013972627838463,0.0
2025,REG,1,2025_01_SF_SEA,SF,True,982.0,2618.0,0.5068817138671875,0.0
2025,REG,1,2025_01_SF_SEA,SF,True,982.0,2618.0,0.48444926738739014,0.0
2025,REG,1,2025_01_SF_SEA,SF,True,1019.0,2581.0,0.4885527491569519,0.0
2025,REG,1,2025_01_SF_SEA,SF,True,1058.0,2542.0,0.5164543390274048,0.0
2025,REG,1,2025_01_SF_SEA,SF,True,1065.0,2535.0,0.5457540154457092,0.0
2025,REG,1,2025_01_SF_SEA,SF,True,1074.0,2526.0,0.5588475465774536,0.0
2025,REG,1,2025_01_SF_SEA,SF,True,1117.0,2483.0,0.5290898680686951,0.0
2025,REG,1,2025_01_SF_SEA,SF,True,1120.0,2480.0,0.5022259950637817,0.0
2025,REG,1,2025_01_SF_SEA,SF,True,1124.0,2476.0,0.4749315679073334,0.0
2025,REG,1,2025_01_SF_SEA,SF,True,1136.0,2464.0,0.526369720697403,0.0
2025,REG,1,2025_01_SF_SEA,SF,True,1172.0,2428.0,0.5264576375484467,0.0
2025,REG,1,2025_01_SF_SEA,SF,True,1194.0,2406.0,0.504768580198288,0.0
2025,REG,1,2025_01_SF_SEA,SF,True,1239.0,2361.0,0.5399044156074524,0.0
2025,REG,1,2025_01_SF_SEA,SF,True,1278.0,2322.0,0.5625270009040833,0.0
2025,REG,1,2025_01_SF_SEA,SF,True,1278.0,2322.0,0.5625270009040833,0.0
2025,REG,1,2025_01_SF_SEA,SF,True,1309.0,2291.0,0.5531569421291351,0.0
2025,REG,1,2025_01_SF_SEA,SF,True,1316.0,2284.0,0.5261761546134949,0.0
2025,REG,1,2025_01_SF_SEA,SF,True,1347.0,2253.0,0.526668131351471,0.0
2025,REG,1,2025_01_SF_SEA,SF,True,1385.0,2215.0,0.48680466413497925,0.0
2025,REG,1,2025_01_SF_SEA,SF,True,1426.0,2174.0,0.43335363268852234,0.0
2025,REG,1,2025_01_SF_SEA,SF,True,1434.0,2166.0,0.48431235551834106,0.0
2025,REG,1,2025_01_SF_SEA,SF,True,1471.0,2129.0,0.4704570770263672,0.0
2025,REG,1,2025_01_SF_SEA,SF,True,1507.0,2093.0,0.45513248443603516,0.0
2025,REG,1,2025_01_SF_SEA,SF,True,1546.0,2054.0,0.49208688735961914,0.0
2025,REG,1,2025_01_SF_SEA,SF,True,1580.0,2020.0,0.42714059352874756,0.0
2025,REG,1,2025_01_SF_SEA,SF,True,1624.0,1976.0,0.373942494392395,0.0
2025,REG,1,2025_01_SF_SEA,SF,True,1662.0,1938.0,0.3843231797218323,0.0
2025,REG,1,2025_01_SF_SEA,SF,True,1680.0,1920.0,0.3830002546310425,0.0
2025,REG,1,2025_01_SF_SEA,SF,True,1725.0,1875.0,0.35623621940612793,0.0
2025,REG,1,2025_01_SF_SEA,SF,True,1729.0,1871.0,0.38157767057418823,0.0
2025,REG,1,2025_01_SF_SEA,SF,True,1729.0,1871.0,0.38157767057418823,0.0
2025,REG,1,2025_01_SF_SEA,SF,True,1732.0,1868.0,0.4054185152053833,0.0
2025,REG,1,2025_01_SF_SEA,SF,True,1740.0,1860.0,0.44111573696136475,0.0
2025,REG,1,2025_01_SF_SEA,SF,True,1743.0,1857.0,0.525755763053894,0.0
2025,REG,1,2025_01_SF_SEA,SF,True,1759.0,1841.0,0.5245482325553894,0.0
2025,REG,1,2025_01_SF_SEA,SF,True,1765.0,1835.0,0.5690333843231201,0.0
2025,REG,1,2025_01_SF_SEA,SF,True,1765.0,1835.0,0.5690333843231201,0.0
2025,REG,1,2025_01_SF_SEA,SF,True,1770.0,1830.0,0.5509642958641052,0.0
2025,REG,1,2025_01_SF_SEA,SF,True,1775.0,1825.0,0.5242653489112854,0.0
2025,REG,1,2025_01_SF_SEA,SF,True,1775.0,1825.0,0.5242653489112854,0.0
2025,REG,1,2025_01_SF_SEA,SF,True,1787.0,1813.0,0.5863956212997437,0.0
2025,REG,1,2025_01_SF_SEA,SF,True,1788.0,1812.0,0.575554370880127,0.0
2025,REG,1,2025_01_SF_SEA,SF,True,1788.0,1812.0,0.575554370880127,0.0
2025,REG,1,2025_01_SF_SEA,SF,True,1793.0,1807.0,0.6094828844070435,3.0
2025,REG,1,2025_01_SF_SEA,SF,True,1798.0,1802.0,0.6051110327243805,3.0
2025,REG,1,2025_01_SF_SEA,SF,True,1798.0,1802.0,0.5834752023220062,3.0
2025,REG,1,2025_01_SF_SEA,SF,True,1800.0,1800.0,0.6287232339382172,3.0
2025,REG,1,2025_01_SF_SEA,SF,True,1800.0,1800.0,0.6287232339382172,3.0
2025,REG,1,2025_01_SF_SEA,SF,True,1805.0,1795.0,0.6287232339382172,3.0
2025,REG,1,2025_01_SF_SEA,SF,True,1843.0,1757.0,0.5835927128791809,3.0
2025,REG,1,2025_01_SF_SEA,SF,True,1880.0,1720.0,0.5702124834060669,3.0
2025,REG,1,2025_01_SF_SEA,SF,True,1923.0,1677.0,0.5615208446979523,3.0
2025,REG,1,2025_01_SF_SEA,SF,True,1963.0,1637.0,0.5334930419921875,3.0
2025,REG,1,2025_01_SF_SEA,SF,True,1974.0,1626.0,0.6837769150733948,3.0
2025,REG,1,2025_01_SF_SEA,SF,True,2014.0,1586.0,0.7184731364250183,3.0
2025,REG,1,2025_01_SF_SEA,SF,True,2051.0,1549.0,0.6974303126335144,3.0
2025,REG,1,2025_01_SF_SEA,SF,True,2054.0,1546.0,0.6537889242172241,3.0
2025,REG,1,2025_01_SF_SEA,SF,True,2065.0,1535.0,0.6287232339382172,3.0
2025,REG,1,2025_01_SF_SEA,SF,True,2102.0,1498.0,0.599033534526825,3.0
2025,REG,1,2025_01_SF_SEA,SF,True,2142.0,1458.0,0.6025903820991516,3.0
2025,REG,1,2025_01_SF_SEA,SF,True,2181.0,1419.0,0.5996262729167938,3.0
2025,REG,1,2025_01_SF_SEA,SF,True,2221.0,1379.0,0.5780922472476959,3.0
2025,REG,1,2025_01_SF_SEA,SF,True,2260.0,1340.0,0.5330395102500916,3.0
2025,REG,1,2025_01_SF_SEA,SF,True,2303.0,1297.0,0.512472927570343,3.0
2025,REG,1,2025_01_SF_SEA,SF,True,2343.0,1257.0,0.4841940999031067,3.0
2025,REG,1,2025_01_SF_SEA,SF,True,2385.0,1215.0,0.5442773103713989,3.0
2025,REG,1,2025_01_SF_SEA,SF,True,2427.0,1173.0,0.5945676267147064,3.0
2025,REG,1,2025_01_SF_SEA,SF,True,2468.0,1132.0,0.4930335283279419,3.0
2025,REG,1,2025_01_SF_SEA,SF,True,2507.0,1093.0,0.5125967264175415,3.0
2025,REG,1,2025_01_SF_SEA,SF,True,2513.0,1087.0,0.5125967264175415,3.0
2025,REG,1,2025_01_SF_SEA,SF,True,2555.0,1045.0,0.4930446743965149,3.0
2025,REG,1,2025_01_SF_SEA,SF,True,2559.0,1041.0,0.5376979112625122,3.0
2025,REG,1,2025_01_SF_SEA,SF,True,2566.0,1034.0,0.7256630063056946,3.0
2025,REG,1,2025_01_SF_SEA,SF,True,2594.0,1006.0,0.7325381636619568,3.0
2025,REG,1,2025_01_SF_SEA,SF,True,2635.0,965.0,0.7126330733299255,3.0
2025,REG,1,2025_01_SF_SEA,SF,True,2666.0,934.0,0.7640917897224426,3.0
2025,REG,1,2025_01_SF_SEA,SF,True,2700.0,900.0,0.7434563636779785,3.0
2025,REG,1,2025_01_SF_SEA,SF,True,2700.0,900.0,0.7434563636779785,3.0
2025,REG,1,2025_01_SF_SEA,SF,True,2710.0,890.0,0.6272785067558289,3.0
2025,REG,1,2025_01_SF_SEA,SF,True,2716.0,884.0,0.6213633716106415,3.0
2025,REG,1,2025_01_SF_SEA,SF,True,2750.0,850.0,0.5659095346927643,3.0
2025,REG,1,2025_01_SF_SEA,SF,True,2785.0,815.0,0.6036738753318787,3.0
2025,REG,1,2025_01_SF_SEA,SF,True,2805.0,795.0,0.47338706254959106,3.0
2025,REG,1,2025_01_SF_SEA,SF,True,2843.0,757.0,0.4428691864013672,3.0
2025,REG,1,2025_01_SF_SEA,SF,True,2884.0,716.0,0.48288798332214355,3.0
2025,REG,1,2025_01_SF_SEA,SF,True,2922.0,678.0,0.5389266610145569,3.0
2025,REG,1,2025_01_SF_SEA,SF,True,2963.0,637.0,0.4426165819168091,3.0
2025,REG,1,2025_01_SF_SEA,SF,True,3004.0,596.0,0.4671418070793152,3.0
2025,REG,1,2025_01_SF_SEA,SF,True,3008.0,592.0,0.4999052882194519,3.0
2025,REG,1,2025_01_SF_SEA,SF,True,3008.0,592.0,0.5429764986038208,3.0
2025,REG,1,2025_01_SF_SEA,SF,True,3015.0,585.0,0.5990185141563416,0.0
2025,REG,1,2025_01_SF_SEA,SF,True,3018.0,582.0,0.5663276314735413,0.0
2025,REG,1,2025_01_SF_SEA,SF,True,3024.0,576.0,0.5941187739372253,0.0
2025,REG,1,2025_01_SF_SEA,SF,True,3064.0,536.0,0.5321398973464966,0.0
2025,REG,1,2025_01_SF_SEA,SF,True,3070.0,530.0,0.49744173884391785,0.0
2025,REG,1,2025_01_SF_SEA,SF,True,3099.0,501.0,0.44847604632377625,0.0
2025,REG,1,2025_01_SF_SEA,SF,True,3110.0,490.0,0.5179663002490997,0.0
2025,REG,1,2025_01_SF_SEA,SF,True,3148.0,452.0,0.5031205415725708,0.0
2025,REG,1,2025_01_SF_SEA,SF,True,3167.0,433.0,0.5624499619007111,0.0
2025,REG,1,2025_01_SF_SEA,SF,True,3174.0,426.0,0.6133328080177307,0.0
2025,REG,1,2025_01_SF_SEA,SF,True,3217.0,383.0,0.6303651332855225,0.0
2025,REG,1,2025_01_SF_SEA,SF,True,3256.0,344.0,0.6586571335792542,0.0
2025,REG,1,2025_01_SF_SEA,SF,True,3294.0,306.0,0.6608462333679199,0.0
2025,REG,1,2025_01_SF_SEA,SF,True,3338.0,262.0,0.6883804798126221,0.0
2025,REG,1,2025_01_SF_SEA,SF,True,3345.0,255.0,0.6887027025222778,0.0
2025,REG,1,2025_01_SF_SEA,SF,True,3387.0,213.0,0.6440970301628113,0.0
2025,REG,1,2025_01_SF_SEA,SF,True,3392.0,208.0,0.6402637958526611,3.0
2025,REG,1,2025_01_SF_SEA,SF,True,3396.0,204.0,0.6931831538677216,3.0
2025,REG,1,2025_01_SF_SEA,SF,True,3401.0,199.0,0.6827297508716583,3.0
2025,REG,1,2025_01_SF_SEA,SF,True,3442.0,158.0,0.7176835536956787,3.0
2025,REG,1,2025_01_SF_SEA,SF,True,3450.0,150.0,0.4641498327255249,3.0
2025,REG,1,2025_01_SF_SEA,SF,True,3480.0,120.0,0.494412362575531,3.0
2025,REG,1,2025_01_SF_SEA,SF,True,3485.0,115.0,0.41990965604782104,3.0
2025,REG,1,2025_01_SF_SEA,SF,True,3490.0,110.0,0.41915321350097656,3.0
2025,REG,1,2025_01_SF_SEA,SF,True,3490.0,110.0,0.41915321350097656,3.0
2025,REG,1,2025_01_SF_SEA,SF,True,3496.0,104.0,0.4195159673690796,3.0
2025,REG,1,2025_01_SF_SEA,SF,True,3496.0,104.0,0.4195159673690796,-3.0
2025,REG,1,2025_01_SF_SEA,SF,True,3506.0,94.0,0.27718156311264297,-4.0
2025,REG,1,2025_01_SF_SEA,SF,True,3506.0,94.0,0.2745960056781769,-4.0
2025,REG,1,2025_01_SF_SEA,SF,True,3506.0,94.0,0.3106931746006012,-4.0
2025,REG,1,2025_01_SF_SEA,SF,True,3522.0,78.0,0.3242289125919342,-4.0
2025,REG,1,2025_01_SF_SEA,SF,True,3527.0,73.0,0.28316786885261536,-4.0
2025,REG,1,2025_01_SF_SEA,SF,True,3534.0,66.0,0.5831984281539917,-4.0
2025,REG,1,2025_01_SF_SEA,SF,True,3538.0,62.0,0.6494527459144592,-4.0
2025,REG,1,2025_01_SF_SEA,SF,True,3558.0,42.0,0.5986747741699219,-4.0
2025,REG,1,2025_01_SF_SEA,SF,True,3564.0,36.0,0.06178474426269531,-4.0
2025,REG,1,2025_01_SF_SEA,SF,True,3600.0,0.0,0.0,-4.0
2025,REG,2,2025_02_SEA_PIT,PIT,False,0.0,3600.0,0.4332079589366913,-0.0
2025,REG,2,2025_02_SEA_PIT,PIT,False,0.0,3600.0,0.4332079589366913,-0.0
2025,REG,2,2025_02_SEA_PIT,PIT,False,7.0,3593.0,0.4486531615257263,-0.0
2025,REG,2,2025_02_SEA_PIT,PIT,False,42.0,3558.0,0.43678146600723267,-0.0
2025,REG,2,2025_02_SEA_PIT,PIT,False,81.0,3519.0,0.41846099495887756,-0.0
2025,REG,2,2025_02_SEA_PIT,PIT,False,116.0,3484.0,0.48011788725852966,-0.0
2025,REG,2,2025_02_SEA_PIT,PIT,False,150.0,3450.0,0.5304117798805237,-0.0
2025,REG,2,2025_02_SEA_PIT,PIT,False,183.0,3417.0,0.5148864984512329,-0.0
2025,REG,2,2025_02_SEA_PIT,PIT,False,224.0,3376.0,0.48221826553344727,-0.0
2025,REG,2,2025_02_SEA_PIT,PIT,False,266.0,3334.0,0.5607284903526306,6.0
2025,REG,2,2025_02_SEA_PIT,PIT,False,271.0,3329.0,0.6123947119791325,7.0
2025,REG,2,2025_02_SEA_PIT,PIT,False,271.0,3329.0,0.6141305267810822,7.0
2025,REG,2,2025_02_SEA_PIT,PIT,False,277.0,3323.0,0.6141305267810822,7.0
2025,REG,2,2025_02_SEA_PIT,PIT,False,317.0,3283.0,0.5856654644012451,7.0
2025,REG,2,2025_02_SEA_PIT,PIT,False,358.0,3242.0,0.5901259779930115,7.0
2025,REG,2,2025_02_SEA_PIT,PIT,False,399.0,3201.0,0.6148162186145782,7.0
2025,REG,2,2025_02_SEA_PIT,PIT,False,409.0,3191.0,0.5728446543216705,7.0
2025,REG,2,2025_02_SEA_PIT,PIT,False,449.0,3151.0,0.5662570297718048,7.0
2025,REG,2,2025_02_SEA_PIT,PIT,False,491.0,3109.0,0.5811665952205658,7.0
2025,REG,2,2025_02_SEA_PIT,PIT,False,528.0,3072.0,0.5485752820968628,7.0
2025,REG,2,2025_02_SEA_PIT,PIT,False,564.0,3036.0,0.5624950528144836,7.0
2025,REG,2,2025_02_SEA_PIT,PIT,False,604.0,2996.0,0.5434470474720001,7.0
2025,REG,2,2025_02_SEA_PIT,PIT,False,609.0,2991.0,0.6022213995456696,4.0
2025,REG,2,2025_02_SEA_PIT,PIT,False,613.0,2987.0,0.5774901509284973,4.0
2025,REG,2,2025_02_SEA_PIT,PIT,False,619.0,2981.0,0.5795513987541199,4.0
2025,REG,2,2025_02_SEA_PIT,PIT,False,627.0,2973.0,0.4515659809112549,4.0
2025,REG,2,2025_02_SEA_PIT,PIT,False,668.0,2932.0,0.4288037419319153,4.0
2025,REG,2,2025_02_SEA_PIT,PIT,False,711.0,2889.0,0.425878643989563,4.0
2025,REG,2,2025_02_SEA_PIT,PIT,False,716.0,2884.0,0.43971771001815796,4.0
2025,REG,2,2025_02_SEA_PIT,PIT,False,758.0,2842.0,0.47193825244903564,4.0
2025,REG,2,2025_02_SEA_PIT,PIT,False,762.0,2838.0,0.5012691617012024,1.0
2025,REG,2,2025_02_SEA_PIT,PIT,False,767.0,2833.0,0.4999183416366577,1.0
2025,REG,2,2025_02_SEA_PIT,PIT,False,772.0,2828.0,0.5161285400390625,1.0
2025,REG,2,2025_02_SEA_PIT,PIT,False,809.0,2791.0,0.49140703678131104,1.0
2025,REG,2,2025_02_SEA_PIT,PIT,False,843.0,2757.0,0.5452156066894531,1.0
2025,REG,2,2025_02_SEA_PIT,PIT,False,886.0,2714.0,0.5855361819267273,1.0
2025,REG,2,2025_02_SEA_PIT,PIT,False,890.0,2710.0,0.5732113122940063,1.0
2025,REG,2,2025_02_SEA_PIT,PIT,False,900.0,2700.0,0.5544641017913818,1.0
2025,REG,2,2025_02_SEA_PIT,PIT,False,900.0,2700.0,0.5544641017913818,1.0
2025,REG,2,2025_02_SEA_PIT,PIT,False,941.0,2659.0,0.528107225894928,1.0
2025,REG,2,2025_02_SEA_PIT,PIT,False,978.0,2622.0,0.5606729984283447,1.0
2025,REG,2,2025_02_SEA_PIT,PIT,False,1018.0,2582.0,0.6131240725517273,1.0
2025,REG,2,2025_02_SEA_PIT,PIT,False,1023.0,2577.0,0.5982622504234314,1.0
2025,REG,2,2025_02_SEA_PIT,PIT,False,1064.0,2536.0,0.57785564661026,1.0
2025,REG,2,2025_02_SEA_PIT,PIT,False,1071.0,2529.0,0.5300578474998474,1.0
2025,REG,2,2025_02_SEA_PIT,PIT,False,1075.0,2525.0,0.4150457978248596,1.0
2025,REG,2,2025_02_SEA_PIT,PIT,False,1079.0,2521.0,0.4315183758735657,1.0
2025,REG,2,2025_02_SEA_PIT,PIT,False,1117.0,2483.0,0.4445399045944214,1.0
2025,REG,2,2025_02_SEA_PIT,PIT,False,1152.0,2448.0,0.4921216368675232,1.0
2025,REG,2,2025_02_SEA_PIT,PIT,False,1165.0,2435.0,0.5132874250411987,1.0
2025,REG,2,2025_02_SEA_PIT,PIT,False,1201.0,2399.0,0.5343526601791382,1.0
2025,REG,2,2025_02_SEA_PIT,PIT,False,1238.0,2362.0,0.5348597168922424,1.0
2025,REG,2,2025_02_SEA_PIT,PIT,False,1281.0,2319.0,0.49532026052474976,1.0
2025,REG,2,2025_02_SEA_PIT,PIT,False,1325.0,2275.0,0.47366559505462646,1.0
2025,REG,2,2025_02_SEA_PIT,PIT,False,1369.0,2231.0,0.5161594748497009,1.0
2025,REG,2,2025_02_SEA_PIT,PIT,False,1377.0,2223.0,0.42882782220840454,1.0
2025,REG,2,2025_02_SEA_PIT,PIT,False,1401.0,2199.0,0.4403417110443115,1.0
2025,REG,2,2025_02_SEA_PIT,PIT,False,1408.0,2192.0,0.4661713242530823,1.0
2025,REG,2,2025_02_SEA_PIT,PIT,False,1415.0,2185.0,0.4958016276359558,1.0
2025,REG,2,2025_02_SEA_PIT,PIT,False,1427.0,2173.0,0.579781711101532,1.0
2025,REG,2,2025_02_SEA_PIT,PIT,False,1466.0,2134.0,0.5907676815986633,1.0
2025,REG,2,2025_02_SEA_PIT,PIT,False,1500.0,2100.0,0.5785082578659058,1.0
2025,REG,2,2025_02_SEA_PIT,PIT,False,1544.0,2056.0,0.5486423373222351,1.0
2025,REG,2,2025_02_SEA_PIT,PIT,False,1579.0,2021.0,0.538051426410675,1.0
2025,REG,2,2025_02_SEA_PIT,PIT,False,1591.0,2009.0,0.30073708295822144,1.0
2025,REG,2,2025_02_SEA_PIT,PIT,False,1595.0,2005.0,0.3127247095108032,1.0
2025,REG,2,2025_02_SEA_PIT,PIT,False,1617.0,1983.0,0.29462844133377075,1.0
2025,REG,2,2025_02_SEA_PIT,PIT,False,1657.0,1943.0,0.28749191761016846,1.0
2025,REG,2,2025_02_SEA_PIT,PIT,False,1680.0,1920.0,0.2931607961654663,1.0
2025,REG,2,2025_02_SEA_PIT,PIT,False,1726.0,1874.0,0.2910054326057434,-5.0
2025,REG,2,2025_02_SEA_PIT,PIT,False,1731.0,1869.0,0.2600159044861794,-7.0
2025,REG,2,2025_02_SEA_PIT,PIT,False,1731.0,1869.0,0.23293456435203552,-7.0
2025,REG,2,2025_02_SEA_PIT,PIT,False,1736.0,1864.0,0.23293456435203552,-7.0
2025,REG,2,2025_02_SEA_PIT,PIT,False,1760.0,1840.0,0.26889607310295105,-7.0
2025,REG,2,2025_02_SEA_PIT,PIT,False,1763.0,1837.0,0.2538195848464966,-7.0
2025,REG,2,2025_02_SEA_PIT,PIT,False,1768.0,1832.0,0.2432544082403183,-7.0
2025,REG,2,2025_02_SEA_PIT,PIT,False,1768.0,1832.0,0.2432544082403183,-7.0
2025,REG,2,2025_02_SEA_PIT,PIT,False,1773.0,1827.0,0.19109800457954407,-7.0
2025,REG,2,2025_02_SEA_PIT,PIT,False,1780.0,1820.0,0.20326536893844604,-7.0
2025,REG,2,2025_02_SEA_PIT,PIT,False,1800.0,1800.0,0.2131434679031372,-7.0
2025,REG,2,2025_02_SEA_PIT,PIT,False,1800.0,1800.0,0.2131434679031372,-7.0
2025,REG,2,2025_02_SEA_PIT,PIT,False,1805.0,1795.0,0.2172098159790039,-7.0
2025,REG,2,2025_02_SEA_PIT,PIT,False,1843.0,1757.0,0.2226390242576599,-7.0
2025,REG,2,2025_02_SEA_PIT,PIT,False,1892.0,1708.0,0.21678364276885986,-7.0
2025,REG,2,2025_02_SEA_PIT,PIT,False,1931.0,1669.0,0.20854610204696655,-7.0
2025,REG,2,2025_02_SEA_PIT,PIT,False,1975.0,1625.0,0.18699043989181519,-7.0
2025,REG,2,2025_02_SEA_PIT,PIT,False,2014.0,1586.0,0.1852913498878479,-7.0
2025,REG,2,2025_02_SEA_PIT,PIT,False,2022.0,1578.0,0.21375691890716553,-7.0
2025,REG,2,2025_02_SEA_PIT,PIT,False,2029.0,1571.0,0.22930853068828583,-7.0
2025,REG,2,2025_02_SEA_PIT,PIT,False,2060.0,1540.0,0.2463785707950592,-7.0
2025,REG,2,2025_02_SEA_PIT,PIT,False,2096.0,1504.0,0.27585187554359436,-7.0
2025,REG,2,2025_02_SEA_PIT,PIT,False,2135.0,1465.0,0.24863986670970917,-7.0
2025,REG,2,2025_02_SEA_PIT,PIT,False,2174.0,1426.0,0.25006747245788574,-7.0
2025,REG,2,2025_02_SEA_PIT,PIT,False,2215.0,1385.0,0.2968277037143707,-7.0
2025,REG,2,2025_02_SEA_PIT,PIT,False,2250.0,1350.0,0.33976227045059204,-7.0
2025,REG,2,2025_02_SEA_PIT,PIT,False,2286.0,1314.0,0.3491370379924774,-7.0
2025,REG,2,2025_02_SEA_PIT,PIT,False,2326.0,1274.0,0.3622155487537384,-1.0
2025,REG,2,2025_02_SEA_PIT,PIT,False,2330.0,1270.0,0.4332607447814314,-0.0
2025,REG,2,2025_02_SEA_PIT,PIT,False,2330.0,1270.0,0.4379032850265503,-0.0
2025,REG,2,2025_02_SEA_PIT,PIT,False,2335.0,1265.0,0.42991894483566284,-0.0
2025,REG,2,2025_02_SEA_PIT,PIT,False,2392.0,1208.0,0.2919231057167053,-0.0
2025,REG,2,2025_02_SEA_PIT,PIT,False,2396.0,1204.0,0.30272090435028076,-0.0
2025,REG,2,2025_02_SEA_PIT,PIT,False,2443.0,1157.0,0.3169325590133667,-0.0
2025,REG,2,2025_02_SEA_PIT,PIT,False,2448.0,1152.0,0.4548560380935669,-0.0
2025,REG,2,2025_02_SEA_PIT,PIT,False,2491.0,1109.0,0.43904390931129456,-0.0
2025,REG,2,2025_02_SEA_PIT,PIT,False,2498.0,1102.0,0.40158531069755554,-0.0
2025,REG,2,2025_02_SEA_PIT,PIT,False,2498.0,1102.0,0.40158531069755554,-0.0
2025,REG,2,2025_02_SEA_PIT,PIT,False,2504.0,1096.0,0.370576411485672,-0.0
2025,REG,2,2025_02_SEA_PIT,PIT,False,2511.0,1089.0,0.40721625089645386,-0.0
2025,REG,2,2025_02_SEA_PIT,PIT,False,2515.0,1085.0,0.42778706550598145,-0.0
2025,REG,2,2025_02_SEA_PIT,PIT,False,2558.0,1042.0,0.4696568250656128,-0.0
2025,REG,2,2025_02_SEA_PIT,PIT,False,2599.0,1001.0,0.5108247399330139,-0.0
2025,REG,2,2025_02_SEA_PIT,PIT,False,2607.0,993.0,0.45534613728523254,-0.0
2025,REG,2,2025_02_SEA_PIT,PIT,False,2644.0,956.0,0.444193959236145,-0.0
2025,REG,2,2025_02_SEA_PIT,PIT,False,2679.0,921.0,0.4586404860019684,-0.0
2025,REG,2,2025_02_SEA_PIT,PIT,False,2683.0,917.0,0.4388931095600128,-0.0
2025,REG,2,2025_02_SEA_PIT,PIT,False,2700.0,900.0,0.44540783762931824,-0.0
2025,REG,2,2025_02_SEA_PIT,PIT,False,2700.0,900.0,0.44540783762931824,-0.0
2025,REG,2,2025_02_SEA_PIT,PIT,False,2736.0,864.0,0.4979741871356964,-0.0
2025,REG,2,2025_02_SEA_PIT,PIT,False,2776.0,824.0,0.5629412531852722,-0.0
2025,REG,2,2025_02_SEA_PIT,PIT,False,2822.0,778.0,0.5760826468467712,-0.0
2025,REG,2,2025_02_SEA_PIT,PIT,False,2828.0,772.0,0.5309613347053528,-0.0
2025,REG,2,2025_02_SEA_PIT,PIT,False,2829.0,771.0,0.4660968482494354,3.0
2025,REG,2,2025_02_SEA_PIT,PIT,False,2834.0,766.0,0.5899561941623688,9.0
2025,REG,2,2025_02_SEA_PIT,PIT,False,2834.0,766.0,0.8339230276261104,10.0
2025,REG,2,2025_02_SEA_PIT,PIT,False,2834.0,766.0,0.83417709171772,10.0
2025,REG,2,2025_02_SEA_PIT,PIT,False,2841.0,759.0,0.8205886334180832,10.0
2025,REG,2,2025_02_SEA_PIT,PIT,False,2879.0,721.0,0.8484732061624527,10.0
2025,REG,2,2025_02_SEA_PIT,PIT,False,2907.0,693.0,0.8316910415887833,10.0
2025,REG,2,2025_02_SEA_PIT,PIT,False,2951.0,649.0,0.8076885044574738,10.0
2025,REG,2,2025_02_SEA_PIT,PIT,False,2991.0,609.0,0.7977366298437119,10.0
2025,REG,2,2025_02_SEA_PIT,PIT,False,3033.0,567.0,0.8211268931627274,10.0
2025,REG,2,2025_02_SEA_PIT,PIT,False,3036.0,564.0,0.8408295214176178,10.0
2025,REG,2,2025_02_SEA_PIT,PIT,False,3081.0,519.0,0.8409306854009628,10.0
2025,REG,2,2025_02_SEA_PIT,PIT,False,3126.0,474.0,0.8839483112096786,7.0
2025,REG,2,2025_02_SEA_PIT,PIT,False,3131.0,469.0,0.8777722716331482,7.0
2025,REG,2,2025_02_SEA_PIT,PIT,False,3136.0,464.0,0.8777722716331482,7.0
2025,REG,2,2025_02_SEA_PIT,PIT,False,3163.0,437.0,0.8611980676651001,7.0
2025,REG,2,2025_02_SEA_PIT,PIT,False,3207.0,393.0,0.8589026927947998,7.0
2025,REG,2,2025_02_SEA_PIT,PIT,False,3246.0,354.0,0.9074035286903381,7.0
2025,REG,2,2025_02_SEA_PIT,PIT,False,3293.0,307.0,0.9447821378707886,7.0
2025,REG,2,2025_02_SEA_PIT,PIT,False,3331.0,269.0,0.9453448057174683,7.0
2025,REG,2,2025_02_SEA_PIT,PIT,False,3373.0,227.0,0.9326107501983643,13.0
2025,REG,2,2025_02_SEA_PIT,PIT,False,3379.0,221.0,0.9765308884134005,14.0
2025,REG,2,2025_02_SEA_PIT,PIT,False,3379.0,221.0,0.9769199248403311,14.0
2025,REG,2,2025_02_SEA_PIT,PIT,False,3379.0,221.0,0.9724084045737982,14.0
2025,REG,2,2025_02_SEA_PIT,PIT,False,3407.0,193.0,0.9846073882654309,14.0
2025,REG,2,2025_02_SEA_PIT,PIT,False,3443.0,157.0,0.9946892159059644,14.0
2025,REG,2,2025_02_SEA_PIT,PIT,False,3452.0,148.0,0.9950864175334573,14.0
2025,REG,2,2025_02_SEA_PIT,PIT,False,3479.0,121.0,0.9966368926689029,14.0
2025,REG,2,2025_02_SEA_PIT,PIT,False,3486.0,114.0,0.9922159290872514,14.0
2025,REG,2,2025_02_SEA_PIT,PIT,False,3490.0,110.0,0.993589460849762,14.0
2025,REG,2,2025_02_SEA_PIT,PIT,False,3495.0,105.0,0.9963105435017496,14.0
2025,REG,2,2025_02_SEA_PIT,PIT,False,3495.0,105.0,0.9963105435017496,14.0
2025,REG,2,2025_02_SEA_PIT,PIT,False,3521.0,79.0,0.9977939110249281,14.0
2025,REG,2,2025_02_SEA_PIT,PIT,False,3534.0,66.0,0.9992302656173706,14.0
2025,REG,2,2025_02_SEA_PIT,PIT,False,3537.0,63.0,0.9985331296920776,14.0
2025,REG,2,2025_02_SEA_PIT,PIT,False,3537.0,63.0,0.9985331296920776,14.0
2025,REG,2,2025_02_SEA_PIT,PIT,False,3542.0,58.0,0.9989443421363831,14.0
2025,REG,2,2025_02_SEA_PIT,PIT,False,3542.0,58.0,0.9989443421363831,14.0
2025,REG,2,2025_02_SEA_PIT,PIT,False,3547.0,53.0,0.9992458820343018,14.0
2025,REG,2,2025_02_SEA_PIT,PIT,False,3547.0,53.0,0.9992458820343018,14.0
2025,REG,2,2025_02_SEA_PIT,PIT,False,3554.0,46.0,0.9991147136315703,14.0
2025,REG,2,2025_02_SEA_PIT,PIT,False,3574.0,26.0,0.9992396207526326,14.0
2025,REG,2,2025_02_SEA_PIT,PIT,False,3579.0,21.0,0.9993050279445015,14.0
2025,REG,2,2025_02_SEA_PIT,PIT,False,3600.0,0.0,1.0,14.0
2025,REG,3,2025_03_NO_SEA,NO,True,0.0,3600.0,0.5667920410633087,0.0
2025,REG,3,2025_03_NO_SEA,NO,True,0.0,3600.0,0.5667920410633087,0.0
2025,REG,3,2025_03_NO_SEA,NO,True,7.0,3593.0,0.566453754901886,0.0
2025,REG,3,2025_03_NO_SEA,NO,True,42.0,3558.0,0.5413565933704376,0.0
2025,REG,3,2025_03_NO_SEA,NO,True,78.0,3522.0,0.5375729501247406,0.0
2025,REG,3,2025_03_NO_SEA,NO,True,115.0,3485.0,0.5381534397602081,0.0
2025,REG,3,2025_03_NO_SEA,NO,True,150.0,3450.0,0.5411731600761414,0.0
2025,REG,3,2025_03_NO_SEA,NO,True,154.0,3446.0,0.5818144679069519,0.0
2025,REG,3,2025_03_NO_SEA,NO,True,160.0,3440.0,0.6473966240882874,0.0
2025,REG,3,2025_03_NO_SEA,NO,True,198.0,3402.0,0.6329520344734192,0.0
2025,REG,3,2025_03_NO_SEA,NO,True,231.0,3369.0,0.7149507999420166,0.0
2025,REG,3,2025_03_NO_SEA,NO,True,267.0,3333.0,0.7043180465698242,0.0
2025,REG,3,2025_03_NO_SEA,NO,True,303.0,3297.0,0.6855124831199646,0.0
2025,REG,3,2025_03_NO_SEA,NO,True,306.0,3294.0,0.7225088477134705,6.0
2025,REG,3,2025_03_NO_SEA,NO,True,312.0,3288.0,0.7538102774278386,7.0
2025,REG,3,2025_03_NO_SEA,NO,True,312.0,3288.0,0.7553852796554565,7.0
2025,REG,3,2025_03_NO_SEA,NO,True,318.0,3282.0,0.7538198530673981,7.0
2025,REG,3,2025_03_NO_SEA,NO,True,351.0,3249.0,0.7410638630390167,7.0
2025,REG,3,2025_03_NO_SEA,NO,True,377.0,3223.0,0.7540769279003143,7.0
2025,REG,3,2025_03_NO_SEA,NO,True,417.0,3183.0,0.7822277694940567,7.0
2025,REG,3,2025_03_NO_SEA,NO,True,429.0,3171.0,0.7843901067972183,13.0
2025,REG,3,2025_03_NO_SEA,NO,True,449.0,3151.0,0.8687572256548897,14.0
2025,REG,3,2025_03_NO_SEA,NO,True,449.0,3151.0,0.8689039051532745,14.0
2025,REG,3,2025_03_NO_SEA,NO,True,455.0,3145.0,0.8687469512224197,14.0
2025,REG,3,2025_03_NO_SEA,NO,True,455.0,3145.0,0.8738158345222473,14.0
2025,REG,3,2025_03_NO_SEA,NO,True,494.0,3106.0,0.877400167286396,14.0
2025,REG,3,2025_03_NO_SEA,NO,True,520.0,3080.0,0.8821802064776421,14.0
2025,REG,3,2025_03_NO_SEA,NO,True,547.0,3053.0,0.8860949203372002,14.0
2025,REG,3,2025_03_NO_SEA,NO,True,580.0,3020.0,0.8924495503306389,14.0
2025,REG,3,2025_03_NO_SEA,NO,True,602.0,2998.0,0.8972177356481552,14.0
2025,REG,3,2025_03_NO_SEA,NO,True,610.0,2990.0,0.9275056719779968,14.0
2025,REG,3,2025_03_NO_SEA,NO,True,633.0,2967.0,0.9348621964454651,20.0
2025,REG,3,2025_03_NO_SEA,NO,True,638.0,2962.0,0.9302967493985119,21.0
2025,REG,3,2025_03_NO_SEA,NO,True,638.0,2962.0,0.9331252872943878,21.0
2025,REG,3,2025_03_NO_SEA,NO,True,645.0,2955.0,0.9331252872943878,21.0
2025,REG,3,2025_03_NO_SEA,NO,True,682.0,2918.0,0.9378379173576832,21.0
2025,REG,3,2025_03_NO_SEA,NO,True,686.0,2914.0,0.9430156722664833,21.0
2025,REG,3,2025_03_NO_SEA,NO,True,712.0,2888.0,0.9280989542603493,21.0
2025,REG,3,2025_03_NO_SEA,NO,True,734.0,2866.0,0.9252778068184853,21.0
2025,REG,3,2025_03_NO_SEA,NO,True,755.0,2845.0,0.922536239027977,21.0
2025,REG,3,2025_03_NO_SEA,NO,True,793.0,2807.0,0.9357430934906006,21.0
2025,REG,3,2025_03_NO_SEA,NO,True,799.0,2801.0,0.9308833628892899,21.0
2025,REG,3,2025_03_NO_SEA,NO,True,832.0,2768.0,0.9250998869538307,21.0
2025,REG,3,2025_03_NO_SEA,NO,True,872.0,2728.0,0.9329904764890671,21.0
2025,REG,3,2025_03_NO_SEA,NO,True,900.0,2700.0,0.9146322533488274,21.0
2025,REG,3,2025_03_NO_SEA,NO,True,900.0,2700.0,0.9146322533488274,21.0
2025,REG,3,2025_03_NO_SEA,NO,True,904.0,2696.0,0.9197208285331726,21.0
2025,REG,3,2025_03_NO_SEA,NO,True,939.0,2661.0,0.9202077984809875,21.0
2025,REG,3,2025_03_NO_SEA,NO,True,963.0,2637.0,0.9143964797258377,21.0
2025,REG,3,2025_03_NO_SEA,NO,True,993.0,2607.0,0.9166533201932907,21.0
2025,REG,3,2025_03_NO_SEA,NO,True,1026.0,2574.0,0.9156901091337204,21.0
2025,REG,3,2025_03_NO_SEA,NO,True,1029.0,2571.0,0.9251826107501984,18.0
2025,REG,3,2025_03_NO_SEA,NO,True,1033.0,2567.0,0.931481122970581,18.0
2025,REG,3,2025_03_NO_SEA,NO,True,1041.0,2559.0,0.953389585018158,18.0
2025,REG,3,2025_03_NO_SEA,NO,True,1076.0,2524.0,0.9505379796028137,18.0
2025,REG,3,2025_03_NO_SEA,NO,True,1118.0,2482.0,0.9617168307304382,24.0
2025,REG,3,2025_03_NO_SEA,NO,True,1122.0,2478.0,0.9771838320547963,25.0
2025,REG,3,2025_03_NO_SEA,NO,True,1122.0,2478.0,0.9774122890084982,25.0
2025,REG,3,2025_03_NO_SEA,NO,True,1127.0,2473.0,0.9774122890084982,25.0
2025,REG,3,2025_03_NO_SEA,NO,True,1164.0,2436.0,0.9803078826516867,25.0
2025,REG,3,2025_03_NO_SEA,NO,True,1209.0,2391.0,0.9804121181368828,25.0
2025,REG,3,2025_03_NO_SEA,NO,True,1216.0,2384.0,0.9837416168302298,25.0
2025,REG,3,2025_03_NO_SEA,NO,True,1226.0,2374.0,0.9956049919128418,25.0
2025,REG,3,2025_03_NO_SEA,NO,True,1249.0,2351.0,0.996476948261261,25.0
2025,REG,3,2025_03_NO_SEA,NO,True,1288.0,2312.0,0.996432900428772,25.0
2025,REG,3,2025_03_NO_SEA,NO,True,1334.0,2266.0,0.9965047836303711,31.0
2025,REG,3,2025_03_NO_SEA,NO,True,1338.0,2262.0,0.9980535336792553,32.0
2025,REG,3,2025_03_NO_SEA,NO,True,1338.0,2262.0,0.9980671880766749,32.0
2025,REG,3,2025_03_NO_SEA,NO,True,1343.0,2257.0,0.9980671880766749,32.0
2025,REG,3,2025_03_NO_SEA,NO,True,1369.0,2231.0,0.997802957193926,32.0
2025,REG,3,2025_03_NO_SEA,NO,True,1389.0,2211.0,0.9978842583950609,32.0
2025,REG,3,2025_03_NO_SEA,NO,True,1414.0,2186.0,0.9976010210812092,32.0
2025,REG,3,2025_03_NO_SEA,NO,True,1434.0,2166.0,0.9977403860539198,32.0
2025,REG,3,2025_03_NO_SEA,NO,True,1458.0,2142.0,0.9978581485338509,32.0
2025,REG,3,2025_03_NO_SEA,NO,True,1483.0,2117.0,0.9973736172541976,32.0
2025,REG,3,2025_03_NO_SEA,NO,True,1519.0,2081.0,0.9974518739618361,32.0
2025,REG,3,2025_03_NO_SEA,NO,True,1555.0,2045.0,0.9978031746577471,32.0
2025,REG,3,2025_03_NO_SEA,NO,True,1580.0,2020.0,0.9974597699474543,32.0
2025,REG,3,2025_03_NO_SEA,NO,True,1587.0,2013.0,0.9976062714122236,32.0
2025,REG,3,2025_03_NO_SEA,NO,True,1627.0,1973.0,0.9974547086749226,32.0
2025,REG,3,2025_03_NO_SEA,NO,True,1631.0,1969.0,0.9982325434684753,32.0
2025,REG,3,2025_03_NO_SEA,NO,True,1669.0,1931.0,0.9974949359893799,32.0
2025,REG,3,2025_03_NO_SEA,NO,True,1680.0,1920.0,0.9976972937583923,32.0
2025,REG,3,2025_03_NO_SEA,NO,True,1683.0,1917.0,0.99785977602005,32.0
2025,REG,3,2025_03_NO_SEA,NO,True,1688.0,1912.0,0.9976937174797058,32.0
2025,REG,3,2025_03_NO_SEA,NO,True,1696.0,1904.0,0.99744713306427,32.0
2025,REG,3,2025_03_NO_SEA,NO,True,1696.0,1904.0,0.99744713306427,32.0
2025,REG,3,2025_03_NO_SEA,NO,True,1700.0,1900.0,0.9971691966056824,32.0
2025,REG,3,2025_03_NO_SEA,NO,True,1706.0,1894.0,0.9964839220046997,32.0
2025,REG,3,2025_03_NO_SEA,NO,True,1706.0,1894.0,0.9964839220046997,35.0
2025,REG,3,2025_03_NO_SEA,NO,True,1711.0,1889.0,0.9983697562711313,35.0
2025,REG,3,2025_03_NO_SEA,NO,True,1715.0,1885.0,0.9983697562711313,35.0
2025,REG,3,2025_03_NO_SEA,NO,True,1735.0,1865.0,0.9981647384120151,35.0
2025,REG,3,2025_03_NO_SEA,NO,True,1740.0,1860.0,0.9983182139694691,35.0
2025,REG,3,2025_03_NO_SEA,NO,True,1758.0,1842.0,0.9974323457572609,35.0
2025,REG,3,2025_03_NO_SEA,NO,True,1761.0,1839.0,0.9982973125297576,35.0
2025,REG,3,2025_03_NO_SEA,NO,True,1781.0,1819.0,0.997892030980438,35.0
2025,REG,3,2025_03_NO_SEA,NO,True,1787.0,1813.0,0.9979053174611181,35.0
2025,REG,3,2025_03_NO_SEA,NO,True,1797.0,1803.0,0.9965275938156992,35.0
2025,REG,3,2025_03_NO_SEA,NO,True,1797.0,1803.0,0.9965275938156992,32.0
2025,REG,3,2025_03_NO_SEA,NO,True,1800.0,1800.0,0.9983135461807251,32.0
2025,REG,3,2025_03_NO_SEA,NO,True,1800.0,1800.0,0.9983135461807251,32.0
2025,REG,3,2025_03_NO_SEA,NO,True,1808.0,1792.0,0.9979501366615295,32.0
2025,REG,3,2025_03_NO_SEA,NO,True,1828.0,1772.0,0.9982011318206787,32.0
2025,REG,3,2025_03_NO_SEA,NO,True,1869.0,1731.0,0.9985904097557068,32.0
2025,REG,3,2025_03_NO_SEA,NO,True,1893.0,1707.0,0.9986674785614014,32.0
2025,REG,3,2025_03_NO_SEA,NO,True,1915.0,1685.0,0.9986544847488403,32.0
2025,REG,3,2025_03_NO_SEA,NO,True,1955.0,1645.0,0.9988325238227844,32.0
2025,REG,3,2025_03_NO_SEA,NO,True,1957.0,1643.0,0.9987775683403015,32.0
2025,REG,3,2025_03_NO_SEA,NO,True,2001.0,1599.0,0.9984124898910522,32.0
2025,REG,3,2025_03_NO_SEA,NO,True,2007.0,1593.0,0.9985311031341553,35.0
2025,REG,3,2025_03_NO_SEA,NO,True,2011.0,1589.0,0.9988725903676823,35.0
2025,REG,3,2025_03_NO_SEA,NO,True,2016.0,1584.0,0.9988725903676823,35.0
2025,REG,3,2025_03_NO_SEA,NO,True,2054.0,1546.0,0.9988121024798602,35.0
2025,REG,3,2025_03_NO_SEA,NO,True,2057.0,1543.0,0.9988030835520476,35.0
2025,REG,3,2025_03_NO_SEA,NO,True,2095.0,1505.0,0.9989182202843949,35.0
2025,REG,3,2025_03_NO_SEA,NO,True,2109.0,1491.0,0.999041736125946,35.0
2025,REG,3,2025_03_NO_SEA,NO,True,2137.0,1463.0,0.9988631010055542,35.0
2025,REG,3,2025_03_NO_SEA,NO,True,2178.0,1422.0,0.9990781545639038,35.0
2025,REG,3,2025_03_NO_SEA,NO,True,2216.0,1384.0,0.9991705417633057,35.0
2025,REG,3,2025_03_NO_SEA,NO,True,2253.0,1347.0,0.9993084669113159,35.0
2025,REG,3,2025_03_NO_SEA,NO,True,2295.0,1305.0,0.9992313385009766,35.0
2025,REG,3,2025_03_NO_SEA,NO,True,2336.0,1264.0,0.9996249675750732,35.0
2025,REG,3,2025_03_NO_SEA,NO,True,2371.0,1229.0,0.9997422099113464,35.0
2025,REG,3,2025_03_NO_SEA,NO,True,2409.0,1191.0,0.9996412992477417,35.0
2025,REG,3,2025_03_NO_SEA,NO,True,2414.0,1186.0,0.9996243715286255,35.0
2025,REG,3,2025_03_NO_SEA,NO,True,2418.0,1182.0,0.9994955062866211,38.0
2025,REG,3,2025_03_NO_SEA,NO,True,2421.0,1179.0,0.9995669984200504,38.0
2025,REG,3,2025_03_NO_SEA,NO,True,2424.0,1176.0,0.999485518084839,38.0
2025,REG,3,2025_03_NO_SEA,NO,True,2461.0,1139.0,0.9995817660528701,38.0
2025,REG,3,2025_03_NO_SEA,NO,True,2492.0,1108.0,0.9996651482651941,38.0
2025,REG,3,2025_03_NO_SEA,NO,True,2519.0,1081.0,0.9997061664180364,38.0
2025,REG,3,2025_03_NO_SEA,NO,True,2564.0,1036.0,0.9998402436758624,38.0
2025,REG,3,2025_03_NO_SEA,NO,True,2574.0,1026.0,0.9998563180852216,38.0
2025,REG,3,2025_03_NO_SEA,NO,True,2600.0,1000.0,0.9998664250597358,38.0
2025,REG,3,2025_03_NO_SEA,NO,True,2627.0,973.0,0.9999230088942568,38.0
2025,REG,3,2025_03_NO_SEA,NO,True,2651.0,949.0,0.9999245926082949,38.0
2025,REG,3,2025_03_NO_SEA,NO,True,2680.0,920.0,0.9999312589570764,38.0
2025,REG,3,2025_03_NO_SEA,NO,True,2700.0,900.0,0.9998868028706056,38.0
2025,REG,3,2025_03_NO_SEA,NO,True,2700.0,900.0,0.9998868028706056,32.0
2025,REG,3,2025_03_NO_SEA,NO,True,2707.0,893.0,0.9999114274978638,32.0
2025,REG,3,2025_03_NO_SEA,NO,True,2707.0,893.0,0.9999114274978638,31.0
2025,REG,3,2025_03_NO_SEA,NO,True,2707.0,893.0,0.9999114274978638,31.0
2025,REG,3,2025_03_NO_SEA,NO,True,2707.0,893.0,0.999893069267273,31.0
2025,REG,3,2025_03_NO_SEA,NO,True,2741.0,859.0,0.999871015548706,31.0
2025,REG,3,2025_03_NO_SEA,NO,True,2783.0,817.0,0.9998879432678223,31.0
2025,REG,3,2025_03_NO_SEA,NO,True,2783.0,817.0,0.9998792409896851,31.0
2025,REG,3,2025_03_NO_SEA,NO,True,2819.0,781.0,0.9998601675033569,31.0
2025,REG,3,2025_03_NO_SEA,NO,True,2835.0,765.0,0.9999201777100097,31.0
2025,REG,3,2025_03_NO_SEA,NO,True,2859.0,741.0,0.9999364558170782,31.0
2025,REG,3,2025_03_NO_SEA,NO,True,2884.0,716.0,0.9999238339223666,31.0
2025,REG,3,2025_03_NO_SEA,NO,True,2926.0,674.0,0.9999099635242601,31.0
2025,REG,3,2025_03_NO_SEA,NO,True,2935.0,665.0,0.9999270439147949,31.0
2025,REG,3,2025_03_NO_SEA,NO,True,2973.0,627.0,0.9999091625213623,31.0
2025,REG,3,2025_03_NO_SEA,NO,True,3012.0,588.0,0.9998863935470581,31.0
2025,REG,3,2025_03_NO_SEA,NO,True,3015.0,585.0,0.9998809099197388,31.0
2025,REG,3,2025_03_NO_SEA,NO,True,3060.0,540.0,0.9998577833175659,31.0
2025,REG,3,2025_03_NO_SEA,NO,True,3068.0,532.0,0.9999230636385619,31.0
2025,REG,3,2025_03_NO_SEA,NO,True,3071.0,529.0,0.9999263774952851,31.0
2025,REG,3,2025_03_NO_SEA,NO,True,3112.0,488.0,0.9999246742590913,31.0
2025,REG,3,2025_03_NO_SEA,NO,True,3119.0,481.0,0.9999043778661871,31.0
2025,REG,3,2025_03_NO_SEA,NO,True,3126.0,474.0,0.9999116659164429,31.0
2025,REG,3,2025_03_NO_SEA,NO,True,3170.0,430.0,0.9998944997787476,31.0
2025,REG,3,2025_03_NO_SEA,NO,True,3215.0,385.0,0.9998992681503296,31.0
2025,REG,3,2025_03_NO_SEA,NO,True,3215.0,385.0,0.9998992681503296,31.0
2025,REG,3,2025_03_NO_SEA,NO,True,3256.0,344.0,0.9998966455459595,31.0
2025,REG,3,2025_03_NO_SEA,NO,True,3298.0,302.0,0.9998706579208374,31.0
2025,REG,3,2025_03_NO_SEA,NO,True,3342.0,258.0,0.9998594522476196,31.0
2025,REG,3,2025_03_NO_SEA,NO,True,3384.0,216.0,0.9998584985733032,31.0
2025,REG,3,2025_03_NO_SEA,NO,True,3389.0,211.0,0.9999212262191577,31.0
2025,REG,3,2025_03_NO_SEA,NO,True,3426.0,174.0,0.9999239970275084,31.0
2025,REG,3,2025_03_NO_SEA,NO,True,3429.0,171.0,0.9999234411370708,31.0
2025,REG,3,2025_03_NO_SEA,NO,True,3434.0,166.0,0.9999294215303962,31.0
2025,REG,3,2025_03_NO_SEA,NO,True,3443.0,157.0,0.9999284744262695,31.0
2025,REG,3,2025_03_NO_SEA,NO,True,3480.0,120.0,0.9999326467514038,31.0
2025,REG,3,2025_03_NO_SEA,NO,True,3527.0,73.0,0.9999289512634277,31.0
2025,REG,3,2025_03_NO_SEA,NO,True,3570.0,30.0,0.9999501705169678,31.0
2025,REG,3,2025_03_NO_SEA,NO,True,3600.0,0.0,1.0,31.0
2025,REG,4,2025_04_SEA_ARI,ARI,False,0.0,3600.0,0.4537382125854492,-0.0
2025,REG,4,2025_04_SEA_ARI,ARI,False,0.0,3600.0,0.4537382125854492,-0.0
2025,REG,4,2025_04_SEA_ARI,ARI,False,6.0,3594.0,0.4537382125854492,-0.0
2025,REG,4,2025_04_SEA_ARI,ARI,False,39.0,3561.0,0.4213588833808899,-0.0
2025,REG,4,2025_04_SEA_ARI,ARI,False,71.0,3529.0,0.42742663621902466,-0.0
2025,REG,4,2025_04_SEA_ARI,ARI,False,108.0,3492.0,0.4454634189605713,-0.0
2025,REG,4,2025_04_SEA_ARI,ARI,False,149.0,3451.0,0.469014048576355,-0.0
2025,REG,4,2025_04_SEA_ARI,ARI,False,155.0,3445.0,0.5084340572357178,-0.0
2025,REG,4,2025_04_SEA_ARI,ARI,False,163.0,3437.0,0.4767901599407196,-0.0
2025,REG,4,2025_04_SEA_ARI,ARI,False,187.0,3413.0,0.46630269289016724,-0.0
2025,REG,4,2025_04_SEA_ARI,ARI,False,226.0,3374.0,0.5299929976463318,-0.0
2025,REG,4,2025_04_SEA_ARI,ARI,False,262.0,3338.0,0.5143467783927917,-0.0
2025,REG,4,2025_04_SEA_ARI,ARI,False,308.0,3292.0,0.4712611138820648,-0.0
2025,REG,4,2025_04_SEA_ARI,ARI,False,353.0,3247.0,0.4869817793369293,-0.0
2025,REG,4,2025_04_SEA_ARI,ARI,False,358.0,3242.0,0.41555333137512207,-0.0
2025,REG,4,2025_04_SEA_ARI,ARI,False,362.0,3238.0,0.43346846103668213,-0.0
2025,REG,4,2025_04_SEA_ARI,ARI,False,374.0,3226.0,0.41555333137512207,-0.0
2025,REG,4,2025_04_SEA_ARI,ARI,False,410.0,3190.0,0.36762428283691406,-0.0
2025,REG,4,2025_04_SEA_ARI,ARI,False,433.0,3167.0,0.3402673006057739,-0.0
2025,REG,4,2025_04_SEA_ARI,ARI,False,477.0,3123.0,0.34576815366744995,-0.0
2025,REG,4,2025_04_SEA_ARI,ARI,False,519.0,3081.0,0.3384769558906555,-0.0
2025,REG,4,2025_04_SEA_ARI,ARI,False,544.0,3056.0,0.37702059745788574,-0.0
2025,REG,4,2025_04_SEA_ARI,ARI,False,595.0,3005.0,0.3765913248062134,-0.0
2025,REG,4,2025_04_SEA_ARI,ARI,False,619.0,2981.0,0.4072614312171936,-3.0
2025,REG,4,2025_04_SEA_ARI,ARI,False,623.0,2977.0,0.4096539318561554,-3.0
2025,REG,4,2025_04_SEA_ARI,ARI,False,629.0,2971.0,0.4078505337238312,-3.0
2025,REG,4,2025_04_SEA_ARI,ARI,False,658.0,2942.0,0.43152180314064026,-3.0
2025,REG,4,2025_04_SEA_ARI,ARI,False,700.0,2900.0,0.4462718665599823,-3.0
2025,REG,4,2025_04_SEA_ARI,ARI,False,737.0,2863.0,0.5202147364616394,-3.0
2025,REG,4,2025_04_SEA_ARI,ARI,False,759.0,2841.0,0.5347974896430969,-3.0
2025,REG,4,2025_04_SEA_ARI,ARI,False,764.0,2836.0,0.502443253993988,-3.0
2025,REG,4,2025_04_SEA_ARI,ARI,False,802.0,2798.0,0.5459803342819214,3.0
2025,REG,4,2025_04_SEA_ARI,ARI,False,807.0,2793.0,0.6052844506304962,4.0
2025,REG,4,2025_04_SEA_ARI,ARI,False,807.0,2793.0,0.608201801776886,4.0
2025,REG,4,2025_04_SEA_ARI,ARI,False,813.0,2787.0,0.608201801776886,4.0
2025,REG,4,2025_04_SEA_ARI,ARI,False,852.0,2748.0,0.6145451962947845,4.0
2025,REG,4,2025_04_SEA_ARI,ARI,False,892.0,2708.0,0.6758534908294678,4.0
2025,REG,4,2025_04_SEA_ARI,ARI,False,892.0,2708.0,0.6758534908294678,4.0
2025,REG,4,2025_04_SEA_ARI,ARI,False,900.0,2700.0,0.7084926962852478,4.0
2025,REG,4,2025_04_SEA_ARI,ARI,False,900.0,2700.0,0.7084926962852478,4.0
2025,REG,4,2025_04_SEA_ARI,ARI,False,910.0,2690.0,0.6539397239685059,4.0
2025,REG,4,2025_04_SEA_ARI,ARI,False,931.0,2669.0,0.6459057331085205,4.0
2025,REG,4,2025_04_SEA_ARI,ARI,False,956.0,2644.0,0.6794779896736145,4.0
2025,REG,4,2025_04_SEA_ARI,ARI,False,993.0,2607.0,0.6609429121017456,4.0
2025,REG,4,2025_04_SEA_ARI,ARI,False,1032.0,2568.0,0.6157576441764832,4.0
2025,REG,4,2025_04_SEA_ARI,ARI,False,1071.0,2529.0,0.613325834274292,4.0
2025,REG,4,2025_04_SEA_ARI,ARI,False,1083.0,2517.0,0.6111185550689697,4.0
2025,REG,4,2025_04_SEA_ARI,ARI,False,1106.0,2494.0,0.5805410742759705,4.0
2025,REG,4,2025_04_SEA_ARI,ARI,False,1109.0,2491.0,0.6024758815765381,4.0
2025,REG,4,2025_04_SEA_ARI,ARI,False,1129.0,2471.0,0.5854618549346924,4.0
2025,REG,4,2025_04_SEA_ARI,ARI,False,1161.0,2439.0,0.5912772119045258,4.0
2025,REG,4,2025_04_SEA_ARI,ARI,False,1163.0,2437.0,0.6229420900344849,4.0
2025,REG,4,2025_04_SEA_ARI,ARI,False,1197.0,2403.0,0.5780851244926453,4.0
2025,REG,4,2025_04_SEA_ARI,ARI,False,1236.0,2364.0,0.5208039879798889,4.0
2025,REG,4,2025_04_SEA_ARI,ARI,False,1242.0,2358.0,0.5374969840049744,4.0
2025,REG,4,2025_04_SEA_ARI,ARI,False,1288.0,2312.0,0.5879404246807098,4.0
2025,REG,4,2025_04_SEA_ARI,ARI,False,1300.0,2300.0,0.7178021669387817,4.0
2025,REG,4,2025_04_SEA_ARI,ARI,False,1307.0,2293.0,0.7049271464347839,4.0
2025,REG,4,2025_04_SEA_ARI,ARI,False,1348.0,2252.0,0.7385534048080444,4.0
2025,REG,4,2025_04_SEA_ARI,ARI,False,1382.0,2218.0,0.7317193746566772,4.0
2025,REG,4,2025_04_SEA_ARI,ARI,False,1415.0,2185.0,0.6925597190856934,4.0
2025,REG,4,2025_04_SEA_ARI,ARI,False,1453.0,2147.0,0.6526891589164734,4.0
2025,REG,4,2025_04_SEA_ARI,ARI,False,1460.0,2140.0,0.6177724301815033,4.0
2025,REG,4,2025_04_SEA_ARI,ARI,False,1487.0,2113.0,0.6207290887832642,4.0
2025,REG,4,2025_04_SEA_ARI,ARI,False,1528.0,2072.0,0.6149579286575317,4.0
2025,REG,4,2025_04_SEA_ARI,ARI,False,1562.0,2038.0,0.6641333103179932,4.0
2025,REG,4,2025_04_SEA_ARI,ARI,False,1575.0,2025.0,0.6314020752906799,4.0
2025,REG,4,2025_04_SEA_ARI,ARI,False,1620.0,1980.0,0.6916640400886536,4.0
2025,REG,4,2025_04_SEA_ARI,ARI,False,1654.0,1946.0,0.7507410645484924,4.0
2025,REG,4,2025_04_SEA_ARI,ARI,False,1680.0,1920.0,0.7683085799217224,4.0
2025,REG,4,2025_04_SEA_ARI,ARI,False,1717.0,1883.0,0.7589952349662781,4.0
2025,REG,4,2025_04_SEA_ARI,ARI,False,1724.0,1876.0,0.7961443066596985,4.0
2025,REG,4,2025_04_SEA_ARI,ARI,False,1729.0,1871.0,0.790797233581543,4.0
2025,REG,4,2025_04_SEA_ARI,ARI,False,1729.0,1871.0,0.790797233581543,4.0
2025,REG,4,2025_04_SEA_ARI,ARI,False,1733.0,1867.0,0.7770810127258301,10.0
2025,REG,4,2025_04_SEA_ARI,ARI,False,1739.0,1861.0,0.8114795657038084,11.0
2025,REG,4,2025_04_SEA_ARI,ARI,False,1739.0,1861.0,0.813163623213768,11.0
2025,REG,4,2025_04_SEA_ARI,ARI,False,1746.0,1854.0,0.813163623213768,11.0
2025,REG,4,2025_04_SEA_ARI,ARI,False,1751.0,1849.0,0.8293165415525436,11.0
2025,REG,4,2025_04_SEA_ARI,ARI,False,1754.0,1846.0,0.8422880619764328,11.0
2025,REG,4,2025_04_SEA_ARI,ARI,False,1762.0,1838.0,0.802706703543663,11.0
2025,REG,4,2025_04_SEA_ARI,ARI,False,1762.0,1838.0,0.802706703543663,11.0
2025,REG,4,2025_04_SEA_ARI,ARI,False,1783.0,1817.0,0.8427589237689972,11.0
2025,REG,4,2025_04_SEA_ARI,ARI,False,1798.0,1802.0,0.8738902062177658,11.0
2025,REG,4,2025_04_SEA_ARI,ARI,False,1798.0,1802.0,0.8738902062177658,11.0
2025,REG,4,2025_04_SEA_ARI,ARI,False,1798.0,1802.0,0.8738902062177658,11.0
2025,REG,4,2025_04_SEA_ARI,ARI,False,1800.0,1800.0,0.8531333804130554,11.0
2025,REG,4,2025_04_SEA_ARI,ARI,False,1800.0,1800.0,0.8531333804130554,11.0
2025,REG,4,2025_04_SEA_ARI,ARI,False,1806.0,1794.0,0.8533058762550354,11.0
2025,REG,4,2025_04_SEA_ARI,ARI,False,1846.0,1754.0,0.8479394912719727,11.0
2025,REG,4,2025_04_SEA_ARI,ARI,False,1887.0,1713.0,0.8704964518547058,11.0
2025,REG,4,2025_04_SEA_ARI,ARI,False,1922.0,1678.0,0.8804800510406494,11.0
2025,REG,4,2025_04_SEA_ARI,ARI,False,1965.0,1635.0,0.8713416457176208,11.0
2025,REG,4,2025_04_SEA_ARI,ARI,False,2000.0,1600.0,0.880754292011261,11.0
2025,REG,4,2025_04_SEA_ARI,ARI,False,2035.0,1565.0,0.8870454430580139,11.0
2025,REG,4,2025_04_SEA_ARI,ARI,False,2069.0,1531.0,0.8762177228927612,11.0
2025,REG,4,2025_04_SEA_ARI,ARI,False,2114.0,1486.0,0.8625247478485107,11.0
2025,REG,4,2025_04_SEA_ARI,ARI,False,2159.0,1441.0,0.890216588973999,14.0
2025,REG,4,2025_04_SEA_ARI,ARI,False,2164.0,1436.0,0.8842837363481522,14.0
2025,REG,4,2025_04_SEA_ARI,ARI,False,2174.0,1426.0,0.8604202419519424,14.0
2025,REG,4,2025_04_SEA_ARI,ARI,False,2201.0,1399.0,0.8739017993211746,14.0
2025,REG,4,2025_04_SEA_ARI,ARI,False,2205.0,1395.0,0.8584703058004379,14.0
2025,REG,4,2025_04_SEA_ARI,ARI,False,2231.0,1369.0,0.8637264668941498,14.0
2025,REG,4,2025_04_SEA_ARI,ARI,False,2255.0,1345.0,0.8820384666323662,14.0
2025,REG,4,2025_04_SEA_ARI,ARI,False,2301.0,1299.0,0.8963622972369194,14.0
2025,REG,4,2025_04_SEA_ARI,ARI,False,2307.0,1293.0,0.9157346785068512,14.0
2025,REG,4,2025_04_SEA_ARI,ARI,False,2314.0,1286.0,0.9226740002632141,14.0
2025,REG,4,2025_04_SEA_ARI,ARI,False,2356.0,1244.0,0.9151875376701355,14.0
2025,REG,4,2025_04_SEA_ARI,ARI,False,2399.0,1201.0,0.9230338335037231,14.0
2025,REG,4,2025_04_SEA_ARI,ARI,False,2403.0,1197.0,0.9135485291481018,14.0
2025,REG,4,2025_04_SEA_ARI,ARI,False,2410.0,1190.0,0.8688941448926926,14.0
2025,REG,4,2025_04_SEA_ARI,ARI,False,2449.0,1151.0,0.8991684392094612,14.0
2025,REG,4,2025_04_SEA_ARI,ARI,False,2474.0,1126.0,0.8920030444860458,14.0
2025,REG,4,2025_04_SEA_ARI,ARI,False,2510.0,1090.0,0.8720637559890747,14.0
2025,REG,4,2025_04_SEA_ARI,ARI,False,2554.0,1046.0,0.89732476323843,14.0
2025,REG,4,2025_04_SEA_ARI,ARI,False,2592.0,1008.0,0.9103551357984543,14.0
2025,REG,4,2025_04_SEA_ARI,ARI,False,2596.0,1004.0,0.9293291419744492,11.0
2025,REG,4,2025_04_SEA_ARI,ARI,False,2601.0,999.0,0.9221285581588745,11.0
2025,REG,4,2025_04_SEA_ARI,ARI,False,2607.0,993.0,0.9238324165344238,11.0
2025,REG,4,2025_04_SEA_ARI,ARI,False,2647.0,953.0,0.9212020635604858,11.0
2025,REG,4,2025_04_SEA_ARI,ARI,False,2651.0,949.0,0.91370689868927,11.0
2025,REG,4,2025_04_SEA_ARI,ARI,False,2688.0,912.0,0.9291415810585022,11.0
2025,REG,4,2025_04_SEA_ARI,ARI,False,2700.0,900.0,0.9118061065673828,11.0
2025,REG,4,2025_04_SEA_ARI,ARI,False,2700.0,900.0,0.9118061065673828,11.0
2025,REG,4,2025_04_SEA_ARI,ARI,False,2738.0,862.0,0.9226900339126587,11.0
2025,REG,4,2025_04_SEA_ARI,ARI,False,2768.0,832.0,0.9346542358398438,11.0
2025,REG,4,2025_04_SEA_ARI,ARI,False,2773.0,827.0,0.9222075939178467,11.0
2025,REG,4,2025_04_SEA_ARI,ARI,False,2815.0,785.0,0.9431729912757874,11.0
2025,REG,4,2025_04_SEA_ARI,ARI,False,2855.0,745.0,0.9404172897338867,11.0
2025,REG,4,2025_04_SEA_ARI,ARI,False,2892.0,708.0,0.9528865218162537,11.0
2025,REG,4,2025_04_SEA_ARI,ARI,False,2897.0,703.0,0.9477302432060242,11.0
2025,REG,4,2025_04_SEA_ARI,ARI,False,2936.0,664.0,0.9544034600257874,11.0
2025,REG,4,2025_04_SEA_ARI,ARI,False,2936.0,664.0,0.949634313583374,11.0
2025,REG,4,2025_04_SEA_ARI,ARI,False,2981.0,619.0,0.9462794065475464,11.0
2025,REG,4,2025_04_SEA_ARI,ARI,False,3023.0,577.0,0.9443833827972412,14.0
2025,REG,4,2025_04_SEA_ARI,ARI,False,3027.0,573.0,0.9567929953336716,14.0
2025,REG,4,2025_04_SEA_ARI,ARI,False,3033.0,567.0,0.9567929953336716,14.0
2025,REG,4,2025_04_SEA_ARI,ARI,False,3059.0,541.0,0.9514153227210045,14.0
2025,REG,4,2025_04_SEA_ARI,ARI,False,3085.0,515.0,0.9403911046683788,14.0
2025,REG,4,2025_04_SEA_ARI,ARI,False,3126.0,474.0,0.9446459785103798,14.0
2025,REG,4,2025_04_SEA_ARI,ARI,False,3156.0,444.0,0.9540855400264263,14.0
2025,REG,4,2025_04_SEA_ARI,ARI,False,3176.0,424.0,0.9312743246555328,14.0
2025,REG,4,2025_04_SEA_ARI,ARI,False,3198.0,402.0,0.930926114320755,14.0
2025,REG,4,2025_04_SEA_ARI,ARI,False,3202.0,398.0,0.921530045568943,14.0
2025,REG,4,2025_04_SEA_ARI,ARI,False,3245.0,355.0,0.9318403378129005,8.0
2025,REG,4,2025_04_SEA_ARI,ARI,False,3250.0,350.0,0.8884865340784125,7.0
2025,REG,4,2025_04_SEA_ARI,ARI,False,3250.0,350.0,0.8844777345657349,7.0
2025,REG,4,2025_04_SEA_ARI,ARI,False,3256.0,344.0,0.8862168788909912,7.0
2025,REG,4,2025_04_SEA_ARI,ARI,False,3259.0,341.0,0.8706190586090088,7.0
2025,REG,4,2025_04_SEA_ARI,ARI,False,3302.0,298.0,0.8814841508865356,7.0
2025,REG,4,2025_04_SEA_ARI,ARI,False,3308.0,292.0,0.9361816644668579,7.0
2025,REG,4,2025_04_SEA_ARI,ARI,False,3352.0,248.0,0.9355155825614929,7.0
2025,REG,4,2025_04_SEA_ARI,ARI,False,3356.0,244.0,0.9288981556892395,7.0
2025,REG,4,2025_04_SEA_ARI,ARI,False,3356.0,244.0,0.9288981556892395,7.0
2025,REG,4,2025_04_SEA_ARI,ARI,False,3399.0,201.0,0.9067124724388123,7.0
2025,REG,4,2025_04_SEA_ARI,ARI,False,3404.0,196.0,0.8170613795518875,7.0
2025,REG,4,2025_04_SEA_ARI,ARI,False,3411.0,189.0,0.8464168608188629,7.0
2025,REG,4,2025_04_SEA_ARI,ARI,False,3416.0,184.0,0.8566495478153229,7.0
2025,REG,4,2025_04_SEA_ARI,ARI,False,3419.0,181.0,0.8947126269340515,7.0
2025,REG,4,2025_04_SEA_ARI,ARI,False,3419.0,181.0,0.8947126269340515,7.0
2025,REG,4,2025_04_SEA_ARI,ARI,False,3443.0,157.0,0.7738410085439682,7.0
2025,REG,4,2025_04_SEA_ARI,ARI,False,3466.0,134.0,0.772291824221611,7.0
2025,REG,4,2025_04_SEA_ARI,ARI,False,3480.0,120.0,0.8595187664031982,7.0
2025,REG,4,2025_04_SEA_ARI,ARI,False,3514.0,86.0,0.8008030503988266,7.0
2025,REG,4,2025_04_SEA_ARI,ARI,False,3519.0,81.0,0.7699148803949356,7.0
2025,REG,4,2025_04_SEA_ARI,ARI,False,3524.0,76.0,0.8309461176395416,7.0
2025,REG,4,2025_04_SEA_ARI,ARI,False,3524.0,76.0,0.8309461176395416,7.0
2025,REG,4,2025_04_SEA_ARI,ARI,False,3562.0,38.0,0.7162909507751465,7.0
2025,REG,4,2025_04_SEA_ARI,ARI,False,3567.0,33.0,0.7387758791446686,7.0
2025,REG,4,2025_04_SEA_ARI,ARI,False,3567.0,33.0,0.7387758791446686,1.0
2025,REG,4,2025_04_SEA_ARI,ARI,False,3572.0,28.0,0.5442476683842955,-0.0
2025,REG,4,2025_04_SEA_ARI,ARI,False,3572.0,28.0,0.5218971371650696,-0.0
2025,REG,4,2025_04_SEA_ARI,ARI,False,3572.0,28.0,0.5493680834770203,-0.0
2025,REG,4,2025_04_SEA_ARI,ARI,False,3577.0,23.0,0.5422788262367249,-0.0
2025,REG,4,2025_04_SEA_ARI,ARI,False,3582.0,18.0,0.7543417811393738,-0.0
2025,REG,4,2025_04_SEA_ARI,ARI,False,3582.0,18.0,0.7543417811393738,-0.0
2025,REG,4,2025_04_SEA_ARI,ARI,False,3596.0,4.0,0.6997852921485901,-0.0
2025,REG,4,2025_04_SEA_ARI,ARI,False,3596.0,4.0,0.6997852921485901,3.0
2025,REG,4,2025_04_SEA_ARI,ARI,False,3600.0,0.0,1.0,3.0
2025,REG,5,2025_05_TB_SEA,TB,True,0.0,3600.0,0.5667920410633087,0.0
2025,REG,5,2025_05_TB_SEA,TB,True,0.0,3600.0,0.5667920410633087,0.0
2025,REG,5,2025_05_TB_SEA,TB,True,4.0,3596.0,0.5779758393764496,0.0
2025,REG,5,2025_05_TB_SEA,TB,True,45.0,3555.0,0.5986472368240356,0.0
2025,REG,5,2025_05_TB_SEA,TB,True,86.0,3514.0,0.5603713095188141,0.0
2025,REG,5,2025_05_TB_SEA,TB,True,127.0,3473.0,0.4991191625595093,0.0
2025,REG,5,2025_05_TB_SEA,TB,True,164.0,3436.0,0.4821799397468567,0.0
2025,REG,5,2025_05_TB_SEA,TB,True,204.0,3396.0,0.498096227645874,0.0
2025,REG,5,2025_05_TB_SEA,TB,True,246.0,3354.0,0.45412224531173706,0.0
2025,REG,5,2025_05_TB_SEA,TB,True,291.0,3309.0,0.4399220943450928,0.0
2025,REG,5,2025_05_TB_SEA,TB,True,333.0,3267.0,0.46603530645370483,0.0
2025,REG,5,2025_05_TB_SEA,TB,True,380.0,3220.0,0.47910773754119873,0.0
2025,REG,5,2025_05_TB_SEA,TB,True,420.0,3180.0,0.5066190958023071,-3.0
2025,REG,5,2025_05_TB_SEA,TB,True,423.0,3177.0,0.5110875368118286,-3.0
2025,REG,5,2025_05_TB_SEA,TB,True,427.0,3173.0,0.5179895162582397,-3.0
2025,REG,5,2025_05_TB_SEA,TB,True,453.0,3147.0,0.5179895162582397,-3.0
2025,REG,5,2025_05_TB_SEA,TB,True,474.0,3126.0,0.5688914060592651,-3.0
2025,REG,5,2025_05_TB_SEA,TB,True,506.0,3094.0,0.6133323311805725,-3.0
2025,REG,5,2025_05_TB_SEA,TB,True,544.0,3056.0,0.5998795032501221,-3.0
2025,REG,5,2025_05_TB_SEA,TB,True,569.0,3031.0,0.5714976191520691,-3.0
2025,REG,5,2025_05_TB_SEA,TB,True,608.0,2992.0,0.5422980785369873,-3.0
2025,REG,5,2025_05_TB_SEA,TB,True,650.0,2950.0,0.5708144307136536,-3.0
2025,REG,5,2025_05_TB_SEA,TB,True,655.0,2945.0,0.42955315113067627,-3.0
2025,REG,5,2025_05_TB_SEA,TB,True,660.0,2940.0,0.447609543800354,-3.0
2025,REG,5,2025_05_TB_SEA,TB,True,694.0,2906.0,0.45918726921081543,-3.0
2025,REG,5,2025_05_TB_SEA,TB,True,739.0,2861.0,0.38585972785949707,-3.0
2025,REG,5,2025_05_TB_SEA,TB,True,778.0,2822.0,0.4033782482147217,-3.0
2025,REG,5,2025_05_TB_SEA,TB,True,815.0,2785.0,0.38585972785949707,-3.0
2025,REG,5,2025_05_TB_SEA,TB,True,854.0,2746.0,0.3898891806602478,-3.0
2025,REG,5,2025_05_TB_SEA,TB,True,859.0,2741.0,0.37177902460098267,-3.0
2025,REG,5,2025_05_TB_SEA,TB,True,900.0,2700.0,0.3749869465827942,-3.0
2025,REG,5,2025_05_TB_SEA,TB,True,900.0,2700.0,0.3749869465827942,-3.0
2025,REG,5,2025_05_TB_SEA,TB,True,945.0,2655.0,0.38116955757141113,-3.0
2025,REG,5,2025_05_TB_SEA,TB,True,949.0,2651.0,0.4402955174446106,-6.0
2025,REG,5,2025_05_TB_SEA,TB,True,952.0,2648.0,0.3938610255718231,-6.0
2025,REG,5,2025_05_TB_SEA,TB,True,958.0,2642.0,0.3938610255718231,-6.0
2025,REG,5,2025_05_TB_SEA,TB,True,988.0,2612.0,0.4225100874900818,-6.0
2025,REG,5,2025_05_TB_SEA,TB,True,992.0,2608.0,0.42992445826530457,-6.0
2025,REG,5,2025_05_TB_SEA,TB,True,1035.0,2565.0,0.40214577317237854,-6.0
2025,REG,5,2025_05_TB_SEA,TB,True,1039.0,2561.0,0.3656668961048126,-6.0
2025,REG,5,2025_05_TB_SEA,TB,True,1064.0,2536.0,0.3656668961048126,-6.0
2025,REG,5,2025_05_TB_SEA,TB,True,1111.0,2489.0,0.3691090941429138,-6.0
2025,REG,5,2025_05_TB_SEA,TB,True,1118.0,2482.0,0.3540077209472656,-6.0
2025,REG,5,2025_05_TB_SEA,TB,True,1156.0,2444.0,0.36769890785217285,-6.0
2025,REG,5,2025_05_TB_SEA,TB,True,1199.0,2401.0,0.39247411489486694,-6.0
2025,REG,5,2025_05_TB_SEA,TB,True,1242.0,2358.0,0.4053579568862915,-6.0
2025,REG,5,2025_05_TB_SEA,TB,True,1256.0,2344.0,0.4135630130767822,-6.0
2025,REG,5,2025_05_TB_SEA,TB,True,1290.0,2310.0,0.41083359718322754,-6.0
2025,REG,5,2025_05_TB_SEA,TB,True,1332.0,2268.0,0.3850405216217041,-6.0
2025,REG,5,2025_05_TB_SEA,TB,True,1367.0,2233.0,0.43701279163360596,-6.0
2025,REG,5,2025_05_TB_SEA,TB,True,1409.0,2191.0,0.4577407240867615,-6.0
2025,REG,5,2025_05_TB_SEA,TB,True,1416.0,2184.0,0.27661657333374023,-6.0
2025,REG,5,2025_05_TB_SEA,TB,True,1456.0,2144.0,0.24645274877548218,-6.0
2025,REG,5,2025_05_TB_SEA,TB,True,1499.0,2101.0,0.2735635042190552,-6.0
2025,REG,5,2025_05_TB_SEA,TB,True,1542.0,2058.0,0.27882498502731323,-6.0
2025,REG,5,2025_05_TB_SEA,TB,True,1579.0,2021.0,0.20797193050384521,-6.0
2025,REG,5,2025_05_TB_SEA,TB,True,1624.0,1976.0,0.21077024936676025,-6.0
2025,REG,5,2025_05_TB_SEA,TB,True,1666.0,1934.0,0.1804860234260559,-12.0
2025,REG,5,2025_05_TB_SEA,TB,True,1671.0,1929.0,0.1702235934665468,-13.0
2025,REG,5,2025_05_TB_SEA,TB,True,1671.0,1929.0,0.1675330549478531,-13.0
2025,REG,5,2025_05_TB_SEA,TB,True,1679.0,1921.0,0.19692836701869965,-13.0
2025,REG,5,2025_05_TB_SEA,TB,True,1683.0,1917.0,0.17972353100776672,-13.0
2025,REG,5,2025_05_TB_SEA,TB,True,1721.0,1879.0,0.1718255877494812,-13.0
2025,REG,5,2025_05_TB_SEA,TB,True,1742.0,1858.0,0.1971290111541748,-13.0
2025,REG,5,2025_05_TB_SEA,TB,True,1747.0,1853.0,0.20835663378238678,-13.0
2025,REG,5,2025_05_TB_SEA,TB,True,1747.0,1853.0,0.20835663378238678,-13.0
2025,REG,5,2025_05_TB_SEA,TB,True,1755.0,1845.0,0.19921013712882996,-13.0
2025,REG,5,2025_05_TB_SEA,TB,True,1764.0,1836.0,0.213395893573761,-13.0
2025,REG,5,2025_05_TB_SEA,TB,True,1764.0,1836.0,0.213395893573761,-13.0
2025,REG,5,2025_05_TB_SEA,TB,True,1769.0,1831.0,0.23225735127925873,-13.0
2025,REG,5,2025_05_TB_SEA,TB,True,1787.0,1813.0,0.24779655039310455,-13.0
2025,REG,5,2025_05_TB_SEA,TB,True,1791.0,1809.0,0.2344801425933838,-13.0
2025,REG,5,2025_05_TB_SEA,TB,True,1791.0,1809.0,0.2344801425933838,-7.0
2025,REG,5,2025_05_TB_SEA,TB,True,1794.0,1806.0,0.27152250361415464,-6.0
2025,REG,5,2025_05_TB_SEA,TB,True,1794.0,1806.0,0.27103978395462036,-6.0
2025,REG,5,2025_05_TB_SEA,TB,True,1800.0,1800.0,0.3341093957424164,-6.0
2025,REG,5,2025_05_TB_SEA,TB,True,1800.0,1800.0,0.3341093957424164,-6.0
2025,REG,5,2025_05_TB_SEA,TB,True,1806.0,1794.0,0.33474457263946533,-6.0
2025,REG,5,2025_05_TB_SEA,TB,True,1841.0,1759.0,0.331708163022995,-6.0
2025,REG,5,2025_05_TB_SEA,TB,True,1870.0,1730.0,0.4154781997203827,-6.0
2025,REG,5,2025_05_TB_SEA,TB,True,1915.0,1685.0,0.4874899983406067,0.0
2025,REG,5,2025_05_TB_SEA,TB,True,1919.0,1681.0,0.549958435020218,1.0
2025,REG,5,2025_05_TB_SEA,TB,True,1919.0,1681.0,0.5511130094528198,1.0
2025,REG,5,2025_05_TB_SEA,TB,True,1923.0,1677.0,0.5504069328308105,1.0
2025,REG,5,2025_05_TB_SEA,TB,True,1963.0,1637.0,0.5703506171703339,1.0
2025,REG,5,2025_05_TB_SEA,TB,True,2004.0,1596.0,0.5830044448375702,1.0
2025,REG,5,2025_05_TB_SEA,TB,True,2045.0,1555.0,0.5236561894416809,1.0
2025,REG,5,2025_05_TB_SEA,TB,True,2086.0,1514.0,0.48580044507980347,1.0
2025,REG,5,2025_05_TB_SEA,TB,True,2116.0,1484.0,0.48194026947021484,1.0
2025,REG,5,2025_05_TB_SEA,TB,True,2159.0,1441.0,0.4095739722251892,1.0
2025,REG,5,2025_05_TB_SEA,TB,True,2183.0,1417.0,0.40008121728897095,1.0
2025,REG,5,2025_05_TB_SEA,TB,True,2224.0,1376.0,0.4743887186050415,-5.0
2025,REG,5,2025_05_TB_SEA,TB,True,2228.0,1372.0,0.3117486687004566,-7.0
2025,REG,5,2025_05_TB_SEA,TB,True,2228.0,1372.0,0.28588736057281494,-7.0
2025,REG,5,2025_05_TB_SEA,TB,True,2235.0,1365.0,0.28018778562545776,-7.0
2025,REG,5,2025_05_TB_SEA,TB,True,2272.0,1328.0,0.29490524530410767,-7.0
2025,REG,5,2025_05_TB_SEA,TB,True,2312.0,1288.0,0.3286692798137665,-7.0
2025,REG,5,2025_05_TB_SEA,TB,True,2360.0,1240.0,0.4409572184085846,-7.0
2025,REG,5,2025_05_TB_SEA,TB,True,2402.0,1198.0,0.40578600764274597,-7.0
2025,REG,5,2025_05_TB_SEA,TB,True,2443.0,1157.0,0.4098304510116577,-1.0
2025,REG,5,2025_05_TB_SEA,TB,True,2448.0,1152.0,0.5258439072202105,0.0
2025,REG,5,2025_05_TB_SEA,TB,True,2448.0,1152.0,0.5312239229679108,0.0
2025,REG,5,2025_05_TB_SEA,TB,True,2453.0,1147.0,0.5312239229679108,0.0
2025,REG,5,2025_05_TB_SEA,TB,True,2490.0,1110.0,0.49606674909591675,0.0
2025,REG,5,2025_05_TB_SEA,TB,True,2533.0,1067.0,0.5267016291618347,0.0
2025,REG,5,2025_05_TB_SEA,TB,True,2576.0,1024.0,0.55715212225914,0.0
2025,REG,5,2025_05_TB_SEA,TB,True,2603.0,997.0,0.5803977847099304,0.0
2025,REG,5,2025_05_TB_SEA,TB,True,2652.0,948.0,0.340015172958374,0.0
2025,REG,5,2025_05_TB_SEA,TB,True,2677.0,923.0,0.312267005443573,-6.0
2025,REG,5,2025_05_TB_SEA,TB,True,2681.0,919.0,0.23288072694539963,-7.0
2025,REG,5,2025_05_TB_SEA,TB,True,2681.0,919.0,0.2305740863084793,-7.0
2025,REG,5,2025_05_TB_SEA,TB,True,2689.0,911.0,0.29139411449432373,-7.0
2025,REG,5,2025_05_TB_SEA,TB,True,2700.0,900.0,0.30826660990715027,-7.0
2025,REG,5,2025_05_TB_SEA,TB,True,2700.0,900.0,0.30826660990715027,-7.0
2025,REG,5,2025_05_TB_SEA,TB,True,2723.0,877.0,0.2553078830242157,-7.0
2025,REG,5,2025_05_TB_SEA,TB,True,2734.0,866.0,0.26690322160720825,-7.0
2025,REG,5,2025_05_TB_SEA,TB,True,2773.0,827.0,0.2454708218574524,-7.0
2025,REG,5,2025_05_TB_SEA,TB,True,2797.0,803.0,0.28041279315948486,-7.0
2025,REG,5,2025_05_TB_SEA,TB,True,2797.0,803.0,0.2544417381286621,-7.0
2025,REG,5,2025_05_TB_SEA,TB,True,2844.0,756.0,0.2165340930223465,-7.0
2025,REG,5,2025_05_TB_SEA,TB,True,2891.0,709.0,0.23730413615703583,-7.0
2025,REG,5,2025_05_TB_SEA,TB,True,2910.0,690.0,0.3382008969783783,-7.0
2025,REG,5,2025_05_TB_SEA,TB,True,2930.0,670.0,0.35617372393608093,-7.0
2025,REG,5,2025_05_TB_SEA,TB,True,2968.0,632.0,0.33538195490837097,-7.0
2025,REG,5,2025_05_TB_SEA,TB,True,3007.0,593.0,0.3714084029197693,-1.0
2025,REG,5,2025_05_TB_SEA,TB,True,3012.0,588.0,0.5173973802777898,0.0
2025,REG,5,2025_05_TB_SEA,TB,True,3012.0,588.0,0.5234063863754272,0.0
2025,REG,5,2025_05_TB_SEA,TB,True,3019.0,581.0,0.5021101236343384,0.0
2025,REG,5,2025_05_TB_SEA,TB,True,3047.0,553.0,0.46727633476257324,0.0
2025,REG,5,2025_05_TB_SEA,TB,True,3086.0,514.0,0.4057197570800781,0.0
2025,REG,5,2025_05_TB_SEA,TB,True,3111.0,489.0,0.4228029251098633,0.0
2025,REG,5,2025_05_TB_SEA,TB,True,3147.0,453.0,0.5352952778339386,0.0
2025,REG,5,2025_05_TB_SEA,TB,True,3152.0,448.0,0.5863806307315826,0.0
2025,REG,5,2025_05_TB_SEA,TB,True,3160.0,440.0,0.5176047682762146,0.0
2025,REG,5,2025_05_TB_SEA,TB,True,3203.0,397.0,0.4934038817882538,0.0
2025,REG,5,2025_05_TB_SEA,TB,True,3240.0,360.0,0.5285179018974304,0.0
2025,REG,5,2025_05_TB_SEA,TB,True,3281.0,319.0,0.5858021974563599,0.0
2025,REG,5,2025_05_TB_SEA,TB,True,3305.0,295.0,0.6883804798126221,0.0
2025,REG,5,2025_05_TB_SEA,TB,True,3353.0,247.0,0.7172172665596008,0.0
2025,REG,5,2025_05_TB_SEA,TB,True,3392.0,208.0,0.6862037181854248,0.0
2025,REG,5,2025_05_TB_SEA,TB,True,3395.0,205.0,0.6143298149108887,6.0
2025,REG,5,2025_05_TB_SEA,TB,True,3402.0,198.0,0.8651159752959111,7.0
2025,REG,5,2025_05_TB_SEA,TB,True,3402.0,198.0,0.8671450614929199,7.0
2025,REG,5,2025_05_TB_SEA,TB,True,3406.0,194.0,0.8553246259689331,7.0
2025,REG,5,2025_05_TB_SEA,TB,True,3430.0,170.0,0.8056430667638779,7.0
2025,REG,5,2025_05_TB_SEA,TB,True,3436.0,164.0,0.832224041223526,7.0
2025,REG,5,2025_05_TB_SEA,TB,True,3480.0,120.0,0.7247540652751923,7.0
2025,REG,5,2025_05_TB_SEA,TB,True,3525.0,75.0,0.7363174855709076,1.0
2025,REG,5,2025_05_TB_SEA,TB,True,3532.0,68.0,0.6692582258374034,0.0
2025,REG,5,2025_05_TB_SEA,TB,True,3532.0,68.0,0.6546258926391602,0.0
2025,REG,5,2025_05_TB_SEA,TB,True,3537.0,63.0,0.6432339549064636,0.0
2025,REG,5,2025_05_TB_SEA,TB,True,3542.0,58.0,0.675706148147583,0.0
2025,REG,5,2025_05_TB_SEA,TB,True,3547.0,53.0,0.27364689111709595,0.0
2025,REG,5,2025_05_TB_SEA,TB,True,3551.0,49.0,0.281516969203949,0.0
2025,REG,5,2025_05_TB_SEA,TB,True,3551.0,49.0,0.281516969203949,0.0
2025,REG,5,2025_05_TB_SEA,TB,True,3555.0,45.0,0.3033510446548462,0.0
2025,REG,5,2025_05_TB_SEA,TB,True,3555.0,45.0,0.3033510446548462,0.0
2025,REG,5,2025_05_TB_SEA,TB,True,3562.0,38.0,0.21443748474121094,0.0
2025,REG,5,2025_05_TB_SEA,TB,True,3562.0,38.0,0.21443748474121094,0.0
2025,REG,5,2025_05_TB_SEA,TB,True,3597.0,3.0,0.22163629531860352,0.0
2025,REG,5,2025_05_TB_SEA,TB,True,3597.0,3.0,0.22163629531860352,-3.0
2025,REG,5,2025_05_TB_SEA,TB,True,3600.0,0.0,0.0,-3.0
2025,REG,6,2025_06_SEA_JAX,JAX,False,0.0,3600.0,0.4537382125854492,-0.0
2025,REG,6,2025_06_SEA_JAX,JAX,False,0.0,3600.0,0.4537382125854492,-0.0
2025,REG,6,2025_06_SEA_JAX,JAX,False,2.0,3598.0,0.45814669132232666,-0.0
2025,REG,6,2025_06_SEA_JAX,JAX,False,42.0,3558.0,0.47940075397491455,-0.0
2025,REG,6,2025_06_SEA_JAX,JAX,False,66.0,3534.0,0.49726974964141846,-0.0
2025,REG,6,2025_06_SEA_JAX,JAX,False,106.0,3494.0,0.526983767747879,-0.0
2025,REG,6,2025_06_SEA_JAX,JAX,False,140.0,3460.0,0.5633548200130463,-0.0
2025,REG,6,2025_06_SEA_JAX,JAX,False,150.0,3450.0,0.5008236765861511,-0.0
2025,REG,6,2025_06_SEA_JAX,JAX,False,185.0,3415.0,0.48336297273635864,-0.0
2025,REG,6,2025_06_SEA_JAX,JAX,False,223.0,3377.0,0.47776955366134644,-0.0
2025,REG,6,2025_06_SEA_JAX,JAX,False,227.0,3373.0,0.4611296057701111,-0.0
2025,REG,6,2025_06_SEA_JAX,JAX,False,235.0,3365.0,0.4636223316192627,-0.0
2025,REG,6,2025_06_SEA_JAX,JAX,False,274.0,3326.0,0.46601295471191406,-0.0
2025,REG,6,2025_06_SEA_JAX,JAX,False,312.0,3288.0,0.4537382125854492,-0.0
2025,REG,6,2025_06_SEA_JAX,JAX,False,346.0,3254.0,0.42554014921188354,-0.0
2025,REG,6,2025_06_SEA_JAX,JAX,False,387.0,3213.0,0.42742663621902466,-0.0
2025,REG,6,2025_06_SEA_JAX,JAX,False,427.0,3173.0,0.4535418748855591,-0.0
2025,REG,6,2025_06_SEA_JAX,JAX,False,432.0,3168.0,0.4894542694091797,-0.0
2025,REG,6,2025_06_SEA_JAX,JAX,False,437.0,3163.0,0.5119467675685883,-0.0
2025,REG,6,2025_06_SEA_JAX,JAX,False,446.0,3154.0,0.4816778302192688,-0.0
2025,REG,6,2025_06_SEA_JAX,JAX,False,480.0,3120.0,0.48749321699142456,-0.0
2025,REG,6,2025_06_SEA_JAX,JAX,False,506.0,3094.0,0.4698822796344757,-0.0
2025,REG,6,2025_06_SEA_JAX,JAX,False,509.0,3091.0,0.44265103340148926,-0.0
2025,REG,6,2025_06_SEA_JAX,JAX,False,550.0,3050.0,0.42912203073501587,-0.0
2025,REG,6,2025_06_SEA_JAX,JAX,False,562.0,3038.0,0.42463135719299316,-0.0
2025,REG,6,2025_06_SEA_JAX,JAX,False,581.0,3019.0,0.45214855670928955,-0.0
2025,REG,6,2025_06_SEA_JAX,JAX,False,596.0,3004.0,0.43882739543914795,-0.0
2025,REG,6,2025_06_SEA_JAX,JAX,False,632.0,2968.0,0.4507101774215698,-0.0
2025,REG,6,2025_06_SEA_JAX,JAX,False,638.0,2962.0,0.48659807443618774,-0.0
2025,REG,6,2025_06_SEA_JAX,JAX,False,663.0,2937.0,0.41277968883514404,-0.0
2025,REG,6,2025_06_SEA_JAX,JAX,False,703.0,2897.0,0.4306632876396179,-0.0
2025,REG,6,2025_06_SEA_JAX,JAX,False,742.0,2858.0,0.4825615882873535,-0.0
2025,REG,6,2025_06_SEA_JAX,JAX,False,776.0,2824.0,0.36825817823410034,-0.0
2025,REG,6,2025_06_SEA_JAX,JAX,False,819.0,2781.0,0.34401190280914307,-6.0
2025,REG,6,2025_06_SEA_JAX,JAX,False,826.0,2774.0,0.2980442698196677,-6.0
2025,REG,6,2025_06_SEA_JAX,JAX,False,826.0,2774.0,0.3224084675312042,-6.0
2025,REG,6,2025_06_SEA_JAX,JAX,False,831.0,2769.0,0.324258029460907,-6.0
2025,REG,6,2025_06_SEA_JAX,JAX,False,838.0,2762.0,0.3096497356891632,-6.0
2025,REG,6,2025_06_SEA_JAX,JAX,False,865.0,2735.0,0.3549306392669678,-6.0
2025,REG,6,2025_06_SEA_JAX,JAX,False,900.0,2700.0,0.3396349847316742,-6.0
2025,REG,6,2025_06_SEA_JAX,JAX,False,900.0,2700.0,0.3396349847316742,-6.0
2025,REG,6,2025_06_SEA_JAX,JAX,False,941.0,2659.0,0.40770307183265686,-6.0
2025,REG,6,2025_06_SEA_JAX,JAX,False,981.0,2619.0,0.4029584527015686,-6.0
2025,REG,6,2025_06_SEA_JAX,JAX,False,1026.0,2574.0,0.4153876006603241,-6.0
2025,REG,6,2025_06_SEA_JAX,JAX,False,1070.0,2530.0,0.4130127727985382,-6.0
2025,REG,6,2025_06_SEA_JAX,JAX,False,1115.0,2485.0,0.3886680603027344,-6.0
2025,REG,6,2025_06_SEA_JAX,JAX,False,1160.0,2440.0,0.3443460166454315,-3.0
2025,REG,6,2025_06_SEA_JAX,JAX,False,1162.0,2438.0,0.354627788066864,-3.0
2025,REG,6,2025_06_SEA_JAX,JAX,False,1169.0,2431.0,0.3711441159248352,-3.0
2025,REG,6,2025_06_SEA_JAX,JAX,False,1174.0,2426.0,0.38149261474609375,-3.0
2025,REG,6,2025_06_SEA_JAX,JAX,False,1219.0,2381.0,0.4041191339492798,-3.0
2025,REG,6,2025_06_SEA_JAX,JAX,False,1264.0,2336.0,0.47799408435821533,-3.0
2025,REG,6,2025_06_SEA_JAX,JAX,False,1278.0,2322.0,0.4362153708934784,3.0
2025,REG,6,2025_06_SEA_JAX,JAX,False,1286.0,2314.0,0.6082499011277632,4.0
2025,REG,6,2025_06_SEA_JAX,JAX,False,1286.0,2314.0,0.6111185550689697,4.0
2025,REG,6,2025_06_SEA_JAX,JAX,False,1291.0,2309.0,0.6045320332050323,4.0
2025,REG,6,2025_06_SEA_JAX,JAX,False,1327.0,2273.0,0.574154406785965,4.0
2025,REG,6,2025_06_SEA_JAX,JAX,False,1351.0,2249.0,0.5381000339984894,4.0
2025,REG,6,2025_06_SEA_JAX,JAX,False,1355.0,2245.0,0.5574474632740021,4.0
2025,REG,6,2025_06_SEA_JAX,JAX,False,1379.0,2221.0,0.5986321270465851,4.0
2025,REG,6,2025_06_SEA_JAX,JAX,False,1385.0,2215.0,0.6300837099552155,4.0
2025,REG,6,2025_06_SEA_JAX,JAX,False,1393.0,2207.0,0.6671120226383209,4.0
2025,REG,6,2025_06_SEA_JAX,JAX,False,1399.0,2201.0,0.6431171298027039,4.0
2025,REG,6,2025_06_SEA_JAX,JAX,False,1405.0,2195.0,0.6334002017974854,4.0
2025,REG,6,2025_06_SEA_JAX,JAX,False,1450.0,2150.0,0.603106677532196,4.0
2025,REG,6,2025_06_SEA_JAX,JAX,False,1486.0,2114.0,0.592957079410553,4.0
2025,REG,6,2025_06_SEA_JAX,JAX,False,1494.0,2106.0,0.6128904521465302,4.0
2025,REG,6,2025_06_SEA_JAX,JAX,False,1521.0,2079.0,0.6234522461891174,4.0
2025,REG,6,2025_06_SEA_JAX,JAX,False,1547.0,2053.0,0.6312519609928131,4.0
2025,REG,6,2025_06_SEA_JAX,JAX,False,1589.0,2011.0,0.6301496028900146,4.0
2025,REG,6,2025_06_SEA_JAX,JAX,False,1613.0,1987.0,0.5381000339984894,4.0
2025,REG,6,2025_06_SEA_JAX,JAX,False,1617.0,1983.0,0.5547056496143341,4.0
2025,REG,6,2025_06_SEA_JAX,JAX,False,1659.0,1941.0,0.578137993812561,4.0
2025,REG,6,2025_06_SEA_JAX,JAX,False,1680.0,1920.0,0.5905452966690063,4.0
2025,REG,6,2025_06_SEA_JAX,JAX,False,1684.0,1916.0,0.5029996931552887,4.0
2025,REG,6,2025_06_SEA_JAX,JAX,False,1684.0,1916.0,0.5263691842556,4.0
2025,REG,6,2025_06_SEA_JAX,JAX,False,1722.0,1878.0,0.5391800403594971,4.0
2025,REG,6,2025_06_SEA_JAX,JAX,False,1732.0,1868.0,0.5344012379646301,4.0
2025,REG,6,2025_06_SEA_JAX,JAX,False,1732.0,1868.0,0.5344012379646301,4.0
2025,REG,6,2025_06_SEA_JAX,JAX,False,1737.0,1863.0,0.648982971906662,4.0
2025,REG,6,2025_06_SEA_JAX,JAX,False,1737.0,1863.0,0.648982971906662,4.0
2025,REG,6,2025_06_SEA_JAX,JAX,False,1742.0,1858.0,0.6927102208137512,4.0
2025,REG,6,2025_06_SEA_JAX,JAX,False,1767.0,1833.0,0.7289414405822754,4.0
2025,REG,6,2025_06_SEA_JAX,JAX,False,1772.0,1828.0,0.7492603659629822,4.0
2025,REG,6,2025_06_SEA_JAX,JAX,False,1772.0,1828.0,0.7492603659629822,4.0
2025,REG,6,2025_06_SEA_JAX,JAX,False,1776.0,1824.0,0.7394410371780396,4.0
2025,REG,6,2025_06_SEA_JAX,JAX,False,1781.0,1819.0,0.71536785364151,4.0
2025,REG,6,2025_06_SEA_JAX,JAX,False,1785.0,1815.0,0.6792442798614502,7.0
2025,REG,6,2025_06_SEA_JAX,JAX,False,1790.0,1810.0,0.7341589629650116,7.0
2025,REG,6,2025_06_SEA_JAX,JAX,False,1793.0,1807.0,0.7356127798557281,7.0
2025,REG,6,2025_06_SEA_JAX,JAX,False,1800.0,1800.0,0.7313575148582458,7.0
2025,REG,6,2025_06_SEA_JAX,JAX,False,1800.0,1800.0,0.7313575148582458,7.0
2025,REG,6,2025_06_SEA_JAX,JAX,False,1805.0,1795.0,0.7306784391403198,7.0
2025,REG,6,2025_06_SEA_JAX,JAX,False,1842.0,1758.0,0.7209638953208923,7.0
2025,REG,6,2025_06_SEA_JAX,JAX,False,1873.0,1727.0,0.761695146560669,7.0
2025,REG,6,2025_06_SEA_JAX,JAX,False,1915.0,1685.0,0.7571029663085938,7.0
2025,REG,6,2025_06_SEA_JAX,JAX,False,1954.0,1646.0,0.7636195421218872,7.0
2025,REG,6,2025_06_SEA_JAX,JAX,False,1997.0,1603.0,0.830115020275116,7.0
2025,REG,6,2025_06_SEA_JAX,JAX,False,2036.0,1564.0,0.8352601528167725,7.0
2025,REG,6,2025_06_SEA_JAX,JAX,False,2081.0,1519.0,0.8258734345436096,13.0
2025,REG,6,2025_06_SEA_JAX,JAX,False,2086.0,1514.0,0.8829966007400611,14.0
2025,REG,6,2025_06_SEA_JAX,JAX,False,2086.0,1514.0,0.8842480853199959,14.0
2025,REG,6,2025_06_SEA_JAX,JAX,False,2091.0,1509.0,0.8641409426927567,14.0
2025,REG,6,2025_06_SEA_JAX,JAX,False,2114.0,1486.0,0.856684997677803,14.0
2025,REG,6,2025_06_SEA_JAX,JAX,False,2148.0,1452.0,0.8442059010267258,14.0
2025,REG,6,2025_06_SEA_JAX,JAX,False,2188.0,1412.0,0.8713260591030121,14.0
2025,REG,6,2025_06_SEA_JAX,JAX,False,2216.0,1384.0,0.8897868543863297,14.0
2025,REG,6,2025_06_SEA_JAX,JAX,False,2262.0,1338.0,0.9133388176560402,14.0
2025,REG,6,2025_06_SEA_JAX,JAX,False,2271.0,1329.0,0.9206345081329346,14.0
2025,REG,6,2025_06_SEA_JAX,JAX,False,2300.0,1300.0,0.9208346009254456,14.0
2025,REG,6,2025_06_SEA_JAX,JAX,False,2328.0,1272.0,0.9291623830795288,14.0
2025,REG,6,2025_06_SEA_JAX,JAX,False,2335.0,1265.0,0.9267183542251587,14.0
2025,REG,6,2025_06_SEA_JAX,JAX,False,2381.0,1219.0,0.9260569214820862,14.0
2025,REG,6,2025_06_SEA_JAX,JAX,False,2386.0,1214.0,0.9147585034370422,14.0
2025,REG,6,2025_06_SEA_JAX,JAX,False,2397.0,1203.0,0.9065206497907639,14.0
2025,REG,6,2025_06_SEA_JAX,JAX,False,2435.0,1165.0,0.9115703403949738,14.0
2025,REG,6,2025_06_SEA_JAX,JAX,False,2481.0,1119.0,0.907158724963665,14.0
2025,REG,6,2025_06_SEA_JAX,JAX,False,2507.0,1093.0,0.9020206853747368,14.0
2025,REG,6,2025_06_SEA_JAX,JAX,False,2533.0,1067.0,0.8891647532582283,14.0
2025,REG,6,2025_06_SEA_JAX,JAX,False,2578.0,1022.0,0.8856245204806328,14.0
2025,REG,6,2025_06_SEA_JAX,JAX,False,2613.0,987.0,0.9231966957449913,14.0
2025,REG,6,2025_06_SEA_JAX,JAX,False,2623.0,977.0,0.9258157983422279,14.0
2025,REG,6,2025_06_SEA_JAX,JAX,False,2671.0,929.0,0.9331875964999199,14.0
2025,REG,6,2025_06_SEA_JAX,JAX,False,2671.0,929.0,0.9331875964999199,14.0
2025,REG,6,2025_06_SEA_JAX,JAX,False,2700.0,900.0,0.8911699950695038,14.0
2025,REG,6,2025_06_SEA_JAX,JAX,False,2700.0,900.0,0.8911699950695038,14.0
2025,REG,6,2025_06_SEA_JAX,JAX,False,2722.0,878.0,0.881321482360363,14.0
2025,REG,6,2025_06_SEA_JAX,JAX,False,2725.0,875.0,0.8915791139006615,14.0
2025,REG,6,2025_06_SEA_JAX,JAX,False,2766.0,834.0,0.924384281039238,14.0
2025,REG,6,2025_06_SEA_JAX,JAX,False,2806.0,794.0,0.8710820078849792,14.0
2025,REG,6,2025_06_SEA_JAX,JAX,False,2812.0,788.0,0.88421730697155,8.0
2025,REG,6,2025_06_SEA_JAX,JAX,False,2820.0,780.0,0.8441833543479442,8.0
2025,REG,6,2025_06_SEA_JAX,JAX,False,2820.0,780.0,0.8441833543479442,8.0
2025,REG,6,2025_06_SEA_JAX,JAX,False,2820.0,780.0,0.8789708614349365,8.0
2025,REG,6,2025_06_SEA_JAX,JAX,False,2820.0,780.0,0.8890841007232666,8.0
2025,REG,6,2025_06_SEA_JAX,JAX,False,2856.0,744.0,0.8824031352996826,8.0
2025,REG,6,2025_06_SEA_JAX,JAX,False,2898.0,702.0,0.9022766947746277,8.0
2025,REG,6,2025_06_SEA_JAX,JAX,False,2940.0,660.0,0.8485823273658752,8.0
2025,REG,6,2025_06_SEA_JAX,JAX,False,2951.0,649.0,0.8368322104215622,8.0
2025,REG,6,2025_06_SEA_JAX,JAX,False,2991.0,609.0,0.8567875176668167,8.0
2025,REG,6,2025_06_SEA_JAX,JAX,False,3038.0,562.0,0.8572855591773987,8.0
2025,REG,6,2025_06_SEA_JAX,JAX,False,3043.0,557.0,0.8988369554281235,8.0
2025,REG,6,2025_06_SEA_JAX,JAX,False,3049.0,551.0,0.9084170460700989,8.0
2025,REG,6,2025_06_SEA_JAX,JAX,False,3086.0,514.0,0.9188016653060913,8.0
2025,REG,6,2025_06_SEA_JAX,JAX,False,3130.0,470.0,0.9103483557701111,8.0
2025,REG,6,2025_06_SEA_JAX,JAX,False,3135.0,465.0,0.8889830708503723,8.0
2025,REG,6,2025_06_SEA_JAX,JAX,False,3143.0,457.0,0.8543150871992111,8.0
2025,REG,6,2025_06_SEA_JAX,JAX,False,3163.0,437.0,0.8730251491069794,8.0
2025,REG,6,2025_06_SEA_JAX,JAX,False,3169.0,431.0,0.8799277022480965,8.0
2025,REG,6,2025_06_SEA_JAX,JAX,False,3208.0,392.0,0.8374228626489639,8.0
2025,REG,6,2025_06_SEA_JAX,JAX,False,3215.0,385.0,0.8623912781476974,8.0
2025,REG,6,2025_06_SEA_JAX,JAX,False,3215.0,385.0,0.8716284036636353,8.0
2025,REG,6,2025_06_SEA_JAX,JAX,False,3244.0,356.0,0.8687523305416107,8.0
2025,REG,6,2025_06_SEA_JAX,JAX,False,3248.0,352.0,0.8999214768409729,8.0
2025,REG,6,2025_06_SEA_JAX,JAX,False,3256.0,344.0,0.918746829032898,8.0
2025,REG,6,2025_06_SEA_JAX,JAX,False,3292.0,308.0,0.946008026599884,8.0
2025,REG,6,2025_06_SEA_JAX,JAX,False,3295.0,305.0,0.9344022870063782,8.0
2025,REG,6,2025_06_SEA_JAX,JAX,False,3339.0,261.0,0.9302470684051514,8.0
2025,REG,6,2025_06_SEA_JAX,JAX,False,3345.0,255.0,0.9114809632301331,8.0
2025,REG,6,2025_06_SEA_JAX,JAX,False,3357.0,243.0,0.9084306284785271,8.0
2025,REG,6,2025_06_SEA_JAX,JAX,False,3383.0,217.0,0.9264939948916435,8.0
2025,REG,6,2025_06_SEA_JAX,JAX,False,3387.0,213.0,0.9355146512389183,8.0
2025,REG,6,2025_06_SEA_JAX,JAX,False,3420.0,180.0,0.9637953862547874,8.0
2025,REG,6,2025_06_SEA_JAX,JAX,False,3427.0,173.0,0.9591013193130493,8.0
2025,REG,6,2025_06_SEA_JAX,JAX,False,3441.0,159.0,0.9785625338554382,8.0
2025,REG,6,2025_06_SEA_JAX,JAX,False,3441.0,159.0,0.9785625338554382,8.0
2025,REG,6,2025_06_SEA_JAX,JAX,False,3446.0,154.0,0.9798194766044617,8.0
2025,REG,6,2025_06_SEA_JAX,JAX,False,3446.0,154.0,0.9798194766044617,8.0
2025,REG,6,2025_06_SEA_JAX,JAX,False,3451.0,149.0,0.9728557467460632,8.0
2025,REG,6,2025_06_SEA_JAX,JAX,False,3451.0,149.0,0.9728557467460632,8.0
2025,REG,6,2025_06_SEA_JAX,JAX,False,3480.0,120.0,0.9769573211669922,8.0
2025,REG,6,2025_06_SEA_JAX,JAX,False,3483.0,117.0,0.98784339427948,8.0
2025,REG,6,2025_06_SEA_JAX,JAX,False,3524.0,76.0,0.9946902990341187,8.0
2025,REG,6,2025_06_SEA_JAX,JAX,False,3561.0,39.0,0.9961374402046204,8.0
2025,REG,6,2025_06_SEA_JAX,JAX,False,3600.0,0.0,1.0,8.0
2025,REG,7,2025_07_HOU_SEA,HOU,True,0.0,3600.0,0.5462617874145508,0.0
2025,REG,7,2025_07_HOU_SEA,HOU,True,0.0,3600.0,0.5462617874145508,0.0
2025,REG,7,2025_07_HOU_SEA,HOU,True,7.0,3593.0,0.5531013011932373,0.0
2025,REG,7,2025_07_HOU_SEA,HOU,True,45.0,3555.0,0.5342931151390076,0.0
2025,REG,7,2025_07_HOU_SEA,HOU,True,48.0,3552.0,0.5046066045761108,0.0
2025,REG,7,2025_07_HOU_SEA,HOU,True,89.0,3511.0,0.5145514607429504,0.0
2025,REG,7,2025_07_HOU_SEA,HOU,True,104.0,3496.0,0.5285030901432037,0.0
2025,REG,7,2025_07_HOU_SEA,HOU,True,145.0,3455.0,0.5407849550247192,0.0
2025,REG,7,2025_07_HOU_SEA,HOU,True,184.0,3416.0,0.5055797398090363,0.0
2025,REG,7,2025_07_HOU_SEA,HOU,True,188.0,3412.0,0.5212455093860626,0.0
2025,REG,7,2025_07_HOU_SEA,HOU,True,230.0,3370.0,0.5604708194732666,0.0
2025,REG,7,2025_07_HOU_SEA,HOU,True,285.0,3315.0,0.5709483325481415,0.0
2025,REG,7,2025_07_HOU_SEA,HOU,True,294.0,3306.0,0.5844466686248779,0.0
2025,REG,7,2025_07_HOU_SEA,HOU,True,329.0,3271.0,0.603225588798523,0.0
2025,REG,7,2025_07_HOU_SEA,HOU,True,366.0,3234.0,0.673911452293396,0.0
2025,REG,7,2025_07_HOU_SEA,HOU,True,406.0,3194.0,0.6716861724853516,0.0
2025,REG,7,2025_07_HOU_SEA,HOU,True,443.0,3157.0,0.7045848369598389,6.0
2025,REG,7,2025_07_HOU_SEA,HOU,True,452.0,3148.0,0.6960280517336161,7.0
2025,REG,7,2025_07_HOU_SEA,HOU,True,452.0,3148.0,0.6978256106376648,7.0
2025,REG,7,2025_07_HOU_SEA,HOU,True,458.0,3142.0,0.6730458736419678,7.0
2025,REG,7,2025_07_HOU_SEA,HOU,True,497.0,3103.0,0.6877195239067078,7.0
2025,REG,7,2025_07_HOU_SEA,HOU,True,538.0,3062.0,0.6808775365352631,7.0
2025,REG,7,2025_07_HOU_SEA,HOU,True,583.0,3017.0,0.717462956905365,7.0
2025,REG,7,2025_07_HOU_SEA,HOU,True,592.0,3008.0,0.7419404983520508,7.0
2025,REG,7,2025_07_HOU_SEA,HOU,True,630.0,2970.0,0.782036542892456,7.0
2025,REG,7,2025_07_HOU_SEA,HOU,True,636.0,2964.0,0.7692769765853882,7.0
2025,REG,7,2025_07_HOU_SEA,HOU,True,675.0,2925.0,0.7841097712516785,7.0
2025,REG,7,2025_07_HOU_SEA,HOU,True,719.0,2881.0,0.7463240027427673,7.0
2025,REG,7,2025_07_HOU_SEA,HOU,True,757.0,2843.0,0.7971044182777405,7.0
2025,REG,7,2025_07_HOU_SEA,HOU,True,785.0,2815.0,0.8171364665031433,7.0
2025,REG,7,2025_07_HOU_SEA,HOU,True,824.0,2776.0,0.8138155341148376,7.0
2025,REG,7,2025_07_HOU_SEA,HOU,True,863.0,2737.0,0.7962604761123657,7.0
2025,REG,7,2025_07_HOU_SEA,HOU,True,867.0,2733.0,0.7799493074417114,7.0
2025,REG,7,2025_07_HOU_SEA,HOU,True,898.0,2702.0,0.8340360522270203,13.0
2025,REG,7,2025_07_HOU_SEA,HOU,True,900.0,2700.0,0.8475063443183899,14.0
2025,REG,7,2025_07_HOU_SEA,HOU,True,900.0,2700.0,0.8475063443183899,14.0
2025,REG,7,2025_07_HOU_SEA,HOU,True,900.0,2700.0,0.8475063443183899,14.0
2025,REG,7,2025_07_HOU_SEA,HOU,True,907.0,2693.0,0.8437906205654144,14.0
2025,REG,7,2025_07_HOU_SEA,HOU,True,930.0,2670.0,0.8444522321224213,14.0
2025,REG,7,2025_07_HOU_SEA,HOU,True,965.0,2635.0,0.8322641551494598,14.0
2025,REG,7,2025_07_HOU_SEA,HOU,True,990.0,2610.0,0.8322641551494598,14.0
2025,REG,7,2025_07_HOU_SEA,HOU,True,995.0,2605.0,0.8414751142263412,14.0
2025,REG,7,2025_07_HOU_SEA,HOU,True,1001.0,2599.0,0.8600946813821793,14.0
2025,REG,7,2025_07_HOU_SEA,HOU,True,1004.0,2596.0,0.8689372539520264,14.0
2025,REG,7,2025_07_HOU_SEA,HOU,True,1017.0,2583.0,0.8939218521118164,14.0
2025,REG,7,2025_07_HOU_SEA,HOU,True,1061.0,2539.0,0.8808681964874268,14.0
2025,REG,7,2025_07_HOU_SEA,HOU,True,1086.0,2514.0,0.8796783089637756,14.0
2025,REG,7,2025_07_HOU_SEA,HOU,True,1132.0,2468.0,0.883270800113678,14.0
2025,REG,7,2025_07_HOU_SEA,HOU,True,1149.0,2451.0,0.862832248210907,14.0
2025,REG,7,2025_07_HOU_SEA,HOU,True,1156.0,2444.0,0.8502619862556458,14.0
2025,REG,7,2025_07_HOU_SEA,HOU,True,1166.0,2434.0,0.8583486676216125,14.0
2025,REG,7,2025_07_HOU_SEA,HOU,True,1170.0,2430.0,0.8663572669029236,14.0
2025,REG,7,2025_07_HOU_SEA,HOU,True,1184.0,2416.0,0.8770922422409058,14.0
2025,REG,7,2025_07_HOU_SEA,HOU,True,1225.0,2375.0,0.885512076318264,14.0
2025,REG,7,2025_07_HOU_SEA,HOU,True,1241.0,2359.0,0.8901809081435204,14.0
2025,REG,7,2025_07_HOU_SEA,HOU,True,1250.0,2350.0,0.8982157707214355,14.0
2025,REG,7,2025_07_HOU_SEA,HOU,True,1269.0,2331.0,0.9074211120605469,14.0
2025,REG,7,2025_07_HOU_SEA,HOU,True,1300.0,2300.0,0.8915241956710815,14.0
2025,REG,7,2025_07_HOU_SEA,HOU,True,1334.0,2266.0,0.8886530995368958,14.0
2025,REG,7,2025_07_HOU_SEA,HOU,True,1370.0,2230.0,0.9203820824623108,14.0
2025,REG,7,2025_07_HOU_SEA,HOU,True,1378.0,2222.0,0.8572974056005478,14.0
2025,REG,7,2025_07_HOU_SEA,HOU,True,1417.0,2183.0,0.8790566995739937,14.0
2025,REG,7,2025_07_HOU_SEA,HOU,True,1440.0,2160.0,0.8677380830049515,14.0
2025,REG,7,2025_07_HOU_SEA,HOU,True,1461.0,2139.0,0.8542679846286774,14.0
2025,REG,7,2025_07_HOU_SEA,HOU,True,1483.0,2117.0,0.8483260273933411,14.0
2025,REG,7,2025_07_HOU_SEA,HOU,True,1520.0,2080.0,0.8347788602113724,14.0
2025,REG,7,2025_07_HOU_SEA,HOU,True,1556.0,2044.0,0.84804467856884,14.0
2025,REG,7,2025_07_HOU_SEA,HOU,True,1564.0,2036.0,0.7991088181734085,14.0
2025,REG,7,2025_07_HOU_SEA,HOU,True,1568.0,2032.0,0.7981992214918137,14.0
2025,REG,7,2025_07_HOU_SEA,HOU,True,1574.0,2026.0,0.8071280419826508,14.0
2025,REG,7,2025_07_HOU_SEA,HOU,True,1618.0,1982.0,0.8403349965810776,14.0
2025,REG,7,2025_07_HOU_SEA,HOU,True,1658.0,1942.0,0.8466451317071915,11.0
2025,REG,7,2025_07_HOU_SEA,HOU,True,1662.0,1938.0,0.8624992370605469,11.0
2025,REG,7,2025_07_HOU_SEA,HOU,True,1667.0,1933.0,0.8654548525810242,11.0
2025,REG,7,2025_07_HOU_SEA,HOU,True,1680.0,1920.0,0.8630390167236328,11.0
2025,REG,7,2025_07_HOU_SEA,HOU,True,1719.0,1881.0,0.8758012056350708,11.0
2025,REG,7,2025_07_HOU_SEA,HOU,True,1738.0,1862.0,0.8806532621383667,11.0
2025,REG,7,2025_07_HOU_SEA,HOU,True,1743.0,1857.0,0.8727646470069885,11.0
2025,REG,7,2025_07_HOU_SEA,HOU,True,1771.0,1829.0,0.8721290230751038,11.0
2025,REG,7,2025_07_HOU_SEA,HOU,True,1771.0,1829.0,0.8721290230751038,11.0
2025,REG,7,2025_07_HOU_SEA,HOU,True,1777.0,1823.0,0.847724437713623,11.0
2025,REG,7,2025_07_HOU_SEA,HOU,True,1787.0,1813.0,0.789923757314682,11.0
2025,REG,7,2025_07_HOU_SEA,HOU,True,1794.0,1806.0,0.7760690599679947,11.0
2025,REG,7,2025_07_HOU_SEA,HOU,True,1794.0,1806.0,0.7760690599679947,11.0
2025,REG,7,2025_07_HOU_SEA,HOU,True,1794.0,1806.0,0.7760690599679947,11.0
2025,REG,7,2025_07_HOU_SEA,HOU,True,1798.0,1802.0,0.7857141643762589,8.0
2025,REG,7,2025_07_HOU_SEA,HOU,True,1800.0,1800.0,0.7897358387708664,8.0
2025,REG,7,2025_07_HOU_SEA,HOU,True,1800.0,1800.0,0.7897358387708664,8.0
2025,REG,7,2025_07_HOU_SEA,HOU,True,1806.0,1794.0,0.7897358387708664,8.0
2025,REG,7,2025_07_HOU_SEA,HOU,True,1846.0,1754.0,0.7946725636720657,8.0
2025,REG,7,2025_07_HOU_SEA,HOU,True,1858.0,1742.0,0.8729994297027588,8.0
2025,REG,7,2025_07_HOU_SEA,HOU,True,1862.0,1738.0,0.864682674407959,8.0
2025,REG,7,2025_07_HOU_SEA,HOU,True,1909.0,1691.0,0.8694116473197937,8.0
2025,REG,7,2025_07_HOU_SEA,HOU,True,1947.0,1653.0,0.857072651386261,8.0
2025,REG,7,2025_07_HOU_SEA,HOU,True,1984.0,1616.0,0.9025822281837463,8.0
2025,REG,7,2025_07_HOU_SEA,HOU,True,2017.0,1583.0,0.9020068049430847,8.0
2025,REG,7,2025_07_HOU_SEA,HOU,True,2060.0,1540.0,0.9004576206207275,8.0
2025,REG,7,2025_07_HOU_SEA,HOU,True,2063.0,1537.0,0.8856835961341858,11.0
2025,REG,7,2025_07_HOU_SEA,HOU,True,2066.0,1534.0,0.8558507561683655,11.0
2025,REG,7,2025_07_HOU_SEA,HOU,True,2074.0,1526.0,0.8528682738542557,11.0
2025,REG,7,2025_07_HOU_SEA,HOU,True,2078.0,1522.0,0.8661535531282425,11.0
2025,REG,7,2025_07_HOU_SEA,HOU,True,2102.0,1498.0,0.8326577842235565,11.0
2025,REG,7,2025_07_HOU_SEA,HOU,True,2108.0,1492.0,0.8305998146533966,11.0
2025,REG,7,2025_07_HOU_SEA,HOU,True,2151.0,1449.0,0.8396030515432358,11.0
2025,REG,7,2025_07_HOU_SEA,HOU,True,2156.0,1444.0,0.8473437130451202,11.0
2025,REG,7,2025_07_HOU_SEA,HOU,True,2162.0,1438.0,0.8798798620700836,11.0
2025,REG,7,2025_07_HOU_SEA,HOU,True,2169.0,1431.0,0.8740837574005127,11.0
2025,REG,7,2025_07_HOU_SEA,HOU,True,2205.0,1395.0,0.8679194450378418,11.0
2025,REG,7,2025_07_HOU_SEA,HOU,True,2247.0,1353.0,0.8533570170402527,5.0
2025,REG,7,2025_07_HOU_SEA,HOU,True,2256.0,1344.0,0.71778210952878,5.0
2025,REG,7,2025_07_HOU_SEA,HOU,True,2256.0,1344.0,0.7300094962120056,5.0
2025,REG,7,2025_07_HOU_SEA,HOU,True,2261.0,1339.0,0.7519064545631409,5.0
2025,REG,7,2025_07_HOU_SEA,HOU,True,2295.0,1305.0,0.8036229610443115,5.0
2025,REG,7,2025_07_HOU_SEA,HOU,True,2298.0,1302.0,0.7899842858314514,5.0
2025,REG,7,2025_07_HOU_SEA,HOU,True,2339.0,1261.0,0.7945305109024048,5.0
2025,REG,7,2025_07_HOU_SEA,HOU,True,2381.0,1219.0,0.7529556155204773,8.0
2025,REG,7,2025_07_HOU_SEA,HOU,True,2385.0,1215.0,0.8198113888502121,8.0
2025,REG,7,2025_07_HOU_SEA,HOU,True,2391.0,1209.0,0.8125053495168686,8.0
2025,REG,7,2025_07_HOU_SEA,HOU,True,2430.0,1170.0,0.8307423293590546,8.0
2025,REG,7,2025_07_HOU_SEA,HOU,True,2477.0,1123.0,0.8140969723463058,8.0
2025,REG,7,2025_07_HOU_SEA,HOU,True,2505.0,1095.0,0.8442481160163879,8.0
2025,REG,7,2025_07_HOU_SEA,HOU,True,2509.0,1091.0,0.8889312744140625,8.0
2025,REG,7,2025_07_HOU_SEA,HOU,True,2514.0,1086.0,0.8838359117507935,8.0
2025,REG,7,2025_07_HOU_SEA,HOU,True,2554.0,1046.0,0.870484471321106,8.0
2025,REG,7,2025_07_HOU_SEA,HOU,True,2595.0,1005.0,0.9174143075942993,8.0
2025,REG,7,2025_07_HOU_SEA,HOU,True,2600.0,1000.0,0.9273634552955627,8.0
2025,REG,7,2025_07_HOU_SEA,HOU,True,2643.0,957.0,0.9272196292877197,14.0
2025,REG,7,2025_07_HOU_SEA,HOU,True,2646.0,954.0,0.9450596369000794,15.0
2025,REG,7,2025_07_HOU_SEA,HOU,True,2646.0,954.0,0.9458426758646965,15.0
2025,REG,7,2025_07_HOU_SEA,HOU,True,2652.0,948.0,0.95150026679039,15.0
2025,REG,7,2025_07_HOU_SEA,HOU,True,2658.0,942.0,0.957765731960535,15.0
2025,REG,7,2025_07_HOU_SEA,HOU,True,2662.0,938.0,0.961281057447195,15.0
2025,REG,7,2025_07_HOU_SEA,HOU,True,2697.0,903.0,0.9777101837098598,15.0
2025,REG,7,2025_07_HOU_SEA,HOU,True,2700.0,900.0,0.9799916744232178,15.0
2025,REG,7,2025_07_HOU_SEA,HOU,True,2700.0,900.0,0.9799916744232178,15.0
2025,REG,7,2025_07_HOU_SEA,HOU,True,2700.0,900.0,0.9783973693847656,15.0
2025,REG,7,2025_07_HOU_SEA,HOU,True,2739.0,861.0,0.9764223098754883,15.0
2025,REG,7,2025_07_HOU_SEA,HOU,True,2745.0,855.0,0.9740634560585022,15.0
2025,REG,7,2025_07_HOU_SEA,HOU,True,2799.0,801.0,0.9750490188598633,15.0
2025,REG,7,2025_07_HOU_SEA,HOU,True,2799.0,801.0,0.9719469547271729,15.0
2025,REG,7,2025_07_HOU_SEA,HOU,True,2807.0,793.0,0.9663390479981899,15.0
2025,REG,7,2025_07_HOU_SEA,HOU,True,2811.0,789.0,0.9706718642264605,15.0
2025,REG,7,2025_07_HOU_SEA,HOU,True,2817.0,783.0,0.9726482462137938,15.0
2025,REG,7,2025_07_HOU_SEA,HOU,True,2823.0,777.0,0.9786339644342661,15.0
2025,REG,7,2025_07_HOU_SEA,HOU,True,2842.0,758.0,0.9839383959770203,15.0
2025,REG,7,2025_07_HOU_SEA,HOU,True,2846.0,754.0,0.9803162217140198,15.0
2025,REG,7,2025_07_HOU_SEA,HOU,True,2890.0,710.0,0.9843809604644775,15.0
2025,REG,7,2025_07_HOU_SEA,HOU,True,2897.0,703.0,0.9831304550170898,15.0
2025,REG,7,2025_07_HOU_SEA,HOU,True,2942.0,658.0,0.9789450764656067,15.0
2025,REG,7,2025_07_HOU_SEA,HOU,True,2953.0,647.0,0.959960762411356,15.0
2025,REG,7,2025_07_HOU_SEA,HOU,True,2986.0,614.0,0.9479163698852062,15.0
2025,REG,7,2025_07_HOU_SEA,HOU,True,3006.0,594.0,0.9469403810799122,15.0
2025,REG,7,2025_07_HOU_SEA,HOU,True,3013.0,587.0,0.9613369256258011,15.0
2025,REG,7,2025_07_HOU_SEA,HOU,True,3017.0,583.0,0.9669565558433533,15.0
2025,REG,7,2025_07_HOU_SEA,HOU,True,3052.0,548.0,0.9711491614580154,15.0
2025,REG,7,2025_07_HOU_SEA,HOU,True,3057.0,543.0,0.9784147329628468,15.0
2025,REG,7,2025_07_HOU_SEA,HOU,True,3065.0,535.0,0.9913579225540161,15.0
2025,REG,7,2025_07_HOU_SEA,HOU,True,3087.0,513.0,0.9906607270240784,15.0
2025,REG,7,2025_07_HOU_SEA,HOU,True,3097.0,503.0,0.9648339115083218,15.0
2025,REG,7,2025_07_HOU_SEA,HOU,True,3121.0,479.0,0.9554876871407032,15.0
2025,REG,7,2025_07_HOU_SEA,HOU,True,3150.0,450.0,0.9517253190279007,15.0
2025,REG,7,2025_07_HOU_SEA,HOU,True,3170.0,430.0,0.9430716931819916,15.0
2025,REG,7,2025_07_HOU_SEA,HOU,True,3204.0,396.0,0.9533200599253178,15.0
2025,REG,7,2025_07_HOU_SEA,HOU,True,3207.0,393.0,0.9567832984030247,15.0
2025,REG,7,2025_07_HOU_SEA,HOU,True,3213.0,387.0,0.9687733966857195,15.0
2025,REG,7,2025_07_HOU_SEA,HOU,True,3253.0,347.0,0.9403710924088955,15.0
2025,REG,7,2025_07_HOU_SEA,HOU,True,3284.0,316.0,0.9488636814057827,15.0
2025,REG,7,2025_07_HOU_SEA,HOU,True,3288.0,312.0,0.9521055147051811,15.0
2025,REG,7,2025_07_HOU_SEA,HOU,True,3292.0,308.0,0.9639887809753418,15.0
2025,REG,7,2025_07_HOU_SEA,HOU,True,3292.0,308.0,0.9639887809753418,15.0
2025,REG,7,2025_07_HOU_SEA,HOU,True,3292.0,308.0,0.9628484658896923,15.0
2025,REG,7,2025_07_HOU_SEA,HOU,True,3292.0,308.0,0.9628484658896923,15.0
2025,REG,7,2025_07_HOU_SEA,HOU,True,3296.0,304.0,0.995567262172699,15.0
2025,REG,7,2025_07_HOU_SEA,HOU,True,3303.0,297.0,0.995055079460144,15.0
2025,REG,7,2025_07_HOU_SEA,HOU,True,3303.0,297.0,0.995055079460144,15.0
2025,REG,7,2025_07_HOU_SEA,HOU,True,3309.0,291.0,0.9967404007911682,15.0
2025,REG,7,2025_07_HOU_SEA,HOU,True,3316.0,284.0,0.9498152732849121,15.0
2025,REG,7,2025_07_HOU_SEA,HOU,True,3316.0,284.0,0.9498152732849121,15.0
2025,REG,7,2025_07_HOU_SEA,HOU,True,3326.0,274.0,0.9776560198515654,15.0
2025,REG,7,2025_07_HOU_SEA,HOU,True,3350.0,250.0,0.9735972955822945,15.0
2025,REG,7,2025_07_HOU_SEA,HOU,True,3374.0,226.0,0.9732556436210871,15.0
2025,REG,7,2025_07_HOU_SEA,HOU,True,3378.0,222.0,0.9736008606851101,15.0
2025,REG,7,2025_07_HOU_SEA,HOU,True,3378.0,222.0,0.9813184700906277,15.0
2025,REG,7,2025_07_HOU_SEA,HOU,True,3410.0,190.0,0.9902361435815692,15.0
2025,REG,7,2025_07_HOU_SEA,HOU,True,3419.0,181.0,0.9826457668095827,15.0
2025,REG,7,2025_07_HOU_SEA,HOU,True,3425.0,175.0,0.9815468564629555,15.0
2025,REG,7,2025_07_HOU_SEA,HOU,True,3465.0,135.0,0.9931077226065099,9.0
2025,REG,7,2025_07_HOU_SEA,HOU,True,3476.0,124.0,0.9816784869938195,8.0
2025,REG,7,2025_07_HOU_SEA,HOU,True,3476.0,124.0,0.9809235334396362,8.0
2025,REG,7,2025_07_HOU_SEA,HOU,True,3482.0,118.0,0.9856579899787903,8.0
2025,REG,7,2025_07_HOU_SEA,HOU,True,3487.0,113.0,0.9824159145355225,8.0
2025,REG,7,2025_07_HOU_SEA,HOU,True,3487.0,113.0,0.9824159145355225,8.0
2025,REG,7,2025_07_HOU_SEA,HOU,True,3530.0,70.0,0.9920791983604431,8.0
2025,REG,7,2025_07_HOU_SEA,HOU,True,3543.0,57.0,0.9952372312545776,8.0
2025,REG,7,2025_07_HOU_SEA,HOU,True,3566.0,34.0,0.9931796789169312,8.0
2025,REG,7,2025_07_HOU_SEA,HOU,True,3600.0,0.0,1.0,8.0
2025,REG,9,2025_09_SEA_WAS,WAS,False,0.0,3600.0,0.4537382125854492,-0.0
2025,REG,9,2025_09_SEA_WAS,WAS,False,0.0,3600.0,0.4537382125854492,-0.0
2025,REG,9,2025_09_SEA_WAS,WAS,False,5.0,3595.0,0.4537382125854492,-0.0
2025,REG,9,2025_09_SEA_WAS,WAS,False,35.0,3565.0,0.46037906408309937,-0.0
2025,REG,9,2025_09_SEA_WAS,WAS,False,75.0,3525.0,0.4672585725784302,-0.0
2025,REG,9,2025_09_SEA_WAS,WAS,False,118.0,3482.0,0.42742663621902466,-0.0
2025,REG,9,2025_09_SEA_WAS,WAS,False,125.0,3475.0,0.4454634189605713,-0.0
2025,REG,9,2025_09_SEA_WAS,WAS,False,139.0,3461.0,0.48011302947998047,-0.0
2025,REG,9,2025_09_SEA_WAS,WAS,False,182.0,3418.0,0.5035550594329834,-0.0
2025,REG,9,2025_09_SEA_WAS,WAS,False,222.0,3378.0,0.5119467675685883,-0.0
2025,REG,9,2025_09_SEA_WAS,WAS,False,229.0,3371.0,0.4714740514755249,-0.0
2025,REG,9,2025_09_SEA_WAS,WAS,False,260.0,3340.0,0.47188249230384827,-0.0
2025,REG,9,2025_09_SEA_WAS,WAS,False,292.0,3308.0,0.4958201050758362,-0.0
2025,REG,9,2025_09_SEA_WAS,WAS,False,330.0,3270.0,0.5224343538284302,-0.0
2025,REG,9,2025_09_SEA_WAS,WAS,False,353.0,3247.0,0.4886275827884674,-0.0
2025,REG,9,2025_09_SEA_WAS,WAS,False,398.0,3202.0,0.5049824118614197,-0.0
2025,REG,9,2025_09_SEA_WAS,WAS,False,419.0,3181.0,0.4862498342990875,-0.0
2025,REG,9,2025_09_SEA_WAS,WAS,False,464.0,3136.0,0.4952128231525421,-0.0
2025,REG,9,2025_09_SEA_WAS,WAS,False,500.0,3100.0,0.5495824813842773,-0.0
2025,REG,9,2025_09_SEA_WAS,WAS,False,536.0,3064.0,0.6023982763290405,-0.0
2025,REG,9,2025_09_SEA_WAS,WAS,False,574.0,3026.0,0.6111165285110474,-0.0
2025,REG,9,2025_09_SEA_WAS,WAS,False,612.0,2988.0,0.6011911034584045,-0.0
2025,REG,9,2025_09_SEA_WAS,WAS,False,625.0,2975.0,0.5808348059654236,-0.0
2025,REG,9,2025_09_SEA_WAS,WAS,False,669.0,2931.0,0.6269155740737915,-0.0
2025,REG,9,2025_09_SEA_WAS,WAS,False,672.0,2928.0,0.6476080417633057,-0.0
2025,REG,9,2025_09_SEA_WAS,WAS,False,711.0,2889.0,0.6273291707038879,6.0
2025,REG,9,2025_09_SEA_WAS,WAS,False,716.0,2884.0,0.6729967860740639,7.0
2025,REG,9,2025_09_SEA_WAS,WAS,False,716.0,2884.0,0.6741873919963837,7.0
2025,REG,9,2025_09_SEA_WAS,WAS,False,716.0,2884.0,0.6803266108036041,7.0
2025,REG,9,2025_09_SEA_WAS,WAS,False,750.0,2850.0,0.6926974952220917,7.0
2025,REG,9,2025_09_SEA_WAS,WAS,False,794.0,2806.0,0.6790275573730469,7.0
2025,REG,9,2025_09_SEA_WAS,WAS,False,811.0,2789.0,0.6597493290901184,7.0
2025,REG,9,2025_09_SEA_WAS,WAS,False,850.0,2750.0,0.6657819151878357,7.0
2025,REG,9,2025_09_SEA_WAS,WAS,False,891.0,2709.0,0.6597855091094971,7.0
2025,REG,9,2025_09_SEA_WAS,WAS,False,900.0,2700.0,0.7058647871017456,7.0
2025,REG,9,2025_09_SEA_WAS,WAS,False,900.0,2700.0,0.7058647871017456,7.0
2025,REG,9,2025_09_SEA_WAS,WAS,False,936.0,2664.0,0.6411003768444061,7.0
2025,REG,9,2025_09_SEA_WAS,WAS,False,962.0,2638.0,0.6305583417415619,7.0
2025,REG,9,2025_09_SEA_WAS,WAS,False,1006.0,2594.0,0.6514463126659393,7.0
2025,REG,9,2025_09_SEA_WAS,WAS,False,1025.0,2575.0,0.6932441592216492,7.0
2025,REG,9,2025_09_SEA_WAS,WAS,False,1031.0,2569.0,0.7629428505897522,7.0
2025,REG,9,2025_09_SEA_WAS,WAS,False,1063.0,2537.0,0.7788221836090088,7.0
2025,REG,9,2025_09_SEA_WAS,WAS,False,1104.0,2496.0,0.7668840289115906,7.0
2025,REG,9,2025_09_SEA_WAS,WAS,False,1149.0,2451.0,0.7625986337661743,7.0
2025,REG,9,2025_09_SEA_WAS,WAS,False,1184.0,2416.0,0.7939164638519287,7.0
2025,REG,9,2025_09_SEA_WAS,WAS,False,1219.0,2381.0,0.7991192936897278,7.0
2025,REG,9,2025_09_SEA_WAS,WAS,False,1263.0,2337.0,0.7827218174934387,13.0
2025,REG,9,2025_09_SEA_WAS,WAS,False,1268.0,2332.0,0.8511633437863015,14.0
2025,REG,9,2025_09_SEA_WAS,WAS,False,1268.0,2332.0,0.8513262718915939,14.0
2025,REG,9,2025_09_SEA_WAS,WAS,False,1274.0,2326.0,0.9023672342300415,20.0
2025,REG,9,2025_09_SEA_WAS,WAS,False,1279.0,2321.0,0.9190525483573107,21.0
2025,REG,9,2025_09_SEA_WAS,WAS,False,1279.0,2321.0,0.9189479947090149,21.0
2025,REG,9,2025_09_SEA_WAS,WAS,False,1279.0,2321.0,0.9212214276194572,21.0
2025,REG,9,2025_09_SEA_WAS,WAS,False,1283.0,2317.0,0.9274744614958763,21.0
2025,REG,9,2025_09_SEA_WAS,WAS,False,1326.0,2274.0,0.9275754019618034,21.0
2025,REG,9,2025_09_SEA_WAS,WAS,False,1374.0,2226.0,0.935415118932724,21.0
2025,REG,9,2025_09_SEA_WAS,WAS,False,1383.0,2217.0,0.9365648403763771,21.0
2025,REG,9,2025_09_SEA_WAS,WAS,False,1396.0,2204.0,0.9358916282653809,21.0
2025,REG,9,2025_09_SEA_WAS,WAS,False,1438.0,2162.0,0.9377811551094055,21.0
2025,REG,9,2025_09_SEA_WAS,WAS,False,1482.0,2118.0,0.9298433661460876,21.0
2025,REG,9,2025_09_SEA_WAS,WAS,False,1516.0,2084.0,0.9578922390937805,27.0
2025,REG,9,2025_09_SEA_WAS,WAS,False,1526.0,2074.0,0.9966076295538538,28.0
2025,REG,9,2025_09_SEA_WAS,WAS,False,1526.0,2074.0,0.996607709210366,28.0
2025,REG,9,2025_09_SEA_WAS,WAS,False,1532.0,2068.0,0.9963239040225744,28.0
2025,REG,9,2025_09_SEA_WAS,WAS,False,1573.0,2027.0,0.9944983627647161,28.0
2025,REG,9,2025_09_SEA_WAS,WAS,False,1615.0,1985.0,0.9961430209223181,28.0
2025,REG,9,2025_09_SEA_WAS,WAS,False,1640.0,1960.0,0.9966661285143346,28.0
2025,REG,9,2025_09_SEA_WAS,WAS,False,1677.0,1923.0,0.9949356596916914,28.0
2025,REG,9,2025_09_SEA_WAS,WAS,False,1683.0,1917.0,0.9967413442209363,28.0
2025,REG,9,2025_09_SEA_WAS,WAS,False,1723.0,1877.0,0.9962444112170488,28.0
2025,REG,9,2025_09_SEA_WAS,WAS,False,1731.0,1869.0,0.994907267857343,28.0
2025,REG,9,2025_09_SEA_WAS,WAS,False,1731.0,1869.0,0.994907267857343,28.0
2025,REG,9,2025_09_SEA_WAS,WAS,False,1736.0,1864.0,0.9951628791168332,28.0
2025,REG,9,2025_09_SEA_WAS,WAS,False,1744.0,1856.0,0.990470428019762,22.0
2025,REG,9,2025_09_SEA_WAS,WAS,False,1747.0,1853.0,0.9507817279851347,21.0
2025,REG,9,2025_09_SEA_WAS,WAS,False,1747.0,1853.0,0.9487587809562683,21.0
2025,REG,9,2025_09_SEA_WAS,WAS,False,1751.0,1849.0,0.9520549178123474,21.0
2025,REG,9,2025_09_SEA_WAS,WAS,False,1772.0,1828.0,0.9650031328201294,21.0
2025,REG,9,2025_09_SEA_WAS,WAS,False,1780.0,1820.0,0.9570250511169434,21.0
2025,REG,9,2025_09_SEA_WAS,WAS,False,1780.0,1820.0,0.9570250511169434,21.0
2025,REG,9,2025_09_SEA_WAS,WAS,False,1797.0,1803.0,0.9636176824569702,21.0
2025,REG,9,2025_09_SEA_WAS,WAS,False,1797.0,1803.0,0.9636176824569702,24.0
2025,REG,9,2025_09_SEA_WAS,WAS,False,1800.0,1800.0,0.9956686496734619,24.0
2025,REG,9,2025_09_SEA_WAS,WAS,False,1800.0,1800.0,0.9956686496734619,24.0
2025,REG,9,2025_09_SEA_WAS,WAS,False,1805.0,1795.0,0.9956842660903931,24.0
2025,REG,9,2025_09_SEA_WAS,WAS,False,1846.0,1754.0,0.9953437447547913,24.0
2025,REG,9,2025_09_SEA_WAS,WAS,False,1887.0,1713.0,0.9970199465751648,24.0
2025,REG,9,2025_09_SEA_WAS,WAS,False,1890.0,1710.0,0.996161699295044,24.0
2025,REG,9,2025_09_SEA_WAS,WAS,False,1901.0,1699.0,0.9643170610070229,24.0
2025,REG,9,2025_09_SEA_WAS,WAS,False,1925.0,1675.0,0.9652314893901348,24.0
2025,REG,9,2025_09_SEA_WAS,WAS,False,1967.0,1633.0,0.9595620483160019,24.0
2025,REG,9,2025_09_SEA_WAS,WAS,False,1996.0,1604.0,0.9634984619915485,24.0
2025,REG,9,2025_09_SEA_WAS,WAS,False,2041.0,1559.0,0.9759521000087261,24.0
2025,REG,9,2025_09_SEA_WAS,WAS,False,2044.0,1556.0,0.980372816324234,24.0
2025,REG,9,2025_09_SEA_WAS,WAS,False,2050.0,1550.0,0.9969412684440613,24.0
2025,REG,9,2025_09_SEA_WAS,WAS,False,2057.0,1543.0,0.9969974756240845,24.0
2025,REG,9,2025_09_SEA_WAS,WAS,False,2100.0,1500.0,0.9951642751693726,24.0
2025,REG,9,2025_09_SEA_WAS,WAS,False,2100.0,1500.0,0.9951642751693726,24.0
2025,REG,9,2025_09_SEA_WAS,WAS,False,2143.0,1457.0,0.9952464699745178,24.0
2025,REG,9,2025_09_SEA_WAS,WAS,False,2149.0,1451.0,0.9854354038834572,24.0
2025,REG,9,2025_09_SEA_WAS,WAS,False,2190.0,1410.0,0.9870139034464955,24.0
2025,REG,9,2025_09_SEA_WAS,WAS,False,2233.0,1367.0,0.9876671638339758,24.0
2025,REG,9,2025_09_SEA_WAS,WAS,False,2257.0,1343.0,0.9860564628615975,24.0
2025,REG,9,2025_09_SEA_WAS,WAS,False,2300.0,1300.0,0.987990346737206,24.0
2025,REG,9,2025_09_SEA_WAS,WAS,False,2300.0,1300.0,0.987990346737206,24.0
2025,REG,9,2025_09_SEA_WAS,WAS,False,2300.0,1300.0,0.9885143572464585,24.0
2025,REG,9,2025_09_SEA_WAS,WAS,False,2345.0,1255.0,0.9932206845842302,24.0
2025,REG,9,2025_09_SEA_WAS,WAS,False,2351.0,1249.0,0.9943929235450923,24.0
2025,REG,9,2025_09_SEA_WAS,WAS,False,2359.0,1241.0,0.9977127313613892,24.0
2025,REG,9,2025_09_SEA_WAS,WAS,False,2385.0,1215.0,0.997498095035553,24.0
2025,REG,9,2025_09_SEA_WAS,WAS,False,2407.0,1193.0,0.9984921216964722,24.0
2025,REG,9,2025_09_SEA_WAS,WAS,False,2450.0,1150.0,0.9981141090393066,24.0
2025,REG,9,2025_09_SEA_WAS,WAS,False,2494.0,1106.0,0.9981915354728699,24.0
2025,REG,9,2025_09_SEA_WAS,WAS,False,2527.0,1073.0,0.9983963370323181,24.0
2025,REG,9,2025_09_SEA_WAS,WAS,False,2545.0,1055.0,0.9982733726501465,24.0
2025,REG,9,2025_09_SEA_WAS,WAS,False,2545.0,1055.0,0.9982733726501465,24.0
2025,REG,9,2025_09_SEA_WAS,WAS,False,2548.0,1052.0,0.9981265664100647,24.0
2025,REG,9,2025_09_SEA_WAS,WAS,False,2585.0,1015.0,0.9985291957855225,30.0
2025,REG,9,2025_09_SEA_WAS,WAS,False,2587.0,1013.0,0.9989592778297216,31.0
2025,REG,9,2025_09_SEA_WAS,WAS,False,2587.0,1013.0,0.998962122714147,31.0
2025,REG,9,2025_09_SEA_WAS,WAS,False,2587.0,1013.0,0.9988667743746191,31.0
2025,REG,9,2025_09_SEA_WAS,WAS,False,2619.0,981.0,0.9988754820078611,31.0
2025,REG,9,2025_09_SEA_WAS,WAS,False,2648.0,952.0,0.9990442094276659,31.0
2025,REG,9,2025_09_SEA_WAS,WAS,False,2681.0,919.0,0.9987717510666698,31.0
2025,REG,9,2025_09_SEA_WAS,WAS,False,2700.0,900.0,0.9994653565809131,31.0
2025,REG,9,2025_09_SEA_WAS,WAS,False,2700.0,900.0,0.9994653565809131,31.0
2025,REG,9,2025_09_SEA_WAS,WAS,False,2706.0,894.0,0.9998586177825928,31.0
2025,REG,9,2025_09_SEA_WAS,WAS,False,2750.0,850.0,0.999826967716217,31.0
2025,REG,9,2025_09_SEA_WAS,WAS,False,2796.0,804.0,0.9998600482940674,31.0
2025,REG,9,2025_09_SEA_WAS,WAS,False,2842.0,758.0,0.9998457431793213,31.0
2025,REG,9,2025_09_SEA_WAS,WAS,False,2850.0,750.0,0.9998497955239145,31.0
2025,REG,9,2025_09_SEA_WAS,WAS,False,2881.0,719.0,0.9998665778257418,31.0
2025,REG,9,2025_09_SEA_WAS,WAS,False,2917.0,683.0,0.9998734109249199,31.0
2025,REG,9,2025_09_SEA_WAS,WAS,False,2954.0,646.0,0.9998788630764466,31.0
2025,REG,9,2025_09_SEA_WAS,WAS,False,2969.0,631.0,0.9998629100591643,31.0
2025,REG,9,2025_09_SEA_WAS,WAS,False,3005.0,595.0,0.9998019546328578,31.0
2025,REG,9,2025_09_SEA_WAS,WAS,False,3042.0,558.0,0.9991714539937675,31.0
2025,REG,9,2025_09_SEA_WAS,WAS,False,3074.0,526.0,0.9996671791013796,31.0
2025,REG,9,2025_09_SEA_WAS,WAS,False,3115.0,485.0,0.9993015177315101,31.0
2025,REG,9,2025_09_SEA_WAS,WAS,False,3141.0,459.0,0.9986199181294069,31.0
2025,REG,9,2025_09_SEA_WAS,WAS,False,3163.0,437.0,0.9989749697269872,25.0
2025,REG,9,2025_09_SEA_WAS,WAS,False,3166.0,434.0,0.9998276165059041,24.0
2025,REG,9,2025_09_SEA_WAS,WAS,False,3166.0,434.0,0.9998227953910828,24.0
2025,REG,9,2025_09_SEA_WAS,WAS,False,3173.0,427.0,0.9998227953910828,24.0
2025,REG,9,2025_09_SEA_WAS,WAS,False,3220.0,380.0,0.9997569918632507,24.0
2025,REG,9,2025_09_SEA_WAS,WAS,False,3264.0,336.0,0.9996284246444702,24.0
2025,REG,9,2025_09_SEA_WAS,WAS,False,3310.0,290.0,0.9996488094329834,24.0
2025,REG,9,2025_09_SEA_WAS,WAS,False,3320.0,280.0,0.999287792656105,24.0
2025,REG,9,2025_09_SEA_WAS,WAS,False,3364.0,236.0,0.9993622549809515,24.0
2025,REG,9,2025_09_SEA_WAS,WAS,False,3411.0,189.0,0.9993595905252732,24.0
2025,REG,9,2025_09_SEA_WAS,WAS,False,3456.0,144.0,0.9994081565528177,24.0
2025,REG,9,2025_09_SEA_WAS,WAS,False,3480.0,120.0,0.9995583578420337,24.0
2025,REG,9,2025_09_SEA_WAS,WAS,False,3520.0,80.0,0.9994377554394305,24.0
2025,REG,9,2025_09_SEA_WAS,WAS,False,3562.0,38.0,0.9995075180195272,24.0
2025,REG,9,2025_09_SEA_WAS,WAS,False,3600.0,0.0,1.0,24.0
2025,REG,10,2025_10_ARI_SEA,ARI,True,0.0,3600.0,0.5462617874145508,0.0
2025,REG,10,2025_10_ARI_SEA,ARI,True,0.0,3600.0,0.5462617874145508,0.0
2025,REG,10,2025_10_ARI_SEA,ARI,True,5.0,3595.0,0.5663902163505554,0.0
2025,REG,10,2025_10_ARI_SEA,ARI,True,38.0,3562.0,0.5592122077941895,0.0
2025,REG,10,2025_10_ARI_SEA,ARI,True,81.0,3519.0,0.5326279401779175,0.0
2025,REG,10,2025_10_ARI_SEA,ARI,True,122.0,3478.0,0.5799764394760132,0.0
2025,REG,10,2025_10_ARI_SEA,ARI,True,163.0,3437.0,0.6021247506141663,0.0
2025,REG,10,2025_10_ARI_SEA,ARI,True,200.0,3400.0,0.5637665390968323,0.0
2025,REG,10,2025_10_ARI_SEA,ARI,True,239.0,3361.0,0.5844466686248779,6.0
2025,REG,10,2025_10_ARI_SEA,ARI,True,245.0,3355.0,0.6975156703172483,7.0
2025,REG,10,2025_10_ARI_SEA,ARI,True,245.0,3355.0,0.6992954611778259,7.0
2025,REG,10,2025_10_ARI_SEA,ARI,True,251.0,3349.0,0.7088159024715424,7.0
2025,REG,10,2025_10_ARI_SEA,ARI,True,286.0,3314.0,0.6627298295497894,7.0
2025,REG,10,2025_10_ARI_SEA,ARI,True,328.0,3272.0,0.6843043565750122,13.0
2025,REG,10,2025_10_ARI_SEA,ARI,True,338.0,3262.0,0.8412550985813141,14.0
2025,REG,10,2025_10_ARI_SEA,ARI,True,338.0,3262.0,0.8412550985813141,14.0
2025,REG,10,2025_10_ARI_SEA,ARI,True,343.0,3257.0,0.8412550985813141,14.0
2025,REG,10,2025_10_ARI_SEA,ARI,True,383.0,3217.0,0.8431800007820129,14.0
2025,REG,10,2025_10_ARI_SEA,ARI,True,425.0,3175.0,0.8323776870965958,14.0
2025,REG,10,2025_10_ARI_SEA,ARI,True,465.0,3135.0,0.8371230065822601,14.0
2025,REG,10,2025_10_ARI_SEA,ARI,True,507.0,3093.0,0.8361901193857193,14.0
2025,REG,10,2025_10_ARI_SEA,ARI,True,519.0,3081.0,0.8582295924425125,14.0
2025,REG,10,2025_10_ARI_SEA,ARI,True,526.0,3074.0,0.8682723045349121,14.0
2025,REG,10,2025_10_ARI_SEA,ARI,True,561.0,3039.0,0.8721566200256348,14.0
2025,REG,10,2025_10_ARI_SEA,ARI,True,598.0,3002.0,0.8656799793243408,14.0
2025,REG,10,2025_10_ARI_SEA,ARI,True,644.0,2956.0,0.8943122029304504,14.0
2025,REG,10,2025_10_ARI_SEA,ARI,True,684.0,2916.0,0.8998158574104309,14.0
2025,REG,10,2025_10_ARI_SEA,ARI,True,728.0,2872.0,0.8949729204177856,14.0
2025,REG,10,2025_10_ARI_SEA,ARI,True,733.0,2867.0,0.910636842250824,14.0
2025,REG,10,2025_10_ARI_SEA,ARI,True,766.0,2834.0,0.9171851873397827,14.0
2025,REG,10,2025_10_ARI_SEA,ARI,True,805.0,2795.0,0.9167766571044922,14.0
2025,REG,10,2025_10_ARI_SEA,ARI,True,805.0,2795.0,0.9167766571044922,14.0
2025,REG,10,2025_10_ARI_SEA,ARI,True,812.0,2788.0,0.9115173816680908,20.0
2025,REG,10,2025_10_ARI_SEA,ARI,True,817.0,2783.0,0.9179672314027457,21.0
2025,REG,10,2025_10_ARI_SEA,ARI,True,817.0,2783.0,0.9218722805380821,21.0
2025,REG,10,2025_10_ARI_SEA,ARI,True,822.0,2778.0,0.9218722805380821,21.0
2025,REG,10,2025_10_ARI_SEA,ARI,True,861.0,2739.0,0.9104485213756561,21.0
2025,REG,10,2025_10_ARI_SEA,ARI,True,900.0,2700.0,0.914333887398243,21.0
2025,REG,10,2025_10_ARI_SEA,ARI,True,900.0,2700.0,0.914333887398243,21.0
2025,REG,10,2025_10_ARI_SEA,ARI,True,945.0,2655.0,0.934541217982769,27.0
2025,REG,10,2025_10_ARI_SEA,ARI,True,952.0,2648.0,0.9964991759043187,28.0
2025,REG,10,2025_10_ARI_SEA,ARI,True,952.0,2648.0,0.9964991759043187,28.0
2025,REG,10,2025_10_ARI_SEA,ARI,True,956.0,2644.0,0.9964991759043187,28.0
2025,REG,10,2025_10_ARI_SEA,ARI,True,981.0,2619.0,0.9964991759043187,28.0
2025,REG,10,2025_10_ARI_SEA,ARI,True,984.0,2616.0,0.996122777229175,28.0
2025,REG,10,2025_10_ARI_SEA,ARI,True,1023.0,2577.0,0.9954969501122832,28.0
2025,REG,10,2025_10_ARI_SEA,ARI,True,1056.0,2544.0,0.9951109094545245,28.0
2025,REG,10,2025_10_ARI_SEA,ARI,True,1063.0,2537.0,0.994831919670105,28.0
2025,REG,10,2025_10_ARI_SEA,ARI,True,1099.0,2501.0,0.9946486353874207,28.0
2025,REG,10,2025_10_ARI_SEA,ARI,True,1141.0,2459.0,0.9933767914772034,28.0
2025,REG,10,2025_10_ARI_SEA,ARI,True,1195.0,2405.0,0.9950512051582336,28.0
2025,REG,10,2025_10_ARI_SEA,ARI,True,1236.0,2364.0,0.9950791597366333,28.0
2025,REG,10,2025_10_ARI_SEA,ARI,True,1239.0,2361.0,0.9951139688491821,28.0
2025,REG,10,2025_10_ARI_SEA,ARI,True,1262.0,2338.0,0.995162844657898,28.0
2025,REG,10,2025_10_ARI_SEA,ARI,True,1282.0,2318.0,0.9952211976051331,34.0
2025,REG,10,2025_10_ARI_SEA,ARI,True,1287.0,2313.0,0.9976974111050367,35.0
2025,REG,10,2025_10_ARI_SEA,ARI,True,1287.0,2313.0,0.9976974111050367,35.0
2025,REG,10,2025_10_ARI_SEA,ARI,True,1287.0,2313.0,0.9974748636595905,35.0
2025,REG,10,2025_10_ARI_SEA,ARI,True,1291.0,2309.0,0.9972030736971647,35.0
2025,REG,10,2025_10_ARI_SEA,ARI,True,1318.0,2282.0,0.9971848784480244,35.0
2025,REG,10,2025_10_ARI_SEA,ARI,True,1341.0,2259.0,0.9971259664744139,35.0
2025,REG,10,2025_10_ARI_SEA,ARI,True,1376.0,2224.0,0.9968337817117572,35.0
2025,REG,10,2025_10_ARI_SEA,ARI,True,1414.0,2186.0,0.9965975121594965,35.0
2025,REG,10,2025_10_ARI_SEA,ARI,True,1421.0,2179.0,0.9971467130817473,35.0
2025,REG,10,2025_10_ARI_SEA,ARI,True,1421.0,2179.0,0.9971467130817473,35.0
2025,REG,10,2025_10_ARI_SEA,ARI,True,1455.0,2145.0,0.996209504082799,35.0
2025,REG,10,2025_10_ARI_SEA,ARI,True,1492.0,2108.0,0.9941932875663042,35.0
2025,REG,10,2025_10_ARI_SEA,ARI,True,1496.0,2104.0,0.9954008851200342,35.0
2025,REG,10,2025_10_ARI_SEA,ARI,True,1539.0,2061.0,0.9950066809542477,35.0
2025,REG,10,2025_10_ARI_SEA,ARI,True,1543.0,2057.0,0.995135486125946,35.0
2025,REG,10,2025_10_ARI_SEA,ARI,True,1582.0,2018.0,0.9956247210502625,35.0
2025,REG,10,2025_10_ARI_SEA,ARI,True,1593.0,2007.0,0.9932123282924294,35.0
2025,REG,10,2025_10_ARI_SEA,ARI,True,1597.0,2003.0,0.9957913919351995,35.0
2025,REG,10,2025_10_ARI_SEA,ARI,True,1626.0,1974.0,0.9951624842360616,29.0
2025,REG,10,2025_10_ARI_SEA,ARI,True,1630.0,1970.0,0.9961734414100647,28.0
2025,REG,10,2025_10_ARI_SEA,ARI,True,1630.0,1970.0,0.9961734414100647,28.0
2025,REG,10,2025_10_ARI_SEA,ARI,True,1639.0,1961.0,0.9957301020622253,28.0
2025,REG,10,2025_10_ARI_SEA,ARI,True,1680.0,1920.0,0.9950320720672607,28.0
2025,REG,10,2025_10_ARI_SEA,ARI,True,1687.0,1913.0,0.9955747127532959,28.0
2025,REG,10,2025_10_ARI_SEA,ARI,True,1692.0,1908.0,0.9950253367424011,28.0
2025,REG,10,2025_10_ARI_SEA,ARI,True,1692.0,1908.0,0.9950253367424011,28.0
2025,REG,10,2025_10_ARI_SEA,ARI,True,1694.0,1906.0,0.9939959049224854,28.0
2025,REG,10,2025_10_ARI_SEA,ARI,True,1694.0,1906.0,0.9939959049224854,28.0
2025,REG,10,2025_10_ARI_SEA,ARI,True,1698.0,1902.0,0.9932738542556763,31.0
2025,REG,10,2025_10_ARI_SEA,ARI,True,1703.0,1897.0,0.9975850223563612,31.0
2025,REG,10,2025_10_ARI_SEA,ARI,True,1708.0,1892.0,0.998199435765855,31.0
2025,REG,10,2025_10_ARI_SEA,ARI,True,1714.0,1886.0,0.9979749808553606,31.0
2025,REG,10,2025_10_ARI_SEA,ARI,True,1719.0,1881.0,0.9977568981703371,31.0
2025,REG,10,2025_10_ARI_SEA,ARI,True,1722.0,1878.0,0.9979700457770377,31.0
2025,REG,10,2025_10_ARI_SEA,ARI,True,1731.0,1869.0,0.9978160609025508,31.0
2025,REG,10,2025_10_ARI_SEA,ARI,True,1736.0,1864.0,0.997474666684866,31.0
2025,REG,10,2025_10_ARI_SEA,ARI,True,1739.0,1861.0,0.997714571421966,31.0
2025,REG,10,2025_10_ARI_SEA,ARI,True,1749.0,1851.0,0.9974661315791309,31.0
2025,REG,10,2025_10_ARI_SEA,ARI,True,1749.0,1851.0,0.9974661315791309,31.0
2025,REG,10,2025_10_ARI_SEA,ARI,True,1756.0,1844.0,0.995318591594696,31.0
2025,REG,10,2025_10_ARI_SEA,ARI,True,1777.0,1823.0,0.9945701956748962,31.0
2025,REG,10,2025_10_ARI_SEA,ARI,True,1800.0,1800.0,0.9952728021889925,31.0
2025,REG,10,2025_10_ARI_SEA,ARI,True,1800.0,1800.0,0.9952728021889925,31.0
2025,REG,10,2025_10_ARI_SEA,ARI,True,1806.0,1794.0,0.9954272322356701,31.0
2025,REG,10,2025_10_ARI_SEA,ARI,True,1830.0,1770.0,0.992016201838851,31.0
2025,REG,10,2025_10_ARI_SEA,ARI,True,1835.0,1765.0,0.9955838341265917,31.0
2025,REG,10,2025_10_ARI_SEA,ARI,True,1857.0,1743.0,0.9954892247915268,31.0
2025,REG,10,2025_10_ARI_SEA,ARI,True,1881.0,1719.0,0.9943099454976618,31.0
2025,REG,10,2025_10_ARI_SEA,ARI,True,1908.0,1692.0,0.9941898710094392,31.0
2025,REG,10,2025_10_ARI_SEA,ARI,True,1913.0,1687.0,0.9943964662961662,31.0
2025,REG,10,2025_10_ARI_SEA,ARI,True,1917.0,1683.0,0.9943287260830402,31.0
2025,REG,10,2025_10_ARI_SEA,ARI,True,1917.0,1683.0,0.994912592228502,31.0
2025,REG,10,2025_10_ARI_SEA,ARI,True,1948.0,1652.0,0.9936105259694159,31.0
2025,REG,10,2025_10_ARI_SEA,ARI,True,1978.0,1622.0,0.9970659606624395,31.0
2025,REG,10,2025_10_ARI_SEA,ARI,True,2009.0,1591.0,0.9975978988222778,31.0
2025,REG,10,2025_10_ARI_SEA,ARI,True,2028.0,1572.0,0.9977527044247836,31.0
2025,REG,10,2025_10_ARI_SEA,ARI,True,2034.0,1566.0,0.9974737560842186,31.0
2025,REG,10,2025_10_ARI_SEA,ARI,True,2064.0,1536.0,0.9972847267054021,31.0
2025,REG,10,2025_10_ARI_SEA,ARI,True,2067.0,1533.0,0.9968659195583314,31.0
2025,REG,10,2025_10_ARI_SEA,ARI,True,2072.0,1528.0,0.9970649380702525,31.0
2025,REG,10,2025_10_ARI_SEA,ARI,True,2106.0,1494.0,0.9967141824308783,31.0
2025,REG,10,2025_10_ARI_SEA,ARI,True,2106.0,1494.0,0.9967141824308783,31.0
2025,REG,10,2025_10_ARI_SEA,ARI,True,2112.0,1488.0,0.9987390637397766,31.0
2025,REG,10,2025_10_ARI_SEA,ARI,True,2121.0,1479.0,0.9981528527569026,31.0
2025,REG,10,2025_10_ARI_SEA,ARI,True,2126.0,1474.0,0.9979234689380974,31.0
2025,REG,10,2025_10_ARI_SEA,ARI,True,2131.0,1469.0,0.998162750271149,31.0
2025,REG,10,2025_10_ARI_SEA,ARI,True,2173.0,1427.0,0.998326423112303,25.0
2025,REG,10,2025_10_ARI_SEA,ARI,True,2178.0,1422.0,0.9981875760257244,23.0
2025,REG,10,2025_10_ARI_SEA,ARI,True,2178.0,1422.0,0.9973549842834473,23.0
2025,REG,10,2025_10_ARI_SEA,ARI,True,2182.0,1418.0,0.9974218606948853,23.0
2025,REG,10,2025_10_ARI_SEA,ARI,True,2226.0,1374.0,0.9968896508216858,23.0
2025,REG,10,2025_10_ARI_SEA,ARI,True,2269.0,1331.0,0.997921884059906,23.0
2025,REG,10,2025_10_ARI_SEA,ARI,True,2293.0,1307.0,0.9977564215660095,23.0
2025,REG,10,2025_10_ARI_SEA,ARI,True,2302.0,1298.0,0.986271464265883,23.0
2025,REG,10,2025_10_ARI_SEA,ARI,True,2322.0,1278.0,0.9860173417255282,23.0
2025,REG,10,2025_10_ARI_SEA,ARI,True,2349.0,1251.0,0.9867627853527665,23.0
2025,REG,10,2025_10_ARI_SEA,ARI,True,2379.0,1221.0,0.9892651056870818,23.0
2025,REG,10,2025_10_ARI_SEA,ARI,True,2383.0,1217.0,0.9920790698379278,23.0
2025,REG,10,2025_10_ARI_SEA,ARI,True,2423.0,1177.0,0.9929061648435891,23.0
2025,REG,10,2025_10_ARI_SEA,ARI,True,2428.0,1172.0,0.9982225298881531,23.0
2025,REG,10,2025_10_ARI_SEA,ARI,True,2478.0,1122.0,0.9984733462333679,23.0
2025,REG,10,2025_10_ARI_SEA,ARI,True,2519.0,1081.0,0.9981192946434021,23.0
2025,REG,10,2025_10_ARI_SEA,ARI,True,2561.0,1039.0,0.9990501999855042,23.0
2025,REG,10,2025_10_ARI_SEA,ARI,True,2604.0,996.0,0.9988594055175781,23.0
2025,REG,10,2025_10_ARI_SEA,ARI,True,2644.0,956.0,0.999203622341156,23.0
2025,REG,10,2025_10_ARI_SEA,ARI,True,2685.0,915.0,0.9992963075637817,23.0
2025,REG,10,2025_10_ARI_SEA,ARI,True,2700.0,900.0,0.9991803765296936,23.0
2025,REG,10,2025_10_ARI_SEA,ARI,True,2700.0,900.0,0.9991803765296936,23.0
2025,REG,10,2025_10_ARI_SEA,ARI,True,2738.0,862.0,0.9996448755264282,23.0
2025,REG,10,2025_10_ARI_SEA,ARI,True,2778.0,822.0,0.9995985627174377,23.0
2025,REG,10,2025_10_ARI_SEA,ARI,True,2797.0,803.0,0.9995104074478149,23.0
2025,REG,10,2025_10_ARI_SEA,ARI,True,2840.0,760.0,0.9995030164718628,23.0
2025,REG,10,2025_10_ARI_SEA,ARI,True,2883.0,717.0,0.9995115995407104,26.0
2025,REG,10,2025_10_ARI_SEA,ARI,True,2886.0,714.0,0.9998143242264632,26.0
2025,REG,10,2025_10_ARI_SEA,ARI,True,2890.0,710.0,0.9997750150214415,26.0
2025,REG,10,2025_10_ARI_SEA,ARI,True,2894.0,706.0,0.9997465318301693,26.0
2025,REG,10,2025_10_ARI_SEA,ARI,True,2924.0,676.0,0.9997518520103768,26.0
2025,REG,10,2025_10_ARI_SEA,ARI,True,2952.0,648.0,0.9999022847769083,26.0
2025,REG,10,2025_10_ARI_SEA,ARI,True,2956.0,644.0,0.9998878108453937,26.0
2025,REG,10,2025_10_ARI_SEA,ARI,True,2964.0,636.0,0.9998946129489923,26.0
2025,REG,10,2025_10_ARI_SEA,ARI,True,2984.0,616.0,0.9996825862617698,26.0
2025,REG,10,2025_10_ARI_SEA,ARI,True,3007.0,593.0,0.9995174564537592,20.0
2025,REG,10,2025_10_ARI_SEA,ARI,True,3010.0,590.0,0.9977734737592368,19.0
2025,REG,10,2025_10_ARI_SEA,ARI,True,3010.0,590.0,0.9977280497550964,19.0
2025,REG,10,2025_10_ARI_SEA,ARI,True,3011.0,589.0,0.9979197382926941,19.0
2025,REG,10,2025_10_ARI_SEA,ARI,True,3052.0,548.0,0.9979579448699951,19.0
2025,REG,10,2025_10_ARI_SEA,ARI,True,3090.0,510.0,0.9990273714065552,19.0
2025,REG,10,2025_10_ARI_SEA,ARI,True,3133.0,467.0,0.9994975328445435,19.0
2025,REG,10,2025_10_ARI_SEA,ARI,True,3177.0,423.0,0.9994251728057861,19.0
2025,REG,10,2025_10_ARI_SEA,ARI,True,3222.0,378.0,0.9993316531181335,19.0
2025,REG,10,2025_10_ARI_SEA,ARI,True,3266.0,334.0,0.9991023540496826,22.0
2025,REG,10,2025_10_ARI_SEA,ARI,True,3269.0,331.0,0.9994937099982053,22.0
2025,REG,10,2025_10_ARI_SEA,ARI,True,3269.0,331.0,0.9995273580134381,22.0
2025,REG,10,2025_10_ARI_SEA,ARI,True,3308.0,292.0,0.9995520985103212,22.0
2025,REG,10,2025_10_ARI_SEA,ARI,True,3312.0,288.0,0.9996219799213577,22.0
2025,REG,10,2025_10_ARI_SEA,ARI,True,3351.0,249.0,0.9996021005499642,22.0
2025,REG,10,2025_10_ARI_SEA,ARI,True,3357.0,243.0,0.9998102784156799,22.0
2025,REG,10,2025_10_ARI_SEA,ARI,True,3394.0,206.0,0.9997718930244446,22.0
2025,REG,10,2025_10_ARI_SEA,ARI,True,3439.0,161.0,0.9998006224632263,22.0
2025,REG,10,2025_10_ARI_SEA,ARI,True,3480.0,120.0,0.9998886585235596,22.0
2025,REG,10,2025_10_ARI_SEA,ARI,True,3522.0,78.0,0.9999042749404907,22.0
2025,REG,10,2025_10_ARI_SEA,ARI,True,3563.0,37.0,0.9998645782470703,22.0
2025,REG,10,2025_10_ARI_SEA,ARI,True,3600.0,0.0,1.0,22.0
2025,REG,11,2025_11_SEA_LA,LA,False,0.0,3600.0,0.4537382125854492,-0.0
2025,REG,11,2025_11_SEA_LA,LA,False,0.0,3600.0,0.4537382125854492,-0.0
2025,REG,11,2025_11_SEA_LA,LA,False,5.0,3595.0,0.4475119113922119,-0.0
2025,REG,11,2025_11_SEA_LA,LA,False,9.0,3591.0,0.46570688486099243,-0.0
2025,REG,11,2025_11_SEA_LA,LA,False,41.0,3559.0,0.41555333137512207,-0.0
2025,REG,11,2025_11_SEA_LA,LA,False,87.0,3513.0,0.3402673006057739,-0.0
2025,REG,11,2025_11_SEA_LA,LA,False,128.0,3472.0,0.34311580657958984,-0.0
2025,REG,11,2025_11_SEA_LA,LA,False,132.0,3468.0,0.3670509457588196,-0.0
2025,REG,11,2025_11_SEA_LA,LA,False,168.0,3432.0,0.3707600235939026,-0.0
2025,REG,11,2025_11_SEA_LA,LA,False,173.0,3427.0,0.47149690985679626,-0.0
2025,REG,11,2025_11_SEA_LA,LA,False,213.0,3387.0,0.4841160476207733,-0.0
2025,REG,11,2025_11_SEA_LA,LA,False,241.0,3359.0,0.4892652928829193,-0.0
2025,REG,11,2025_11_SEA_LA,LA,False,252.0,3348.0,0.30706262588500977,-0.0
2025,REG,11,2025_11_SEA_LA,LA,False,289.0,3311.0,0.30784523487091064,-0.0
2025,REG,11,2025_11_SEA_LA,LA,False,330.0,3270.0,0.3278522491455078,-0.0
2025,REG,11,2025_11_SEA_LA,LA,False,379.0,3221.0,0.37306487560272217,-0.0
2025,REG,11,2025_11_SEA_LA,LA,False,379.0,3221.0,0.37306487560272217,-6.0
2025,REG,11,2025_11_SEA_LA,LA,False,382.0,3218.0,0.2956867499628504,-7.0
2025,REG,11,2025_11_SEA_LA,LA,False,382.0,3218.0,0.2939956486225128,-7.0
2025,REG,11,2025_11_SEA_LA,LA,False,382.0,3218.0,0.3129625916481018,-7.0
2025,REG,11,2025_11_SEA_LA,LA,False,416.0,3184.0,0.3370729684829712,-7.0
2025,REG,11,2025_11_SEA_LA,LA,False,451.0,3149.0,0.3421325385570526,-7.0
2025,REG,11,2025_11_SEA_LA,LA,False,497.0,3103.0,0.32955819368362427,-7.0
2025,REG,11,2025_11_SEA_LA,LA,False,500.0,3100.0,0.30786851048469543,-7.0
2025,REG,11,2025_11_SEA_LA,LA,False,504.0,3096.0,0.2814805209636688,-4.0
2025,REG,11,2025_11_SEA_LA,LA,False,509.0,3091.0,0.3500572443008423,-4.0
2025,REG,11,2025_11_SEA_LA,LA,False,514.0,3086.0,0.3500572443008423,-4.0
2025,REG,11,2025_11_SEA_LA,LA,False,540.0,3060.0,0.3699537515640259,-4.0
2025,REG,11,2025_11_SEA_LA,LA,False,584.0,3016.0,0.3261680603027344,-4.0
2025,REG,11,2025_11_SEA_LA,LA,False,624.0,2976.0,0.3382337689399719,-4.0
2025,REG,11,2025_11_SEA_LA,LA,False,666.0,2934.0,0.34310007095336914,-4.0
2025,REG,11,2025_11_SEA_LA,LA,False,711.0,2889.0,0.2914378046989441,-4.0
2025,REG,11,2025_11_SEA_LA,LA,False,749.0,2851.0,0.27196210622787476,-4.0
2025,REG,11,2025_11_SEA_LA,LA,False,796.0,2804.0,0.2983652949333191,-4.0
2025,REG,11,2025_11_SEA_LA,LA,False,799.0,2801.0,0.3512224555015564,-4.0
2025,REG,11,2025_11_SEA_LA,LA,False,831.0,2769.0,0.21731632947921753,-4.0
2025,REG,11,2025_11_SEA_LA,LA,False,834.0,2766.0,0.21697044372558594,-4.0
2025,REG,11,2025_11_SEA_LA,LA,False,834.0,2766.0,0.21697044372558594,-10.0
2025,REG,11,2025_11_SEA_LA,LA,False,836.0,2764.0,0.20156210032528155,-11.0
2025,REG,11,2025_11_SEA_LA,LA,False,836.0,2764.0,0.20026665925979614,-11.0
2025,REG,11,2025_11_SEA_LA,LA,False,836.0,2764.0,0.2108839750289917,-11.0
2025,REG,11,2025_11_SEA_LA,LA,False,878.0,2722.0,0.20782466232776642,-11.0
2025,REG,11,2025_11_SEA_LA,LA,False,900.0,2700.0,0.19375787675380707,-11.0
2025,REG,11,2025_11_SEA_LA,LA,False,900.0,2700.0,0.19375787675380707,-11.0
2025,REG,11,2025_11_SEA_LA,LA,False,935.0,2665.0,0.22428032755851746,-11.0
2025,REG,11,2025_11_SEA_LA,LA,False,975.0,2625.0,0.21910421550273895,-11.0
2025,REG,11,2025_11_SEA_LA,LA,False,1016.0,2584.0,0.2268477827310562,-11.0
2025,REG,11,2025_11_SEA_LA,LA,False,1058.0,2542.0,0.21523021161556244,-11.0
2025,REG,11,2025_11_SEA_LA,LA,False,1061.0,2539.0,0.2268477827310562,-11.0
2025,REG,11,2025_11_SEA_LA,LA,False,1101.0,2499.0,0.22781479358673096,-11.0
2025,REG,11,2025_11_SEA_LA,LA,False,1140.0,2460.0,0.24349838495254517,-11.0
2025,REG,11,2025_11_SEA_LA,LA,False,1165.0,2435.0,0.2607191503047943,-11.0
2025,REG,11,2025_11_SEA_LA,LA,False,1204.0,2396.0,0.257374107837677,-11.0
2025,REG,11,2025_11_SEA_LA,LA,False,1243.0,2357.0,0.24674652516841888,-11.0
2025,REG,11,2025_11_SEA_LA,LA,False,1246.0,2354.0,0.22047989070415497,-11.0
2025,REG,11,2025_11_SEA_LA,LA,False,1253.0,2347.0,0.19573867321014404,-8.0
2025,REG,11,2025_11_SEA_LA,LA,False,1256.0,2344.0,0.20277190208435059,-8.0
2025,REG,11,2025_11_SEA_LA,LA,False,1256.0,2344.0,0.17352616786956787,-8.0
2025,REG,11,2025_11_SEA_LA,LA,False,1298.0,2302.0,0.20090848207473755,-8.0
2025,REG,11,2025_11_SEA_LA,LA,False,1320.0,2280.0,0.20024597644805908,-8.0
2025,REG,11,2025_11_SEA_LA,LA,False,1324.0,2276.0,0.21714216470718384,-8.0
2025,REG,11,2025_11_SEA_LA,LA,False,1333.0,2267.0,0.20553827285766602,-8.0
2025,REG,11,2025_11_SEA_LA,LA,False,1371.0,2229.0,0.2171059399843216,-8.0
2025,REG,11,2025_11_SEA_LA,LA,False,1414.0,2186.0,0.25343644618988037,-8.0
2025,REG,11,2025_11_SEA_LA,LA,False,1457.0,2143.0,0.2451440840959549,-8.0
2025,REG,11,2025_11_SEA_LA,LA,False,1479.0,2121.0,0.2949598431587219,-8.0
2025,REG,11,2025_11_SEA_LA,LA,False,1521.0,2079.0,0.2843399941921234,-8.0
2025,REG,11,2025_11_SEA_LA,LA,False,1565.0,2035.0,0.279267817735672,-8.0
2025,REG,11,2025_11_SEA_LA,LA,False,1604.0,1996.0,0.3115842044353485,-8.0
2025,REG,11,2025_11_SEA_LA,LA,False,1647.0,1953.0,0.2964645028114319,-8.0
2025,REG,11,2025_11_SEA_LA,LA,False,1680.0,1920.0,0.2754559814929962,-8.0
2025,REG,11,2025_11_SEA_LA,LA,False,1718.0,1882.0,0.2567031979560852,-8.0
2025,REG,11,2025_11_SEA_LA,LA,False,1761.0,1839.0,0.31460732221603394,-8.0
2025,REG,11,2025_11_SEA_LA,LA,False,1776.0,1824.0,0.2976129949092865,-8.0
2025,REG,11,2025_11_SEA_LA,LA,False,1776.0,1824.0,0.2976129949092865,-8.0
2025,REG,11,2025_11_SEA_LA,LA,False,1789.0,1811.0,0.28039029240608215,-8.0
2025,REG,11,2025_11_SEA_LA,LA,False,1789.0,1811.0,0.28039029240608215,-8.0
2025,REG,11,2025_11_SEA_LA,LA,False,1796.0,1804.0,0.24704791605472565,-5.0
2025,REG,11,2025_11_SEA_LA,LA,False,1800.0,1800.0,0.3043672442436218,-5.0
2025,REG,11,2025_11_SEA_LA,LA,False,1800.0,1800.0,0.3043672442436218,-5.0
2025,REG,11,2025_11_SEA_LA,LA,False,1800.0,1800.0,0.31779441237449646,-5.0
2025,REG,11,2025_11_SEA_LA,LA,False,1805.0,1795.0,0.30110540986061096,-5.0
2025,REG,11,2025_11_SEA_LA,LA,False,1841.0,1759.0,0.27165067195892334,-5.0
2025,REG,11,2025_11_SEA_LA,LA,False,1847.0,1753.0,0.21524500846862793,-5.0
2025,REG,11,2025_11_SEA_LA,LA,False,1851.0,1749.0,0.22594332695007324,-5.0
2025,REG,11,2025_11_SEA_LA,LA,False,1864.0,1736.0,0.31779441237449646,-5.0
2025,REG,11,2025_11_SEA_LA,LA,False,1899.0,1701.0,0.32046249508857727,-5.0
2025,REG,11,2025_11_SEA_LA,LA,False,1937.0,1663.0,0.361250638961792,-5.0
2025,REG,11,2025_11_SEA_LA,LA,False,1984.0,1616.0,0.4117374122142792,-5.0
2025,REG,11,2025_11_SEA_LA,LA,False,2030.0,1570.0,0.3956093490123749,-5.0
2025,REG,11,2025_11_SEA_LA,LA,False,2070.0,1530.0,0.41365087032318115,-5.0
2025,REG,11,2025_11_SEA_LA,LA,False,2113.0,1487.0,0.4371704161167145,-5.0
2025,REG,11,2025_11_SEA_LA,LA,False,2119.0,1481.0,0.40497758984565735,-5.0
2025,REG,11,2025_11_SEA_LA,LA,False,2123.0,1477.0,0.38893923163414,-5.0
2025,REG,11,2025_11_SEA_LA,LA,False,2172.0,1428.0,0.370273619890213,-5.0
2025,REG,11,2025_11_SEA_LA,LA,False,2215.0,1385.0,0.3658968508243561,-2.0
2025,REG,11,2025_11_SEA_LA,LA,False,2218.0,1382.0,0.32107073068618774,-2.0
2025,REG,11,2025_11_SEA_LA,LA,False,2224.0,1376.0,0.32269948720932007,-2.0
2025,REG,11,2025_11_SEA_LA,LA,False,2247.0,1353.0,0.3135644197463989,-2.0
2025,REG,11,2025_11_SEA_LA,LA,False,2293.0,1307.0,0.26753342151641846,-2.0
2025,REG,11,2025_11_SEA_LA,LA,False,2330.0,1270.0,0.31037694215774536,-2.0
2025,REG,11,2025_11_SEA_LA,LA,False,2334.0,1266.0,0.3397256135940552,-2.0
2025,REG,11,2025_11_SEA_LA,LA,False,2339.0,1261.0,0.37642037868499756,-2.0
2025,REG,11,2025_11_SEA_LA,LA,False,2350.0,1250.0,0.41881006956100464,-2.0
2025,REG,11,2025_11_SEA_LA,LA,False,2395.0,1205.0,0.43534332513809204,-2.0
2025,REG,11,2025_11_SEA_LA,LA,False,2435.0,1165.0,0.4124121367931366,-2.0
2025,REG,11,2025_11_SEA_LA,LA,False,2481.0,1119.0,0.3811771273612976,-2.0
2025,REG,11,2025_11_SEA_LA,LA,False,2488.0,1112.0,0.3166261315345764,-2.0
2025,REG,11,2025_11_SEA_LA,LA,False,2527.0,1073.0,0.3136526942253113,-2.0
2025,REG,11,2025_11_SEA_LA,LA,False,2546.0,1054.0,0.32517510652542114,-2.0
2025,REG,11,2025_11_SEA_LA,LA,False,2583.0,1017.0,0.2949763536453247,-2.0
2025,REG,11,2025_11_SEA_LA,LA,False,2586.0,1014.0,0.31629055738449097,-2.0
2025,REG,11,2025_11_SEA_LA,LA,False,2591.0,1009.0,0.3451381325721741,-2.0
2025,REG,11,2025_11_SEA_LA,LA,False,2591.0,1009.0,0.3451381325721741,-2.0
2025,REG,11,2025_11_SEA_LA,LA,False,2591.0,1009.0,0.35682451725006104,-2.0
2025,REG,11,2025_11_SEA_LA,LA,False,2612.0,988.0,0.3375244140625,-2.0
2025,REG,11,2025_11_SEA_LA,LA,False,2618.0,982.0,0.43663087487220764,-2.0
2025,REG,11,2025_11_SEA_LA,LA,False,2625.0,975.0,0.3941749930381775,-2.0
2025,REG,11,2025_11_SEA_LA,LA,False,2636.0,964.0,0.22087126970291138,-2.0
2025,REG,11,2025_11_SEA_LA,LA,False,2674.0,926.0,0.19089961051940918,-2.0
2025,REG,11,2025_11_SEA_LA,LA,False,2700.0,900.0,0.21099865436553955,-2.0
2025,REG,11,2025_11_SEA_LA,LA,False,2700.0,900.0,0.21099865436553955,-2.0
2025,REG,11,2025_11_SEA_LA,LA,False,2739.0,861.0,0.17921054363250732,-8.0
2025,REG,11,2025_11_SEA_LA,LA,False,2745.0,855.0,0.1534976290503849,-9.0
2025,REG,11,2025_11_SEA_LA,LA,False,2745.0,855.0,0.1531277745962143,-9.0
2025,REG,11,2025_11_SEA_LA,LA,False,2745.0,855.0,0.1664057970046997,-9.0
2025,REG,11,2025_11_SEA_LA,LA,False,2785.0,815.0,0.15839914977550507,-9.0
2025,REG,11,2025_11_SEA_LA,LA,False,2827.0,773.0,0.15685315430164337,-9.0
2025,REG,11,2025_11_SEA_LA,LA,False,2859.0,741.0,0.18842923641204834,-9.0
2025,REG,11,2025_11_SEA_LA,LA,False,2901.0,699.0,0.18343490362167358,-9.0
2025,REG,11,2025_11_SEA_LA,LA,False,2945.0,655.0,0.18578305840492249,-9.0
2025,REG,11,2025_11_SEA_LA,LA,False,2955.0,645.0,0.07411080598831177,-9.0
2025,REG,11,2025_11_SEA_LA,LA,False,2979.0,621.0,0.08019495010375977,-9.0
2025,REG,11,2025_11_SEA_LA,LA,False,3017.0,583.0,0.07912933826446533,-9.0
2025,REG,11,2025_11_SEA_LA,LA,False,3022.0,578.0,0.10263264179229736,-9.0
2025,REG,11,2025_11_SEA_LA,LA,False,3030.0,570.0,0.11304043978452682,-9.0
2025,REG,11,2025_11_SEA_LA,LA,False,3063.0,537.0,0.09458553791046143,-9.0
2025,REG,11,2025_11_SEA_LA,LA,False,3105.0,495.0,0.09963679313659668,-9.0
2025,REG,11,2025_11_SEA_LA,LA,False,3109.0,491.0,0.07476192712783813,-9.0
2025,REG,11,2025_11_SEA_LA,LA,False,3121.0,479.0,0.05609261989593506,-9.0
2025,REG,11,2025_11_SEA_LA,LA,False,3161.0,439.0,0.05894345045089722,-9.0
2025,REG,11,2025_11_SEA_LA,LA,False,3197.0,403.0,0.04652684926986694,-9.0
2025,REG,11,2025_11_SEA_LA,LA,False,3233.0,367.0,0.06652319431304932,-9.0
2025,REG,11,2025_11_SEA_LA,LA,False,3240.0,360.0,0.08915799856185913,-9.0
2025,REG,11,2025_11_SEA_LA,LA,False,3267.0,333.0,0.0802086815237999,-9.0
2025,REG,11,2025_11_SEA_LA,LA,False,3288.0,312.0,0.08905389159917831,-9.0
2025,REG,11,2025_11_SEA_LA,LA,False,3314.0,286.0,0.07971318066120148,-9.0
2025,REG,11,2025_11_SEA_LA,LA,False,3319.0,281.0,0.10630892962217331,-9.0
2025,REG,11,2025_11_SEA_LA,LA,False,3344.0,256.0,0.11790325492620468,-9.0
2025,REG,11,2025_11_SEA_LA,LA,False,3374.0,226.0,0.1422855406999588,-9.0
2025,REG,11,2025_11_SEA_LA,LA,False,3398.0,202.0,0.1361418068408966,-9.0
2025,REG,11,2025_11_SEA_LA,LA,False,3417.0,183.0,0.13167737424373627,-9.0
2025,REG,11,2025_11_SEA_LA,LA,False,3424.0,176.0,0.15327268838882446,-9.0
2025,REG,11,2025_11_SEA_LA,LA,False,3453.0,147.0,0.19669070839881897,-3.0
2025,REG,11,2025_11_SEA_LA,LA,False,3457.0,143.0,0.1871937653497161,-2.0
2025,REG,11,2025_11_SEA_LA,LA,False,3457.0,143.0,0.1875598430633545,-2.0
2025,REG,11,2025_11_SEA_LA,LA,False,3463.0,137.0,0.14958572387695312,-2.0
2025,REG,11,2025_11_SEA_LA,LA,False,3471.0,129.0,0.11037403345108032,-2.0
2025,REG,11,2025_11_SEA_LA,LA,False,3471.0,129.0,0.11037403345108032,-2.0
2025,REG,11,2025_11_SEA_LA,LA,False,3480.0,120.0,0.09760433435440063,-2.0
2025,REG,11,2025_11_SEA_LA,LA,False,3486.0,114.0,0.1286299228668213,-2.0
2025,REG,11,2025_11_SEA_LA,LA,False,3486.0,114.0,0.1286299228668213,-2.0
2025,REG,11,2025_11_SEA_LA,LA,False,3490.0,110.0,0.1480204463005066,-2.0
2025,REG,11,2025_11_SEA_LA,LA,False,3499.0,101.0,0.2587597668170929,-2.0
2025,REG,11,2025_11_SEA_LA,LA,False,3524.0,76.0,0.22088436782360077,-2.0
2025,REG,11,2025_11_SEA_LA,LA,False,3527.0,73.0,0.19392752647399902,-2.0
2025,REG,11,2025_11_SEA_LA,LA,False,3547.0,53.0,0.2712692320346832,-2.0
2025,REG,11,2025_11_SEA_LA,LA,False,3553.0,47.0,0.22027771174907684,-2.0
2025,REG,11,2025_11_SEA_LA,LA,False,3560.0,40.0,0.2345791906118393,-2.0
2025,REG,11,2025_11_SEA_LA,LA,False,3578.0,22.0,0.23509138822555542,-2.0
2025,REG,11,2025_11_SEA_LA,LA,False,3583.0,17.0,0.2080782949924469,-2.0
2025,REG,11,2025_11_SEA_LA,LA,False,3583.0,17.0,0.2080782949924469,-2.0
2025,REG,11,2025_11_SEA_LA,LA,False,3590.0,10.0,0.18416722118854523,-2.0
2025,REG,11,2025_11_SEA_LA,LA,False,3595.0,5.0,0.27213969826698303,-2.0
2025,REG,11,2025_11_SEA_LA,LA,False,3599.0,1.0,0.3877744972705841,-2.0
2025,REG,11,2025_11_SEA_LA,LA,False,3599.0,1.0,0.3877744972705841,-2.0
2025,REG,11,2025_11_SEA_LA,LA,False,3599.0,1.0,0.3877744972705841,-2.0
2025,REG,11,2025_11_SEA_LA,LA,False,3600.0,0.0,0.0,-2.0
2025,REG,12,2025_12_SEA_TEN,TEN,False,0.0,3600.0,0.4537382125854492,-0.0
2025,REG,12,2025_12_SEA_TEN,TEN,False,0.0,3600.0,0.4537382125854492,-0.0
2025,REG,12,2025_12_SEA_TEN,TEN,False,5.0,3595.0,0.4336097836494446,-0.0
2025,REG,12,2025_12_SEA_TEN,TEN,False,46.0,3554.0,0.44078779220581055,-0.0
2025,REG,12,2025_12_SEA_TEN,TEN,False,84.0,3516.0,0.41555333137512207,-0.0
2025,REG,12,2025_12_SEA_TEN,TEN,False,123.0,3477.0,0.428821325302124,-0.0
2025,REG,12,2025_12_SEA_TEN,TEN,False,167.0,3433.0,0.4310387372970581,-0.0
2025,REG,12,2025_12_SEA_TEN,TEN,False,171.0,3429.0,0.48559659719467163,-0.0
2025,REG,12,2025_12_SEA_TEN,TEN,False,205.0,3395.0,0.36762428283691406,-0.0
2025,REG,12,2025_12_SEA_TEN,TEN,False,248.0,3352.0,0.38220757246017456,-0.0
2025,REG,12,2025_12_SEA_TEN,TEN,False,293.0,3307.0,0.3396746516227722,-0.0
2025,REG,12,2025_12_SEA_TEN,TEN,False,298.0,3302.0,0.35376954078674316,-0.0
2025,REG,12,2025_12_SEA_TEN,TEN,False,320.0,3280.0,0.3516905903816223,-0.0
2025,REG,12,2025_12_SEA_TEN,TEN,False,363.0,3237.0,0.3315477967262268,-0.0
2025,REG,12,2025_12_SEA_TEN,TEN,False,401.0,3199.0,0.315781831741333,-0.0
2025,REG,12,2025_12_SEA_TEN,TEN,False,445.0,3155.0,0.3531901240348816,-0.0
2025,REG,12,2025_12_SEA_TEN,TEN,False,486.0,3114.0,0.3269733786582947,-0.0
2025,REG,12,2025_12_SEA_TEN,TEN,False,547.0,3053.0,0.3912081718444824,-3.0
2025,REG,12,2025_12_SEA_TEN,TEN,False,549.0,3051.0,0.4096539318561554,-3.0
2025,REG,12,2025_12_SEA_TEN,TEN,False,555.0,3045.0,0.4096539318561554,-3.0
2025,REG,12,2025_12_SEA_TEN,TEN,False,572.0,3028.0,0.47914740443229675,-3.0
2025,REG,12,2025_12_SEA_TEN,TEN,False,575.0,3025.0,0.46233534812927246,-3.0
2025,REG,12,2025_12_SEA_TEN,TEN,False,619.0,2981.0,0.46271374821662903,-3.0
2025,REG,12,2025_12_SEA_TEN,TEN,False,629.0,2971.0,0.4289938807487488,-3.0
2025,REG,12,2025_12_SEA_TEN,TEN,False,676.0,2924.0,0.521519660949707,-3.0
2025,REG,12,2025_12_SEA_TEN,TEN,False,719.0,2881.0,0.5074377655982971,-3.0
2025,REG,12,2025_12_SEA_TEN,TEN,False,758.0,2842.0,0.49758225679397583,-3.0
2025,REG,12,2025_12_SEA_TEN,TEN,False,762.0,2838.0,0.45320695638656616,-0.0
2025,REG,12,2025_12_SEA_TEN,TEN,False,766.0,2834.0,0.45441389083862305,-0.0
2025,REG,12,2025_12_SEA_TEN,TEN,False,768.0,2832.0,0.481655478477478,-0.0
2025,REG,12,2025_12_SEA_TEN,TEN,False,809.0,2791.0,0.500760942697525,-0.0
2025,REG,12,2025_12_SEA_TEN,TEN,False,832.0,2768.0,0.506927102804184,-0.0
2025,REG,12,2025_12_SEA_TEN,TEN,False,868.0,2732.0,0.4411524534225464,-0.0
2025,REG,12,2025_12_SEA_TEN,TEN,False,883.0,2717.0,0.46320927143096924,-0.0
2025,REG,12,2025_12_SEA_TEN,TEN,False,900.0,2700.0,0.47996485233306885,-0.0
2025,REG,12,2025_12_SEA_TEN,TEN,False,900.0,2700.0,0.47996485233306885,-0.0
2025,REG,12,2025_12_SEA_TEN,TEN,False,941.0,2659.0,0.49796533584594727,-0.0
2025,REG,12,2025_12_SEA_TEN,TEN,False,975.0,2625.0,0.5181561708450317,-0.0
2025,REG,12,2025_12_SEA_TEN,TEN,False,1025.0,2575.0,0.5123219788074493,-0.0
2025,REG,12,2025_12_SEA_TEN,TEN,False,1036.0,2564.0,0.5064165592193604,-0.0
2025,REG,12,2025_12_SEA_TEN,TEN,False,1071.0,2529.0,0.5114472508430481,-0.0
2025,REG,12,2025_12_SEA_TEN,TEN,False,1111.0,2489.0,0.490526020526886,-0.0
2025,REG,12,2025_12_SEA_TEN,TEN,False,1129.0,2471.0,0.4835456609725952,6.0
2025,REG,12,2025_12_SEA_TEN,TEN,False,1138.0,2462.0,0.6865206027302571,7.0
2025,REG,12,2025_12_SEA_TEN,TEN,False,1138.0,2462.0,0.6882369518280029,7.0
2025,REG,12,2025_12_SEA_TEN,TEN,False,1144.0,2456.0,0.6988894045352936,7.0
2025,REG,12,2025_12_SEA_TEN,TEN,False,1180.0,2420.0,0.7013389468193054,7.0
2025,REG,12,2025_12_SEA_TEN,TEN,False,1226.0,2374.0,0.7162986993789673,7.0
2025,REG,12,2025_12_SEA_TEN,TEN,False,1264.0,2336.0,0.7807861715555191,7.0
2025,REG,12,2025_12_SEA_TEN,TEN,False,1272.0,2328.0,0.805272102355957,7.0
2025,REG,12,2025_12_SEA_TEN,TEN,False,1313.0,2287.0,0.8012823462486267,7.0
2025,REG,12,2025_12_SEA_TEN,TEN,False,1355.0,2245.0,0.8130142092704773,7.0
2025,REG,12,2025_12_SEA_TEN,TEN,False,1403.0,2197.0,0.8106586933135986,7.0
2025,REG,12,2025_12_SEA_TEN,TEN,False,1443.0,2157.0,0.8160449266433716,7.0
2025,REG,12,2025_12_SEA_TEN,TEN,False,1458.0,2142.0,0.8333427309989929,7.0
2025,REG,12,2025_12_SEA_TEN,TEN,False,1501.0,2099.0,0.8259669542312622,7.0
2025,REG,12,2025_12_SEA_TEN,TEN,False,1508.0,2092.0,0.8167245388031006,7.0
2025,REG,12,2025_12_SEA_TEN,TEN,False,1508.0,2092.0,0.8032370209693909,7.0
2025,REG,12,2025_12_SEA_TEN,TEN,False,1512.0,2088.0,0.7766707539558411,10.0
2025,REG,12,2025_12_SEA_TEN,TEN,False,1516.0,2084.0,0.7769457995891571,10.0
2025,REG,12,2025_12_SEA_TEN,TEN,False,1520.0,2080.0,0.7769457995891571,10.0
2025,REG,12,2025_12_SEA_TEN,TEN,False,1523.0,2077.0,0.7901895940303802,10.0
2025,REG,12,2025_12_SEA_TEN,TEN,False,1566.0,2034.0,0.8010703921318054,10.0
2025,REG,12,2025_12_SEA_TEN,TEN,False,1608.0,1992.0,0.7431106865406036,10.0
2025,REG,12,2025_12_SEA_TEN,TEN,False,1649.0,1951.0,0.7578707039356232,10.0
2025,REG,12,2025_12_SEA_TEN,TEN,False,1680.0,1920.0,0.7465128600597382,10.0
2025,REG,12,2025_12_SEA_TEN,TEN,False,1686.0,1914.0,0.7992373704910278,10.0
2025,REG,12,2025_12_SEA_TEN,TEN,False,1686.0,1914.0,0.7992373704910278,10.0
2025,REG,12,2025_12_SEA_TEN,TEN,False,1692.0,1908.0,0.8562278151512146,10.0
2025,REG,12,2025_12_SEA_TEN,TEN,False,1732.0,1868.0,0.8469430804252625,10.0
2025,REG,12,2025_12_SEA_TEN,TEN,False,1740.0,1860.0,0.8588081002235413,10.0
2025,REG,12,2025_12_SEA_TEN,TEN,False,1743.0,1857.0,0.8496606945991516,10.0
2025,REG,12,2025_12_SEA_TEN,TEN,False,1762.0,1838.0,0.8642210364341736,10.0
2025,REG,12,2025_12_SEA_TEN,TEN,False,1769.0,1831.0,0.8774387836456299,10.0
2025,REG,12,2025_12_SEA_TEN,TEN,False,1778.0,1822.0,0.8826079964637756,10.0
2025,REG,12,2025_12_SEA_TEN,TEN,False,1778.0,1822.0,0.8826079964637756,10.0
2025,REG,12,2025_12_SEA_TEN,TEN,False,1784.0,1816.0,0.8735288977622986,10.0
2025,REG,12,2025_12_SEA_TEN,TEN,False,1784.0,1816.0,0.8735288977622986,10.0
2025,REG,12,2025_12_SEA_TEN,TEN,False,1784.0,1816.0,0.870744526386261,10.0
2025,REG,12,2025_12_SEA_TEN,TEN,False,1791.0,1809.0,0.870744526386261,10.0
2025,REG,12,2025_12_SEA_TEN,TEN,False,1796.0,1804.0,0.8536868691444397,13.0
2025,REG,12,2025_12_SEA_TEN,TEN,False,1800.0,1800.0,0.904052197933197,13.0
2025,REG,12,2025_12_SEA_TEN,TEN,False,1800.0,1800.0,0.904052197933197,13.0
2025,REG,12,2025_12_SEA_TEN,TEN,False,1805.0,1795.0,0.904052197933197,13.0
2025,REG,12,2025_12_SEA_TEN,TEN,False,1850.0,1750.0,0.9255119562149048,13.0
2025,REG,12,2025_12_SEA_TEN,TEN,False,1897.0,1703.0,0.9419428706169128,19.0
2025,REG,12,2025_12_SEA_TEN,TEN,False,1901.0,1699.0,0.9281549952186484,19.0
2025,REG,12,2025_12_SEA_TEN,TEN,False,1901.0,1699.0,0.9281549952186484,20.0
2025,REG,12,2025_12_SEA_TEN,TEN,False,1901.0,1699.0,0.9292025566101074,20.0
2025,REG,12,2025_12_SEA_TEN,TEN,False,1908.0,1692.0,0.9292025566101074,20.0
2025,REG,12,2025_12_SEA_TEN,TEN,False,1948.0,1652.0,0.9435047805309296,20.0
2025,REG,12,2025_12_SEA_TEN,TEN,False,1952.0,1648.0,0.9495876543223858,20.0
2025,REG,12,2025_12_SEA_TEN,TEN,False,1993.0,1607.0,0.9653698764741421,20.0
2025,REG,12,2025_12_SEA_TEN,TEN,False,2004.0,1596.0,0.9567985534667969,20.0
2025,REG,12,2025_12_SEA_TEN,TEN,False,2009.0,1591.0,0.9515988230705261,20.0
2025,REG,12,2025_12_SEA_TEN,TEN,False,2053.0,1547.0,0.9647286534309387,20.0
2025,REG,12,2025_12_SEA_TEN,TEN,False,2056.0,1544.0,0.9547300934791565,14.0
2025,REG,12,2025_12_SEA_TEN,TEN,False,2078.0,1522.0,0.9173380909024216,13.0
2025,REG,12,2025_12_SEA_TEN,TEN,False,2078.0,1522.0,0.917859673500061,13.0
2025,REG,12,2025_12_SEA_TEN,TEN,False,2082.0,1518.0,0.917859673500061,13.0
2025,REG,12,2025_12_SEA_TEN,TEN,False,2118.0,1482.0,0.9301741123199463,13.0
2025,REG,12,2025_12_SEA_TEN,TEN,False,2162.0,1438.0,0.9301741123199463,13.0
2025,REG,12,2025_12_SEA_TEN,TEN,False,2209.0,1391.0,0.9471396207809448,13.0
2025,REG,12,2025_12_SEA_TEN,TEN,False,2251.0,1349.0,0.9483051896095276,13.0
2025,REG,12,2025_12_SEA_TEN,TEN,False,2294.0,1306.0,0.9543615579605103,19.0
2025,REG,12,2025_12_SEA_TEN,TEN,False,2300.0,1300.0,0.9495989208375757,20.0
2025,REG,12,2025_12_SEA_TEN,TEN,False,2300.0,1300.0,0.9500829540193081,20.0
2025,REG,12,2025_12_SEA_TEN,TEN,False,2306.0,1294.0,0.9500829540193081,20.0
2025,REG,12,2025_12_SEA_TEN,TEN,False,2330.0,1270.0,0.9536098353564739,20.0
2025,REG,12,2025_12_SEA_TEN,TEN,False,2359.0,1241.0,0.958566389977932,20.0
2025,REG,12,2025_12_SEA_TEN,TEN,False,2400.0,1200.0,0.9636193886399269,20.0
2025,REG,12,2025_12_SEA_TEN,TEN,False,2435.0,1165.0,0.9586666561663151,20.0
2025,REG,12,2025_12_SEA_TEN,TEN,False,2475.0,1125.0,0.9642060026526451,20.0
2025,REG,12,2025_12_SEA_TEN,TEN,False,2478.0,1122.0,0.9581671580672264,20.0
2025,REG,12,2025_12_SEA_TEN,TEN,False,2520.0,1080.0,0.9712237641215324,20.0
2025,REG,12,2025_12_SEA_TEN,TEN,False,2542.0,1058.0,0.9577688872814178,20.0
2025,REG,12,2025_12_SEA_TEN,TEN,False,2565.0,1035.0,0.95895966142416,20.0
2025,REG,12,2025_12_SEA_TEN,TEN,False,2570.0,1030.0,0.9657818526029587,20.0
2025,REG,12,2025_12_SEA_TEN,TEN,False,2572.0,1028.0,0.9698671959340572,20.0
2025,REG,12,2025_12_SEA_TEN,TEN,False,2617.0,983.0,0.9621008187532425,14.0
2025,REG,12,2025_12_SEA_TEN,TEN,False,2622.0,978.0,0.9531239004853316,13.0
2025,REG,12,2025_12_SEA_TEN,TEN,False,2622.0,978.0,0.953394889831543,13.0
2025,REG,12,2025_12_SEA_TEN,TEN,False,2622.0,978.0,0.953394889831543,13.0
2025,REG,12,2025_12_SEA_TEN,TEN,False,2659.0,941.0,0.959670901298523,13.0
2025,REG,12,2025_12_SEA_TEN,TEN,False,2700.0,900.0,0.9603688716888428,13.0
2025,REG,12,2025_12_SEA_TEN,TEN,False,2700.0,900.0,0.9603688716888428,13.0
2025,REG,12,2025_12_SEA_TEN,TEN,False,2706.0,894.0,0.9544132351875305,13.0
2025,REG,12,2025_12_SEA_TEN,TEN,False,2752.0,848.0,0.966269850730896,13.0
2025,REG,12,2025_12_SEA_TEN,TEN,False,2798.0,802.0,0.9569679498672485,13.0
2025,REG,12,2025_12_SEA_TEN,TEN,False,2798.0,802.0,0.9569679498672485,13.0
2025,REG,12,2025_12_SEA_TEN,TEN,False,2803.0,797.0,0.9135228618979454,13.0
2025,REG,12,2025_12_SEA_TEN,TEN,False,2840.0,760.0,0.9198229610919952,13.0
2025,REG,12,2025_12_SEA_TEN,TEN,False,2878.0,722.0,0.8997037336230278,13.0
2025,REG,12,2025_12_SEA_TEN,TEN,False,2910.0,690.0,0.9352539852261543,13.0
2025,REG,12,2025_12_SEA_TEN,TEN,False,2910.0,690.0,0.9352539852261543,13.0
2025,REG,12,2025_12_SEA_TEN,TEN,False,2949.0,651.0,0.9075752645730972,13.0
2025,REG,12,2025_12_SEA_TEN,TEN,False,2990.0,610.0,0.935422383248806,13.0
2025,REG,12,2025_12_SEA_TEN,TEN,False,3038.0,562.0,0.9293941706418991,13.0
2025,REG,12,2025_12_SEA_TEN,TEN,False,3092.0,508.0,0.9039578959345818,13.0
2025,REG,12,2025_12_SEA_TEN,TEN,False,3138.0,462.0,0.8961881101131439,13.0
2025,REG,12,2025_12_SEA_TEN,TEN,False,3168.0,432.0,0.9259675368666649,13.0
2025,REG,12,2025_12_SEA_TEN,TEN,False,3215.0,385.0,0.950822364538908,13.0
2025,REG,12,2025_12_SEA_TEN,TEN,False,3219.0,381.0,0.9645169228315353,13.0
2025,REG,12,2025_12_SEA_TEN,TEN,False,3229.0,371.0,0.9902371764183044,13.0
2025,REG,12,2025_12_SEA_TEN,TEN,False,3272.0,328.0,0.9864656329154968,13.0
2025,REG,12,2025_12_SEA_TEN,TEN,False,3281.0,319.0,0.9840991497039795,13.0
2025,REG,12,2025_12_SEA_TEN,TEN,False,3281.0,319.0,0.9840991497039795,13.0
2025,REG,12,2025_12_SEA_TEN,TEN,False,3285.0,315.0,0.9798659682273865,13.0
2025,REG,12,2025_12_SEA_TEN,TEN,False,3292.0,308.0,0.9557122401893139,13.0
2025,REG,12,2025_12_SEA_TEN,TEN,False,3298.0,302.0,0.9621171951293945,13.0
2025,REG,12,2025_12_SEA_TEN,TEN,False,3303.0,297.0,0.965947050601244,13.0
2025,REG,12,2025_12_SEA_TEN,TEN,False,3343.0,257.0,0.9707494582980871,13.0
2025,REG,12,2025_12_SEA_TEN,TEN,False,3372.0,228.0,0.9434013441205025,13.0
2025,REG,12,2025_12_SEA_TEN,TEN,False,3405.0,195.0,0.9650766476988792,13.0
2025,REG,12,2025_12_SEA_TEN,TEN,False,3413.0,187.0,0.9678707607090473,13.0
2025,REG,12,2025_12_SEA_TEN,TEN,False,3421.0,179.0,0.9833865333348513,13.0
2025,REG,12,2025_12_SEA_TEN,TEN,False,3454.0,146.0,0.978263609111309,13.0
2025,REG,12,2025_12_SEA_TEN,TEN,False,3457.0,143.0,0.978545606136322,13.0
2025,REG,12,2025_12_SEA_TEN,TEN,False,3480.0,120.0,0.9828724786639214,13.0
2025,REG,12,2025_12_SEA_TEN,TEN,False,3484.0,116.0,0.9886569585651159,13.0
2025,REG,12,2025_12_SEA_TEN,TEN,False,3507.0,93.0,0.9841173645108938,13.0
2025,REG,12,2025_12_SEA_TEN,TEN,False,3545.0,55.0,0.9877289375290275,13.0
2025,REG,12,2025_12_SEA_TEN,TEN,False,3553.0,47.0,0.9835245013237,13.0
2025,REG,12,2025_12_SEA_TEN,TEN,False,3553.0,47.0,0.9835245013237,7.0
2025,REG,12,2025_12_SEA_TEN,TEN,False,3557.0,43.0,0.9850849698349105,6.0
2025,REG,12,2025_12_SEA_TEN,TEN,False,3557.0,43.0,0.9850100874900818,6.0
2025,REG,12,2025_12_SEA_TEN,TEN,False,3557.0,43.0,0.9916399717330933,6.0
2025,REG,12,2025_12_SEA_TEN,TEN,False,3600.0,0.0,1.0,6.0
2025,REG,13,2025_13_MIN_SEA,MIN,True,0.0,3600.0,0.5667920410633087,0.0
2025,REG,13,2025_13_MIN_SEA,MIN,True,0.0,3600.0,0.5667920410633087,0.0
2025,REG,13,2025_13_MIN_SEA,MIN,True,8.0,3592.0,0.5603713095188141,0.0
2025,REG,13,2025_13_MIN_SEA,MIN,True,49.0,3551.0,0.5580291748046875,0.0
2025,REG,13,2025_13_MIN_SEA,MIN,True,90.0,3510.0,0.5815390050411224,0.0
2025,REG,13,2025_13_MIN_SEA,MIN,True,107.0,3493.0,0.545100599527359,0.0
2025,REG,13,2025_13_MIN_SEA,MIN,True,148.0,3452.0,0.55574631690979,0.0
2025,REG,13,2025_13_MIN_SEA,MIN,True,180.0,3420.0,0.5541180968284607,0.0
2025,REG,13,2025_13_MIN_SEA,MIN,True,222.0,3378.0,0.6264864802360535,0.0
2025,REG,13,2025_13_MIN_SEA,MIN,True,229.0,3371.0,0.5981167554855347,0.0
2025,REG,13,2025_13_MIN_SEA,MIN,True,251.0,3349.0,0.5857029557228088,0.0
2025,REG,13,2025_13_MIN_SEA,MIN,True,297.0,3303.0,0.6084715127944946,0.0
2025,REG,13,2025_13_MIN_SEA,MIN,True,327.0,3273.0,0.6188237071037292,0.0
2025,REG,13,2025_13_MIN_SEA,MIN,True,371.0,3229.0,0.6329289674758911,0.0
2025,REG,13,2025_13_MIN_SEA,MIN,True,379.0,3221.0,0.6096687912940979,0.0
2025,REG,13,2025_13_MIN_SEA,MIN,True,421.0,3179.0,0.6272402405738831,0.0
2025,REG,13,2025_13_MIN_SEA,MIN,True,448.0,3152.0,0.6473966240882874,0.0
2025,REG,13,2025_13_MIN_SEA,MIN,True,451.0,3149.0,0.6329520344734192,0.0
2025,REG,13,2025_13_MIN_SEA,MIN,True,493.0,3107.0,0.6006740927696228,0.0
2025,REG,13,2025_13_MIN_SEA,MIN,True,542.0,3058.0,0.5552966594696045,0.0
2025,REG,13,2025_13_MIN_SEA,MIN,True,553.0,3047.0,0.5774739980697632,0.0
2025,REG,13,2025_13_MIN_SEA,MIN,True,593.0,3007.0,0.5583243370056152,0.0
2025,REG,13,2025_13_MIN_SEA,MIN,True,634.0,2966.0,0.5763249695301056,0.0
2025,REG,13,2025_13_MIN_SEA,MIN,True,638.0,2962.0,0.6018563210964203,0.0
2025,REG,13,2025_13_MIN_SEA,MIN,True,682.0,2918.0,0.594877153635025,0.0
2025,REG,13,2025_13_MIN_SEA,MIN,True,693.0,2907.0,0.6007373929023743,0.0
2025,REG,13,2025_13_MIN_SEA,MIN,True,735.0,2865.0,0.5844618678092957,0.0
2025,REG,13,2025_13_MIN_SEA,MIN,True,738.0,2862.0,0.558940589427948,0.0
2025,REG,13,2025_13_MIN_SEA,MIN,True,744.0,2856.0,0.5307748913764954,0.0
2025,REG,13,2025_13_MIN_SEA,MIN,True,752.0,2848.0,0.5583243370056152,0.0
2025,REG,13,2025_13_MIN_SEA,MIN,True,756.0,2844.0,0.5763249695301056,0.0
2025,REG,13,2025_13_MIN_SEA,MIN,True,800.0,2800.0,0.5998288691043854,0.0
2025,REG,13,2025_13_MIN_SEA,MIN,True,804.0,2796.0,0.6367036402225494,0.0
2025,REG,13,2025_13_MIN_SEA,MIN,True,814.0,2786.0,0.6140462160110474,0.0
2025,REG,13,2025_13_MIN_SEA,MIN,True,822.0,2778.0,0.5990814566612244,0.0
2025,REG,13,2025_13_MIN_SEA,MIN,True,863.0,2737.0,0.5923066735267639,0.0
2025,REG,13,2025_13_MIN_SEA,MIN,True,900.0,2700.0,0.6345003843307495,0.0
2025,REG,13,2025_13_MIN_SEA,MIN,True,900.0,2700.0,0.6345003843307495,0.0
2025,REG,13,2025_13_MIN_SEA,MIN,True,942.0,2658.0,0.6315853595733643,0.0
2025,REG,13,2025_13_MIN_SEA,MIN,True,996.0,2604.0,0.5837591290473938,0.0
2025,REG,13,2025_13_MIN_SEA,MIN,True,1043.0,2557.0,0.6869157552719116,0.0
2025,REG,13,2025_13_MIN_SEA,MIN,True,1085.0,2515.0,0.7062843441963196,0.0
2025,REG,13,2025_13_MIN_SEA,MIN,True,1129.0,2471.0,0.7045720219612122,0.0
2025,REG,13,2025_13_MIN_SEA,MIN,True,1171.0,2429.0,0.6979747414588928,0.0
2025,REG,13,2025_13_MIN_SEA,MIN,True,1205.0,2395.0,0.7010666131973267,0.0
2025,REG,13,2025_13_MIN_SEA,MIN,True,1246.0,2354.0,0.7212429642677307,0.0
2025,REG,13,2025_13_MIN_SEA,MIN,True,1286.0,2314.0,0.7052924633026123,0.0
2025,REG,13,2025_13_MIN_SEA,MIN,True,1326.0,2274.0,0.6853025555610657,0.0
2025,REG,13,2025_13_MIN_SEA,MIN,True,1368.0,2232.0,0.6423119306564331,3.0
2025,REG,13,2025_13_MIN_SEA,MIN,True,1370.0,2230.0,0.6558087468147278,3.0
2025,REG,13,2025_13_MIN_SEA,MIN,True,1376.0,2224.0,0.6538980305194855,3.0
2025,REG,13,2025_13_MIN_SEA,MIN,True,1420.0,2180.0,0.6357097625732422,3.0
2025,REG,13,2025_13_MIN_SEA,MIN,True,1426.0,2174.0,0.653600662946701,3.0
2025,REG,13,2025_13_MIN_SEA,MIN,True,1460.0,2140.0,0.6599870324134827,3.0
2025,REG,13,2025_13_MIN_SEA,MIN,True,1467.0,2133.0,0.7071403563022614,3.0
2025,REG,13,2025_13_MIN_SEA,MIN,True,1474.0,2126.0,0.7319861650466919,3.0
2025,REG,13,2025_13_MIN_SEA,MIN,True,1479.0,2121.0,0.5104012787342072,3.0
2025,REG,13,2025_13_MIN_SEA,MIN,True,1516.0,2084.0,0.5206418335437775,3.0
2025,REG,13,2025_13_MIN_SEA,MIN,True,1562.0,2038.0,0.5182404220104218,3.0
2025,REG,13,2025_13_MIN_SEA,MIN,True,1606.0,1994.0,0.5292135775089264,9.0
2025,REG,13,2025_13_MIN_SEA,MIN,True,1621.0,1979.0,0.8209735044071509,10.0
2025,REG,13,2025_13_MIN_SEA,MIN,True,1621.0,1979.0,0.8214670121669769,10.0
2025,REG,13,2025_13_MIN_SEA,MIN,True,1628.0,1972.0,0.8235181272029877,10.0
2025,REG,13,2025_13_MIN_SEA,MIN,True,1661.0,1939.0,0.834585428237915,10.0
2025,REG,13,2025_13_MIN_SEA,MIN,True,1669.0,1931.0,0.8411839604377747,10.0
2025,REG,13,2025_13_MIN_SEA,MIN,True,1680.0,1920.0,0.8528832495212555,10.0
2025,REG,13,2025_13_MIN_SEA,MIN,True,1728.0,1872.0,0.8773527443408966,10.0
2025,REG,13,2025_13_MIN_SEA,MIN,True,1742.0,1858.0,0.9007164239883423,10.0
2025,REG,13,2025_13_MIN_SEA,MIN,True,1761.0,1839.0,0.9066838622093201,10.0
2025,REG,13,2025_13_MIN_SEA,MIN,True,1764.0,1836.0,0.8909357190132141,10.0
2025,REG,13,2025_13_MIN_SEA,MIN,True,1777.0,1823.0,0.9011470675468445,10.0
2025,REG,13,2025_13_MIN_SEA,MIN,True,1777.0,1823.0,0.9011470675468445,10.0
2025,REG,13,2025_13_MIN_SEA,MIN,True,1781.0,1819.0,0.9073622226715088,10.0
2025,REG,13,2025_13_MIN_SEA,MIN,True,1785.0,1815.0,0.8931776881217957,10.0
2025,REG,13,2025_13_MIN_SEA,MIN,True,1788.0,1812.0,0.874616801738739,13.0
2025,REG,13,2025_13_MIN_SEA,MIN,True,1792.0,1808.0,0.8999637961387634,13.0
2025,REG,13,2025_13_MIN_SEA,MIN,True,1797.0,1803.0,0.8998397588729858,13.0
2025,REG,13,2025_13_MIN_SEA,MIN,True,1800.0,1800.0,0.9239004850387573,13.0
2025,REG,13,2025_13_MIN_SEA,MIN,True,1800.0,1800.0,0.9239004850387573,13.0
2025,REG,13,2025_13_MIN_SEA,MIN,True,1800.0,1800.0,0.9221900701522827,13.0
2025,REG,13,2025_13_MIN_SEA,MIN,True,1842.0,1758.0,0.9361953735351562,13.0
2025,REG,13,2025_13_MIN_SEA,MIN,True,1887.0,1713.0,0.9346597790718079,13.0
2025,REG,13,2025_13_MIN_SEA,MIN,True,1931.0,1669.0,0.9239305853843689,13.0
2025,REG,13,2025_13_MIN_SEA,MIN,True,1936.0,1664.0,0.9348855018615723,13.0
2025,REG,13,2025_13_MIN_SEA,MIN,True,1976.0,1624.0,0.9396125674247742,13.0
2025,REG,13,2025_13_MIN_SEA,MIN,True,2014.0,1586.0,0.9441394209861755,13.0
2025,REG,13,2025_13_MIN_SEA,MIN,True,2017.0,1583.0,0.9369454979896545,13.0
2025,REG,13,2025_13_MIN_SEA,MIN,True,2017.0,1583.0,0.9456719160079956,13.0
2025,REG,13,2025_13_MIN_SEA,MIN,True,2021.0,1579.0,0.9303857088088989,16.0
2025,REG,13,2025_13_MIN_SEA,MIN,True,2026.0,1574.0,0.9322119653224945,16.0
2025,REG,13,2025_13_MIN_SEA,MIN,True,2032.0,1568.0,0.9211103841662407,16.0
2025,REG,13,2025_13_MIN_SEA,MIN,True,2077.0,1523.0,0.9308534264564514,16.0
2025,REG,13,2025_13_MIN_SEA,MIN,True,2122.0,1478.0,0.9178305491805077,16.0
2025,REG,13,2025_13_MIN_SEA,MIN,True,2164.0,1436.0,0.9299355074763298,16.0
2025,REG,13,2025_13_MIN_SEA,MIN,True,2168.0,1432.0,0.9370974451303482,16.0
2025,REG,13,2025_13_MIN_SEA,MIN,True,2179.0,1421.0,0.951807975769043,16.0
2025,REG,13,2025_13_MIN_SEA,MIN,True,2208.0,1392.0,0.9430328011512756,16.0
2025,REG,13,2025_13_MIN_SEA,MIN,True,2251.0,1349.0,0.9615443348884583,16.0
2025,REG,13,2025_13_MIN_SEA,MIN,True,2279.0,1321.0,0.9618722200393677,16.0
2025,REG,13,2025_13_MIN_SEA,MIN,True,2312.0,1288.0,0.9660634398460388,16.0
2025,REG,13,2025_13_MIN_SEA,MIN,True,2349.0,1251.0,0.9676506519317627,16.0
2025,REG,13,2025_13_MIN_SEA,MIN,True,2353.0,1247.0,0.9690880179405212,16.0
2025,REG,13,2025_13_MIN_SEA,MIN,True,2374.0,1226.0,0.9693580269813538,16.0
2025,REG,13,2025_13_MIN_SEA,MIN,True,2416.0,1184.0,0.9718759059906006,16.0
2025,REG,13,2025_13_MIN_SEA,MIN,True,2457.0,1143.0,0.9685048460960388,16.0
2025,REG,13,2025_13_MIN_SEA,MIN,True,2498.0,1102.0,0.9643405079841614,16.0
2025,REG,13,2025_13_MIN_SEA,MIN,True,2501.0,1099.0,0.9608043432235718,19.0
2025,REG,13,2025_13_MIN_SEA,MIN,True,2504.0,1096.0,0.971569137647748,19.0
2025,REG,13,2025_13_MIN_SEA,MIN,True,2512.0,1088.0,0.966671459376812,19.0
2025,REG,13,2025_13_MIN_SEA,MIN,True,2532.0,1068.0,0.9698837399482727,19.0
2025,REG,13,2025_13_MIN_SEA,MIN,True,2573.0,1027.0,0.9751590918749571,19.0
2025,REG,13,2025_13_MIN_SEA,MIN,True,2612.0,988.0,0.9727940373122692,19.0
2025,REG,13,2025_13_MIN_SEA,MIN,True,2631.0,969.0,0.9735934212803841,19.0
2025,REG,13,2025_13_MIN_SEA,MIN,True,2638.0,962.0,0.9906688332557678,19.0
2025,REG,13,2025_13_MIN_SEA,MIN,True,2675.0,925.0,0.9895603656768799,19.0
2025,REG,13,2025_13_MIN_SEA,MIN,True,2700.0,900.0,0.9920961856842041,19.0
2025,REG,13,2025_13_MIN_SEA,MIN,True,2700.0,900.0,0.9920961856842041,19.0
2025,REG,13,2025_13_MIN_SEA,MIN,True,2742.0,858.0,0.9907547831535339,19.0
2025,REG,13,2025_13_MIN_SEA,MIN,True,2745.0,855.0,0.9899448752403259,19.0
2025,REG,13,2025_13_MIN_SEA,MIN,True,2786.0,814.0,0.9855872392654419,19.0
2025,REG,13,2025_13_MIN_SEA,MIN,True,2794.0,806.0,0.9832578562200069,19.0
2025,REG,13,2025_13_MIN_SEA,MIN,True,2818.0,782.0,0.9848490646108985,19.0
2025,REG,13,2025_13_MIN_SEA,MIN,True,2828.0,772.0,0.9963704347610474,19.0
2025,REG,13,2025_13_MIN_SEA,MIN,True,2874.0,726.0,0.996379554271698,19.0
2025,REG,13,2025_13_MIN_SEA,MIN,True,2914.0,686.0,0.998282790184021,19.0
2025,REG,13,2025_13_MIN_SEA,MIN,True,2960.0,640.0,0.9971309900283813,19.0
2025,REG,13,2025_13_MIN_SEA,MIN,True,2960.0,640.0,0.9971309900283813,19.0
2025,REG,13,2025_13_MIN_SEA,MIN,True,3001.0,599.0,0.9983189702033997,19.0
2025,REG,13,2025_13_MIN_SEA,MIN,True,3043.0,557.0,0.9980323910713196,25.0
2025,REG,13,2025_13_MIN_SEA,MIN,True,3049.0,551.0,0.9998937389655028,26.0
2025,REG,13,2025_13_MIN_SEA,MIN,True,3049.0,551.0,0.9999202156832325,26.0
2025,REG,13,2025_13_MIN_SEA,MIN,True,3049.0,551.0,0.9999202156832325,26.0
2025,REG,13,2025_13_MIN_SEA,MIN,True,3087.0,513.0,0.9999276454764185,26.0
2025,REG,13,2025_13_MIN_SEA,MIN,True,3118.0,482.0,0.9999251000117511,26.0
2025,REG,13,2025_13_MIN_SEA,MIN,True,3156.0,444.0,0.9999074587612995,26.0
2025,REG,13,2025_13_MIN_SEA,MIN,True,3159.0,441.0,0.9999111821016413,26.0
2025,REG,13,2025_13_MIN_SEA,MIN,True,3193.0,407.0,0.9999081514397403,26.0
2025,REG,13,2025_13_MIN_SEA,MIN,True,3214.0,386.0,0.999903958690993,26.0
2025,REG,13,2025_13_MIN_SEA,MIN,True,3252.0,348.0,0.9998823344212724,26.0
2025,REG,13,2025_13_MIN_SEA,MIN,True,3267.0,333.0,0.999903958690993,26.0
2025,REG,13,2025_13_MIN_SEA,MIN,True,3288.0,312.0,0.9999110541248228,26.0
2025,REG,13,2025_13_MIN_SEA,MIN,True,3318.0,282.0,0.9998932174712536,26.0
2025,REG,13,2025_13_MIN_SEA,MIN,True,3363.0,237.0,0.9999299444898497,26.0
2025,REG,13,2025_13_MIN_SEA,MIN,True,3405.0,195.0,0.9999135176767595,26.0
2025,REG,13,2025_13_MIN_SEA,MIN,True,3410.0,190.0,0.9998965263366699,26.0
2025,REG,13,2025_13_MIN_SEA,MIN,True,3452.0,148.0,0.9999003410339355,26.0
2025,REG,13,2025_13_MIN_SEA,MIN,True,3480.0,120.0,0.9999048709869385,26.0
2025,REG,13,2025_13_MIN_SEA,MIN,True,3540.0,60.0,0.9999270439147949,26.0
2025,REG,13,2025_13_MIN_SEA,MIN,True,3549.0,51.0,0.999954472285026,26.0
2025,REG,13,2025_13_MIN_SEA,MIN,True,3581.0,19.0,0.9998771450191271,26.0
2025,REG,13,2025_13_MIN_SEA,MIN,True,3600.0,0.0,1.0,26.0
2025,REG,14,2025_14_SEA_ATL,ATL,False,0.0,3600.0,0.4537382125854492,-0.0
2025,REG,14,2025_14_SEA_ATL,ATL,False,0.0,3600.0,0.4537382125854492,-0.0
2025,REG,14,2025_14_SEA_ATL,ATL,False,5.0,3595.0,0.4530310034751892,-0.0
2025,REG,14,2025_14_SEA_ATL,ATL,False,38.0,3562.0,0.45985257625579834,-0.0
2025,REG,14,2025_14_SEA_ATL,ATL,False,76.0,3524.0,0.46042871475219727,-0.0
2025,REG,14,2025_14_SEA_ATL,ATL,False,113.0,3487.0,0.42742663621902466,-0.0
2025,REG,14,2025_14_SEA_ATL,ATL,False,149.0,3451.0,0.4200235605239868,-0.0
2025,REG,14,2025_14_SEA_ATL,ATL,False,189.0,3411.0,0.428821325302124,-0.0
2025,REG,14,2025_14_SEA_ATL,ATL,False,192.0,3408.0,0.46443992853164673,-0.0
2025,REG,14,2025_14_SEA_ATL,ATL,False,200.0,3400.0,0.503840297460556,-0.0
2025,REG,14,2025_14_SEA_ATL,ATL,False,206.0,3394.0,0.4714740514755249,-0.0
2025,REG,14,2025_14_SEA_ATL,ATL,False,248.0,3352.0,0.45221513509750366,-0.0
2025,REG,14,2025_14_SEA_ATL,ATL,False,290.0,3310.0,0.4251865744590759,-0.0
2025,REG,14,2025_14_SEA_ATL,ATL,False,330.0,3270.0,0.38782206177711487,-0.0
2025,REG,14,2025_14_SEA_ATL,ATL,False,342.0,3258.0,0.3847557306289673,-0.0
2025,REG,14,2025_14_SEA_ATL,ATL,False,383.0,3217.0,0.3402673006057739,-0.0
2025,REG,14,2025_14_SEA_ATL,ATL,False,421.0,3179.0,0.3543735146522522,-0.0
2025,REG,14,2025_14_SEA_ATL,ATL,False,459.0,3141.0,0.33639341592788696,-0.0
2025,REG,14,2025_14_SEA_ATL,ATL,False,463.0,3137.0,0.3893340826034546,-0.0
2025,REG,14,2025_14_SEA_ATL,ATL,False,463.0,3137.0,0.4192036986351013,-3.0
2025,REG,14,2025_14_SEA_ATL,ATL,False,466.0,3134.0,0.4096539318561554,-3.0
2025,REG,14,2025_14_SEA_ATL,ATL,False,472.0,3128.0,0.4096539318561554,-3.0
2025,REG,14,2025_14_SEA_ATL,ATL,False,511.0,3089.0,0.40115728974342346,-3.0
2025,REG,14,2025_14_SEA_ATL,ATL,False,517.0,3083.0,0.3750907778739929,-3.0
2025,REG,14,2025_14_SEA_ATL,ATL,False,560.0,3040.0,0.4377188980579376,-3.0
2025,REG,14,2025_14_SEA_ATL,ATL,False,586.0,3014.0,0.4441174566745758,-3.0
2025,REG,14,2025_14_SEA_ATL,ATL,False,633.0,2967.0,0.521519660949707,-3.0
2025,REG,14,2025_14_SEA_ATL,ATL,False,639.0,2961.0,0.5074377655982971,-3.0
2025,REG,14,2025_14_SEA_ATL,ATL,False,686.0,2914.0,0.46551990509033203,-3.0
2025,REG,14,2025_14_SEA_ATL,ATL,False,724.0,2876.0,0.4854678511619568,-3.0
2025,REG,14,2025_14_SEA_ATL,ATL,False,745.0,2855.0,0.5459803342819214,-3.0
2025,REG,14,2025_14_SEA_ATL,ATL,False,772.0,2828.0,0.5553871989250183,-3.0
2025,REG,14,2025_14_SEA_ATL,ATL,False,795.0,2805.0,0.534542977809906,-3.0
2025,REG,14,2025_14_SEA_ATL,ATL,False,799.0,2801.0,0.5204919576644897,-3.0
2025,REG,14,2025_14_SEA_ATL,ATL,False,844.0,2756.0,0.52740478515625,-3.0
2025,REG,14,2025_14_SEA_ATL,ATL,False,848.0,2752.0,0.4829263389110565,-0.0
2025,REG,14,2025_14_SEA_ATL,ATL,False,851.0,2749.0,0.4585205912590027,-0.0
2025,REG,14,2025_14_SEA_ATL,ATL,False,857.0,2743.0,0.45166850090026855,-0.0
2025,REG,14,2025_14_SEA_ATL,ATL,False,900.0,2700.0,0.45035821199417114,-0.0
2025,REG,14,2025_14_SEA_ATL,ATL,False,900.0,2700.0,0.45035821199417114,-0.0
2025,REG,14,2025_14_SEA_ATL,ATL,False,935.0,2665.0,0.4594113826751709,-0.0
2025,REG,14,2025_14_SEA_ATL,ATL,False,935.0,2665.0,0.4594113826751709,-0.0
2025,REG,14,2025_14_SEA_ATL,ATL,False,975.0,2625.0,0.5009894967079163,-0.0
2025,REG,14,2025_14_SEA_ATL,ATL,False,1019.0,2581.0,0.4349291920661926,-0.0
2025,REG,14,2025_14_SEA_ATL,ATL,False,1023.0,2577.0,0.45303213596343994,-0.0
2025,REG,14,2025_14_SEA_ATL,ATL,False,1065.0,2535.0,0.505338042974472,-0.0
2025,REG,14,2025_14_SEA_ATL,ATL,False,1111.0,2489.0,0.5267134606838226,-0.0
2025,REG,14,2025_14_SEA_ATL,ATL,False,1117.0,2483.0,0.4683179259300232,-0.0
2025,REG,14,2025_14_SEA_ATL,ATL,False,1140.0,2460.0,0.4472990036010742,-0.0
2025,REG,14,2025_14_SEA_ATL,ATL,False,1180.0,2420.0,0.4299800395965576,-0.0
2025,REG,14,2025_14_SEA_ATL,ATL,False,1220.0,2380.0,0.4622088372707367,-0.0
2025,REG,14,2025_14_SEA_ATL,ATL,False,1231.0,2369.0,0.3807718753814697,-0.0
2025,REG,14,2025_14_SEA_ATL,ATL,False,1257.0,2343.0,0.39296668767929077,-0.0
2025,REG,14,2025_14_SEA_ATL,ATL,False,1293.0,2307.0,0.40790683031082153,-0.0
2025,REG,14,2025_14_SEA_ATL,ATL,False,1339.0,2261.0,0.4403311610221863,-0.0
2025,REG,14,2025_14_SEA_ATL,ATL,False,1342.0,2258.0,0.486052930355072,-0.0
2025,REG,14,2025_14_SEA_ATL,ATL,False,1348.0,2252.0,0.5202733278274536,-0.0
2025,REG,14,2025_14_SEA_ATL,ATL,False,1393.0,2207.0,0.47625985741615295,-0.0
2025,REG,14,2025_14_SEA_ATL,ATL,False,1440.0,2160.0,0.477173775434494,-0.0
2025,REG,14,2025_14_SEA_ATL,ATL,False,1444.0,2156.0,0.45936039090156555,-0.0
2025,REG,14,2025_14_SEA_ATL,ATL,False,1451.0,2149.0,0.489335834980011,-0.0
2025,REG,14,2025_14_SEA_ATL,ATL,False,1494.0,2106.0,0.45641660690307617,-0.0
2025,REG,14,2025_14_SEA_ATL,ATL,False,1534.0,2066.0,0.4688730239868164,-0.0
2025,REG,14,2025_14_SEA_ATL,ATL,False,1576.0,2024.0,0.4756326675415039,-0.0
2025,REG,14,2025_14_SEA_ATL,ATL,False,1606.0,1994.0,0.457481324672699,-0.0
2025,REG,14,2025_14_SEA_ATL,ATL,False,1647.0,1953.0,0.4405441880226135,-0.0
2025,REG,14,2025_14_SEA_ATL,ATL,False,1680.0,1920.0,0.47272294759750366,-0.0
2025,REG,14,2025_14_SEA_ATL,ATL,False,1723.0,1877.0,0.38129955530166626,-0.0
2025,REG,14,2025_14_SEA_ATL,ATL,False,1727.0,1873.0,0.3760005831718445,-0.0
2025,REG,14,2025_14_SEA_ATL,ATL,False,1729.0,1871.0,0.39087414741516113,-0.0
2025,REG,14,2025_14_SEA_ATL,ATL,False,1734.0,1866.0,0.44683051109313965,-3.0
2025,REG,14,2025_14_SEA_ATL,ATL,False,1739.0,1861.0,0.4003371596336365,-3.0
2025,REG,14,2025_14_SEA_ATL,ATL,False,1743.0,1857.0,0.4003371596336365,-3.0
2025,REG,14,2025_14_SEA_ATL,ATL,False,1749.0,1851.0,0.40217429399490356,-3.0
2025,REG,14,2025_14_SEA_ATL,ATL,False,1775.0,1825.0,0.40705305337905884,-3.0
2025,REG,14,2025_14_SEA_ATL,ATL,False,1778.0,1822.0,0.42537811398506165,-3.0
2025,REG,14,2025_14_SEA_ATL,ATL,False,1778.0,1822.0,0.42537811398506165,-3.0
2025,REG,14,2025_14_SEA_ATL,ATL,False,1786.0,1814.0,0.45279261469841003,-3.0
2025,REG,14,2025_14_SEA_ATL,ATL,False,1786.0,1814.0,0.45279261469841003,-3.0
2025,REG,14,2025_14_SEA_ATL,ATL,False,1792.0,1808.0,0.5114578604698181,-3.0
2025,REG,14,2025_14_SEA_ATL,ATL,False,1792.0,1808.0,0.5114578604698181,-3.0
2025,REG,14,2025_14_SEA_ATL,ATL,False,1796.0,1804.0,0.5128918290138245,-0.0
2025,REG,14,2025_14_SEA_ATL,ATL,False,1800.0,1800.0,0.4659733176231384,-0.0
2025,REG,14,2025_14_SEA_ATL,ATL,False,1800.0,1800.0,0.4659733176231384,6.0
2025,REG,14,2025_14_SEA_ATL,ATL,False,1812.0,1788.0,0.7041562728742364,7.0
2025,REG,14,2025_14_SEA_ATL,ATL,False,1812.0,1788.0,0.7069733738899231,7.0
2025,REG,14,2025_14_SEA_ATL,ATL,False,1812.0,1788.0,0.6897966861724854,7.0
2025,REG,14,2025_14_SEA_ATL,ATL,False,1850.0,1750.0,0.6582596302032471,7.0
2025,REG,14,2025_14_SEA_ATL,ATL,False,1890.0,1710.0,0.642133355140686,7.0
2025,REG,14,2025_14_SEA_ATL,ATL,False,1927.0,1673.0,0.5996540784835815,7.0
2025,REG,14,2025_14_SEA_ATL,ATL,False,1968.0,1632.0,0.5641427636146545,7.0
2025,REG,14,2025_14_SEA_ATL,ATL,False,2014.0,1586.0,0.5957889556884766,7.0
2025,REG,14,2025_14_SEA_ATL,ATL,False,2022.0,1578.0,0.7179198265075684,7.0
2025,REG,14,2025_14_SEA_ATL,ATL,False,2062.0,1538.0,0.7093034386634827,7.0
2025,REG,14,2025_14_SEA_ATL,ATL,False,2105.0,1495.0,0.7112797498703003,7.0
2025,REG,14,2025_14_SEA_ATL,ATL,False,2138.0,1462.0,0.7379192113876343,7.0
2025,REG,14,2025_14_SEA_ATL,ATL,False,2184.0,1416.0,0.7771693468093872,7.0
2025,REG,14,2025_14_SEA_ATL,ATL,False,2227.0,1373.0,0.8035658597946167,7.0
2025,REG,14,2025_14_SEA_ATL,ATL,False,2272.0,1328.0,0.8418797850608826,7.0
2025,REG,14,2025_14_SEA_ATL,ATL,False,2317.0,1283.0,0.8278365731239319,13.0
2025,REG,14,2025_14_SEA_ATL,ATL,False,2324.0,1276.0,0.89300482023258,14.0
2025,REG,14,2025_14_SEA_ATL,ATL,False,2324.0,1276.0,0.8931296020746231,14.0
2025,REG,14,2025_14_SEA_ATL,ATL,False,2324.0,1276.0,0.870823860168457,14.0
2025,REG,14,2025_14_SEA_ATL,ATL,False,2361.0,1239.0,0.8767291903495789,14.0
2025,REG,14,2025_14_SEA_ATL,ATL,False,2399.0,1201.0,0.8826522305607796,14.0
2025,REG,14,2025_14_SEA_ATL,ATL,False,2406.0,1194.0,0.9520440697669983,14.0
2025,REG,14,2025_14_SEA_ATL,ATL,False,2451.0,1149.0,0.94572913646698,14.0
2025,REG,14,2025_14_SEA_ATL,ATL,False,2480.0,1120.0,0.9570658802986145,14.0
2025,REG,14,2025_14_SEA_ATL,ATL,False,2485.0,1115.0,0.9515277743339539,14.0
2025,REG,14,2025_14_SEA_ATL,ATL,False,2532.0,1068.0,0.9543793797492981,14.0
2025,REG,14,2025_14_SEA_ATL,ATL,False,2537.0,1063.0,0.9492387771606445,17.0
2025,REG,14,2025_14_SEA_ATL,ATL,False,2541.0,1059.0,0.9449040368199348,17.0
2025,REG,14,2025_14_SEA_ATL,ATL,False,2548.0,1052.0,0.9345535486936569,17.0
2025,REG,14,2025_14_SEA_ATL,ATL,False,2567.0,1033.0,0.9418368227779865,17.0
2025,REG,14,2025_14_SEA_ATL,ATL,False,2598.0,1002.0,0.9385720975697041,17.0
2025,REG,14,2025_14_SEA_ATL,ATL,False,2634.0,966.0,0.9217835366725922,17.0
2025,REG,14,2025_14_SEA_ATL,ATL,False,2663.0,937.0,0.9257694184780121,17.0
2025,REG,14,2025_14_SEA_ATL,ATL,False,2667.0,933.0,0.9337564706802368,17.0
2025,REG,14,2025_14_SEA_ATL,ATL,False,2699.0,901.0,0.9458167515695095,17.0
2025,REG,14,2025_14_SEA_ATL,ATL,False,2700.0,900.0,0.9548350423574448,17.0
2025,REG,14,2025_14_SEA_ATL,ATL,False,2700.0,900.0,0.9548350423574448,14.0
2025,REG,14,2025_14_SEA_ATL,ATL,False,2703.0,897.0,0.9635000228881836,14.0
2025,REG,14,2025_14_SEA_ATL,ATL,False,2703.0,897.0,0.9665462970733643,14.0
2025,REG,14,2025_14_SEA_ATL,ATL,False,2707.0,893.0,0.9614817500114441,14.0
2025,REG,14,2025_14_SEA_ATL,ATL,False,2742.0,858.0,0.962051510810852,14.0
2025,REG,14,2025_14_SEA_ATL,ATL,False,2788.0,812.0,0.9717085361480713,14.0
2025,REG,14,2025_14_SEA_ATL,ATL,False,2830.0,770.0,0.9724099040031433,14.0
2025,REG,14,2025_14_SEA_ATL,ATL,False,2862.0,738.0,0.9768825769424438,20.0
2025,REG,14,2025_14_SEA_ATL,ATL,False,2867.0,733.0,0.9863317046272868,21.0
2025,REG,14,2025_14_SEA_ATL,ATL,False,2867.0,733.0,0.9863985748961568,21.0
2025,REG,14,2025_14_SEA_ATL,ATL,False,2867.0,733.0,0.9851661836728454,21.0
2025,REG,14,2025_14_SEA_ATL,ATL,False,2871.0,729.0,0.9873677548021078,21.0
2025,REG,14,2025_14_SEA_ATL,ATL,False,2902.0,698.0,0.9895109431818128,21.0
2025,REG,14,2025_14_SEA_ATL,ATL,False,2911.0,689.0,0.9970043301582336,21.0
2025,REG,14,2025_14_SEA_ATL,ATL,False,2949.0,651.0,0.996681272983551,21.0
2025,REG,14,2025_14_SEA_ATL,ATL,False,2992.0,608.0,0.9987530708312988,21.0
2025,REG,14,2025_14_SEA_ATL,ATL,False,2992.0,608.0,0.9987530708312988,21.0
2025,REG,14,2025_14_SEA_ATL,ATL,False,3038.0,562.0,0.9993212223052979,21.0
2025,REG,14,2025_14_SEA_ATL,ATL,False,3041.0,559.0,0.999248206615448,21.0
2025,REG,14,2025_14_SEA_ATL,ATL,False,3086.0,514.0,0.999110996723175,27.0
2025,REG,14,2025_14_SEA_ATL,ATL,False,3093.0,507.0,0.9998950858134776,28.0
2025,REG,14,2025_14_SEA_ATL,ATL,False,3093.0,507.0,0.9998950858134776,28.0
2025,REG,14,2025_14_SEA_ATL,ATL,False,3100.0,500.0,0.999903612799244,28.0
2025,REG,14,2025_14_SEA_ATL,ATL,False,3124.0,476.0,0.999872315718676,28.0
2025,REG,14,2025_14_SEA_ATL,ATL,False,3129.0,471.0,0.9998817491868977,28.0
2025,REG,14,2025_14_SEA_ATL,ATL,False,3133.0,467.0,0.9998642338468926,28.0
2025,REG,14,2025_14_SEA_ATL,ATL,False,3178.0,422.0,0.9998749710503034,28.0
2025,REG,14,2025_14_SEA_ATL,ATL,False,3201.0,399.0,0.9998251978540793,28.0
2025,REG,14,2025_14_SEA_ATL,ATL,False,3206.0,394.0,0.9997993079887237,28.0
2025,REG,14,2025_14_SEA_ATL,ATL,False,3231.0,369.0,0.9997977143939352,28.0
2025,REG,14,2025_14_SEA_ATL,ATL,False,3235.0,365.0,0.999481258855667,28.0
2025,REG,14,2025_14_SEA_ATL,ATL,False,3258.0,342.0,0.9992997531662695,28.0
2025,REG,14,2025_14_SEA_ATL,ATL,False,3281.0,319.0,0.9993003162089735,28.0
2025,REG,14,2025_14_SEA_ATL,ATL,False,3287.0,313.0,0.9993855160428211,28.0
2025,REG,14,2025_14_SEA_ATL,ATL,False,3293.0,307.0,0.9997751116752625,28.0
2025,REG,14,2025_14_SEA_ATL,ATL,False,3303.0,297.0,0.9998605251312256,28.0
2025,REG,14,2025_14_SEA_ATL,ATL,False,3355.0,245.0,0.9997969269752502,28.0
2025,REG,14,2025_14_SEA_ATL,ATL,False,3361.0,239.0,0.9997506737709045,28.0
2025,REG,14,2025_14_SEA_ATL,ATL,False,3407.0,193.0,0.9997923970222473,28.0
2025,REG,14,2025_14_SEA_ATL,ATL,False,3456.0,144.0,0.9998775720596313,28.0
2025,REG,14,2025_14_SEA_ATL,ATL,False,3480.0,120.0,0.9998676776885986,28.0
2025,REG,14,2025_14_SEA_ATL,ATL,False,3523.0,77.0,0.9998927116394043,28.0
2025,REG,14,2025_14_SEA_ATL,ATL,False,3569.0,31.0,0.999880313873291,28.0
2025,REG,14,2025_14_SEA_ATL,ATL,False,3579.0,21.0,0.9999101817593328,28.0
2025,REG,14,2025_14_SEA_ATL,ATL,False,3600.0,0.0,1.0,28.0
2025,REG,15,2025_15_IND_SEA,IND,True,0.0,3600.0,0.5667920410633087,0.0
2025,REG,15,2025_15_IND_SEA,IND,True,0.0,3600.0,0.5667920410633087,0.0
2025,REG,15,2025_15_IND_SEA,IND,True,7.0,3593.0,0.5647151470184326,0.0
2025,REG,15,2025_15_IND_SEA,IND,True,48.0,3552.0,0.5843697488307953,0.0
2025,REG,15,2025_15_IND_SEA,IND,True,91.0,3509.0,0.545100599527359,0.0
2025,REG,15,2025_15_IND_SEA,IND,True,131.0,3469.0,0.55574631690979,0.0
2025,REG,15,2025_15_IND_SEA,IND,True,138.0,3462.0,0.5877415835857391,0.0
2025,REG,15,2025_15_IND_SEA,IND,True,181.0,3419.0,0.5198821127414703,0.0
2025,REG,15,2025_15_IND_SEA,IND,True,222.0,3378.0,0.5381534397602081,0.0
2025,REG,15,2025_15_IND_SEA,IND,True,226.0,3374.0,0.5704363584518433,0.0
2025,REG,15,2025_15_IND_SEA,IND,True,231.0,3369.0,0.6074285805225372,0.0
2025,REG,15,2025_15_IND_SEA,IND,True,240.0,3360.0,0.5980947017669678,0.0
2025,REG,15,2025_15_IND_SEA,IND,True,284.0,3316.0,0.5976575613021851,0.0
2025,REG,15,2025_15_IND_SEA,IND,True,331.0,3269.0,0.5620526075363159,0.0
2025,REG,15,2025_15_IND_SEA,IND,True,355.0,3245.0,0.5507083535194397,0.0
2025,REG,15,2025_15_IND_SEA,IND,True,363.0,3237.0,0.5513468384742737,0.0
2025,REG,15,2025_15_IND_SEA,IND,True,401.0,3199.0,0.5405309200286865,0.0
2025,REG,15,2025_15_IND_SEA,IND,True,424.0,3176.0,0.5375729501247406,0.0
2025,REG,15,2025_15_IND_SEA,IND,True,427.0,3173.0,0.55574631690979,0.0
2025,REG,15,2025_15_IND_SEA,IND,True,467.0,3133.0,0.4858417510986328,0.0
2025,REG,15,2025_15_IND_SEA,IND,True,506.0,3094.0,0.4741228222846985,0.0
2025,REG,15,2025_15_IND_SEA,IND,True,550.0,3050.0,0.49682140350341797,0.0
2025,REG,15,2025_15_IND_SEA,IND,True,592.0,3008.0,0.44560641050338745,0.0
2025,REG,15,2025_15_IND_SEA,IND,True,630.0,2970.0,0.43329715728759766,0.0
2025,REG,15,2025_15_IND_SEA,IND,True,672.0,2928.0,0.46796560287475586,0.0
2025,REG,15,2025_15_IND_SEA,IND,True,676.0,2924.0,0.5230209231376648,-3.0
2025,REG,15,2025_15_IND_SEA,IND,True,680.0,2920.0,0.5110875368118286,-3.0
2025,REG,15,2025_15_IND_SEA,IND,True,685.0,2915.0,0.5406576991081238,-3.0
2025,REG,15,2025_15_IND_SEA,IND,True,706.0,2894.0,0.5724247097969055,-3.0
2025,REG,15,2025_15_IND_SEA,IND,True,729.0,2871.0,0.612091600894928,-3.0
2025,REG,15,2025_15_IND_SEA,IND,True,766.0,2834.0,0.6174046397209167,-3.0
2025,REG,15,2025_15_IND_SEA,IND,True,805.0,2795.0,0.5906409025192261,-3.0
2025,REG,15,2025_15_IND_SEA,IND,True,846.0,2754.0,0.5479311347007751,0.0
2025,REG,15,2025_15_IND_SEA,IND,True,850.0,2750.0,0.5583243370056152,0.0
2025,REG,15,2025_15_IND_SEA,IND,True,850.0,2750.0,0.5428207814693451,0.0
2025,REG,15,2025_15_IND_SEA,IND,True,888.0,2712.0,0.5528643727302551,0.0
2025,REG,15,2025_15_IND_SEA,IND,True,900.0,2700.0,0.5731424391269684,0.0
2025,REG,15,2025_15_IND_SEA,IND,True,900.0,2700.0,0.5731424391269684,0.0
2025,REG,15,2025_15_IND_SEA,IND,True,903.0,2697.0,0.6083526313304901,0.0
2025,REG,15,2025_15_IND_SEA,IND,True,913.0,2687.0,0.5872226357460022,0.0
2025,REG,15,2025_15_IND_SEA,IND,True,917.0,2683.0,0.5769848227500916,0.0
2025,REG,15,2025_15_IND_SEA,IND,True,943.0,2657.0,0.5596323609352112,0.0
2025,REG,15,2025_15_IND_SEA,IND,True,980.0,2620.0,0.5568016767501831,0.0
2025,REG,15,2025_15_IND_SEA,IND,True,1022.0,2578.0,0.5041720271110535,0.0
2025,REG,15,2025_15_IND_SEA,IND,True,1028.0,2572.0,0.5318417251110077,0.0
2025,REG,15,2025_15_IND_SEA,IND,True,1068.0,2532.0,0.5146388113498688,0.0
2025,REG,15,2025_15_IND_SEA,IND,True,1109.0,2491.0,0.4933605194091797,0.0
2025,REG,15,2025_15_IND_SEA,IND,True,1154.0,2446.0,0.5485704839229584,0.0
2025,REG,15,2025_15_IND_SEA,IND,True,1154.0,2446.0,0.5485704839229584,0.0
2025,REG,15,2025_15_IND_SEA,IND,True,1197.0,2403.0,0.5459932684898376,0.0
2025,REG,15,2025_15_IND_SEA,IND,True,1216.0,2384.0,0.5021432042121887,0.0
2025,REG,15,2025_15_IND_SEA,IND,True,1235.0,2365.0,0.5459932684898376,0.0
2025,REG,15,2025_15_IND_SEA,IND,True,1277.0,2323.0,0.5395322442054749,0.0
2025,REG,15,2025_15_IND_SEA,IND,True,1289.0,2311.0,0.5617609918117523,-3.0
2025,REG,15,2025_15_IND_SEA,IND,True,1294.0,2306.0,0.49841633439064026,-3.0
2025,REG,15,2025_15_IND_SEA,IND,True,1306.0,2294.0,0.4913952946662903,-3.0
2025,REG,15,2025_15_IND_SEA,IND,True,1348.0,2252.0,0.4625186324119568,-3.0
2025,REG,15,2025_15_IND_SEA,IND,True,1369.0,2231.0,0.44543981552124023,-3.0
2025,REG,15,2025_15_IND_SEA,IND,True,1410.0,2190.0,0.41429078578948975,-3.0
2025,REG,15,2025_15_IND_SEA,IND,True,1444.0,2156.0,0.3768412470817566,-3.0
2025,REG,15,2025_15_IND_SEA,IND,True,1451.0,2149.0,0.4207276701927185,-3.0
2025,REG,15,2025_15_IND_SEA,IND,True,1492.0,2108.0,0.42660588026046753,-3.0
2025,REG,15,2025_15_IND_SEA,IND,True,1534.0,2066.0,0.39687037467956543,-3.0
2025,REG,15,2025_15_IND_SEA,IND,True,1576.0,2024.0,0.37830227613449097,-3.0
2025,REG,15,2025_15_IND_SEA,IND,True,1621.0,1979.0,0.4069073796272278,-3.0
2025,REG,15,2025_15_IND_SEA,IND,True,1661.0,1939.0,0.349335253238678,-3.0
2025,REG,15,2025_15_IND_SEA,IND,True,1680.0,1920.0,0.3506855368614197,-3.0
2025,REG,15,2025_15_IND_SEA,IND,True,1694.0,1906.0,0.32929831743240356,-3.0
2025,REG,15,2025_15_IND_SEA,IND,True,1694.0,1906.0,0.32929831743240356,-3.0
2025,REG,15,2025_15_IND_SEA,IND,True,1698.0,1902.0,0.33520054817199707,-3.0
2025,REG,15,2025_15_IND_SEA,IND,True,1698.0,1902.0,0.33520054817199707,-3.0
2025,REG,15,2025_15_IND_SEA,IND,True,1703.0,1897.0,0.30763959884643555,-3.0
2025,REG,15,2025_15_IND_SEA,IND,True,1703.0,1897.0,0.30763959884643555,-9.0
2025,REG,15,2025_15_IND_SEA,IND,True,1707.0,1893.0,0.23975803988881905,-10.0
2025,REG,15,2025_15_IND_SEA,IND,True,1707.0,1893.0,0.23924437165260315,-10.0
2025,REG,15,2025_15_IND_SEA,IND,True,1713.0,1887.0,0.2394825965166092,-10.0
2025,REG,15,2025_15_IND_SEA,IND,True,1733.0,1867.0,0.2633891999721527,-10.0
2025,REG,15,2025_15_IND_SEA,IND,True,1740.0,1860.0,0.272417813539505,-10.0
2025,REG,15,2025_15_IND_SEA,IND,True,1744.0,1856.0,0.2592490017414093,-10.0
2025,REG,15,2025_15_IND_SEA,IND,True,1765.0,1835.0,0.2740774154663086,-10.0
2025,REG,15,2025_15_IND_SEA,IND,True,1769.0,1831.0,0.2309451550245285,-10.0
2025,REG,15,2025_15_IND_SEA,IND,True,1769.0,1831.0,0.2309451550245285,-10.0
2025,REG,15,2025_15_IND_SEA,IND,True,1772.0,1828.0,0.22224374115467072,-10.0
2025,REG,15,2025_15_IND_SEA,IND,True,1794.0,1806.0,0.24579091370105743,-10.0
2025,REG,15,2025_15_IND_SEA,IND,True,1795.0,1805.0,0.2212667465209961,-10.0
2025,REG,15,2025_15_IND_SEA,IND,True,1795.0,1805.0,0.2212667465209961,-7.0
2025,REG,15,2025_15_IND_SEA,IND,True,1800.0,1800.0,0.2930266261100769,-7.0
2025,REG,15,2025_15_IND_SEA,IND,True,1800.0,1800.0,0.2930266261100769,-7.0
2025,REG,15,2025_15_IND_SEA,IND,True,1808.0,1792.0,0.29878339171409607,-7.0
2025,REG,15,2025_15_IND_SEA,IND,True,1845.0,1755.0,0.3236125707626343,-7.0
2025,REG,15,2025_15_IND_SEA,IND,True,1890.0,1710.0,0.32225629687309265,-7.0
2025,REG,15,2025_15_IND_SEA,IND,True,1931.0,1669.0,0.34339678287506104,-7.0
2025,REG,15,2025_15_IND_SEA,IND,True,1975.0,1625.0,0.3425506353378296,-7.0
2025,REG,15,2025_15_IND_SEA,IND,True,2017.0,1583.0,0.34321802854537964,-7.0
2025,REG,15,2025_15_IND_SEA,IND,True,2020.0,1580.0,0.2862050533294678,-7.0
2025,REG,15,2025_15_IND_SEA,IND,True,2057.0,1543.0,0.3700539767742157,-7.0
2025,REG,15,2025_15_IND_SEA,IND,True,2061.0,1539.0,0.3545745015144348,-7.0
2025,REG,15,2025_15_IND_SEA,IND,True,2102.0,1498.0,0.3489252030849457,-7.0
2025,REG,15,2025_15_IND_SEA,IND,True,2107.0,1493.0,0.30539122223854065,-4.0
2025,REG,15,2025_15_IND_SEA,IND,True,2111.0,1489.0,0.3429200053215027,-4.0
2025,REG,15,2025_15_IND_SEA,IND,True,2118.0,1482.0,0.3109288215637207,-4.0
2025,REG,15,2025_15_IND_SEA,IND,True,2160.0,1440.0,0.3292298913002014,-4.0
2025,REG,15,2025_15_IND_SEA,IND,True,2203.0,1397.0,0.312064528465271,-4.0
2025,REG,15,2025_15_IND_SEA,IND,True,2208.0,1392.0,0.35269659757614136,-4.0
2025,REG,15,2025_15_IND_SEA,IND,True,2208.0,1392.0,0.38655614852905273,-4.0
2025,REG,15,2025_15_IND_SEA,IND,True,2215.0,1385.0,0.36004889011383057,-4.0
2025,REG,15,2025_15_IND_SEA,IND,True,2251.0,1349.0,0.37470272183418274,-4.0
2025,REG,15,2025_15_IND_SEA,IND,True,2294.0,1306.0,0.35989877581596375,-4.0
2025,REG,15,2025_15_IND_SEA,IND,True,2299.0,1301.0,0.34421873092651367,-4.0
2025,REG,15,2025_15_IND_SEA,IND,True,2341.0,1259.0,0.3363170623779297,-4.0
2025,REG,15,2025_15_IND_SEA,IND,True,2345.0,1255.0,0.28734394907951355,-4.0
2025,REG,15,2025_15_IND_SEA,IND,True,2356.0,1244.0,0.3403875231742859,-4.0
2025,REG,15,2025_15_IND_SEA,IND,True,2393.0,1207.0,0.3252719044685364,-4.0
2025,REG,15,2025_15_IND_SEA,IND,True,2430.0,1170.0,0.31603777408599854,-4.0
2025,REG,15,2025_15_IND_SEA,IND,True,2472.0,1128.0,0.3295254111289978,-4.0
2025,REG,15,2025_15_IND_SEA,IND,True,2490.0,1110.0,0.3542361855506897,-4.0
2025,REG,15,2025_15_IND_SEA,IND,True,2537.0,1063.0,0.3764230012893677,-4.0
2025,REG,15,2025_15_IND_SEA,IND,True,2546.0,1054.0,0.3556334674358368,-4.0
2025,REG,15,2025_15_IND_SEA,IND,True,2583.0,1017.0,0.4133980870246887,-4.0
2025,REG,15,2025_15_IND_SEA,IND,True,2616.0,984.0,0.41356131434440613,-4.0
2025,REG,15,2025_15_IND_SEA,IND,True,2659.0,941.0,0.39293476939201355,-4.0
2025,REG,15,2025_15_IND_SEA,IND,True,2700.0,900.0,0.548481285572052,-4.0
2025,REG,15,2025_15_IND_SEA,IND,True,2700.0,900.0,0.548481285572052,-4.0
2025,REG,15,2025_15_IND_SEA,IND,True,2742.0,858.0,0.525080680847168,-4.0
2025,REG,15,2025_15_IND_SEA,IND,True,2787.0,813.0,0.5137730240821838,-4.0
2025,REG,15,2025_15_IND_SEA,IND,True,2792.0,808.0,0.4513706564903259,-1.0
2025,REG,15,2025_15_IND_SEA,IND,True,2796.0,804.0,0.4401301145553589,-1.0
2025,REG,15,2025_15_IND_SEA,IND,True,2796.0,804.0,0.41924160718917847,-1.0
2025,REG,15,2025_15_IND_SEA,IND,True,2836.0,764.0,0.43606215715408325,-1.0
2025,REG,15,2025_15_IND_SEA,IND,True,2879.0,721.0,0.47060126066207886,-1.0
2025,REG,15,2025_15_IND_SEA,IND,True,2883.0,717.0,0.3939790725708008,-1.0
2025,REG,15,2025_15_IND_SEA,IND,True,2925.0,675.0,0.38183045387268066,-1.0
2025,REG,15,2025_15_IND_SEA,IND,True,2969.0,631.0,0.3573603630065918,-1.0
2025,REG,15,2025_15_IND_SEA,IND,True,3013.0,587.0,0.401563823223114,-1.0
2025,REG,15,2025_15_IND_SEA,IND,True,3060.0,540.0,0.3782857060432434,-1.0
2025,REG,15,2025_15_IND_SEA,IND,True,3104.0,496.0,0.47012877464294434,-1.0
2025,REG,15,2025_15_IND_SEA,IND,True,3111.0,489.0,0.4863744378089905,-1.0
2025,REG,15,2025_15_IND_SEA,IND,True,3150.0,450.0,0.538245439529419,-1.0
2025,REG,15,2025_15_IND_SEA,IND,True,3198.0,402.0,0.5263383984565735,-1.0
2025,REG,15,2025_15_IND_SEA,IND,True,3233.0,367.0,0.5442980527877808,-1.0
2025,REG,15,2025_15_IND_SEA,IND,True,3270.0,330.0,0.5328580141067505,-1.0
2025,REG,15,2025_15_IND_SEA,IND,True,3317.0,283.0,0.6563762426376343,-1.0
2025,REG,15,2025_15_IND_SEA,IND,True,3360.0,240.0,0.7127686142921448,-1.0
2025,REG,15,2025_15_IND_SEA,IND,True,3400.0,200.0,0.7091897130012512,-1.0
2025,REG,15,2025_15_IND_SEA,IND,True,3441.0,159.0,0.721954345703125,-1.0
2025,REG,15,2025_15_IND_SEA,IND,True,3446.0,154.0,0.6909682750701904,-1.0
2025,REG,15,2025_15_IND_SEA,IND,True,3450.0,150.0,0.6214086413383484,2.0
2025,REG,15,2025_15_IND_SEA,IND,True,3453.0,147.0,0.6519443094730377,2.0
2025,REG,15,2025_15_IND_SEA,IND,True,3459.0,141.0,0.640813946723938,2.0
2025,REG,15,2025_15_IND_SEA,IND,True,3480.0,120.0,0.6649149656295776,2.0
2025,REG,15,2025_15_IND_SEA,IND,True,3485.0,115.0,0.7010212540626526,2.0
2025,REG,15,2025_15_IND_SEA,IND,True,3528.0,72.0,0.5781821608543396,2.0
2025,REG,15,2025_15_IND_SEA,IND,True,3533.0,67.0,0.6152816116809845,2.0
2025,REG,15,2025_15_IND_SEA,IND,True,3533.0,67.0,0.6152816116809845,2.0
2025,REG,15,2025_15_IND_SEA,IND,True,3539.0,61.0,0.6074642539024353,2.0
2025,REG,15,2025_15_IND_SEA,IND,True,3539.0,61.0,0.6074642539024353,2.0
2025,REG,15,2025_15_IND_SEA,IND,True,3548.0,52.0,0.6254398226737976,2.0
2025,REG,15,2025_15_IND_SEA,IND,True,3548.0,52.0,0.6254398226737976,-1.0
2025,REG,15,2025_15_IND_SEA,IND,True,3553.0,47.0,0.40241914987564087,-1.0
2025,REG,15,2025_15_IND_SEA,IND,True,3558.0,42.0,0.4301448464393616,-1.0
2025,REG,15,2025_15_IND_SEA,IND,True,3571.0,29.0,0.5722155570983887,-1.0
2025,REG,15,2025_15_IND_SEA,IND,True,3572.0,28.0,0.4987269937992096,-1.0
2025,REG,15,2025_15_IND_SEA,IND,True,3575.0,25.0,0.5101057887077332,-1.0
2025,REG,15,2025_15_IND_SEA,IND,True,3578.0,22.0,0.4390873610973358,2.0
2025,REG,15,2025_15_IND_SEA,IND,True,3582.0,18.0,0.7751889228820801,2.0
2025,REG,15,2025_15_IND_SEA,IND,True,3589.0,11.0,0.7751741707324982,2.0
2025,REG,15,2025_15_IND_SEA,IND,True,3596.0,4.0,0.9393228888511658,2.0
2025,REG,15,2025_15_IND_SEA,IND,True,3600.0,0.0,1.0,2.0
2025,REG,16,2025_16_LA_SEA,LA,True,0.0,3600.0,0.5667920410633087,0.0
2025,REG,16,2025_16_LA_SEA,LA,True,0.0,3600.0,0.5667920410633087,0.0
2025,REG,16,2025_16_LA_SEA,LA,True,9.0,3591.0,0.5647151470184326,0.0
2025,REG,16,2025_16_LA_SEA,LA,True,43.0,3557.0,0.543805330991745,0.0
2025,REG,16,2025_16_LA_SEA,LA,True,81.0,3519.0,0.5694815218448639,0.0
2025,REG,16,2025_16_LA_SEA,LA,True,84.0,3516.0,0.5966633856296539,0.0
2025,REG,16,2025_16_LA_SEA,LA,True,118.0,3482.0,0.545100599527359,0.0
2025,REG,16,2025_16_LA_SEA,LA,True,155.0,3445.0,0.5195635855197906,0.0
2025,REG,16,2025_16_LA_SEA,LA,True,187.0,3413.0,0.5198821127414703,0.0
2025,REG,16,2025_16_LA_SEA,LA,True,226.0,3374.0,0.5329132974147797,0.0
2025,REG,16,2025_16_LA_SEA,LA,True,261.0,3339.0,0.5582766234874725,0.0
2025,REG,16,2025_16_LA_SEA,LA,True,305.0,3295.0,0.5626677572727203,0.0
2025,REG,16,2025_16_LA_SEA,LA,True,310.0,3290.0,0.6404451727867126,0.0
2025,REG,16,2025_16_LA_SEA,LA,True,347.0,3253.0,0.6563080549240112,0.0
2025,REG,16,2025_16_LA_SEA,LA,True,376.0,3224.0,0.6515804529190063,0.0
2025,REG,16,2025_16_LA_SEA,LA,True,428.0,3172.0,0.727670431137085,0.0
2025,REG,16,2025_16_LA_SEA,LA,True,467.0,3133.0,0.7166288495063782,6.0
2025,REG,16,2025_16_LA_SEA,LA,True,471.0,3129.0,0.7525010785564534,7.0
2025,REG,16,2025_16_LA_SEA,LA,True,471.0,3129.0,0.7540931701660156,7.0
2025,REG,16,2025_16_LA_SEA,LA,True,478.0,3122.0,0.7540931701660156,7.0
2025,REG,16,2025_16_LA_SEA,LA,True,508.0,3092.0,0.7494255900382996,7.0
2025,REG,16,2025_16_LA_SEA,LA,True,543.0,3057.0,0.7374356985092163,7.0
2025,REG,16,2025_16_LA_SEA,LA,True,582.0,3018.0,0.7099337577819824,7.0
2025,REG,16,2025_16_LA_SEA,LA,True,626.0,2974.0,0.7063640058040619,7.0
2025,REG,16,2025_16_LA_SEA,LA,True,630.0,2970.0,0.7188214659690857,7.0
2025,REG,16,2025_16_LA_SEA,LA,True,634.0,2966.0,0.7611665576696396,7.0
2025,REG,16,2025_16_LA_SEA,LA,True,652.0,2948.0,0.6842873990535736,7.0
2025,REG,16,2025_16_LA_SEA,LA,True,695.0,2905.0,0.6445648372173309,7.0
2025,REG,16,2025_16_LA_SEA,LA,True,732.0,2868.0,0.6570130884647369,7.0
2025,REG,16,2025_16_LA_SEA,LA,True,768.0,2832.0,0.6705878674983978,7.0
2025,REG,16,2025_16_LA_SEA,LA,True,791.0,2809.0,0.7059099674224854,7.0
2025,REG,16,2025_16_LA_SEA,LA,True,795.0,2805.0,0.7173404693603516,4.0
2025,REG,16,2025_16_LA_SEA,LA,True,797.0,2803.0,0.7246469259262085,4.0
2025,REG,16,2025_16_LA_SEA,LA,True,797.0,2803.0,0.742889940738678,4.0
2025,REG,16,2025_16_LA_SEA,LA,True,828.0,2772.0,0.7623700499534607,4.0
2025,REG,16,2025_16_LA_SEA,LA,True,832.0,2768.0,0.7348864078521729,4.0
2025,REG,16,2025_16_LA_SEA,LA,True,835.0,2765.0,0.6999101638793945,4.0
2025,REG,16,2025_16_LA_SEA,LA,True,842.0,2758.0,0.7055106461048126,4.0
2025,REG,16,2025_16_LA_SEA,LA,True,887.0,2713.0,0.6148965656757355,4.0
2025,REG,16,2025_16_LA_SEA,LA,True,900.0,2700.0,0.6306364238262177,4.0
2025,REG,16,2025_16_LA_SEA,LA,True,900.0,2700.0,0.6306364238262177,4.0
2025,REG,16,2025_16_LA_SEA,LA,True,905.0,2695.0,0.6579776108264923,4.0
2025,REG,16,2025_16_LA_SEA,LA,True,949.0,2651.0,0.5538580417633057,4.0
2025,REG,16,2025_16_LA_SEA,LA,True,988.0,2612.0,0.5493871867656708,4.0
2025,REG,16,2025_16_LA_SEA,LA,True,1027.0,2573.0,0.5428218245506287,4.0
2025,REG,16,2025_16_LA_SEA,LA,True,1031.0,2569.0,0.5778738558292389,4.0
2025,REG,16,2025_16_LA_SEA,LA,True,1031.0,2569.0,0.6207447648048401,1.0
2025,REG,16,2025_16_LA_SEA,LA,True,1035.0,2565.0,0.6654083728790283,1.0
2025,REG,16,2025_16_LA_SEA,LA,True,1035.0,2565.0,0.6858748197555542,1.0
2025,REG,16,2025_16_LA_SEA,LA,True,1035.0,2565.0,0.6689262390136719,1.0
2025,REG,16,2025_16_LA_SEA,LA,True,1080.0,2520.0,0.6548934578895569,1.0
2025,REG,16,2025_16_LA_SEA,LA,True,1122.0,2478.0,0.6309666037559509,1.0
2025,REG,16,2025_16_LA_SEA,LA,True,1160.0,2440.0,0.6345930695533752,1.0
2025,REG,16,2025_16_LA_SEA,LA,True,1176.0,2424.0,0.5541207194328308,1.0
2025,REG,16,2025_16_LA_SEA,LA,True,1208.0,2392.0,0.5471231639385223,1.0
2025,REG,16,2025_16_LA_SEA,LA,True,1247.0,2353.0,0.5289701521396637,1.0
2025,REG,16,2025_16_LA_SEA,LA,True,1284.0,2316.0,0.5261662900447845,1.0
2025,REG,16,2025_16_LA_SEA,LA,True,1327.0,2273.0,0.517950564622879,1.0
2025,REG,16,2025_16_LA_SEA,LA,True,1370.0,2230.0,0.47278350591659546,1.0
2025,REG,16,2025_16_LA_SEA,LA,True,1408.0,2192.0,0.45424020290374756,1.0
2025,REG,16,2025_16_LA_SEA,LA,True,1449.0,2151.0,0.4534493684768677,1.0
2025,REG,16,2025_16_LA_SEA,LA,True,1487.0,2113.0,0.45172882080078125,1.0
2025,REG,16,2025_16_LA_SEA,LA,True,1532.0,2068.0,0.4158637523651123,1.0
2025,REG,16,2025_16_LA_SEA,LA,True,1573.0,2027.0,0.41023337841033936,-5.0
2025,REG,16,2025_16_LA_SEA,LA,True,1577.0,2023.0,0.38668929210354874,-6.0
2025,REG,16,2025_16_LA_SEA,LA,True,1577.0,2023.0,0.3851161003112793,-6.0
2025,REG,16,2025_16_LA_SEA,LA,True,1577.0,2023.0,0.4074600338935852,-6.0
2025,REG,16,2025_16_LA_SEA,LA,True,1620.0,1980.0,0.3853375017642975,-6.0
2025,REG,16,2025_16_LA_SEA,LA,True,1665.0,1935.0,0.3188396096229553,-6.0
2025,REG,16,2025_16_LA_SEA,LA,True,1680.0,1920.0,0.4116235077381134,-6.0
2025,REG,16,2025_16_LA_SEA,LA,True,1713.0,1887.0,0.4053034782409668,-6.0
2025,REG,16,2025_16_LA_SEA,LA,True,1731.0,1869.0,0.4203885495662689,-6.0
2025,REG,16,2025_16_LA_SEA,LA,True,1734.0,1866.0,0.4266429841518402,-6.0
2025,REG,16,2025_16_LA_SEA,LA,True,1734.0,1866.0,0.4266429841518402,-6.0
2025,REG,16,2025_16_LA_SEA,LA,True,1742.0,1858.0,0.41022226214408875,-6.0
2025,REG,16,2025_16_LA_SEA,LA,True,1742.0,1858.0,0.41022226214408875,-6.0
2025,REG,16,2025_16_LA_SEA,LA,True,1749.0,1851.0,0.4437074065208435,-6.0
2025,REG,16,2025_16_LA_SEA,LA,True,1757.0,1843.0,0.2835264801979065,-6.0
2025,REG,16,2025_16_LA_SEA,LA,True,1757.0,1843.0,0.2835264801979065,-6.0
2025,REG,16,2025_16_LA_SEA,LA,True,1764.0,1836.0,0.29659807682037354,-6.0
2025,REG,16,2025_16_LA_SEA,LA,True,1769.0,1831.0,0.2743889093399048,-6.0
2025,REG,16,2025_16_LA_SEA,LA,True,1769.0,1831.0,0.2743889093399048,-6.0
2025,REG,16,2025_16_LA_SEA,LA,True,1800.0,1800.0,0.3341093957424164,-6.0
2025,REG,16,2025_16_LA_SEA,LA,True,1800.0,1800.0,0.3341093957424164,-6.0
2025,REG,16,2025_16_LA_SEA,LA,True,1800.0,1800.0,0.3524935245513916,-6.0
2025,REG,16,2025_16_LA_SEA,LA,True,1837.0,1763.0,0.3405173420906067,-6.0
2025,REG,16,2025_16_LA_SEA,LA,True,1874.0,1726.0,0.3629835247993469,-6.0
2025,REG,16,2025_16_LA_SEA,LA,True,1914.0,1686.0,0.3570353388786316,0.0
2025,REG,16,2025_16_LA_SEA,LA,True,1923.0,1677.0,0.549958435020218,1.0
2025,REG,16,2025_16_LA_SEA,LA,True,1923.0,1677.0,0.5511130094528198,1.0
2025,REG,16,2025_16_LA_SEA,LA,True,1929.0,1671.0,0.5511130094528198,1.0
2025,REG,16,2025_16_LA_SEA,LA,True,1970.0,1630.0,0.5682777762413025,1.0
2025,REG,16,2025_16_LA_SEA,LA,True,1973.0,1627.0,0.603256493806839,1.0
2025,REG,16,2025_16_LA_SEA,LA,True,2020.0,1580.0,0.4226296544075012,1.0
2025,REG,16,2025_16_LA_SEA,LA,True,2020.0,1580.0,0.4226296544075012,1.0
2025,REG,16,2025_16_LA_SEA,LA,True,2041.0,1559.0,0.45907044410705566,1.0
2025,REG,16,2025_16_LA_SEA,LA,True,2080.0,1520.0,0.4154711365699768,1.0
2025,REG,16,2025_16_LA_SEA,LA,True,2118.0,1482.0,0.4350489377975464,1.0
2025,REG,16,2025_16_LA_SEA,LA,True,2164.0,1436.0,0.480440616607666,1.0
2025,REG,16,2025_16_LA_SEA,LA,True,2180.0,1420.0,0.5070370733737946,-2.0
2025,REG,16,2025_16_LA_SEA,LA,True,2183.0,1417.0,0.4941767156124115,-2.0
2025,REG,16,2025_16_LA_SEA,LA,True,2183.0,1417.0,0.5163993835449219,-2.0
2025,REG,16,2025_16_LA_SEA,LA,True,2188.0,1412.0,0.4968770444393158,-2.0
2025,REG,16,2025_16_LA_SEA,LA,True,2188.0,1412.0,0.46998414397239685,-2.0
2025,REG,16,2025_16_LA_SEA,LA,True,2214.0,1386.0,0.5348278284072876,-2.0
2025,REG,16,2025_16_LA_SEA,LA,True,2251.0,1349.0,0.5061613917350769,-2.0
2025,REG,16,2025_16_LA_SEA,LA,True,2296.0,1304.0,0.48160436749458313,-2.0
2025,REG,16,2025_16_LA_SEA,LA,True,2306.0,1294.0,0.2396000623703003,-8.0
2025,REG,16,2025_16_LA_SEA,LA,True,2310.0,1290.0,0.21988197387482744,-9.0
2025,REG,16,2025_16_LA_SEA,LA,True,2310.0,1290.0,0.21923966705799103,-9.0
2025,REG,16,2025_16_LA_SEA,LA,True,2310.0,1290.0,0.23042456805706024,-9.0
2025,REG,16,2025_16_LA_SEA,LA,True,2346.0,1254.0,0.25407567620277405,-9.0
2025,REG,16,2025_16_LA_SEA,LA,True,2350.0,1250.0,0.2317700982093811,-9.0
2025,REG,16,2025_16_LA_SEA,LA,True,2378.0,1222.0,0.2568712532520294,-9.0
2025,REG,16,2025_16_LA_SEA,LA,True,2385.0,1215.0,0.24830976128578186,-9.0
2025,REG,16,2025_16_LA_SEA,LA,True,2424.0,1176.0,0.23563002049922943,-9.0
2025,REG,16,2025_16_LA_SEA,LA,True,2476.0,1124.0,0.20277002453804016,-9.0
2025,REG,16,2025_16_LA_SEA,LA,True,2481.0,1119.0,0.1732286810874939,-9.0
2025,REG,16,2025_16_LA_SEA,LA,True,2488.0,1112.0,0.17642802000045776,-9.0
2025,REG,16,2025_16_LA_SEA,LA,True,2519.0,1081.0,0.1675538420677185,-9.0
2025,REG,16,2025_16_LA_SEA,LA,True,2560.0,1040.0,0.17578387260437012,-9.0
2025,REG,16,2025_16_LA_SEA,LA,True,2600.0,1000.0,0.14323914051055908,-9.0
2025,REG,16,2025_16_LA_SEA,LA,True,2643.0,957.0,0.13562476634979248,-9.0
2025,REG,16,2025_16_LA_SEA,LA,True,2687.0,913.0,0.13223445415496826,-9.0
2025,REG,16,2025_16_LA_SEA,LA,True,2700.0,900.0,0.07564789056777954,-9.0
2025,REG,16,2025_16_LA_SEA,LA,True,2700.0,900.0,0.07564789056777954,-9.0
2025,REG,16,2025_16_LA_SEA,LA,True,2741.0,859.0,0.08332765102386475,-9.0
2025,REG,16,2025_16_LA_SEA,LA,True,2784.0,816.0,0.06488168239593506,-15.0
2025,REG,16,2025_16_LA_SEA,LA,True,2786.0,814.0,0.03707881528636625,-16.0
2025,REG,16,2025_16_LA_SEA,LA,True,2786.0,814.0,0.036287128925323486,-16.0
2025,REG,16,2025_16_LA_SEA,LA,True,2786.0,814.0,0.0432659313082695,-16.0
2025,REG,16,2025_16_LA_SEA,LA,True,2819.0,781.0,0.0587567500770092,-16.0
2025,REG,16,2025_16_LA_SEA,LA,True,2853.0,747.0,0.07230748981237411,-16.0
2025,REG,16,2025_16_LA_SEA,LA,True,2887.0,713.0,0.0748593881726265,-16.0
2025,REG,16,2025_16_LA_SEA,LA,True,2928.0,672.0,0.06697338819503784,-16.0
2025,REG,16,2025_16_LA_SEA,LA,True,2965.0,635.0,0.06500191986560822,-16.0
2025,REG,16,2025_16_LA_SEA,LA,True,3000.0,600.0,0.5290735645685345,0.0
2025,REG,16,2025_16_LA_SEA,LA,True,3005.0,595.0,0.053763046860694885,-16.0
2025,REG,16,2025_16_LA_SEA,LA,True,3008.0,592.0,0.5290735645685345,0.0
2025,REG,16,2025_16_LA_SEA,LA,True,3012.0,588.0,0.04883665591478348,-16.0
2025,REG,16,2025_16_LA_SEA,LA,True,3021.0,579.0,0.012258529663085938,-16.0
2025,REG,16,2025_16_LA_SEA,LA,True,3045.0,555.0,0.4805684902239591,0.0
2025,REG,16,2025_16_LA_SEA,LA,True,3056.0,544.0,0.008906781673431396,-16.0
2025,REG,16,2025_16_LA_SEA,LA,True,3084.0,516.0,0.4076184695586562,0.0
2025,REG,16,2025_16_LA_SEA,LA,True,3091.0,509.0,0.4518257883610204,0.0
2025,REG,16,2025_16_LA_SEA,LA,True,3097.0,503.0,0.36657856684178114,0.0
2025,REG,16,2025_16_LA_SEA,LA,True,3098.0,502.0,0.008449554443359375,-16.0
2025,REG,16,2025_16_LA_SEA,LA,True,3102.0,498.0,0.010901689529418945,-10.0
2025,REG,16,2025_16_LA_SEA,LA,True,3117.0,483.0,0.07374090343713768,-8.0
2025,REG,16,2025_16_LA_SEA,LA,True,3117.0,483.0,0.09290862083435059,-8.0
2025,REG,16,2025_16_LA_SEA,LA,True,3122.0,478.0,0.09181761741638184,-8.0
2025,REG,16,2025_16_LA_SEA,LA,True,3134.0,466.0,0.3941690620267764,0.0
2025,REG,16,2025_16_LA_SEA,LA,True,3138.0,462.0,0.4673196547664702,0.0
2025,REG,16,2025_16_LA_SEA,LA,True,3158.0,442.0,0.09135627746582031,-8.0
2025,REG,16,2025_16_LA_SEA,LA,True,3162.0,438.0,0.10113990306854248,-8.0
2025,REG,16,2025_16_LA_SEA,LA,True,3164.0,436.0,0.30984655395150185,0.0
2025,REG,16,2025_16_LA_SEA,LA,True,3171.0,429.0,0.1341550350189209,-8.0
2025,REG,16,2025_16_LA_SEA,LA,True,3178.0,422.0,0.17078958451747894,-8.0
2025,REG,16,2025_16_LA_SEA,LA,True,3204.0,396.0,0.36038826568983495,-6.0
2025,REG,16,2025_16_LA_SEA,LA,True,3210.0,390.0,0.23855599761009216,-2.0
2025,REG,16,2025_16_LA_SEA,LA,True,3213.0,387.0,0.18476313291797974,-7.0
2025,REG,16,2025_16_LA_SEA,LA,True,3213.0,387.0,0.49319123523309827,-7.0
2025,REG,16,2025_16_LA_SEA,LA,True,3213.0,387.0,0.49319123523309827,-7.0
2025,REG,16,2025_16_LA_SEA,LA,True,3217.0,383.0,0.4114777951538563,0.0
2025,REG,16,2025_16_LA_SEA,LA,True,3217.0,383.0,0.5286027193069458,0.0
2025,REG,16,2025_16_LA_SEA,LA,True,3222.0,378.0,0.5286027193069458,0.0
2025,REG,16,2025_16_LA_SEA,LA,True,3252.0,348.0,0.47435318771749735,-7.0
2025,REG,16,2025_16_LA_SEA,LA,True,3261.0,339.0,0.5514538288116455,0.0
2025,REG,16,2025_16_LA_SEA,LA,True,3266.0,334.0,0.5962367355823517,0.0
2025,REG,16,2025_16_LA_SEA,LA,True,3282.0,318.0,0.6519971494562924,-7.0
2025,REG,16,2025_16_LA_SEA,LA,True,3287.0,313.0,0.6079172757454216,-7.0
2025,REG,16,2025_16_LA_SEA,LA,True,3291.0,309.0,0.7085594141390175,-7.0
2025,REG,16,2025_16_LA_SEA,LA,True,3306.0,294.0,0.5990435779094696,0.0
2025,REG,16,2025_16_LA_SEA,LA,True,3313.0,287.0,0.5648526549339294,0.0
2025,REG,16,2025_16_LA_SEA,LA,True,3317.0,283.0,0.5400182604789734,0.0
2025,REG,16,2025_16_LA_SEA,LA,True,3331.0,269.0,0.649464227957651,-7.0
2025,REG,16,2025_16_LA_SEA,LA,True,3337.0,263.0,0.8726984834065661,-7.0
2025,REG,16,2025_16_LA_SEA,LA,True,3357.0,243.0,0.5037968754768372,0.0
2025,REG,16,2025_16_LA_SEA,LA,True,3376.0,224.0,0.8594414102844894,-7.0
2025,REG,16,2025_16_LA_SEA,LA,True,3381.0,219.0,0.8836280042305589,-7.0
2025,REG,16,2025_16_LA_SEA,LA,True,3395.0,205.0,0.4489845931529999,0.0
2025,REG,16,2025_16_LA_SEA,LA,True,3401.0,199.0,0.539315789937973,0.0
2025,REG,16,2025_16_LA_SEA,LA,True,3403.0,197.0,0.9057131013832986,-7.0
2025,REG,16,2025_16_LA_SEA,LA,True,3403.0,197.0,0.9057131013832986,-1.0
2025,REG,16,2025_16_LA_SEA,LA,True,3407.0,193.0,0.46809013238549235,-1.0
2025,REG,16,2025_16_LA_SEA,LA,True,3407.0,193.0,0.46809013238549235,-1.0
2025,REG,16,2025_16_LA_SEA,LA,True,3407.0,193.0,0.46809013238549235,1.0
2025,REG,16,2025_16_LA_SEA,LA,True,3407.0,193.0,1.0,1.0
2025,REG,16,2025_16_LA_SEA,LA,True,3435.0,165.0,0.5415709614753723,0.0
2025,REG,16,2025_16_LA_SEA,LA,True,3439.0,161.0,0.5693372189998627,0.0
2025,REG,16,2025_16_LA_SEA,LA,True,3448.0,152.0,0.3746679425239563,0.0
2025,REG,16,2025_16_LA_SEA,LA,True,3454.0,146.0,0.4309474229812622,0.0
2025,REG,16,2025_16_LA_SEA,LA,True,3460.0,140.0,0.37056267261505127,0.0
2025,REG,16,2025_16_LA_SEA,LA,True,3460.0,140.0,0.37056267261505127,0.0
2025,REG,16,2025_16_LA_SEA,LA,True,3465.0,135.0,0.37274473905563354,0.0
2025,REG,16,2025_16_LA_SEA,LA,True,3465.0,135.0,0.37274473905563354,0.0
2025,REG,16,2025_16_LA_SEA,LA,True,3469.0,131.0,0.44500815868377686,0.0
2025,REG,16,2025_16_LA_SEA,LA,True,3473.0,127.0,0.6602767705917358,0.0
2025,REG,16,2025_16_LA_SEA,LA,True,3480.0,120.0,0.6443602442741394,0.0
2025,REG,16,2025_16_LA_SEA,LA,True,3486.0,114.0,0.5505488514900208,0.0
2025,REG,16,2025_16_LA_SEA,LA,True,3486.0,114.0,0.5505488514900208,0.0
2025,REG,16,2025_16_LA_SEA,LA,True,3490.0,110.0,0.4827231168746948,0.0
2025,REG,16,2025_16_LA_SEA,LA,True,3498.0,102.0,0.516730010509491,0.0
2025,REG,16,2025_16_LA_SEA,LA,True,3502.0,98.0,0.513755738735199,0.0
2025,REG,16,2025_16_LA_SEA,LA,True,3530.0,70.0,0.40034401416778564,0.0
2025,REG,16,2025_16_LA_SEA,LA,True,3534.0,66.0,0.40722858905792236,0.0
2025,REG,16,2025_16_LA_SEA,LA,True,3538.0,62.0,0.3403704762458801,0.0
2025,REG,16,2025_16_LA_SEA,LA,True,3538.0,62.0,0.3403704762458801,0.0
2025,REG,16,2025_16_LA_SEA,LA,True,3543.0,57.0,0.3468201756477356,0.0
2025,REG,16,2025_16_LA_SEA,LA,True,3547.0,53.0,0.4002113342285156,0.0
2025,REG,16,2025_16_LA_SEA,LA,True,3551.0,49.0,0.487911581993103,0.0
2025,REG,16,2025_16_LA_SEA,LA,True,3558.0,42.0,0.5484309792518616,0.0
2025,REG,16,2025_16_LA_SEA,LA,True,3570.0,30.0,0.5667763352394104,0.0
2025,REG,16,2025_16_LA_SEA,LA,True,3571.0,29.0,0.5597414374351501,0.0
2025,REG,16,2025_16_LA_SEA,LA,True,3600.0,0.0,0.5290735645685345,0.0
2025,REG,17,2025_17_SEA_CAR,CAR,False,0.0,3600.0,0.4537382125854492,-0.0
2025,REG,17,2025_17_SEA_CAR,CAR,False,0.0,3600.0,0.4537382125854492,-0.0
2025,REG,17,2025_17_SEA_CAR,CAR,False,0.0,3600.0,0.4336097836494446,-0.0
2025,REG,17,2025_17_SEA_CAR,CAR,False,23.0,3577.0,0.4200235605239868,-0.0
2025,REG,17,2025_17_SEA_CAR,CAR,False,63.0,3537.0,0.44603878259658813,-0.0
2025,REG,17,2025_17_SEA_CAR,CAR,False,66.0,3534.0,0.4818810224533081,-0.0
2025,REG,17,2025_17_SEA_CAR,CAR,False,104.0,3496.0,0.5095349550247192,-0.0
2025,REG,17,2025_17_SEA_CAR,CAR,False,112.0,3488.0,0.48229026794433594,-0.0
2025,REG,17,2025_17_SEA_CAR,CAR,False,117.0,3483.0,0.4717908799648285,-0.0
2025,REG,17,2025_17_SEA_CAR,CAR,False,121.0,3479.0,0.4445418119430542,-0.0
2025,REG,17,2025_17_SEA_CAR,CAR,False,159.0,3441.0,0.5008236765861511,-0.0
2025,REG,17,2025_17_SEA_CAR,CAR,False,199.0,3401.0,0.4913281798362732,-0.0
2025,REG,17,2025_17_SEA_CAR,CAR,False,209.0,3391.0,0.42796045541763306,-0.0
2025,REG,17,2025_17_SEA_CAR,CAR,False,252.0,3348.0,0.4189610779285431,-0.0
2025,REG,17,2025_17_SEA_CAR,CAR,False,260.0,3340.0,0.45814669132232666,-0.0
2025,REG,17,2025_17_SEA_CAR,CAR,False,296.0,3304.0,0.46672314405441284,-0.0
2025,REG,17,2025_17_SEA_CAR,CAR,False,335.0,3265.0,0.4877181649208069,-0.0
2025,REG,17,2025_17_SEA_CAR,CAR,False,380.0,3220.0,0.5358757972717285,-0.0
2025,REG,17,2025_17_SEA_CAR,CAR,False,393.0,3207.0,0.5008236765861511,-0.0
2025,REG,17,2025_17_SEA_CAR,CAR,False,427.0,3173.0,0.5057327151298523,-0.0
2025,REG,17,2025_17_SEA_CAR,CAR,False,473.0,3127.0,0.4476572573184967,-0.0
2025,REG,17,2025_17_SEA_CAR,CAR,False,509.0,3091.0,0.5533214807510376,-0.0
2025,REG,17,2025_17_SEA_CAR,CAR,False,552.0,3048.0,0.5377745628356934,-0.0
2025,REG,17,2025_17_SEA_CAR,CAR,False,587.0,3013.0,0.5405431985855103,-0.0
2025,REG,17,2025_17_SEA_CAR,CAR,False,610.0,2990.0,0.6023982763290405,-0.0
2025,REG,17,2025_17_SEA_CAR,CAR,False,614.0,2986.0,0.5899748802185059,-0.0
2025,REG,17,2025_17_SEA_CAR,CAR,False,653.0,2947.0,0.5551977753639221,-0.0
2025,REG,17,2025_17_SEA_CAR,CAR,False,692.0,2908.0,0.5223124623298645,3.0
2025,REG,17,2025_17_SEA_CAR,CAR,False,697.0,2903.0,0.5615860223770142,3.0
2025,REG,17,2025_17_SEA_CAR,CAR,False,704.0,2896.0,0.5414150655269623,3.0
2025,REG,17,2025_17_SEA_CAR,CAR,False,738.0,2862.0,0.5827831029891968,3.0
2025,REG,17,2025_17_SEA_CAR,CAR,False,776.0,2824.0,0.5897943079471588,3.0
2025,REG,17,2025_17_SEA_CAR,CAR,False,780.0,2820.0,0.6113761365413666,3.0
2025,REG,17,2025_17_SEA_CAR,CAR,False,786.0,2814.0,0.6149331331253052,3.0
2025,REG,17,2025_17_SEA_CAR,CAR,False,832.0,2768.0,0.6326115727424622,3.0
2025,REG,17,2025_17_SEA_CAR,CAR,False,861.0,2739.0,0.6519497036933899,3.0
2025,REG,17,2025_17_SEA_CAR,CAR,False,900.0,2700.0,0.6589027643203735,3.0
2025,REG,17,2025_17_SEA_CAR,CAR,False,900.0,2700.0,0.6589027643203735,3.0
2025,REG,17,2025_17_SEA_CAR,CAR,False,938.0,2662.0,0.6489992141723633,3.0
2025,REG,17,2025_17_SEA_CAR,CAR,False,985.0,2615.0,0.6124381422996521,3.0
2025,REG,17,2025_17_SEA_CAR,CAR,False,990.0,2610.0,0.6088497042655945,3.0
2025,REG,17,2025_17_SEA_CAR,CAR,False,997.0,2603.0,0.5702790319919586,3.0
2025,REG,17,2025_17_SEA_CAR,CAR,False,1001.0,2599.0,0.5893073379993439,3.0
2025,REG,17,2025_17_SEA_CAR,CAR,False,1006.0,2594.0,0.5561740398406982,3.0
2025,REG,17,2025_17_SEA_CAR,CAR,False,1045.0,2555.0,0.5617573857307434,3.0
2025,REG,17,2025_17_SEA_CAR,CAR,False,1087.0,2513.0,0.5345520079135895,3.0
2025,REG,17,2025_17_SEA_CAR,CAR,False,1131.0,2469.0,0.5509161353111267,3.0
2025,REG,17,2025_17_SEA_CAR,CAR,False,1159.0,2441.0,0.5505944192409515,3.0
2025,REG,17,2025_17_SEA_CAR,CAR,False,1201.0,2399.0,0.5860230028629303,3.0
2025,REG,17,2025_17_SEA_CAR,CAR,False,1251.0,2349.0,0.5213738977909088,3.0
2025,REG,17,2025_17_SEA_CAR,CAR,False,1251.0,2349.0,0.5213738977909088,3.0
2025,REG,17,2025_17_SEA_CAR,CAR,False,1286.0,2314.0,0.508871465921402,3.0
2025,REG,17,2025_17_SEA_CAR,CAR,False,1330.0,2270.0,0.5141923427581787,3.0
2025,REG,17,2025_17_SEA_CAR,CAR,False,1380.0,2220.0,0.5858062505722046,3.0
2025,REG,17,2025_17_SEA_CAR,CAR,False,1385.0,2215.0,0.6625645756721497,3.0
2025,REG,17,2025_17_SEA_CAR,CAR,False,1423.0,2177.0,0.6595516800880432,3.0
2025,REG,17,2025_17_SEA_CAR,CAR,False,1467.0,2133.0,0.64035564661026,3.0
2025,REG,17,2025_17_SEA_CAR,CAR,False,1481.0,2119.0,0.45963478088378906,3.0
2025,REG,17,2025_17_SEA_CAR,CAR,False,1524.0,2076.0,0.4338224530220032,3.0
2025,REG,17,2025_17_SEA_CAR,CAR,False,1530.0,2070.0,0.4537948966026306,3.0
2025,REG,17,2025_17_SEA_CAR,CAR,False,1570.0,2030.0,0.5052427649497986,-0.0
2025,REG,17,2025_17_SEA_CAR,CAR,False,1574.0,2026.0,0.4978466331958771,-0.0
2025,REG,17,2025_17_SEA_CAR,CAR,False,1581.0,2019.0,0.5049635171890259,-0.0
2025,REG,17,2025_17_SEA_CAR,CAR,False,1622.0,1978.0,0.5265644192695618,-0.0
2025,REG,17,2025_17_SEA_CAR,CAR,False,1663.0,1937.0,0.5284985899925232,-0.0
2025,REG,17,2025_17_SEA_CAR,CAR,False,1680.0,1920.0,0.5293936729431152,-0.0
2025,REG,17,2025_17_SEA_CAR,CAR,False,1721.0,1879.0,0.5588027238845825,-0.0
2025,REG,17,2025_17_SEA_CAR,CAR,False,1726.0,1874.0,0.5476771593093872,-0.0
2025,REG,17,2025_17_SEA_CAR,CAR,False,1726.0,1874.0,0.5476771593093872,-0.0
2025,REG,17,2025_17_SEA_CAR,CAR,False,1750.0,1850.0,0.5187973380088806,-0.0
2025,REG,17,2025_17_SEA_CAR,CAR,False,1774.0,1826.0,0.5339765548706055,-0.0
2025,REG,17,2025_17_SEA_CAR,CAR,False,1783.0,1817.0,0.44294655323028564,-0.0
2025,REG,17,2025_17_SEA_CAR,CAR,False,1792.0,1808.0,0.4604381322860718,-0.0
2025,REG,17,2025_17_SEA_CAR,CAR,False,1792.0,1808.0,0.4604381322860718,-0.0
2025,REG,17,2025_17_SEA_CAR,CAR,False,1792.0,1808.0,0.4604381322860718,-0.0
2025,REG,17,2025_17_SEA_CAR,CAR,False,1797.0,1803.0,0.4787033200263977,-0.0
2025,REG,17,2025_17_SEA_CAR,CAR,False,1800.0,1800.0,0.4659733176231384,-0.0
2025,REG,17,2025_17_SEA_CAR,CAR,False,1800.0,1800.0,0.4659733176231384,-0.0
2025,REG,17,2025_17_SEA_CAR,CAR,False,1800.0,1800.0,0.48789313435554504,-0.0
2025,REG,17,2025_17_SEA_CAR,CAR,False,1843.0,1757.0,0.4695931375026703,-0.0
2025,REG,17,2025_17_SEA_CAR,CAR,False,1881.0,1719.0,0.518860936164856,-0.0
2025,REG,17,2025_17_SEA_CAR,CAR,False,1920.0,1680.0,0.50053471326828,-0.0
2025,REG,17,2025_17_SEA_CAR,CAR,False,1961.0,1639.0,0.6023054122924805,-0.0
2025,REG,17,2025_17_SEA_CAR,CAR,False,1968.0,1632.0,0.5873076915740967,-0.0
2025,REG,17,2025_17_SEA_CAR,CAR,False,1974.0,1626.0,0.44506144523620605,-0.0
2025,REG,17,2025_17_SEA_CAR,CAR,False,1979.0,1621.0,0.6029378175735474,-0.0
2025,REG,17,2025_17_SEA_CAR,CAR,False,2022.0,1578.0,0.5574750304222107,-0.0
2025,REG,17,2025_17_SEA_CAR,CAR,False,2065.0,1535.0,0.5550599694252014,-0.0
2025,REG,17,2025_17_SEA_CAR,CAR,False,2092.0,1508.0,0.6381057500839233,-0.0
2025,REG,17,2025_17_SEA_CAR,CAR,False,2129.0,1471.0,0.6435654163360596,-0.0
2025,REG,17,2025_17_SEA_CAR,CAR,False,2171.0,1429.0,0.616167426109314,6.0
2025,REG,17,2025_17_SEA_CAR,CAR,False,2175.0,1425.0,0.7127355928991144,7.0
2025,REG,17,2025_17_SEA_CAR,CAR,False,2175.0,1425.0,0.7141126394271851,7.0
2025,REG,17,2025_17_SEA_CAR,CAR,False,2181.0,1419.0,0.695620208978653,7.0
2025,REG,17,2025_17_SEA_CAR,CAR,False,2219.0,1381.0,0.69338259100914,7.0
2025,REG,17,2025_17_SEA_CAR,CAR,False,2226.0,1374.0,0.7096381187438965,7.0
2025,REG,17,2025_17_SEA_CAR,CAR,False,2239.0,1361.0,0.827475905418396,7.0
2025,REG,17,2025_17_SEA_CAR,CAR,False,2279.0,1321.0,0.8472679257392883,7.0
2025,REG,17,2025_17_SEA_CAR,CAR,False,2322.0,1278.0,0.8515772223472595,7.0
2025,REG,17,2025_17_SEA_CAR,CAR,False,2361.0,1239.0,0.8663376569747925,13.0
2025,REG,17,2025_17_SEA_CAR,CAR,False,2368.0,1232.0,0.8930066369633972,14.0
2025,REG,17,2025_17_SEA_CAR,CAR,False,2368.0,1232.0,0.8931296020746231,14.0
2025,REG,17,2025_17_SEA_CAR,CAR,False,2375.0,1225.0,0.8743460476398468,14.0
2025,REG,17,2025_17_SEA_CAR,CAR,False,2408.0,1192.0,0.882889062166214,14.0
2025,REG,17,2025_17_SEA_CAR,CAR,False,2443.0,1157.0,0.8970998823642731,14.0
2025,REG,17,2025_17_SEA_CAR,CAR,False,2447.0,1153.0,0.9230353832244873,14.0
2025,REG,17,2025_17_SEA_CAR,CAR,False,2447.0,1153.0,0.9230353832244873,14.0
2025,REG,17,2025_17_SEA_CAR,CAR,False,2486.0,1114.0,0.8908732980489731,14.0
2025,REG,17,2025_17_SEA_CAR,CAR,False,2527.0,1073.0,0.9009459763765335,14.0
2025,REG,17,2025_17_SEA_CAR,CAR,False,2573.0,1027.0,0.9153164848685265,14.0
2025,REG,17,2025_17_SEA_CAR,CAR,False,2612.0,988.0,0.8902437388896942,14.0
2025,REG,17,2025_17_SEA_CAR,CAR,False,2642.0,958.0,0.8652108907699585,14.0
2025,REG,17,2025_17_SEA_CAR,CAR,False,2687.0,913.0,0.8712170273065567,14.0
2025,REG,17,2025_17_SEA_CAR,CAR,False,2700.0,900.0,0.835691973567009,14.0
2025,REG,17,2025_17_SEA_CAR,CAR,False,2700.0,900.0,0.835691973567009,14.0
2025,REG,17,2025_17_SEA_CAR,CAR,False,2736.0,864.0,0.8528457432985306,14.0
2025,REG,17,2025_17_SEA_CAR,CAR,False,2772.0,828.0,0.8288536965847015,8.0
2025,REG,17,2025_17_SEA_CAR,CAR,False,2779.0,821.0,0.827343976112728,7.0
2025,REG,17,2025_17_SEA_CAR,CAR,False,2779.0,821.0,0.8240804076194763,7.0
2025,REG,17,2025_17_SEA_CAR,CAR,False,2786.0,814.0,0.8379347324371338,7.0
2025,REG,17,2025_17_SEA_CAR,CAR,False,2825.0,775.0,0.8214870095252991,7.0
2025,REG,17,2025_17_SEA_CAR,CAR,False,2871.0,729.0,0.8452802896499634,7.0
2025,REG,17,2025_17_SEA_CAR,CAR,False,2906.0,694.0,0.8703742623329163,7.0
2025,REG,17,2025_17_SEA_CAR,CAR,False,2949.0,651.0,0.8697343468666077,7.0
2025,REG,17,2025_17_SEA_CAR,CAR,False,2997.0,603.0,0.8596694469451904,7.0
2025,REG,17,2025_17_SEA_CAR,CAR,False,2997.0,603.0,0.8522455096244812,7.0
2025,REG,17,2025_17_SEA_CAR,CAR,False,3015.0,585.0,0.9052082896232605,7.0
2025,REG,17,2025_17_SEA_CAR,CAR,False,3052.0,548.0,0.8957591652870178,7.0
2025,REG,17,2025_17_SEA_CAR,CAR,False,3096.0,504.0,0.9035117626190186,7.0
2025,REG,17,2025_17_SEA_CAR,CAR,False,3141.0,459.0,0.9188452959060669,7.0
2025,REG,17,2025_17_SEA_CAR,CAR,False,3170.0,430.0,0.9292160868644714,7.0
2025,REG,17,2025_17_SEA_CAR,CAR,False,3213.0,387.0,0.9352951645851135,7.0
2025,REG,17,2025_17_SEA_CAR,CAR,False,3219.0,381.0,0.9276785254478455,7.0
2025,REG,17,2025_17_SEA_CAR,CAR,False,3264.0,336.0,0.9177131056785583,7.0
2025,REG,17,2025_17_SEA_CAR,CAR,False,3264.0,336.0,0.9181836247444153,10.0
2025,REG,17,2025_17_SEA_CAR,CAR,False,3267.0,333.0,0.9312971606850624,10.0
2025,REG,17,2025_17_SEA_CAR,CAR,False,3274.0,326.0,0.9312971606850624,10.0
2025,REG,17,2025_17_SEA_CAR,CAR,False,3301.0,299.0,0.9208597615361214,10.0
2025,REG,17,2025_17_SEA_CAR,CAR,False,3330.0,270.0,0.9300174042582512,10.0
2025,REG,17,2025_17_SEA_CAR,CAR,False,3373.0,227.0,0.9693175628781319,10.0
2025,REG,17,2025_17_SEA_CAR,CAR,False,3380.0,220.0,0.985901951789856,10.0
2025,REG,17,2025_17_SEA_CAR,CAR,False,3386.0,214.0,0.9879148006439209,10.0
2025,REG,17,2025_17_SEA_CAR,CAR,False,3386.0,214.0,0.9879148006439209,10.0
2025,REG,17,2025_17_SEA_CAR,CAR,False,3394.0,206.0,0.9923863410949707,10.0
2025,REG,17,2025_17_SEA_CAR,CAR,False,3394.0,206.0,0.9923863410949707,10.0
2025,REG,17,2025_17_SEA_CAR,CAR,False,3400.0,200.0,0.9924463629722595,10.0
2025,REG,17,2025_17_SEA_CAR,CAR,False,3400.0,200.0,0.9924463629722595,10.0
2025,REG,17,2025_17_SEA_CAR,CAR,False,3445.0,155.0,0.9929594993591309,16.0
2025,REG,17,2025_17_SEA_CAR,CAR,False,3449.0,151.0,0.9990956740812338,17.0
2025,REG,17,2025_17_SEA_CAR,CAR,False,3449.0,151.0,0.9991086877416819,17.0
2025,REG,17,2025_17_SEA_CAR,CAR,False,3454.0,146.0,0.999139622610528,17.0
2025,REG,17,2025_17_SEA_CAR,CAR,False,3454.0,146.0,0.999139622610528,17.0
2025,REG,17,2025_17_SEA_CAR,CAR,False,3480.0,120.0,0.9994236349593848,17.0
2025,REG,17,2025_17_SEA_CAR,CAR,False,3521.0,79.0,0.999548540043179,17.0
2025,REG,17,2025_17_SEA_CAR,CAR,False,3561.0,39.0,0.9997473786643241,17.0
2025,REG,17,2025_17_SEA_CAR,CAR,False,3566.0,34.0,0.9997312426567078,17.0
2025,REG,17,2025_17_SEA_CAR,CAR,False,3600.0,0.0,1.0,17.0
2025,REG,18,2025_18_SEA_SF,SF,False,0.0,3600.0,0.4332079589366913,-0.0
2025,REG,18,2025_18_SEA_SF,SF,False,0.0,3600.0,0.4332079589366913,-0.0
2025,REG,18,2025_18_SEA_SF,SF,False,0.0,3600.0,0.433546245098114,-0.0
2025,REG,18,2025_18_SEA_SF,SF,False,32.0,3568.0,0.42164847254753113,-0.0
2025,REG,18,2025_18_SEA_SF,SF,False,69.0,3531.0,0.454899400472641,-0.0
2025,REG,18,2025_18_SEA_SF,SF,False,114.0,3486.0,0.5121939778327942,-0.0
2025,REG,18,2025_18_SEA_SF,SF,False,157.0,3443.0,0.5286112427711487,-0.0
2025,REG,18,2025_18_SEA_SF,SF,False,198.0,3402.0,0.49457627534866333,-0.0
2025,REG,18,2025_18_SEA_SF,SF,False,240.0,3360.0,0.5511265993118286,-0.0
2025,REG,18,2025_18_SEA_SF,SF,False,278.0,3322.0,0.5575833916664124,-0.0
2025,REG,18,2025_18_SEA_SF,SF,False,319.0,3281.0,0.5860846638679504,-0.0
2025,REG,18,2025_18_SEA_SF,SF,False,323.0,3277.0,0.6160797476768494,-0.0
2025,REG,18,2025_18_SEA_SF,SF,False,364.0,3236.0,0.5524126887321472,-0.0
2025,REG,18,2025_18_SEA_SF,SF,False,411.0,3189.0,0.5330504775047302,-0.0
2025,REG,18,2025_18_SEA_SF,SF,False,411.0,3189.0,0.5330504775047302,-0.0
2025,REG,18,2025_18_SEA_SF,SF,False,453.0,3147.0,0.5087318420410156,-0.0
2025,REG,18,2025_18_SEA_SF,SF,False,457.0,3143.0,0.41357094049453735,-0.0
2025,REG,18,2025_18_SEA_SF,SF,False,493.0,3107.0,0.43072837591171265,-0.0
2025,REG,18,2025_18_SEA_SF,SF,False,532.0,3068.0,0.4200085997581482,-0.0
2025,REG,18,2025_18_SEA_SF,SF,False,536.0,3064.0,0.4550272226333618,-0.0
2025,REG,18,2025_18_SEA_SF,SF,False,548.0,3052.0,0.5344057679176331,-0.0
2025,REG,18,2025_18_SEA_SF,SF,False,584.0,3016.0,0.5212957262992859,-0.0
2025,REG,18,2025_18_SEA_SF,SF,False,623.0,2977.0,0.5189967155456543,6.0
2025,REG,18,2025_18_SEA_SF,SF,False,631.0,2969.0,0.6130615809989797,7.0
2025,REG,18,2025_18_SEA_SF,SF,False,631.0,2969.0,0.6143396496772766,7.0
2025,REG,18,2025_18_SEA_SF,SF,False,631.0,2969.0,0.5919850468635559,7.0
2025,REG,18,2025_18_SEA_SF,SF,False,667.0,2933.0,0.6076230406761169,7.0
2025,REG,18,2025_18_SEA_SF,SF,False,705.0,2895.0,0.6298822462558746,7.0
2025,REG,18,2025_18_SEA_SF,SF,False,747.0,2853.0,0.6462745368480682,7.0
2025,REG,18,2025_18_SEA_SF,SF,False,754.0,2846.0,0.6489788293838501,7.0
2025,REG,18,2025_18_SEA_SF,SF,False,793.0,2807.0,0.6931214928627014,7.0
2025,REG,18,2025_18_SEA_SF,SF,False,833.0,2767.0,0.6773046851158142,7.0
2025,REG,18,2025_18_SEA_SF,SF,False,871.0,2729.0,0.6971362233161926,7.0
2025,REG,18,2025_18_SEA_SF,SF,False,899.0,2701.0,0.6814311742782593,7.0
2025,REG,18,2025_18_SEA_SF,SF,False,900.0,2700.0,0.6683058142662048,7.0
2025,REG,18,2025_18_SEA_SF,SF,False,900.0,2700.0,0.6683058142662048,7.0
2025,REG,18,2025_18_SEA_SF,SF,False,912.0,2688.0,0.7188117504119873,7.0
2025,REG,18,2025_18_SEA_SF,SF,False,954.0,2646.0,0.7419583797454834,7.0
2025,REG,18,2025_18_SEA_SF,SF,False,962.0,2638.0,0.7298651933670044,7.0
2025,REG,18,2025_18_SEA_SF,SF,False,1006.0,2594.0,0.6983172297477722,7.0
2025,REG,18,2025_18_SEA_SF,SF,False,1048.0,2552.0,0.6666327118873596,7.0
2025,REG,18,2025_18_SEA_SF,SF,False,1052.0,2548.0,0.5966743230819702,7.0
2025,REG,18,2025_18_SEA_SF,SF,False,1093.0,2507.0,0.5884149372577667,7.0
2025,REG,18,2025_18_SEA_SF,SF,False,1129.0,2471.0,0.5890927910804749,7.0
2025,REG,18,2025_18_SEA_SF,SF,False,1168.0,2432.0,0.6194141209125519,7.0
2025,REG,18,2025_18_SEA_SF,SF,False,1173.0,2427.0,0.6470934748649597,7.0
2025,REG,18,2025_18_SEA_SF,SF,False,1219.0,2381.0,0.6441310048103333,7.0
2025,REG,18,2025_18_SEA_SF,SF,False,1219.0,2381.0,0.6441310048103333,7.0
2025,REG,18,2025_18_SEA_SF,SF,False,1225.0,2375.0,0.6794277429580688,7.0
2025,REG,18,2025_18_SEA_SF,SF,False,1268.0,2332.0,0.7032504081726074,7.0
2025,REG,18,2025_18_SEA_SF,SF,False,1308.0,2292.0,0.7240502238273621,7.0
2025,REG,18,2025_18_SEA_SF,SF,False,1349.0,2251.0,0.7196846008300781,7.0
2025,REG,18,2025_18_SEA_SF,SF,False,1377.0,2223.0,0.7580611109733582,7.0
2025,REG,18,2025_18_SEA_SF,SF,False,1414.0,2186.0,0.7648550868034363,7.0
2025,REG,18,2025_18_SEA_SF,SF,False,1433.0,2167.0,0.7375340461730957,7.0
2025,REG,18,2025_18_SEA_SF,SF,False,1472.0,2128.0,0.7402759790420532,7.0
2025,REG,18,2025_18_SEA_SF,SF,False,1477.0,2123.0,0.6986724138259888,10.0
2025,REG,18,2025_18_SEA_SF,SF,False,1481.0,2119.0,0.7475310266017914,10.0
2025,REG,18,2025_18_SEA_SF,SF,False,1481.0,2119.0,0.7248024642467499,10.0
2025,REG,18,2025_18_SEA_SF,SF,False,1522.0,2078.0,0.7556450963020325,10.0
2025,REG,18,2025_18_SEA_SF,SF,False,1560.0,2040.0,0.776437059044838,10.0
2025,REG,18,2025_18_SEA_SF,SF,False,1597.0,2003.0,0.7054071724414825,10.0
2025,REG,18,2025_18_SEA_SF,SF,False,1638.0,1962.0,0.7095992863178253,10.0
2025,REG,18,2025_18_SEA_SF,SF,False,1680.0,1920.0,0.6958574950695038,10.0
2025,REG,18,2025_18_SEA_SF,SF,False,1715.0,1885.0,0.6943254768848419,10.0
2025,REG,18,2025_18_SEA_SF,SF,False,1723.0,1877.0,0.6897110641002655,10.0
2025,REG,18,2025_18_SEA_SF,SF,False,1730.0,1870.0,0.7373244166374207,10.0
2025,REG,18,2025_18_SEA_SF,SF,False,1730.0,1870.0,0.7373244166374207,7.0
2025,REG,18,2025_18_SEA_SF,SF,False,1734.0,1866.0,0.7115910649299622,7.0
2025,REG,18,2025_18_SEA_SF,SF,False,1740.0,1860.0,0.7341508269309998,7.0
2025,REG,18,2025_18_SEA_SF,SF,False,1776.0,1824.0,0.6920543313026428,7.0
2025,REG,18,2025_18_SEA_SF,SF,False,1800.0,1800.0,0.7069733738899231,7.0
2025,REG,18,2025_18_SEA_SF,SF,False,1800.0,1800.0,0.7069733738899231,7.0
2025,REG,18,2025_18_SEA_SF,SF,False,1805.0,1795.0,0.7194753587245941,7.0
2025,REG,18,2025_18_SEA_SF,SF,False,1840.0,1760.0,0.7142916619777679,7.0
2025,REG,18,2025_18_SEA_SF,SF,False,1876.0,1724.0,0.720702737569809,7.0
2025,REG,18,2025_18_SEA_SF,SF,False,1915.0,1685.0,0.700194388628006,7.0
2025,REG,18,2025_18_SEA_SF,SF,False,1951.0,1649.0,0.6685473024845123,7.0
2025,REG,18,2025_18_SEA_SF,SF,False,1989.0,1611.0,0.6777437031269073,7.0
2025,REG,18,2025_18_SEA_SF,SF,False,2032.0,1568.0,0.675493448972702,7.0
2025,REG,18,2025_18_SEA_SF,SF,False,2074.0,1526.0,0.7354623377323151,7.0
2025,REG,18,2025_18_SEA_SF,SF,False,2079.0,1521.0,0.7530547678470612,7.0
2025,REG,18,2025_18_SEA_SF,SF,False,2093.0,1507.0,0.7677512168884277,7.0
2025,REG,18,2025_18_SEA_SF,SF,False,2135.0,1465.0,0.752417266368866,7.0
2025,REG,18,2025_18_SEA_SF,SF,False,2173.0,1427.0,0.7739332318305969,7.0
2025,REG,18,2025_18_SEA_SF,SF,False,2216.0,1384.0,0.8283037543296814,7.0
2025,REG,18,2025_18_SEA_SF,SF,False,2244.0,1356.0,0.8110125660896301,7.0
2025,REG,18,2025_18_SEA_SF,SF,False,2286.0,1314.0,0.7544875144958496,7.0
2025,REG,18,2025_18_SEA_SF,SF,False,2293.0,1307.0,0.731859564781189,7.0
2025,REG,18,2025_18_SEA_SF,SF,False,2334.0,1266.0,0.7393019795417786,7.0
2025,REG,18,2025_18_SEA_SF,SF,False,2378.0,1222.0,0.7253426313400269,7.0
2025,REG,18,2025_18_SEA_SF,SF,False,2423.0,1177.0,0.7805157750844955,7.0
2025,REG,18,2025_18_SEA_SF,SF,False,2429.0,1171.0,0.792939305305481,7.0
2025,REG,18,2025_18_SEA_SF,SF,False,2468.0,1132.0,0.7472859621047974,7.0
2025,REG,18,2025_18_SEA_SF,SF,False,2472.0,1128.0,0.7262282371520996,7.0
2025,REG,18,2025_18_SEA_SF,SF,False,2515.0,1085.0,0.8144279718399048,7.0
2025,REG,18,2025_18_SEA_SF,SF,False,2557.0,1043.0,0.8403416275978088,7.0
2025,REG,18,2025_18_SEA_SF,SF,False,2600.0,1000.0,0.8638431429862976,7.0
2025,REG,18,2025_18_SEA_SF,SF,False,2604.0,996.0,0.8558346629142761,7.0
2025,REG,18,2025_18_SEA_SF,SF,False,2647.0,953.0,0.8422096967697144,7.0
2025,REG,18,2025_18_SEA_SF,SF,False,2649.0,951.0,0.8783166408538818,7.0
2025,REG,18,2025_18_SEA_SF,SF,False,2686.0,914.0,0.8651582598686218,7.0
2025,REG,18,2025_18_SEA_SF,SF,False,2700.0,900.0,0.8571779131889343,7.0
2025,REG,18,2025_18_SEA_SF,SF,False,2700.0,900.0,0.8571779131889343,7.0
2025,REG,18,2025_18_SEA_SF,SF,False,2742.0,858.0,0.847420334815979,10.0
2025,REG,18,2025_18_SEA_SF,SF,False,2745.0,855.0,0.8366779536008835,10.0
2025,REG,18,2025_18_SEA_SF,SF,False,2751.0,849.0,0.8198863416910172,10.0
2025,REG,18,2025_18_SEA_SF,SF,False,2785.0,815.0,0.8057338297367096,10.0
2025,REG,18,2025_18_SEA_SF,SF,False,2824.0,776.0,0.7838283628225327,10.0
2025,REG,18,2025_18_SEA_SF,SF,False,2861.0,739.0,0.7895922809839249,10.0
2025,REG,18,2025_18_SEA_SF,SF,False,2902.0,698.0,0.7184722423553467,10.0
2025,REG,18,2025_18_SEA_SF,SF,False,2935.0,665.0,0.6916731595993042,10.0
2025,REG,18,2025_18_SEA_SF,SF,False,2973.0,627.0,0.745908260345459,10.0
2025,REG,18,2025_18_SEA_SF,SF,False,2979.0,621.0,0.9013492465019226,10.0
2025,REG,18,2025_18_SEA_SF,SF,False,3019.0,581.0,0.9140303134918213,10.0
2025,REG,18,2025_18_SEA_SF,SF,False,3054.0,546.0,0.9361996054649353,10.0
2025,REG,18,2025_18_SEA_SF,SF,False,3094.0,506.0,0.9297975301742554,10.0
2025,REG,18,2025_18_SEA_SF,SF,False,3145.0,455.0,0.9518828988075256,10.0
2025,REG,18,2025_18_SEA_SF,SF,False,3169.0,431.0,0.956603467464447,10.0
2025,REG,18,2025_18_SEA_SF,SF,False,3209.0,391.0,0.9626438021659851,10.0
2025,REG,18,2025_18_SEA_SF,SF,False,3251.0,349.0,0.9675617814064026,10.0
2025,REG,18,2025_18_SEA_SF,SF,False,3289.0,311.0,0.963821530342102,10.0
2025,REG,18,2025_18_SEA_SF,SF,False,3331.0,269.0,0.9768373966217041,10.0
2025,REG,18,2025_18_SEA_SF,SF,False,3337.0,263.0,0.9710701704025269,10.0
2025,REG,18,2025_18_SEA_SF,SF,False,3348.0,252.0,0.9725654125213623,10.0
2025,REG,18,2025_18_SEA_SF,SF,False,3348.0,252.0,0.9725654125213623,10.0
2025,REG,18,2025_18_SEA_SF,SF,False,3358.0,242.0,0.9871264100074768,10.0
2025,REG,18,2025_18_SEA_SF,SF,False,3358.0,242.0,0.9871264100074768,10.0
2025,REG,18,2025_18_SEA_SF,SF,False,3363.0,237.0,0.9857555031776428,10.0
2025,REG,18,2025_18_SEA_SF,SF,False,3363.0,237.0,0.9857555031776428,10.0
2025,REG,18,2025_18_SEA_SF,SF,False,3408.0,192.0,0.9911504983901978,10.0
2025,REG,18,2025_18_SEA_SF,SF,False,3456.0,144.0,0.9908748865127563,10.0
2025,REG,18,2025_18_SEA_SF,SF,False,3456.0,144.0,0.9900903701782227,10.0
2025,REG,18,2025_18_SEA_SF,SF,False,3460.0,140.0,0.9820815809071064,10.0
2025,REG,18,2025_18_SEA_SF,SF,False,3464.0,136.0,0.984634161926806,10.0
2025,REG,18,2025_18_SEA_SF,SF,False,3480.0,120.0,0.9839226715266705,10.0
2025,REG,18,2025_18_SEA_SF,SF,False,3485.0,115.0,0.9891765285283327,10.0
2025,REG,18,2025_18_SEA_SF,SF,False,3489.0,111.0,0.9974652528762817,10.0
2025,REG,18,2025_18_SEA_SF,SF,False,3528.0,72.0,0.9981118440628052,10.0
2025,REG,18,2025_18_SEA_SF,SF,False,3560.0,40.0,0.9979962706565857,10.0
2025,REG,18,2025_18_SEA_SF,SF,False,3600.0,0.0,1.0,10.0
2025,POST,20,2025_20_SF_SEA,SF,True,0.0,3600.0,0.5462617874145508,0.0
2025,POST,20,2025_20_SF_SEA,SF,True,0.0,3600.0,0.5462617874145508,6.0
2025,POST,20,2025_20_SF_SEA,SF,True,13.0,3587.0,0.7562572581350133,7.0
2025,POST,20,2025_20_SF_SEA,SF,True,13.0,3587.0,0.7578220814466476,7.0
2025,POST,20,2025_20_SF_SEA,SF,True,13.0,3587.0,0.7315758168697357,7.0
2025,POST,20,2025_20_SF_SEA,SF,True,19.0,3581.0,0.7446193993091583,7.0
2025,POST,20,2025_20_SF_SEA,SF,True,55.0,3545.0,0.6886062026023865,7.0
2025,POST,20,2025_20_SF_SEA,SF,True,93.0,3507.0,0.6627298295497894,7.0
2025,POST,20,2025_20_SF_SEA,SF,True,130.0,3470.0,0.6598062813282013,7.0
2025,POST,20,2025_20_SF_SEA,SF,True,172.0,3428.0,0.6790014207363129,7.0
2025,POST,20,2025_20_SF_SEA,SF,True,219.0,3381.0,0.7157099545001984,7.0
2025,POST,20,2025_20_SF_SEA,SF,True,219.0,3381.0,0.7157099545001984,7.0
2025,POST,20,2025_20_SF_SEA,SF,True,224.0,3376.0,0.7431281805038452,7.0
2025,POST,20,2025_20_SF_SEA,SF,True,243.0,3357.0,0.7330237627029419,7.0
2025,POST,20,2025_20_SF_SEA,SF,True,270.0,3330.0,0.754342257976532,7.0
2025,POST,20,2025_20_SF_SEA,SF,True,275.0,3325.0,0.7673982977867126,7.0
2025,POST,20,2025_20_SF_SEA,SF,True,319.0,3281.0,0.7961174845695496,7.0
2025,POST,20,2025_20_SF_SEA,SF,True,359.0,3241.0,0.7903860807418823,7.0
2025,POST,20,2025_20_SF_SEA,SF,True,401.0,3199.0,0.798840343952179,7.0
2025,POST,20,2025_20_SF_SEA,SF,True,446.0,3154.0,0.813126802444458,7.0
2025,POST,20,2025_20_SF_SEA,SF,True,466.0,3134.0,0.794252336025238,7.0
2025,POST,20,2025_20_SF_SEA,SF,True,507.0,3093.0,0.8052842617034912,7.0
2025,POST,20,2025_20_SF_SEA,SF,True,545.0,3055.0,0.8192257881164551,7.0
2025,POST,20,2025_20_SF_SEA,SF,True,590.0,3010.0,0.7690526843070984,10.0
2025,POST,20,2025_20_SF_SEA,SF,True,594.0,3006.0,0.7735029608011246,10.0
2025,POST,20,2025_20_SF_SEA,SF,True,599.0,3001.0,0.7720184922218323,10.0
2025,POST,20,2025_20_SF_SEA,SF,True,636.0,2964.0,0.77616086602211,10.0
2025,POST,20,2025_20_SF_SEA,SF,True,643.0,2957.0,0.8309777975082397,10.0
2025,POST,20,2025_20_SF_SEA,SF,True,688.0,2912.0,0.8106335401535034,10.0
2025,POST,20,2025_20_SF_SEA,SF,True,731.0,2869.0,0.840894341468811,10.0
2025,POST,20,2025_20_SF_SEA,SF,True,735.0,2865.0,0.8323903679847717,10.0
2025,POST,20,2025_20_SF_SEA,SF,True,740.0,2860.0,0.872918426990509,10.0
2025,POST,20,2025_20_SF_SEA,SF,True,785.0,2815.0,0.8677758574485779,16.0
2025,POST,20,2025_20_SF_SEA,SF,True,790.0,2810.0,0.8808610606459367,17.0
2025,POST,20,2025_20_SF_SEA,SF,True,790.0,2810.0,0.8812340274453163,17.0
2025,POST,20,2025_20_SF_SEA,SF,True,790.0,2810.0,0.8742582499980927,17.0
2025,POST,20,2025_20_SF_SEA,SF,True,837.0,2763.0,0.8593887090682983,17.0
2025,POST,20,2025_20_SF_SEA,SF,True,877.0,2723.0,0.8673475831747055,17.0
2025,POST,20,2025_20_SF_SEA,SF,True,900.0,2700.0,0.8745290786027908,17.0
2025,POST,20,2025_20_SF_SEA,SF,True,900.0,2700.0,0.8745290786027908,17.0
2025,POST,20,2025_20_SF_SEA,SF,True,939.0,2661.0,0.8593887090682983,17.0
2025,POST,20,2025_20_SF_SEA,SF,True,982.0,2618.0,0.8797032237052917,17.0
2025,POST,20,2025_20_SF_SEA,SF,True,1026.0,2574.0,0.8799588233232498,17.0
2025,POST,20,2025_20_SF_SEA,SF,True,1026.0,2574.0,0.8799588233232498,17.0
2025,POST,20,2025_20_SF_SEA,SF,True,1032.0,2568.0,0.885787732899189,17.0
2025,POST,20,2025_20_SF_SEA,SF,True,1036.0,2564.0,0.8998221978545189,17.0
2025,POST,20,2025_20_SF_SEA,SF,True,1079.0,2521.0,0.8962545618414879,14.0
2025,POST,20,2025_20_SF_SEA,SF,True,1082.0,2518.0,0.8884676694869995,14.0
2025,POST,20,2025_20_SF_SEA,SF,True,1088.0,2512.0,0.8974674940109253,14.0
2025,POST,20,2025_20_SF_SEA,SF,True,1132.0,2468.0,0.8840023875236511,14.0
2025,POST,20,2025_20_SF_SEA,SF,True,1173.0,2427.0,0.8899462819099426,14.0
2025,POST,20,2025_20_SF_SEA,SF,True,1179.0,2421.0,0.8732964396476746,14.0
2025,POST,20,2025_20_SF_SEA,SF,True,1188.0,2412.0,0.8892614543437958,14.0
2025,POST,20,2025_20_SF_SEA,SF,True,1226.0,2374.0,0.8828859180212021,14.0
2025,POST,20,2025_20_SF_SEA,SF,True,1270.0,2330.0,0.8763408958911896,14.0
2025,POST,20,2025_20_SF_SEA,SF,True,1316.0,2284.0,0.8631189316511154,14.0
2025,POST,20,2025_20_SF_SEA,SF,True,1352.0,2248.0,0.8471624106168747,14.0
2025,POST,20,2025_20_SF_SEA,SF,True,1392.0,2208.0,0.8530697524547577,14.0
2025,POST,20,2025_20_SF_SEA,SF,True,1437.0,2163.0,0.8527066558599472,14.0
2025,POST,20,2025_20_SF_SEA,SF,True,1437.0,2163.0,0.8527066558599472,14.0
2025,POST,20,2025_20_SF_SEA,SF,True,1479.0,2121.0,0.8647662252187729,14.0
2025,POST,20,2025_20_SF_SEA,SF,True,1518.0,2082.0,0.8703669905662537,14.0
2025,POST,20,2025_20_SF_SEA,SF,True,1523.0,2077.0,0.8909632638096809,11.0
2025,POST,20,2025_20_SF_SEA,SF,True,1528.0,2072.0,0.8528861999511719,11.0
2025,POST,20,2025_20_SF_SEA,SF,True,1528.0,2072.0,0.8485180139541626,11.0
2025,POST,20,2025_20_SF_SEA,SF,True,1572.0,2028.0,0.8520057201385498,11.0
2025,POST,20,2025_20_SF_SEA,SF,True,1614.0,1986.0,0.8638438582420349,11.0
2025,POST,20,2025_20_SF_SEA,SF,True,1641.0,1959.0,0.8697773218154907,11.0
2025,POST,20,2025_20_SF_SEA,SF,True,1680.0,1920.0,0.8802545666694641,11.0
2025,POST,20,2025_20_SF_SEA,SF,True,1685.0,1915.0,0.8723434209823608,11.0
2025,POST,20,2025_20_SF_SEA,SF,True,1689.0,1911.0,0.8604577779769897,11.0
2025,POST,20,2025_20_SF_SEA,SF,True,1730.0,1870.0,0.9009577035903931,11.0
2025,POST,20,2025_20_SF_SEA,SF,True,1760.0,1840.0,0.9203732013702393,11.0
2025,POST,20,2025_20_SF_SEA,SF,True,1764.0,1836.0,0.9117844104766846,11.0
2025,POST,20,2025_20_SF_SEA,SF,True,1764.0,1836.0,0.9117844104766846,17.0
2025,POST,20,2025_20_SF_SEA,SF,True,1769.0,1831.0,0.9136525762966925,18.0
2025,POST,20,2025_20_SF_SEA,SF,True,1769.0,1831.0,0.9131745398044586,18.0
2025,POST,20,2025_20_SF_SEA,SF,True,1772.0,1828.0,0.9103435203433037,18.0
2025,POST,20,2025_20_SF_SEA,SF,True,1777.0,1823.0,0.9181371629238129,18.0
2025,POST,20,2025_20_SF_SEA,SF,True,1787.0,1813.0,0.8972647190093994,18.0
2025,POST,20,2025_20_SF_SEA,SF,True,1787.0,1813.0,0.8972647190093994,18.0
2025,POST,20,2025_20_SF_SEA,SF,True,1787.0,1813.0,0.8972647190093994,18.0
2025,POST,20,2025_20_SF_SEA,SF,True,1793.0,1807.0,0.9060779735445976,18.0
2025,POST,20,2025_20_SF_SEA,SF,True,1800.0,1800.0,0.9169089943170547,18.0
2025,POST,20,2025_20_SF_SEA,SF,True,1800.0,1800.0,0.9169089943170547,18.0
2025,POST,20,2025_20_SF_SEA,SF,True,1807.0,1793.0,0.9199640676379204,18.0
2025,POST,20,2025_20_SF_SEA,SF,True,1831.0,1769.0,0.9324168264865875,18.0
2025,POST,20,2025_20_SF_SEA,SF,True,1838.0,1762.0,0.937888640910387,18.0
2025,POST,20,2025_20_SF_SEA,SF,True,1882.0,1718.0,0.9066709205508232,18.0
2025,POST,20,2025_20_SF_SEA,SF,True,1890.0,1710.0,0.9155789911746979,18.0
2025,POST,20,2025_20_SF_SEA,SF,True,1927.0,1673.0,0.912714883685112,18.0
2025,POST,20,2025_20_SF_SEA,SF,True,1970.0,1630.0,0.9332812502980232,18.0
2025,POST,20,2025_20_SF_SEA,SF,True,1974.0,1626.0,0.9607604742050171,18.0
2025,POST,20,2025_20_SF_SEA,SF,True,2014.0,1586.0,0.9638370275497437,18.0
2025,POST,20,2025_20_SF_SEA,SF,True,2052.0,1548.0,0.9651965498924255,18.0
2025,POST,20,2025_20_SF_SEA,SF,True,2095.0,1505.0,0.972572386264801,18.0
2025,POST,20,2025_20_SF_SEA,SF,True,2136.0,1464.0,0.9709476232528687,18.0
2025,POST,20,2025_20_SF_SEA,SF,True,2182.0,1418.0,0.9685216546058655,18.0
2025,POST,20,2025_20_SF_SEA,SF,True,2224.0,1376.0,0.9671509861946106,18.0
2025,POST,20,2025_20_SF_SEA,SF,True,2270.0,1330.0,0.9687548279762268,21.0
2025,POST,20,2025_20_SF_SEA,SF,True,2273.0,1327.0,0.9616632983088493,21.0
2025,POST,20,2025_20_SF_SEA,SF,True,2279.0,1321.0,0.9582844600081444,21.0
2025,POST,20,2025_20_SF_SEA,SF,True,2322.0,1278.0,0.9564856253564358,21.0
2025,POST,20,2025_20_SF_SEA,SF,True,2331.0,1269.0,0.9887117147445679,21.0
2025,POST,20,2025_20_SF_SEA,SF,True,2370.0,1230.0,0.9887468218803406,21.0
2025,POST,20,2025_20_SF_SEA,SF,True,2414.0,1186.0,0.9881800413131714,21.0
2025,POST,20,2025_20_SF_SEA,SF,True,2459.0,1141.0,0.9913256764411926,21.0
2025,POST,20,2025_20_SF_SEA,SF,True,2503.0,1097.0,0.9904326796531677,21.0
2025,POST,20,2025_20_SF_SEA,SF,True,2552.0,1048.0,0.9925060868263245,21.0
2025,POST,20,2025_20_SF_SEA,SF,True,2552.0,1048.0,0.9925060868263245,27.0
2025,POST,20,2025_20_SF_SEA,SF,True,2557.0,1043.0,0.9993146360502578,28.0
2025,POST,20,2025_20_SF_SEA,SF,True,2557.0,1043.0,0.9993146360502578,28.0
2025,POST,20,2025_20_SF_SEA,SF,True,2562.0,1038.0,0.9992516483180225,28.0
2025,POST,20,2025_20_SF_SEA,SF,True,2600.0,1000.0,0.9993020899710245,28.0
2025,POST,20,2025_20_SF_SEA,SF,True,2642.0,958.0,0.999129610194359,28.0
2025,POST,20,2025_20_SF_SEA,SF,True,2648.0,952.0,0.9992367865634151,28.0
2025,POST,20,2025_20_SF_SEA,SF,True,2648.0,952.0,0.9992367865634151,28.0
2025,POST,20,2025_20_SF_SEA,SF,True,2659.0,941.0,0.9993615746498108,28.0
2025,POST,20,2025_20_SF_SEA,SF,True,2700.0,900.0,0.9994745850563049,28.0
2025,POST,20,2025_20_SF_SEA,SF,True,2700.0,900.0,0.9994745850563049,28.0
2025,POST,20,2025_20_SF_SEA,SF,True,2750.0,850.0,0.9997895359992981,28.0
2025,POST,20,2025_20_SF_SEA,SF,True,2796.0,804.0,0.9996285438537598,28.0
2025,POST,20,2025_20_SF_SEA,SF,True,2833.0,767.0,0.9997562766075134,34.0
2025,POST,20,2025_20_SF_SEA,SF,True,2837.0,763.0,0.9999202156832325,35.0
2025,POST,20,2025_20_SF_SEA,SF,True,2837.0,763.0,0.9999202156832325,35.0
2025,POST,20,2025_20_SF_SEA,SF,True,2837.0,763.0,0.9999276454764185,35.0
2025,POST,20,2025_20_SF_SEA,SF,True,2870.0,730.0,0.9998976297865738,35.0
2025,POST,20,2025_20_SF_SEA,SF,True,2906.0,694.0,0.9999149554714677,35.0
2025,POST,20,2025_20_SF_SEA,SF,True,2931.0,669.0,0.9999249371976475,35.0
2025,POST,20,2025_20_SF_SEA,SF,True,2970.0,630.0,0.9999198517980403,35.0
2025,POST,20,2025_20_SF_SEA,SF,True,3006.0,594.0,0.9999222590340651,35.0
2025,POST,20,2025_20_SF_SEA,SF,True,3038.0,562.0,0.9999026095320005,35.0
2025,POST,20,2025_20_SF_SEA,SF,True,3048.0,552.0,0.9998183846473694,35.0
2025,POST,20,2025_20_SF_SEA,SF,True,3091.0,509.0,0.9997726082801819,35.0
2025,POST,20,2025_20_SF_SEA,SF,True,3135.0,465.0,0.999757707118988,35.0
2025,POST,20,2025_20_SF_SEA,SF,True,3180.0,420.0,0.9997047781944275,35.0
2025,POST,20,2025_20_SF_SEA,SF,True,3190.0,410.0,0.9998929848516127,35.0
2025,POST,20,2025_20_SF_SEA,SF,True,3223.0,377.0,0.9999085429881234,35.0
2025,POST,20,2025_20_SF_SEA,SF,True,3226.0,374.0,0.9999078741675476,35.0
2025,POST,20,2025_20_SF_SEA,SF,True,3263.0,337.0,0.9999223223130684,35.0
2025,POST,20,2025_20_SF_SEA,SF,True,3285.0,315.0,0.9999224349012366,35.0
2025,POST,20,2025_20_SF_SEA,SF,True,3325.0,275.0,0.9999164532273426,35.0
2025,POST,20,2025_20_SF_SEA,SF,True,3330.0,270.0,0.9998961263772799,35.0
2025,POST,20,2025_20_SF_SEA,SF,True,3337.0,263.0,0.9998156428337097,35.0
2025,POST,20,2025_20_SF_SEA,SF,True,3382.0,218.0,0.9998236298561096,35.0
2025,POST,20,2025_20_SF_SEA,SF,True,3427.0,173.0,0.999810516834259,35.0
2025,POST,20,2025_20_SF_SEA,SF,True,3470.0,130.0,0.9998010993003845,35.0
2025,POST,20,2025_20_SF_SEA,SF,True,3486.0,114.0,0.9999227436128422,35.0
2025,POST,20,2025_20_SF_SEA,SF,True,3519.0,81.0,0.999915052576398,35.0
2025,POST,20,2025_20_SF_SEA,SF,True,3561.0,39.0,0.9999301625357475,35.0
2025,POST,20,2025_20_SF_SEA,SF,True,3600.0,0.0,1.0,35.0
2025,POST,21,2025_21_LA_SEA,LA,True,0.0,3600.0,0.5667920410633087,0.0
2025,POST,21,2025_21_LA_SEA,LA,True,0.0,3600.0,0.5667920410633087,0.0
2025,POST,21,2025_21_LA_SEA,LA,True,6.0,3594.0,0.566453754901886,0.0
2025,POST,21,2025_21_LA_SEA,LA,True,42.0,3558.0,0.5642398297786713,0.0
2025,POST,21,2025_21_LA_SEA,LA,True,75.0,3525.0,0.5748142004013062,0.0
2025,POST,21,2025_21_LA_SEA,LA,True,80.0,3520.0,0.6018947958946228,0.0
2025,POST,21,2025_21_LA_SEA,LA,True,87.0,3513.0,0.6084715127944946,0.0
2025,POST,21,2025_21_LA_SEA,LA,True,125.0,3475.0,0.6027694344520569,0.0
2025,POST,21,2025_21_LA_SEA,LA,True,129.0,3471.0,0.5832522511482239,0.0
2025,POST,21,2025_21_LA_SEA,LA,True,174.0,3426.0,0.7149507999420166,0.0
2025,POST,21,2025_21_LA_SEA,LA,True,218.0,3382.0,0.7277706265449524,0.0
2025,POST,21,2025_21_LA_SEA,LA,True,257.0,3343.0,0.7144469618797302,0.0
2025,POST,21,2025_21_LA_SEA,LA,True,297.0,3303.0,0.7174731492996216,6.0
2025,POST,21,2025_21_LA_SEA,LA,True,303.0,3297.0,0.7538102774278386,7.0
2025,POST,21,2025_21_LA_SEA,LA,True,303.0,3297.0,0.7553852796554565,7.0
2025,POST,21,2025_21_LA_SEA,LA,True,308.0,3292.0,0.7553852796554565,7.0
2025,POST,21,2025_21_LA_SEA,LA,True,344.0,3256.0,0.7650370448827744,7.0
2025,POST,21,2025_21_LA_SEA,LA,True,387.0,3213.0,0.6938740313053131,7.0
2025,POST,21,2025_21_LA_SEA,LA,True,392.0,3208.0,0.7079192698001862,7.0
2025,POST,21,2025_21_LA_SEA,LA,True,397.0,3203.0,0.7272921204566956,7.0
2025,POST,21,2025_21_LA_SEA,LA,True,401.0,3199.0,0.7604686617851257,4.0
2025,POST,21,2025_21_LA_SEA,LA,True,405.0,3195.0,0.7295186519622803,4.0
2025,POST,21,2025_21_LA_SEA,LA,True,405.0,3195.0,0.747551441192627,4.0
2025,POST,21,2025_21_LA_SEA,LA,True,451.0,3149.0,0.7444388270378113,4.0
2025,POST,21,2025_21_LA_SEA,LA,True,493.0,3107.0,0.7578877210617065,4.0
2025,POST,21,2025_21_LA_SEA,LA,True,534.0,3066.0,0.7803544402122498,4.0
2025,POST,21,2025_21_LA_SEA,LA,True,573.0,3027.0,0.7913928031921387,4.0
2025,POST,21,2025_21_LA_SEA,LA,True,620.0,2980.0,0.7956452965736389,4.0
2025,POST,21,2025_21_LA_SEA,LA,True,658.0,2942.0,0.7871264219284058,4.0
2025,POST,21,2025_21_LA_SEA,LA,True,701.0,2899.0,0.7920699715614319,4.0
2025,POST,21,2025_21_LA_SEA,LA,True,726.0,2874.0,0.8093016147613525,4.0
2025,POST,21,2025_21_LA_SEA,LA,True,767.0,2833.0,0.799595832824707,4.0
2025,POST,21,2025_21_LA_SEA,LA,True,794.0,2806.0,0.7898709774017334,4.0
2025,POST,21,2025_21_LA_SEA,LA,True,838.0,2762.0,0.7772688269615173,4.0
2025,POST,21,2025_21_LA_SEA,LA,True,842.0,2758.0,0.7562776803970337,7.0
2025,POST,21,2025_21_LA_SEA,LA,True,846.0,2754.0,0.7540931701660156,7.0
2025,POST,21,2025_21_LA_SEA,LA,True,852.0,2748.0,0.7422895729541779,7.0
2025,POST,21,2025_21_LA_SEA,LA,True,889.0,2711.0,0.7495602071285248,7.0
2025,POST,21,2025_21_LA_SEA,LA,True,900.0,2700.0,0.7291997671127319,7.0
2025,POST,21,2025_21_LA_SEA,LA,True,900.0,2700.0,0.7291997671127319,7.0
2025,POST,21,2025_21_LA_SEA,LA,True,937.0,2663.0,0.7365434169769287,7.0
2025,POST,21,2025_21_LA_SEA,LA,True,981.0,2619.0,0.6783117949962616,7.0
2025,POST,21,2025_21_LA_SEA,LA,True,1017.0,2583.0,0.692754864692688,7.0
2025,POST,21,2025_21_LA_SEA,LA,True,1024.0,2576.0,0.7103909254074097,7.0
2025,POST,21,2025_21_LA_SEA,LA,True,1064.0,2536.0,0.7873672246932983,4.0
2025,POST,21,2025_21_LA_SEA,LA,True,1069.0,2531.0,0.7246469259262085,4.0
2025,POST,21,2025_21_LA_SEA,LA,True,1069.0,2531.0,0.742889940738678,4.0
2025,POST,21,2025_21_LA_SEA,LA,True,1108.0,2492.0,0.7666500210762024,4.0
2025,POST,21,2025_21_LA_SEA,LA,True,1151.0,2449.0,0.7458937764167786,4.0
2025,POST,21,2025_21_LA_SEA,LA,True,1190.0,2410.0,0.716120719909668,4.0
2025,POST,21,2025_21_LA_SEA,LA,True,1233.0,2367.0,0.7033570408821106,4.0
2025,POST,21,2025_21_LA_SEA,LA,True,1242.0,2358.0,0.7036237120628357,4.0
2025,POST,21,2025_21_LA_SEA,LA,True,1279.0,2321.0,0.6910402476787567,4.0
2025,POST,21,2025_21_LA_SEA,LA,True,1323.0,2277.0,0.6830124855041504,4.0
2025,POST,21,2025_21_LA_SEA,LA,True,1359.0,2241.0,0.6924094557762146,4.0
2025,POST,21,2025_21_LA_SEA,LA,True,1393.0,2207.0,0.6692932546138763,4.0
2025,POST,21,2025_21_LA_SEA,LA,True,1437.0,2163.0,0.6144630908966064,4.0
2025,POST,21,2025_21_LA_SEA,LA,True,1475.0,2125.0,0.6327947080135345,4.0
2025,POST,21,2025_21_LA_SEA,LA,True,1516.0,2084.0,0.5636460483074188,4.0
2025,POST,21,2025_21_LA_SEA,LA,True,1554.0,2046.0,0.5691604614257812,4.0
2025,POST,21,2025_21_LA_SEA,LA,True,1597.0,2003.0,0.5666740536689758,4.0
2025,POST,21,2025_21_LA_SEA,LA,True,1639.0,1961.0,0.5458775460720062,4.0
2025,POST,21,2025_21_LA_SEA,LA,True,1639.0,1961.0,0.5458775460720062,4.0
2025,POST,21,2025_21_LA_SEA,LA,True,1680.0,1920.0,0.5551964044570923,-2.0
2025,POST,21,2025_21_LA_SEA,LA,True,1685.0,1915.0,0.48590087179850494,-3.0
2025,POST,21,2025_21_LA_SEA,LA,True,1685.0,1915.0,0.4831204116344452,-3.0
2025,POST,21,2025_21_LA_SEA,LA,True,1685.0,1915.0,0.5064669251441956,-3.0
2025,POST,21,2025_21_LA_SEA,LA,True,1691.0,1909.0,0.4959010183811188,-3.0
2025,POST,21,2025_21_LA_SEA,LA,True,1696.0,1904.0,0.4574245512485504,-3.0
2025,POST,21,2025_21_LA_SEA,LA,True,1699.0,1901.0,0.44209110736846924,-3.0
2025,POST,21,2025_21_LA_SEA,LA,True,1707.0,1893.0,0.438349187374115,-3.0
2025,POST,21,2025_21_LA_SEA,LA,True,1727.0,1873.0,0.4468904137611389,-3.0
2025,POST,21,2025_21_LA_SEA,LA,True,1731.0,1869.0,0.45551496744155884,-3.0
2025,POST,21,2025_21_LA_SEA,LA,True,1731.0,1869.0,0.45551496744155884,-3.0
2025,POST,21,2025_21_LA_SEA,LA,True,1737.0,1863.0,0.4966433644294739,-3.0
2025,POST,21,2025_21_LA_SEA,LA,True,1746.0,1854.0,0.4831204116344452,-3.0
2025,POST,21,2025_21_LA_SEA,LA,True,1751.0,1849.0,0.5127695202827454,-3.0
2025,POST,21,2025_21_LA_SEA,LA,True,1756.0,1844.0,0.4959010183811188,-3.0
2025,POST,21,2025_21_LA_SEA,LA,True,1763.0,1837.0,0.6021662950515747,-3.0
2025,POST,21,2025_21_LA_SEA,LA,True,1763.0,1837.0,0.6021662950515747,-3.0
2025,POST,21,2025_21_LA_SEA,LA,True,1770.0,1830.0,0.6215116381645203,-3.0
2025,POST,21,2025_21_LA_SEA,LA,True,1770.0,1830.0,0.6215116381645203,-3.0
2025,POST,21,2025_21_LA_SEA,LA,True,1770.0,1830.0,0.5957349538803101,-3.0
2025,POST,21,2025_21_LA_SEA,LA,True,1775.0,1825.0,0.5899587273597717,3.0
2025,POST,21,2025_21_LA_SEA,LA,True,1780.0,1820.0,0.7123578389827483,4.0
2025,POST,21,2025_21_LA_SEA,LA,True,1780.0,1820.0,0.7140980660915375,4.0
2025,POST,21,2025_21_LA_SEA,LA,True,1785.0,1815.0,0.7123690247535706,4.0
2025,POST,21,2025_21_LA_SEA,LA,True,1792.0,1808.0,0.6856710612773895,4.0
2025,POST,21,2025_21_LA_SEA,LA,True,1792.0,1808.0,0.6856710612773895,4.0
2025,POST,21,2025_21_LA_SEA,LA,True,1792.0,1808.0,0.6856710612773895,4.0
2025,POST,21,2025_21_LA_SEA,LA,True,1800.0,1800.0,0.6962094306945801,4.0
2025,POST,21,2025_21_LA_SEA,LA,True,1800.0,1800.0,0.6962094306945801,4.0
2025,POST,21,2025_21_LA_SEA,LA,True,1800.0,1800.0,0.6910926699638367,4.0
2025,POST,21,2025_21_LA_SEA,LA,True,1843.0,1757.0,0.6850414276123047,4.0
2025,POST,21,2025_21_LA_SEA,LA,True,1887.0,1713.0,0.7337023019790649,4.0
2025,POST,21,2025_21_LA_SEA,LA,True,1892.0,1708.0,0.7191295027732849,4.0
2025,POST,21,2025_21_LA_SEA,LA,True,1921.0,1679.0,0.6775166988372803,4.0
2025,POST,21,2025_21_LA_SEA,LA,True,1963.0,1637.0,0.6201701760292053,4.0
2025,POST,21,2025_21_LA_SEA,LA,True,1973.0,1627.0,0.8065390586853027,10.0
2025,POST,21,2025_21_LA_SEA,LA,True,1978.0,1622.0,0.8424377571083901,11.0
2025,POST,21,2025_21_LA_SEA,LA,True,1978.0,1622.0,0.8442266434431076,11.0
2025,POST,21,2025_21_LA_SEA,LA,True,1984.0,1616.0,0.8442266434431076,11.0
2025,POST,21,2025_21_LA_SEA,LA,True,2026.0,1574.0,0.8231174647808075,11.0
2025,POST,21,2025_21_LA_SEA,LA,True,2069.0,1531.0,0.8184374123811722,11.0
2025,POST,21,2025_21_LA_SEA,LA,True,2115.0,1485.0,0.7670881301164627,5.0
2025,POST,21,2025_21_LA_SEA,LA,True,2119.0,1481.0,0.7213709994907397,4.0
2025,POST,21,2025_21_LA_SEA,LA,True,2119.0,1481.0,0.7207449674606323,4.0
2025,POST,21,2025_21_LA_SEA,LA,True,2119.0,1481.0,0.7382853031158447,4.0
2025,POST,21,2025_21_LA_SEA,LA,True,2161.0,1439.0,0.7314835786819458,4.0
2025,POST,21,2025_21_LA_SEA,LA,True,2197.0,1403.0,0.6993793845176697,4.0
2025,POST,21,2025_21_LA_SEA,LA,True,2237.0,1363.0,0.763181746006012,4.0
2025,POST,21,2025_21_LA_SEA,LA,True,2282.0,1318.0,0.7835460305213928,4.0
2025,POST,21,2025_21_LA_SEA,LA,True,2323.0,1277.0,0.8079292178153992,4.0
2025,POST,21,2025_21_LA_SEA,LA,True,2366.0,1234.0,0.8126396536827087,4.0
2025,POST,21,2025_21_LA_SEA,LA,True,2401.0,1199.0,0.8317200541496277,4.0
2025,POST,21,2025_21_LA_SEA,LA,True,2403.0,1197.0,0.8221746683120728,10.0
2025,POST,21,2025_21_LA_SEA,LA,True,2408.0,1192.0,0.873299606782539,11.0
2025,POST,21,2025_21_LA_SEA,LA,True,2408.0,1192.0,0.8746384680271149,11.0
2025,POST,21,2025_21_LA_SEA,LA,True,2415.0,1185.0,0.8837812766432762,11.0
2025,POST,21,2025_21_LA_SEA,LA,True,2441.0,1159.0,0.8451059460639954,11.0
2025,POST,21,2025_21_LA_SEA,LA,True,2466.0,1134.0,0.8402607291936874,11.0
2025,POST,21,2025_21_LA_SEA,LA,True,2498.0,1102.0,0.8502829223871231,11.0
2025,POST,21,2025_21_LA_SEA,LA,True,2526.0,1074.0,0.8683399558067322,11.0
2025,POST,21,2025_21_LA_SEA,LA,True,2560.0,1040.0,0.880087286233902,11.0
2025,POST,21,2025_21_LA_SEA,LA,True,2567.0,1033.0,0.8277936577796936,5.0
2025,POST,21,2025_21_LA_SEA,LA,True,2574.0,1026.0,0.7410866827870528,4.0
2025,POST,21,2025_21_LA_SEA,LA,True,2574.0,1026.0,0.7392438650131226,4.0
2025,POST,21,2025_21_LA_SEA,LA,True,2580.0,1020.0,0.7392438650131226,4.0
2025,POST,21,2025_21_LA_SEA,LA,True,2626.0,974.0,0.7172391414642334,4.0
2025,POST,21,2025_21_LA_SEA,LA,True,2632.0,968.0,0.6946399807929993,4.0
2025,POST,21,2025_21_LA_SEA,LA,True,2675.0,925.0,0.7606374621391296,4.0
2025,POST,21,2025_21_LA_SEA,LA,True,2700.0,900.0,0.7622359395027161,4.0
2025,POST,21,2025_21_LA_SEA,LA,True,2700.0,900.0,0.7622359395027161,4.0
2025,POST,21,2025_21_LA_SEA,LA,True,2742.0,858.0,0.8064085841178894,4.0
2025,POST,21,2025_21_LA_SEA,LA,True,2788.0,812.0,0.7663863897323608,4.0
2025,POST,21,2025_21_LA_SEA,LA,True,2831.0,769.0,0.7528799772262573,4.0
2025,POST,21,2025_21_LA_SEA,LA,True,2851.0,749.0,0.7703045010566711,4.0
2025,POST,21,2025_21_LA_SEA,LA,True,2856.0,744.0,0.7242411971092224,4.0
2025,POST,21,2025_21_LA_SEA,LA,True,2862.0,738.0,0.7280304729938507,4.0
2025,POST,21,2025_21_LA_SEA,LA,True,2901.0,699.0,0.695641964673996,4.0
2025,POST,21,2025_21_LA_SEA,LA,True,2938.0,662.0,0.6819154024124146,4.0
2025,POST,21,2025_21_LA_SEA,LA,True,2972.0,628.0,0.6559520363807678,4.0
2025,POST,21,2025_21_LA_SEA,LA,True,2979.0,621.0,0.6862234771251678,4.0
2025,POST,21,2025_21_LA_SEA,LA,True,3018.0,582.0,0.5953437685966492,4.0
2025,POST,21,2025_21_LA_SEA,LA,True,3061.0,539.0,0.6178023517131805,4.0
2025,POST,21,2025_21_LA_SEA,LA,True,3099.0,501.0,0.5383627414703369,4.0
2025,POST,21,2025_21_LA_SEA,LA,True,3104.0,496.0,0.6054999530315399,4.0
2025,POST,21,2025_21_LA_SEA,LA,True,3148.0,452.0,0.5140255987644196,4.0
2025,POST,21,2025_21_LA_SEA,LA,True,3171.0,429.0,0.5044132173061371,4.0
2025,POST,21,2025_21_LA_SEA,LA,True,3211.0,389.0,0.4494028687477112,4.0
2025,POST,21,2025_21_LA_SEA,LA,True,3255.0,345.0,0.4325155019760132,4.0
2025,POST,21,2025_21_LA_SEA,LA,True,3294.0,306.0,0.456024169921875,4.0
2025,POST,21,2025_21_LA_SEA,LA,True,3301.0,299.0,0.5538643598556519,4.0
2025,POST,21,2025_21_LA_SEA,LA,True,3306.0,294.0,0.7351874709129333,4.0
2025,POST,21,2025_21_LA_SEA,LA,True,3339.0,261.0,0.7358903884887695,4.0
2025,POST,21,2025_21_LA_SEA,LA,True,3389.0,211.0,0.7997150421142578,4.0
2025,POST,21,2025_21_LA_SEA,LA,True,3394.0,206.0,0.7896057963371277,4.0
2025,POST,21,2025_21_LA_SEA,LA,True,3394.0,206.0,0.7896057963371277,4.0
2025,POST,21,2025_21_LA_SEA,LA,True,3400.0,200.0,0.7601324915885925,4.0
2025,POST,21,2025_21_LA_SEA,LA,True,3400.0,200.0,0.7601324915885925,4.0
2025,POST,21,2025_21_LA_SEA,LA,True,3409.0,191.0,0.8099421262741089,4.0
2025,POST,21,2025_21_LA_SEA,LA,True,3409.0,191.0,0.8099421262741089,4.0
2025,POST,21,2025_21_LA_SEA,LA,True,3415.0,185.0,0.7976902723312378,4.0
2025,POST,21,2025_21_LA_SEA,LA,True,3415.0,185.0,0.7976902723312378,4.0
2025,POST,21,2025_21_LA_SEA,LA,True,3420.0,180.0,0.8597418069839478,4.0
2025,POST,21,2025_21_LA_SEA,LA,True,3463.0,137.0,0.9040656089782715,4.0
2025,POST,21,2025_21_LA_SEA,LA,True,3468.0,132.0,0.9261638522148132,4.0
2025,POST,21,2025_21_LA_SEA,LA,True,3480.0,120.0,0.941046416759491,4.0
2025,POST,21,2025_21_LA_SEA,LA,True,3524.0,76.0,0.9633495211601257,4.0
2025,POST,21,2025_21_LA_SEA,LA,True,3524.0,76.0,0.9633495211601257,4.0
2025,POST,21,2025_21_LA_SEA,LA,True,3569.0,31.0,0.9558951258659363,4.0
2025,POST,21,2025_21_LA_SEA,LA,True,3575.0,25.0,0.9413267523050308,4.0
2025,POST,21,2025_21_LA_SEA,LA,True,3589.0,11.0,0.9096923694014549,4.0
2025,POST,21,2025_21_LA_SEA,LA,True,3590.0,10.0,0.911223828792572,4.0
2025,POST,21,2025_21_LA_SEA,LA,True,3590.0,10.0,0.911223828792572,4.0
2025,POST,21,2025_21_LA_SEA,LA,True,3600.0,0.0,1.0,4.0
2025,POST,22,2025_22_SEA_NE,NE,False,0.0,3600.0,0.4332079589366913,-0.0
2025,POST,22,2025_22_SEA_NE,NE,False,0.0,3600.0,0.4332079589366913,-0.0
2025,POST,22,2025_22_SEA_NE,NE,False,0.0,3600.0,0.4486531615257263,-0.0
2025,POST,22,2025_22_SEA_NE,NE,False,31.0,3569.0,0.4624270498752594,-0.0
2025,POST,22,2025_22_SEA_NE,NE,False,70.0,3530.0,0.44425368309020996,-0.0
2025,POST,22,2025_22_SEA_NE,NE,False,95.0,3505.0,0.5121939778327942,-0.0
2025,POST,22,2025_22_SEA_NE,NE,False,122.0,3478.0,0.5600779056549072,-0.0
2025,POST,22,2025_22_SEA_NE,NE,False,129.0,3471.0,0.5446916222572327,-0.0
2025,POST,22,2025_22_SEA_NE,NE,False,174.0,3426.0,0.5327202677726746,-0.0
2025,POST,22,2025_22_SEA_NE,NE,False,178.0,3422.0,0.48555445671081543,3.0
2025,POST,22,2025_22_SEA_NE,NE,False,182.0,3418.0,0.48378103971481323,3.0
2025,POST,22,2025_22_SEA_NE,NE,False,188.0,3412.0,0.4768839478492737,3.0
2025,POST,22,2025_22_SEA_NE,NE,False,219.0,3381.0,0.4681965708732605,3.0
2025,POST,22,2025_22_SEA_NE,NE,False,260.0,3340.0,0.4753454923629761,3.0
2025,POST,22,2025_22_SEA_NE,NE,False,296.0,3304.0,0.45098382234573364,3.0
2025,POST,22,2025_22_SEA_NE,NE,False,332.0,3268.0,0.43673932552337646,3.0
2025,POST,22,2025_22_SEA_NE,NE,False,369.0,3231.0,0.4275752902030945,3.0
2025,POST,22,2025_22_SEA_NE,NE,False,411.0,3189.0,0.47678083181381226,3.0
2025,POST,22,2025_22_SEA_NE,NE,False,457.0,3143.0,0.45230281352996826,3.0
2025,POST,22,2025_22_SEA_NE,NE,False,462.0,3138.0,0.4761759042739868,3.0
2025,POST,22,2025_22_SEA_NE,NE,False,469.0,3131.0,0.523756206035614,3.0
2025,POST,22,2025_22_SEA_NE,NE,False,474.0,3126.0,0.5035315752029419,3.0
2025,POST,22,2025_22_SEA_NE,NE,False,518.0,3082.0,0.5017085075378418,3.0
2025,POST,22,2025_22_SEA_NE,NE,False,525.0,3075.0,0.46656545996665955,3.0
2025,POST,22,2025_22_SEA_NE,NE,False,533.0,3067.0,0.4593423008918762,3.0
2025,POST,22,2025_22_SEA_NE,NE,False,567.0,3033.0,0.40411943197250366,3.0
2025,POST,22,2025_22_SEA_NE,NE,False,607.0,2993.0,0.45229923725128174,3.0
2025,POST,22,2025_22_SEA_NE,NE,False,645.0,2955.0,0.4881296753883362,3.0
2025,POST,22,2025_22_SEA_NE,NE,False,681.0,2919.0,0.5273567736148834,3.0
2025,POST,22,2025_22_SEA_NE,NE,False,691.0,2909.0,0.5356807112693787,3.0
2025,POST,22,2025_22_SEA_NE,NE,False,729.0,2871.0,0.5225474238395691,3.0
2025,POST,22,2025_22_SEA_NE,NE,False,773.0,2827.0,0.5016014575958252,3.0
2025,POST,22,2025_22_SEA_NE,NE,False,815.0,2785.0,0.5571165084838867,3.0
2025,POST,22,2025_22_SEA_NE,NE,False,860.0,2740.0,0.5207431316375732,3.0
2025,POST,22,2025_22_SEA_NE,NE,False,863.0,2737.0,0.4972233772277832,3.0
2025,POST,22,2025_22_SEA_NE,NE,False,868.0,2732.0,0.45823752880096436,3.0
2025,POST,22,2025_22_SEA_NE,NE,False,881.0,2719.0,0.4789354205131531,3.0
2025,POST,22,2025_22_SEA_NE,NE,False,900.0,2700.0,0.47511404752731323,3.0
2025,POST,22,2025_22_SEA_NE,NE,False,900.0,2700.0,0.47511404752731323,3.0
2025,POST,22,2025_22_SEA_NE,NE,False,905.0,2695.0,0.5086244642734528,3.0
2025,POST,22,2025_22_SEA_NE,NE,False,942.0,2658.0,0.5355908274650574,3.0
2025,POST,22,2025_22_SEA_NE,NE,False,950.0,2650.0,0.5522188544273376,3.0
2025,POST,22,2025_22_SEA_NE,NE,False,956.0,2644.0,0.5340221524238586,3.0
2025,POST,22,2025_22_SEA_NE,NE,False,983.0,2617.0,0.611441433429718,3.0
2025,POST,22,2025_22_SEA_NE,NE,False,986.0,2614.0,0.593881368637085,3.0
2025,POST,22,2025_22_SEA_NE,NE,False,1028.0,2572.0,0.6495375633239746,3.0
2025,POST,22,2025_22_SEA_NE,NE,False,1071.0,2529.0,0.6243653297424316,3.0
2025,POST,22,2025_22_SEA_NE,NE,False,1076.0,2524.0,0.6128883957862854,3.0
2025,POST,22,2025_22_SEA_NE,NE,False,1120.0,2480.0,0.5583763718605042,6.0
2025,POST,22,2025_22_SEA_NE,NE,False,1124.0,2476.0,0.6061389744281769,6.0
2025,POST,22,2025_22_SEA_NE,NE,False,1124.0,2476.0,0.583631157875061,6.0
2025,POST,22,2025_22_SEA_NE,NE,False,1156.0,2444.0,0.5881155729293823,6.0
2025,POST,22,2025_22_SEA_NE,NE,False,1197.0,2403.0,0.6563231348991394,6.0
2025,POST,22,2025_22_SEA_NE,NE,False,1237.0,2363.0,0.6554615795612335,6.0
2025,POST,22,2025_22_SEA_NE,NE,False,1244.0,2356.0,0.6834978461265564,6.0
2025,POST,22,2025_22_SEA_NE,NE,False,1279.0,2321.0,0.7114808559417725,6.0
2025,POST,22,2025_22_SEA_NE,NE,False,1324.0,2276.0,0.7190106511116028,6.0
2025,POST,22,2025_22_SEA_NE,NE,False,1329.0,2271.0,0.7039582133293152,6.0
2025,POST,22,2025_22_SEA_NE,NE,False,1368.0,2232.0,0.7092283964157104,6.0
2025,POST,22,2025_22_SEA_NE,NE,False,1411.0,2189.0,0.7335568070411682,6.0
2025,POST,22,2025_22_SEA_NE,NE,False,1450.0,2150.0,0.7331698536872864,6.0
2025,POST,22,2025_22_SEA_NE,NE,False,1491.0,2109.0,0.7234854102134705,6.0
2025,POST,22,2025_22_SEA_NE,NE,False,1495.0,2105.0,0.6849980354309082,6.0
2025,POST,22,2025_22_SEA_NE,NE,False,1502.0,2098.0,0.644891619682312,6.0
2025,POST,22,2025_22_SEA_NE,NE,False,1539.0,2061.0,0.6565576493740082,6.0
2025,POST,22,2025_22_SEA_NE,NE,False,1539.0,2061.0,0.6565576493740082,6.0
2025,POST,22,2025_22_SEA_NE,NE,False,1541.0,2059.0,0.6850526034832001,6.0
2025,POST,22,2025_22_SEA_NE,NE,False,1574.0,2026.0,0.6266832649707794,6.0
2025,POST,22,2025_22_SEA_NE,NE,False,1606.0,1994.0,0.638593852519989,6.0
2025,POST,22,2025_22_SEA_NE,NE,False,1611.0,1989.0,0.6678251624107361,6.0
2025,POST,22,2025_22_SEA_NE,NE,False,1611.0,1989.0,0.6948945820331573,6.0
2025,POST,22,2025_22_SEA_NE,NE,False,1617.0,1983.0,0.719469279050827,6.0
2025,POST,22,2025_22_SEA_NE,NE,False,1630.0,1970.0,0.7412084937095642,6.0
2025,POST,22,2025_22_SEA_NE,NE,False,1669.0,1931.0,0.7537078261375427,6.0
2025,POST,22,2025_22_SEA_NE,NE,False,1680.0,1920.0,0.7693468928337097,6.0
2025,POST,22,2025_22_SEA_NE,NE,False,1723.0,1877.0,0.7680447697639465,6.0
2025,POST,22,2025_22_SEA_NE,NE,False,1761.0,1839.0,0.7762366533279419,6.0
2025,POST,22,2025_22_SEA_NE,NE,False,1768.0,1832.0,0.7949011921882629,6.0
2025,POST,22,2025_22_SEA_NE,NE,False,1768.0,1832.0,0.7949011921882629,6.0
2025,POST,22,2025_22_SEA_NE,NE,False,1777.0,1823.0,0.8087972402572632,6.0
2025,POST,22,2025_22_SEA_NE,NE,False,1777.0,1823.0,0.8087972402572632,6.0
2025,POST,22,2025_22_SEA_NE,NE,False,1780.0,1820.0,0.808017373085022,6.0
2025,POST,22,2025_22_SEA_NE,NE,False,1780.0,1820.0,0.808017373085022,6.0
2025,POST,22,2025_22_SEA_NE,NE,False,1784.0,1816.0,0.7920312881469727,9.0
2025,POST,22,2025_22_SEA_NE,NE,False,1789.0,1811.0,0.7491588592529297,9.0
2025,POST,22,2025_22_SEA_NE,NE,False,1794.0,1806.0,0.7439306974411011,9.0
2025,POST,22,2025_22_SEA_NE,NE,False,1800.0,1800.0,0.7687192559242249,9.0
2025,POST,22,2025_22_SEA_NE,NE,False,1800.0,1800.0,0.7687192559242249,9.0
2025,POST,22,2025_22_SEA_NE,NE,False,1806.0,1794.0,0.7642174810171127,9.0
2025,POST,22,2025_22_SEA_NE,NE,False,1811.0,1789.0,0.7780011147260666,9.0
2025,POST,22,2025_22_SEA_NE,NE,False,1847.0,1753.0,0.7618266046047211,9.0
2025,POST,22,2025_22_SEA_NE,NE,False,1852.0,1748.0,0.7987076044082642,9.0
2025,POST,22,2025_22_SEA_NE,NE,False,1858.0,1742.0,0.7886477708816528,9.0
2025,POST,22,2025_22_SEA_NE,NE,False,1899.0,1701.0,0.7749831080436707,9.0
2025,POST,22,2025_22_SEA_NE,NE,False,1943.0,1657.0,0.8049947023391724,9.0
2025,POST,22,2025_22_SEA_NE,NE,False,1969.0,1631.0,0.8404325842857361,9.0
2025,POST,22,2025_22_SEA_NE,NE,False,2010.0,1590.0,0.857093870639801,9.0
2025,POST,22,2025_22_SEA_NE,NE,False,2053.0,1547.0,0.8610939979553223,9.0
2025,POST,22,2025_22_SEA_NE,NE,False,2095.0,1505.0,0.8919305801391602,9.0
2025,POST,22,2025_22_SEA_NE,NE,False,2137.0,1463.0,0.8871217966079712,9.0
2025,POST,22,2025_22_SEA_NE,NE,False,2137.0,1463.0,0.8871217966079712,9.0
2025,POST,22,2025_22_SEA_NE,NE,False,2140.0,1460.0,0.8768494129180908,9.0
2025,POST,22,2025_22_SEA_NE,NE,False,2143.0,1457.0,0.8677873015403748,12.0
2025,POST,22,2025_22_SEA_NE,NE,False,2148.0,1452.0,0.832602247595787,12.0
2025,POST,22,2025_22_SEA_NE,NE,False,2153.0,1447.0,0.8280226439237595,12.0
2025,POST,22,2025_22_SEA_NE,NE,False,2190.0,1410.0,0.8076340556144714,12.0
2025,POST,22,2025_22_SEA_NE,NE,False,2234.0,1366.0,0.8236707895994186,12.0
2025,POST,22,2025_22_SEA_NE,NE,False,2239.0,1361.0,0.8615053445100784,12.0
2025,POST,22,2025_22_SEA_NE,NE,False,2246.0,1354.0,0.8605183362960815,12.0
2025,POST,22,2025_22_SEA_NE,NE,False,2290.0,1310.0,0.8455784916877747,12.0
2025,POST,22,2025_22_SEA_NE,NE,False,2334.0,1266.0,0.8377106189727783,12.0
2025,POST,22,2025_22_SEA_NE,NE,False,2376.0,1224.0,0.8351369500160217,12.0
2025,POST,22,2025_22_SEA_NE,NE,False,2390.0,1210.0,0.8704628497362137,12.0
2025,POST,22,2025_22_SEA_NE,NE,False,2430.0,1170.0,0.8813058659434319,12.0
2025,POST,22,2025_22_SEA_NE,NE,False,2471.0,1129.0,0.8687131404876709,12.0
2025,POST,22,2025_22_SEA_NE,NE,False,2475.0,1125.0,0.9013465195894241,12.0
2025,POST,22,2025_22_SEA_NE,NE,False,2482.0,1118.0,0.8886173367500305,12.0
2025,POST,22,2025_22_SEA_NE,NE,False,2527.0,1073.0,0.8951904773712158,12.0
2025,POST,22,2025_22_SEA_NE,NE,False,2532.0,1068.0,0.8880603909492493,12.0
2025,POST,22,2025_22_SEA_NE,NE,False,2572.0,1028.0,0.8827207088470459,12.0
2025,POST,22,2025_22_SEA_NE,NE,False,2585.0,1015.0,0.8880844488739967,12.0
2025,POST,22,2025_22_SEA_NE,NE,False,2617.0,983.0,0.8789780288934708,12.0
2025,POST,22,2025_22_SEA_NE,NE,False,2642.0,958.0,0.8591293692588806,12.0
2025,POST,22,2025_22_SEA_NE,NE,False,2648.0,952.0,0.8749325275421143,12.0
2025,POST,22,2025_22_SEA_NE,NE,False,2684.0,916.0,0.8804412931203842,12.0
2025,POST,22,2025_22_SEA_NE,NE,False,2690.0,910.0,0.9351990222930908,12.0
2025,POST,22,2025_22_SEA_NE,NE,False,2700.0,900.0,0.9429132342338562,12.0
2025,POST,22,2025_22_SEA_NE,NE,False,2700.0,900.0,0.9429132342338562,12.0
2025,POST,22,2025_22_SEA_NE,NE,False,2740.0,860.0,0.9347108006477356,12.0
2025,POST,22,2025_22_SEA_NE,NE,False,2746.0,854.0,0.9275331497192383,12.0
2025,POST,22,2025_22_SEA_NE,NE,False,2791.0,809.0,0.949262261390686,18.0
2025,POST,22,2025_22_SEA_NE,NE,False,2796.0,804.0,0.9759570620954037,19.0
2025,POST,22,2025_22_SEA_NE,NE,False,2796.0,804.0,0.9759570620954037,19.0
2025,POST,22,2025_22_SEA_NE,NE,False,2796.0,804.0,0.9712628647685051,19.0
2025,POST,22,2025_22_SEA_NE,NE,False,2824.0,776.0,0.9749130979180336,19.0
2025,POST,22,2025_22_SEA_NE,NE,False,2847.0,753.0,0.9706730116158724,13.0
2025,POST,22,2025_22_SEA_NE,NE,False,2853.0,747.0,0.9522408934259367,12.0
2025,POST,22,2025_22_SEA_NE,NE,False,2853.0,747.0,0.9511561989784241,12.0
2025,POST,22,2025_22_SEA_NE,NE,False,2858.0,742.0,0.9522578716278076,12.0
2025,POST,22,2025_22_SEA_NE,NE,False,2899.0,701.0,0.9515453577041626,12.0
2025,POST,22,2025_22_SEA_NE,NE,False,2936.0,664.0,0.9431954622268677,12.0
2025,POST,22,2025_22_SEA_NE,NE,False,2940.0,660.0,0.940173327922821,12.0
2025,POST,22,2025_22_SEA_NE,NE,False,2945.0,655.0,0.9256863594055176,12.0
2025,POST,22,2025_22_SEA_NE,NE,False,2960.0,640.0,0.9482955187559128,12.0
2025,POST,22,2025_22_SEA_NE,NE,False,2965.0,635.0,0.9594968594610691,12.0
2025,POST,22,2025_22_SEA_NE,NE,False,2989.0,611.0,0.9430369846522808,12.0
2025,POST,22,2025_22_SEA_NE,NE,False,2998.0,602.0,0.9502146989107132,12.0
2025,POST,22,2025_22_SEA_NE,NE,False,3025.0,575.0,0.9496777467429638,12.0
2025,POST,22,2025_22_SEA_NE,NE,False,3053.0,547.0,0.9349887445569038,12.0
2025,POST,22,2025_22_SEA_NE,NE,False,3071.0,529.0,0.9298404678702354,12.0
2025,POST,22,2025_22_SEA_NE,NE,False,3083.0,517.0,0.9705482721328735,12.0
2025,POST,22,2025_22_SEA_NE,NE,False,3121.0,479.0,0.9711589813232422,12.0
2025,POST,22,2025_22_SEA_NE,NE,False,3169.0,431.0,0.9836926460266113,12.0
2025,POST,22,2025_22_SEA_NE,NE,False,3212.0,388.0,0.9855310916900635,12.0
2025,POST,22,2025_22_SEA_NE,NE,False,3257.0,343.0,0.9879282116889954,12.0
2025,POST,22,2025_22_SEA_NE,NE,False,3262.0,338.0,0.9840307235717773,12.0
2025,POST,22,2025_22_SEA_NE,NE,False,3262.0,338.0,0.9840307235717773,15.0
2025,POST,22,2025_22_SEA_NE,NE,False,3265.0,335.0,0.9748418014496565,15.0
2025,POST,22,2025_22_SEA_NE,NE,False,3271.0,329.0,0.96993656642735,15.0
2025,POST,22,2025_22_SEA_NE,NE,False,3296.0,304.0,0.9781002383679152,15.0
2025,POST,22,2025_22_SEA_NE,NE,False,3303.0,297.0,0.9811552800238132,15.0
2025,POST,22,2025_22_SEA_NE,NE,False,3323.0,277.0,0.969763208180666,21.0
2025,POST,22,2025_22_SEA_NE,NE,False,3333.0,267.0,0.999355553958332,22.0
2025,POST,22,2025_22_SEA_NE,NE,False,3333.0,267.0,0.9994141203351319,22.0
2025,POST,22,2025_22_SEA_NE,NE,False,3333.0,267.0,0.9994686547433957,22.0
2025,POST,22,2025_22_SEA_NE,NE,False,3352.0,248.0,0.9994200163637288,22.0
2025,POST,22,2025_22_SEA_NE,NE,False,3372.0,228.0,0.9994244512636214,22.0
2025,POST,22,2025_22_SEA_NE,NE,False,3378.0,222.0,0.999390862591099,22.0
2025,POST,22,2025_22_SEA_NE,NE,False,3384.0,216.0,0.9994103718199767,22.0
2025,POST,22,2025_22_SEA_NE,NE,False,3392.0,208.0,0.999537916679401,22.0
2025,POST,22,2025_22_SEA_NE,NE,False,3422.0,178.0,0.9995364442875143,22.0
2025,POST,22,2025_22_SEA_NE,NE,False,3448.0,152.0,0.9988249214366078,22.0
2025,POST,22,2025_22_SEA_NE,NE,False,3448.0,152.0,0.9988249214366078,22.0
2025,POST,22,2025_22_SEA_NE,NE,False,3452.0,148.0,0.9985260794637725,16.0
2025,POST,22,2025_22_SEA_NE,NE,False,3459.0,141.0,0.9987981380820273,16.0
2025,POST,22,2025_22_SEA_NE,NE,False,3459.0,141.0,0.9990549683570862,16.0
2025,POST,22,2025_22_SEA_NE,NE,False,3459.0,141.0,0.9990549683570862,16.0
2025,POST,22,2025_22_SEA_NE,NE,False,3460.0,140.0,0.9992534518241882,16.0
2025,POST,22,2025_22_SEA_NE,NE,False,3466.0,134.0,0.999163031578064,16.0
2025,POST,22,2025_22_SEA_NE,NE,False,3466.0,134.0,0.999163031578064,16.0
2025,POST,22,2025_22_SEA_NE,NE,False,3470.0,130.0,0.9985532164573669,16.0
2025,POST,22,2025_22_SEA_NE,NE,False,3470.0,130.0,0.9985532164573669,16.0
2025,POST,22,2025_22_SEA_NE,NE,False,3479.0,121.0,0.9984001517295837,16.0
2025,POST,22,2025_22_SEA_NE,NE,False,3483.0,117.0,0.9983508586883545,16.0
2025,POST,22,2025_22_SEA_NE,NE,False,3491.0,109.0,0.9990576726850122,16.0
2025,POST,22,2025_22_SEA_NE,NE,False,3510.0,90.0,0.9993158524157479,16.0
2025,POST,22,2025_22_SEA_NE,NE,False,3528.0,72.0,0.999076439300552,16.0
2025,POST,22,2025_22_SEA_NE,NE,False,3547.0,53.0,0.9990027117310092,16.0
2025,POST,22,2025_22_SEA_NE,NE,False,3553.0,47.0,0.9989774948917329,16.0
2025,POST,22,2025_22_SEA_NE,NE,False,3561.0,39.0,0.9991757932002656,16.0
2025,POST,22,2025_22_SEA_NE,NE,False,3580.0,20.0,0.9991532700951211,16.0
2025,POST,22,2025_22_SEA_NE,NE,False,3588.0,12.0,0.9991389492060989,16.0
2025,POST,22,2025_22_SEA_NE,NE,False,3600.0,0.0,1.0,16.0
