season,season_type,team,player_id,player_name,dropbacks,interceptions,fumbles_lost,sacks_taken,games,epa_per_dropback,turnovers,turnover_rate_per_dropback
1999,POST,BUF,00-0008612,R.Johnson,29,0.0,1,6.0,1,-0.41893,1.0,0.03448
1999,POST,DAL,00-0000104,T.Aikman,37,1.0,0,1.0,1,-0.12762,1.0,0.02703
1999,POST,DET,00-0005589,G.Frerotte,49,2.0,0,5.0,1,-0.2505,2.0,0.04082
1999,POST,IND,00-0010346,P.Manning,41,0.0,0,0.0,1,0.01313,0.0,0.0
1999,POST,JAX,00-0002110,M.Brunell,52,2.0,1,5.0,2,-0.05997,3.0,0.05769
1999,POST,JAX,00-0005180,J.Fiedler,10,1.0,0,0.0,1,0.49612,1.0,0.1
1999,POST,LA,00-0017200,K.Warner,123,4.0,1,4.0,3,0.35603,5.0,0.04065
1999,POST,MIA,00-0007835,D.Huard,19,0.0,0,3.0,1,-0.60754,0.0,0.0
1999,POST,MIA,00-0010379,D.Marino,58,2.0,2,3.0,2,-0.23379,4.0,0.06897
1999,POST,MIN,00-0005885,J.George,83,1.0,1,7.0,2,0.30951,2.0,0.0241
1999,POST,SEA,00-0009311,J.Kitna,35,2.0,0,6.0,1,-0.19635,2.0,0.05714
1999,POST,TB,00-0009266,S.King,65,3.0,0,7.0,2,-0.28629,3.0,0.04615
1999,POST,TEN,00-0011024,S.McNair,110,2.0,1,5.0,4,-0.15512,3.0,0.02727
1999,POST,WAS,00-0008442,B.Johnson,64,3.0,1,4.0,2,-0.17434,4.0,0.0625
1999,REG,ARI,00-0001907,D.Brown,188,6.0,1,18.0,8,-0.22505,7.0,0.03723
1999,REG,ARI,00-0006410,C.Greisen,6,0.0,0,0.0,1,-0.61065,0.0,0.0
1999,REG,ARI,00-0013013,M.Pittman,1,0.0,1,0.0,9,1.89053,1.0,1.0
1999,REG,ARI,00-0013042,J.Plummer,408,24.0,1,27.0,12,-0.17644,25.0,0.06127
1999,REG,ARI,00-0014328,F.Sanders,1,0.0,0,0.0,1,-1.06278,0.0,0.0
1999,REG,ATL,00-0002876,C.Chandler,334,11.0,2,32.0,12,-0.03028,13.0,0.03892
1999,REG,ATL,00-0006299,T.Graziani,127,4.0,3,12.0,11,-0.17904,7.0,0.05512
1999,REG,ATL,00-0009007,D.Kanell,85,4.0,0,5.0,3,0.06099,4.0,0.04706
1999,REG,BAL,00-0000722,T.Banks,351,8.0,6,33.0,11,-0.10141,14.0,0.03989
1999,REG,BAL,00-0002787,S.Case,185,8.0,2,17.0,10,-0.29659,10.0,0.05405
1999,REG,BAL,00-0011434,S.Mitchell,17,2.0,0,1.0,1,-0.36711,2.0,0.11765
1999,REG,BUF,00-0005363,D.Flutie,500,16.0,4,26.0,15,0.0274,20.0,0.04
1999,REG,BUF,00-0008612,R.Johnson,35,0.0,0,1.0,2,0.50849,0.0,0.0
1999,REG,BUF,00-0016838,A.Van Pelt,1,0.0,0,0.0,1,-0.15372,0.0,0.0
1999,REG,CAR,00-0001218,S.Beuerlein,615,15.0,9,50.0,16,0.11548,24.0,0.03902
1999,REG,CAR,00-0001471,S.Bono,1,0.0,0,0.0,1,-0.87572,0.0,0.0
1999,REG,CAR,00-0009868,J.Lewis,4,0.0,0,1.0,2,-0.54627,0.0,0.0
1999,REG,CHI,00-0010560,S.Matthews,285,6.0,3,13.0,8,-0.07921,9.0,0.03158
1999,REG,CHI,00-0011044,C.McNown,251,10.0,3,18.0,15,-0.07353,13.0,0.05179
1999,REG,CHI,00-0011276,J.Miller,179,6.0,1,7.0,5,0.10522,7.0,0.03911
1999,REG,CIN,00-0001335,J.Blake,415,12.0,5,30.0,14,-0.04851,17.0,0.04096
1999,REG,CIN,00-0003557,S.Covington,5,0.0,0,0.0,3,-0.17843,0.0,0.0
1999,REG,CIN,00-0012742,D.Pelfrey,1,0.0,0,0.0,1,-0.947,0.0,0.0
1999,REG,CIN,00-0012953,C.Pickens,1,0.0,0,0.0,1,1.24674,0.0,0.0
1999,REG,CIN,00-0015082,A.Smith,170,6.0,0,19.0,7,-0.24365,6.0,0.03529
1999,REG,CLE,00-0003535,T.Couch,449,13.0,6,56.0,15,-0.1605,19.0,0.04232
1999,REG,CLE,00-0004230,T.Detmer,95,2.0,0,4.0,5,-0.03157,2.0,0.02105
1999,REG,CLE,00-0008560,K.Johnson,1,0.0,0,0.0,2,-0.43968,0.0,0.0
1999,REG,CLE,00-0009288,T.Kirby,1,0.0,1,0.0,16,-0.32166,1.0,1.0
1999,REG,DAL,00-0000104,T.Aikman,452,12.0,1,19.0,14,0.05474,13.0,0.02876
1999,REG,DAL,00-0005794,J.Garrett,69,1.0,0,5.0,5,-0.18401,1.0,0.01449
1999,REG,DAL,00-0014324,D.Sanders,1,0.0,0,0.0,1,-0.39964,0.0,0.0
1999,REG,DEN,00-0001785,B.Brister,20,3.0,0,0.0,2,-0.36955,3.0,0.15
1999,REG,DEN,00-0006423,B.Griese,469,14.0,5,27.0,14,0.00282,19.0,0.04051
1999,REG,DEN,00-0011244,C.Miller,87,1.0,0,7.0,3,-0.06767,1.0,0.01149
1999,REG,DEN,00-0015290,R.Smith,1,0.0,0,0.0,1,-0.68262,0.0,0.0
1999,REG,DET,00-0000865,C.Batch,304,7.0,1,36.0,11,-0.05918,8.0,0.02632
1999,REG,DET,00-0005589,G.Frerotte,310,7.0,0,28.0,9,0.04386,7.0,0.02258
1999,REG,DET,00-0008401,J.Jett,1,0.0,1,0.0,3,-0.947,1.0,1.0
1999,REG,GB,00-0005106,B.Favre,624,23.0,4,35.0,16,0.00791,27.0,0.04327
1999,REG,GB,00-0007091,M.Hasselbeck,11,0.0,0,1.0,5,-0.27821,0.0,0.0
1999,REG,IND,00-0010346,P.Manning,541,15.0,3,14.0,16,0.19355,18.0,0.03327
1999,REG,IND,00-0017121,S.Walsh,13,2.0,0,0.0,2,-1.65084,2.0,0.15385
1999,REG,JAX,00-0002110,M.Brunell,470,9.0,1,29.0,15,0.11677,10.0,0.02128
1999,REG,JAX,00-0005180,J.Fiedler,101,2.0,0,7.0,7,0.15152,2.0,0.0198
1999,REG,KC,00-0006300,E.Grbac,520,15.0,3,26.0,16,0.07506,18.0,0.03462
1999,REG,KC,00-0011524,W.Moon,2,0.0,0,0.0,1,-0.01023,0.0,0.0
1999,REG,KC,00-0013108,D.Pope,1,0.0,0,0.0,2,-0.947,0.0,0.0
1999,REG,LA,00-0005092,M.Faulk,1,0.0,2,0.0,15,-1.92197,2.0,2.0
1999,REG,LA,00-0005902,J.Germaine,19,2.0,1,3.0,2,-0.3558,3.0,0.15789
1999,REG,LA,00-0008970,P.Justin,15,0.0,0,1.0,6,0.14306,0.0,0.0
1999,REG,LA,00-0017200,K.Warner,473,11.0,4,26.0,15,0.31218,15.0,0.03171
1999,REG,LAC,00-0006808,J.Harbaugh,464,14.0,3,37.0,14,-0.07669,17.0,0.03664
1999,REG,LAC,00-0009451,E.Kramer,147,10.0,1,7.0,6,-0.21386,11.0,0.07483
1999,REG,LAC,00-0011640,M.Moreno,8,0.0,0,1.0,1,0.18422,0.0,0.0
1999,REG,LAC,00-0013523,R.Reed,1,0.0,0,1.0,1,-1.40717,0.0,0.0
1999,REG,LAC,00-0013712,M.Ricks,1,0.0,0,0.0,3,-0.34708,0.0,0.0
1999,REG,LV,00-0005741,R.Gannon,562,14.0,4,49.0,16,0.10176,18.0,0.03203
1999,REG,LV,00-0007832,B.Hoying,5,0.0,0,0.0,2,-0.5035,0.0,0.0
1999,REG,MIA,00-0007835,D.Huard,243,4.0,2,28.0,9,-0.07971,6.0,0.02469
1999,REG,MIA,00-0010379,D.Marino,371,17.0,3,9.0,11,-0.11154,20.0,0.05391
1999,REG,MIA,00-0018518,S.Zolak,4,0.0,0,0.0,1,-0.89182,0.0,0.0
1999,REG,MIN,00-0001157,M.Berger,1,0.0,0,0.0,1,-0.947,0.0,0.0
1999,REG,MIN,00-0003761,R.Cunningham,208,9.0,2,15.0,6,-0.03786,11.0,0.05288
1999,REG,MIN,00-0005885,J.George,346,12.0,5,28.0,12,0.12853,17.0,0.04913
1999,REG,MIN,00-0011754,R.Moss,1,0.0,0,0.0,5,3.33899,0.0,0.0
1999,REG,NE,00-0001361,D.Bledsoe,590,21.0,2,55.0,16,-0.06956,23.0,0.03898
1999,REG,NE,00-0002068,T.Brown,1,0.0,0,0.0,1,-0.36759,0.0,0.0
1999,REG,NE,00-0017218,L.Warren,1,0.0,0,1.0,13,-2.04929,0.0,0.0
1999,REG,NO,00-0004161,J.Delhomme,82,5.0,1,6.0,2,-0.20197,6.0,0.07317
1999,REG,NO,00-0007530,B.Hobert,169,6.0,1,11.0,9,-0.01693,7.0,0.04142
1999,REG,NO,00-0015242,L.Smith,1,0.0,0,0.0,11,-1.3369,0.0,0.0
1999,REG,NO,00-0016534,B.Tolliver,283,16.0,2,19.0,10,-0.06035,18.0,0.0636
1999,REG,NO,00-0017915,R.Williams,1,0.0,3,0.0,12,-0.34373,3.0,3.0
1999,REG,NO,00-0018333,D.Wuerffel,51,3.0,0,5.0,4,-0.55345,3.0,0.05882
1999,REG,NYG,00-0003292,K.Collins,344,11.0,6,16.0,10,-0.02075,17.0,0.04942
1999,REG,NYG,00-0006212,K.Graham,300,9.0,0,26.0,9,-0.04234,9.0,0.03
1999,REG,NYJ,00-0008561,K.Johnson,2,0.0,0,1.0,7,-0.83035,0.0,0.0
1999,REG,NYJ,00-0010137,R.Lucas,287,6.0,2,11.0,9,0.11163,8.0,0.02787
1999,REG,NYJ,00-0011378,R.Mirer,204,9.0,1,22.0,7,-0.12201,10.0,0.04902
1999,REG,NYJ,00-0015420,J.Sowell,1,0.0,0,0.0,2,-0.40107,0.0,0.0
1999,REG,NYJ,00-0016193,V.Testaverde,15,1.0,0,0.0,1,0.31333,1.0,0.06667
1999,REG,NYJ,00-0016683,T.Tupa,16,0.0,1,3.0,2,-0.06136,1.0,0.0625
1999,REG,PHI,00-0004229,K.Detmer,28,2.0,0,0.0,1,-0.10881,2.0,0.07143
1999,REG,PHI,00-0011022,D.McNabb,247,7.0,6,28.0,11,-0.30883,13.0,0.05263
1999,REG,PHI,00-0012726,D.Pederson,244,9.0,6,20.0,10,-0.21835,15.0,0.06148
1999,REG,PHI,00-0015063,T.Small,2,0.0,0,0.0,2,-0.32106,0.0,0.0
1999,REG,PHI,00-0015523,D.Staley,1,0.0,4,1.0,16,-1.83546,4.0,4.0
1999,REG,PIT,00-0001215,J.Bettis,1,0.0,1,0.0,16,2.98807,1.0,1.0
1999,REG,PIT,00-0006100,P.Gonzalez,1,0.0,0,0.0,1,0.04837,0.0,0.0
1999,REG,PIT,00-0015700,K.Stewart,294,10.0,1,22.0,13,-0.19948,11.0,0.03741
1999,REG,PIT,00-0016538,M.Tomczak,272,8.0,2,15.0,9,-0.01308,10.0,0.03676
1999,REG,SEA,00-0005379,G.Foley,36,0.0,1,6.0,1,0.196,1.0,0.02778
1999,REG,SEA,00-0009311,J.Kitna,519,16.0,5,32.0,15,-0.00674,21.0,0.04046
1999,REG,SF,00-0005755,J.Garcia,386,11.0,2,15.0,13,0.05678,13.0,0.03368
1999,REG,SF,00-0005779,C.Garner,1,0.0,2,1.0,16,-3.56684,2.0,2.0
1999,REG,SF,00-0013639,J.Rice,1,0.0,0,0.0,3,-0.66882,0.0,0.0
1999,REG,SF,00-0015627,S.Stenstrom,109,4.0,0,10.0,6,-0.40029,4.0,0.0367
1999,REG,SF,00-0018441,S.Young,91,4.0,1,8.0,3,-0.25061,5.0,0.05495
1999,REG,TB,00-0004293,T.Dilfer,271,11.0,5,26.0,10,-0.11837,16.0,0.05904
1999,REG,TB,00-0009266,S.King,157,4.0,3,11.0,6,-0.09305,7.0,0.04459
1999,REG,TB,00-0014115,M.Royals,2,0.0,0,0.0,3,0.62326,0.0,0.0
1999,REG,TB,00-0018483,E.Zeier,59,1.0,1,5.0,2,-0.29131,2.0,0.0339
1999,REG,TEN,00-0011024,S.McNair,343,8.0,1,16.0,11,0.01905,9.0,0.02624
1999,REG,TEN,00-0012261,N.O'Donnell,201,5.0,2,9.0,8,0.05554,7.0,0.03483
1999,REG,TEN,00-0018343,F.Wycheck,1,0.0,0,0.0,2,5.55304,0.0,0.0
1999,REG,WAS,00-0003395,B.Conway,1,0.0,0,0.0,1,-1.36804,0.0,0.0
1999,REG,WAS,00-0008442,B.Johnson,548,13.0,6,29.0,16,0.1036,19.0,0.03467
1999,REG,WAS,00-0012732,R.Peete,19,1.0,0,2.0,2,-0.17116,1.0,0.05263
2000,POST,BAL,00-0000722,T.Banks,3,0.0,0,0.0,3,-0.92427,0.0,0.0
2000,POST,BAL,00-0004293,T.Dilfer,86,1.0,0,10.0,4,-0.0452,1.0,0.01163
2000,POST,DEN,00-0005589,G.Frerotte,32,1.0,0,4.0,1,-0.23514,1.0,0.03125
2000,POST,DEN,00-0019682,J.Jackson,11,0.0,0,1.0,1,-0.28258,0.0,0.0
2000,POST,IND,00-0010346,P.Manning,33,0.0,0,0.0,1,0.05402,0.0,0.0
2000,POST,LA,00-0017200,K.Warner,43,3.0,1,2.0,1,0.15668,4.0,0.09302
2000,POST,LV,00-0005741,R.Gannon,51,2.0,2,7.0,2,-0.32228,4.0,0.07843
2000,POST,LV,00-0007832,B.Hoying,19,2.0,0,0.0,2,-0.20985,2.0,0.10526
2000,POST,MIA,00-0005180,J.Fiedler,79,6.0,0,4.0,2,-0.3106,6.0,0.07595
2000,POST,MIN,00-0003739,D.Culpepper,66,3.0,1,4.0,2,-0.05685,4.0,0.06061
2000,POST,NO,00-0001823,A.Brooks,87,3.0,0,4.0,2,0.12754,3.0,0.03448
2000,POST,NYG,00-0003292,K.Collins,105,6.0,0,5.0,3,-0.08317,6.0,0.05714
2000,POST,NYG,00-0005794,J.Garrett,1,0.0,0,1.0,1,0.91848,0.0,0.0
2000,POST,PHI,00-0011022,D.McNabb,86,2.0,1,8.0,2,-0.36564,3.0,0.03488
2000,POST,TB,00-0009266,S.King,34,0.0,1,4.0,1,-0.26913,1.0,0.02941
2000,POST,TEN,00-0011024,S.McNair,47,1.0,0,1.0,1,-0.37157,1.0,0.02128
2000,POST,TEN,00-0012261,N.O'Donnell,1,0.0,0,0.0,1,2.42848,0.0,0.0
2000,REG,ARI,00-0001907,D.Brown,78,3.0,2,10.0,4,-0.20045,5.0,0.0641
2000,REG,ARI,00-0006410,C.Greisen,14,0.0,1,3.0,2,-0.28094,1.0,0.07143
2000,REG,ARI,00-0013042,J.Plummer,505,21.0,4,22.0,14,-0.09928,25.0,0.0495
2000,REG,ATL,00-0002876,C.Chandler,374,12.0,1,40.0,14,-0.18182,13.0,0.03476
2000,REG,ATL,00-0009007,D.Kanell,121,5.0,0,8.0,5,-0.27056,5.0,0.04132
2000,REG,ATL,00-0019087,D.Johnson,80,3.0,3,13.0,4,-0.4618,6.0,0.075
2000,REG,BAL,00-0000722,T.Banks,302,8.0,0,20.0,11,-0.07696,8.0,0.02649
2000,REG,BAL,00-0004293,T.Dilfer,256,11.0,2,23.0,9,-0.07364,13.0,0.05078
2000,REG,BAL,00-0009869,J.Lewis,1,0.0,0,0.0,4,0.75243,0.0,0.0
2000,REG,BAL,00-0019709,C.Redman,3,0.0,0,0.0,1,-0.69085,0.0,0.0
2000,REG,BUF,00-0002159,S.Bryson,1,0.0,0,0.0,15,1.06011,0.0,0.0
2000,REG,BUF,00-0005363,D.Flutie,248,2.0,2,9.0,10,0.10448,4.0,0.01613
2000,REG,BUF,00-0008612,R.Johnson,343,7.0,2,44.0,11,-0.09344,9.0,0.02624
2000,REG,BUF,00-0011463,C.Mohr,1,0.0,0,0.0,2,4.89279,0.0,0.0
2000,REG,BUF,00-0016838,A.Van Pelt,8,0.0,0,0.0,1,0.25002,0.0,0.0
2000,REG,CAR,00-0001218,S.Beuerlein,601,18.0,8,62.0,16,-0.02621,26.0,0.04326
2000,REG,CAR,00-0009868,J.Lewis,39,1.0,0,7.0,5,-0.7977,1.0,0.02564
2000,REG,CHI,00-0000098,L.Aguiar,1,0.0,0,0.0,1,2.74,0.0,0.0
2000,REG,CHI,00-0007059,M.Hartsell,1,0.0,0,0.0,1,-1.27333,0.0,0.0
2000,REG,CHI,00-0010560,S.Matthews,182,6.0,1,5.0,6,-0.19516,7.0,0.03846
2000,REG,CHI,00-0011044,C.McNown,315,9.0,3,27.0,10,-0.19572,12.0,0.0381
2000,REG,CHI,00-0011276,J.Miller,83,1.0,0,2.0,3,-0.00121,1.0,0.01205
2000,REG,CIN,00-0011434,S.Mitchell,204,8.0,2,16.0,8,-0.18719,10.0,0.04902
2000,REG,CIN,00-0015082,A.Smith,308,6.0,8,36.0,11,-0.28121,14.0,0.04545
2000,REG,CLE,00-0003535,T.Couch,225,9.0,0,10.0,7,-0.04111,9.0,0.04
2000,REG,CLE,00-0008560,K.Johnson,3,1.0,0,0.0,1,-0.88627,1.0,0.33333
2000,REG,CLE,00-0012726,D.Pederson,228,8.0,0,17.0,10,-0.2599,8.0,0.03509
2000,REG,CLE,00-0019278,K.Thompson,1,0.0,0,0.0,1,-0.14231,0.0,0.0
2000,REG,CLE,00-0019553,S.Wynn,66,1.0,2,13.0,7,-0.78112,3.0,0.04545
2000,REG,DAL,00-0000104,T.Aikman,275,14.0,2,13.0,11,-0.10708,16.0,0.05818
2000,REG,DAL,00-0003761,R.Cunningham,141,4.0,1,8.0,6,0.05235,5.0,0.03546
2000,REG,DAL,00-0018272,A.Wright,69,3.0,2,12.0,4,-0.73343,5.0,0.07246
2000,REG,DAL,00-0019442,C.Stoerner,6,0.0,0,2.0,1,0.15442,0.0,0.0
2000,REG,DEN,00-0005589,G.Frerotte,244,8.0,3,12.0,9,0.01011,11.0,0.04508
2000,REG,DEN,00-0006423,B.Griese,355,4.0,3,17.0,10,0.26087,7.0,0.01972
2000,REG,DEN,00-0019682,J.Jackson,2,0.0,0,1.0,2,-1.39961,0.0,0.0
2000,REG,DET,00-0000865,C.Batch,448,15.0,3,41.0,15,-0.15515,18.0,0.04018
2000,REG,DET,00-0002787,S.Case,108,4.0,1,12.0,5,-0.22179,5.0,0.0463
2000,REG,GB,00-0005106,B.Favre,613,16.0,5,33.0,16,0.00354,21.0,0.03426
2000,REG,GB,00-0006305,A.Green,1,0.0,2,0.0,16,-0.66208,2.0,2.0
2000,REG,GB,00-0007091,M.Hasselbeck,21,0.0,0,1.0,4,-0.26513,0.0,0.0
2000,REG,IND,00-0010346,P.Manning,590,15.0,2,20.0,16,0.23119,17.0,0.02881
2000,REG,JAX,00-0002110,M.Brunell,586,14.0,3,54.0,16,0.03386,17.0,0.02901
2000,REG,JAX,00-0010455,J.Martin,33,1.0,0,0.0,5,0.57085,1.0,0.0303
2000,REG,KC,00-0006300,E.Grbac,547,13.0,3,27.0,14,0.07996,16.0,0.02925
2000,REG,KC,00-0011524,W.Moon,40,1.0,0,5.0,2,-0.17345,1.0,0.025
2000,REG,KC,00-0019726,S.Morris,1,0.0,0,0.0,1,2.02102,0.0,0.0
2000,REG,LA,00-0006355,T.Green,266,5.0,2,24.0,8,0.18516,7.0,0.02632
2000,REG,LA,00-0010174,K.Lyle,1,0.0,0,0.0,2,1.053,0.0,0.0
2000,REG,LA,00-0017200,K.Warner,368,18.0,1,20.0,11,0.25631,19.0,0.05163
2000,REG,LAC,00-0002873,R.Chancey,1,0.0,0,0.0,2,-2.69206,0.0,0.0
2000,REG,LAC,00-0006808,J.Harbaugh,217,10.0,2,14.0,7,0.03274,12.0,0.0553
2000,REG,LAC,00-0009715,R.Leaf,338,17.0,5,30.0,10,-0.21423,22.0,0.06509
2000,REG,LAC,00-0011640,M.Moreno,31,2.0,1,3.0,5,-0.46844,3.0,0.09677
2000,REG,LV,00-0005741,R.Gannon,524,11.0,5,28.0,16,0.21721,16.0,0.03053
2000,REG,LV,00-0007832,B.Hoying,2,0.0,0,0.0,1,-0.8937,0.0,0.0
2000,REG,MIA,00-0005180,J.Fiedler,360,13.0,2,22.0,14,0.12098,15.0,0.04167
2000,REG,MIA,00-0007835,D.Huard,65,3.0,0,4.0,3,-0.33373,3.0,0.04615
2000,REG,MIA,00-0015242,L.Smith,1,0.0,3,0.0,14,-1.29755,3.0,3.0
2000,REG,MIA,00-0016331,T.Thomas,1,0.0,1,1.0,7,-0.25867,1.0,1.0
2000,REG,MIN,00-0001157,M.Berger,1,1.0,0,0.0,1,-1.97506,1.0,1.0
2000,REG,MIN,00-0001785,B.Brister,21,1.0,0,1.0,2,-0.61059,1.0,0.04762
2000,REG,MIN,00-0003739,D.Culpepper,545,16.0,6,34.0,16,0.23341,22.0,0.04037
2000,REG,NE,00-0001272,M.Bishop,9,1.0,0,0.0,7,0.61233,1.0,0.11111
2000,REG,NE,00-0001361,D.Bledsoe,583,13.0,4,45.0,16,-0.04208,17.0,0.02916
2000,REG,NE,00-0005600,J.Friesz,24,1.0,0,3.0,1,-0.64394,1.0,0.04167
2000,REG,NE,00-0008566,L.Johnson,1,0.0,0,0.0,4,3.21449,0.0,0.0
2000,REG,NE,00-0019596,T.Brady,3,0.0,0,0.0,1,-0.44749,0.0,0.0
2000,REG,NO,00-0001335,J.Blake,331,9.0,3,24.0,11,0.03224,12.0,0.03625
2000,REG,NO,00-0001823,A.Brooks,215,6.0,1,15.0,8,0.11043,7.0,0.03256
2000,REG,NO,00-0017915,R.Williams,1,0.0,3,0.0,10,3.76013,3.0,3.0
2000,REG,NYG,00-0003292,K.Collins,561,13.0,2,28.0,16,0.1277,15.0,0.02674
2000,REG,NYJ,00-0010137,R.Lucas,46,4.0,1,6.0,6,-0.41775,5.0,0.1087
2000,REG,NYJ,00-0010442,C.Martin,1,0.0,2,0.0,16,3.33489,2.0,2.0
2000,REG,NYJ,00-0016193,V.Testaverde,603,25.0,4,13.0,16,0.00451,29.0,0.04809
2000,REG,NYJ,00-0019559,C.Pennington,6,0.0,0,1.0,1,1.17971,0.0,0.0
2000,REG,PHI,00-0004229,K.Detmer,1,1.0,0,0.0,2,-5.28877,1.0,1.0
2000,REG,PHI,00-0011022,D.McNabb,663,13.0,4,45.0,16,0.06034,17.0,0.02564
2000,REG,PHI,00-0011399,B.Mitchell,4,0.0,0,0.0,12,-0.02904,0.0,0.0
2000,REG,PHI,00-0015063,T.Small,1,1.0,0,0.0,2,-1.3315,1.0,1.0
2000,REG,PIT,00-0001215,J.Bettis,2,1.0,0,0.0,16,-1.9032,1.0,0.5
2000,REG,PIT,00-0006212,K.Graham,162,1.0,1,13.0,8,-0.241,2.0,0.01235
2000,REG,PIT,00-0015700,K.Stewart,335,8.0,3,30.0,15,0.0339,11.0,0.03284
2000,REG,SEA,00-0005113,J.Feagles,1,0.0,0,0.0,1,-2.42876,0.0,0.0
2000,REG,SEA,00-0007834,B.Huard,102,2.0,0,13.0,5,-0.17284,2.0,0.01961
2000,REG,SEA,00-0009311,J.Kitna,453,19.0,7,33.0,15,-0.00747,26.0,0.0574
2000,REG,SEA,00-0019192,Tr.Brown,1,0.0,0,0.0,1,-1.51035,0.0,0.0
2000,REG,SF,00-0005755,J.Garcia,581,10.0,1,24.0,16,0.20478,11.0,0.01893
2000,REG,SF,00-0011378,R.Mirer,22,0.0,0,1.0,1,0.20234,0.0,0.0
2000,REG,SF,00-0013639,J.Rice,1,0.0,0,0.0,2,-0.42842,0.0,0.0
2000,REG,SF,00-0019623,T.Rattay,1,0.0,0,0.0,1,-1.49465,0.0,0.0
2000,REG,TB,00-0000251,M.Alstott,1,0.0,2,0.0,13,-2.63308,2.0,2.0
2000,REG,TB,00-0009266,S.King,485,13.0,1,37.0,16,-0.00771,14.0,0.02887
2000,REG,TB,00-0014115,M.Royals,1,0.0,0,0.0,1,4.90823,0.0,0.0
2000,REG,TB,00-0018483,E.Zeier,3,0.0,0,0.0,3,0.60199,0.0,0.0
2000,REG,TB,00-0019579,J.Hamilton,1,0.0,1,1.0,1,-2.54415,1.0,1.0
2000,REG,TEN,00-0011024,S.McNair,436,13.0,6,24.0,16,0.03451,19.0,0.04358
2000,REG,TEN,00-0012261,N.O'Donnell,65,3.0,0,3.0,6,0.20048,3.0,0.04615
2000,REG,TEN,00-0018343,F.Wycheck,2,0.0,0,0.0,2,2.87173,0.0,0.0
2000,REG,WAS,00-0005885,J.George,207,6.0,0,12.0,6,0.13366,6.0,0.02899
2000,REG,WAS,00-0008442,B.Johnson,381,15.0,3,20.0,12,0.00445,18.0,0.04724
2000,REG,WAS,00-0019622,T.Husak,2,0.0,0,0.0,1,-0.69195,0.0,0.0
2001,POST,BAL,00-0006300,E.Grbac,59,3.0,0,4.0,2,-0.2611,3.0,0.05085
2001,POST,CHI,00-0010560,S. Matthews,18,2.0,0,1.0,1,-0.53784,2.0,0.11111
2001,POST,CHI,00-0011276,J. Miller,6,1.0,0,1.0,1,-1.00804,1.0,0.16667
2001,POST,GB,00-0005106,B.Favre,78,7.0,0,3.0,2,-0.22249,7.0,0.08974
2001,POST,LA,00-0017200,K.Warner,116,3.0,0,6.0,3,-0.04558,3.0,0.02586
2001,POST,LV,00-0005741,R. Gannon,65,0.0,0,2.0,2,0.21399,0.0,0.0
2001,POST,MIA,00-0005180,J.Fiedler,33,1.0,1,3.0,1,-0.38027,2.0,0.06061
2001,POST,MIA,00-0010137,R.Lucas,1,0.0,0,0.0,1,1.04503,0.0,0.0
2001,POST,NE,00-0001361,D.Bledsoe,23,0.0,0,2.0,1,-0.00171,0.0,0.0
2001,POST,NE,00-0005091,K.Faulk,1,0.0,0,1.0,2,-1.00731,0.0,0.0
2001,POST,NE,00-0019596,T.Brady,108,1.0,0,5.0,3,-0.0486,1.0,0.00926
2001,POST,NYJ,00-0016193,V.Testaverde,42,0.0,0,1.0,1,0.08647,0.0,0.0
2001,POST,PHI,00-0011022,D.McNabb,109,3.0,1,8.0,3,0.12877,4.0,0.0367
2001,POST,PIT,00-0015700,K.Stewart,72,4.0,1,5.0,2,0.00023,5.0,0.06944
2001,POST,SF,00-0005755,J.Garcia,35,1.0,0,2.0,1,0.19045,1.0,0.02857
2001,POST,TB,00-0008442,B.Johnson,37,4.0,0,1.0,1,-0.33912,4.0,0.10811
2001,REG,ARI,00-0013042,J.Plummer,570,14.0,3,29.0,16,0.05667,17.0,0.02982
2001,REG,ARI,00-0014328,F.Sanders,1,0.0,0,0.0,1,-0.40553,0.0,0.0
2001,REG,ATL,00-0002876,C.Chandler,414,14.0,1,41.0,14,0.055,15.0,0.03623
2001,REG,ATL,00-0011463,C.Mohr,2,0.0,0,0.0,2,1.47341,0.0,0.0
2001,REG,ATL,00-0019087,D.Johnson,7,0.0,1,2.0,3,-0.27553,1.0,0.14286
2001,REG,ATL,00-0020245,M.Vick,144,3.0,5,21.0,8,-0.20033,8.0,0.05556
2001,REG,BAL,00-0003761,R.Cunningham,105,2.0,0,12.0,5,0.0161,2.0,0.01905
2001,REG,BAL,00-0006300,E.Grbac,499,18.0,5,28.0,14,-0.10588,23.0,0.04609
2001,REG,BAL,00-0013682,K.Richardson,1,0.0,0,0.0,2,-2.71351,0.0,0.0
2001,REG,BUF,00-0008612,R.Johnson,264,7.0,4,31.0,8,-0.13515,11.0,0.04167
2001,REG,BUF,00-0011626,B.Moorman,1,0.0,0,0.0,2,-0.66085,0.0,0.0
2001,REG,BUF,00-0013728,J.Riemersma,1,0.0,0,0.0,1,-0.947,0.0,0.0
2001,REG,BUF,00-0016838,A.Van Pelt,328,11.0,1,14.0,12,0.01879,12.0,0.03659
2001,REG,BUF,00-0019192,T.Brown,35,2.0,0,1.0,1,-0.28127,2.0,0.05714
2001,REG,CAR,00-0003600,D.Craig,12,0.0,0,2.0,2,-0.30744,0.0,0.0
2001,REG,CAR,00-0007969,R.Huntley,2,0.0,2,1.0,13,-2.17147,2.0,1.0
2001,REG,CAR,00-0009028,J.Kasay,1,0.0,0,0.0,1,-0.947,0.0,0.0
2001,REG,CAR,00-0010206,M.Lytle,35,3.0,0,3.0,3,-0.57574,3.0,0.08571
2001,REG,CAR,00-0020434,C.Weinke,584,19.0,3,26.0,15,-0.18145,22.0,0.03767
2001,REG,CHI,00-0001477,M. Booker,2,0.0,0,0.0,5,2.02453,0.0,0.0
2001,REG,CHI,00-0008568,L.Johnson,1,0.0,0,0.0,7,1.00347,0.0,0.0
2001,REG,CHI,00-0010560,S. Matthews,134,6.0,1,6.0,4,-0.07235,7.0,0.05224
2001,REG,CHI,00-0010609,B. Maynard,1,0.0,0,0.0,1,5.42316,0.0,0.0
2001,REG,CHI,00-0011276,J. Miller,405,10.0,3,11.0,14,-0.06661,13.0,0.0321
2001,REG,CIN,00-0004304,C.Dillon,1,1.0,3,0.0,16,-4.66814,4.0,4.0
2001,REG,CIN,00-0009311,J.Kitna,614,22.0,4,25.0,16,-0.0617,26.0,0.04235
2001,REG,CIN,00-0011434,S.Mitchell,14,3.0,0,2.0,1,-1.27196,3.0,0.21429
2001,REG,CIN,00-0015082,A.Smith,10,0.0,0,1.0,2,0.34371,0.0,0.0
2001,REG,CLE,00-0003535,T.Couch,508,21.0,3,51.0,16,-0.12788,24.0,0.04724
2001,REG,CLE,00-0007576,K.Holcomb,12,0.0,0,0.0,1,0.62741,0.0,0.0
2001,REG,DAL,00-0005720,J.Galloway,1,0.0,0,0.0,3,-1.2717,0.0,0.0
2001,REG,DAL,00-0009715,R.Leaf,100,3.0,2,12.0,4,-0.30363,5.0,0.05
2001,REG,DAL,00-0018272,A.Wright,110,5.0,2,5.0,4,-0.21764,7.0,0.06364
2001,REG,DAL,00-0019019,M.Knorr,1,0.0,0,0.0,2,-2.88468,0.0,0.0
2001,REG,DAL,00-0019442,C.Stoerner,57,5.0,1,5.0,4,-0.11597,6.0,0.10526
2001,REG,DAL,00-0020404,Q.Carter,193,7.0,2,12.0,8,-0.0855,9.0,0.04663
2001,REG,DEN,00-0005589,G.Frerotte,51,0.0,1,3.0,4,0.23005,1.0,0.01961
2001,REG,DEN,00-0006423,B.Griese,497,19.0,1,38.0,15,-0.05981,20.0,0.04024
2001,REG,DEN,00-0019682,J.Jackson,13,0.0,0,1.0,1,-0.26103,0.0,0.0
2001,REG,DET,00-0000865,C.Batch,379,12.0,4,33.0,10,-0.05638,16.0,0.04222
2001,REG,DET,00-0004230,T.Detmer,168,10.0,1,12.0,4,-0.2292,11.0,0.06548
2001,REG,DET,00-0008401,J.Jett,1,0.0,0,0.0,2,-0.947,0.0,0.0
2001,REG,DET,00-0017218,L.Warren,2,1.0,0,0.0,12,-2.39154,1.0,0.5
2001,REG,DET,00-0020308,M.McMahon,149,1.0,4,21.0,7,-0.11719,5.0,0.03356
2001,REG,GB,00-0005106,B.Favre,537,15.0,5,21.0,16,0.16777,20.0,0.03724
2001,REG,IND,00-0004294,K.Dilger,1,0.0,0,0.0,1,5.49006,0.0,0.0
2001,REG,IND,00-0010346,P.Manning,586,23.0,3,29.0,16,0.01825,26.0,0.04437
2001,REG,IND,00-0014234,M.Rypien,10,0.0,0,1.0,1,-0.03515,0.0,0.0
2001,REG,JAX,00-0002110,M.Brunell,551,13.0,3,57.0,15,-0.25167,16.0,0.02904
2001,REG,JAX,00-0013338,J.Quinn,72,1.0,3,6.0,4,-0.46198,4.0,0.05556
2001,REG,KC,00-0003315,T. Collins,5,0.0,0,0.0,1,0.54746,0.0,0.0
2001,REG,KC,00-0006101,T. Gonzalez,1,0.0,0,0.0,2,2.65599,0.0,0.0
2001,REG,KC,00-0006355,T. Green,576,24.0,4,39.0,16,-0.03206,28.0,0.04861
2001,REG,LA,00-0005092,M.Faulk,1,0.0,2,0.0,14,-0.36587,2.0,2.0
2001,REG,LA,00-0006627,A.Hakim,1,0.0,0,0.0,7,4.19938,0.0,0.0
2001,REG,LA,00-0010455,J.Martin,5,0.0,0,2.0,3,0.08061,0.0,0.0
2001,REG,LA,00-0013268,R.Proehl,1,0.0,0,0.0,2,-0.947,0.0,0.0
2001,REG,LA,00-0017200,K.Warner,593,22.0,4,38.0,16,0.21581,26.0,0.04384
2001,REG,LAC,00-0005363,D.Flutie,567,18.0,2,25.0,16,0.03474,20.0,0.03527
2001,REG,LAC,00-0020531,D.Brees,30,0.0,0,2.0,1,0.35362,0.0,0.0
2001,REG,LAC,00-0020536,L.Tomlinson,1,0.0,4,0.0,16,-0.45067,4.0,4.0
2001,REG,LV,00-0005741,R. Gannon,605,9.0,7,27.0,16,0.1683,16.0,0.02645
2001,REG,LV,00-0020405,M. Tuiasosopo,4,0.0,0,0.0,1,0.32596,0.0,0.0
2001,REG,MIA,00-0005180,J.Fiedler,504,19.0,4,27.0,16,0.04975,23.0,0.04563
2001,REG,MIA,00-0010137,R.Lucas,3,0.0,0,0.0,7,0.98127,0.0,0.0
2001,REG,MIN,00-0001157,M.Berger,1,0.0,0,0.0,1,-2.39802,0.0,0.0
2001,REG,MIN,00-0001545,T.Bouman,96,4.0,0,4.0,5,0.18061,4.0,0.04167
2001,REG,MIN,00-0003739,D.Culpepper,431,13.0,7,33.0,11,-0.00042,20.0,0.0464
2001,REG,MIN,00-0011754,R.Moss,1,0.0,0,0.0,4,1.98335,0.0,0.0
2001,REG,MIN,00-0019553,S.Wynn,111,6.0,2,10.0,3,-0.44076,8.0,0.07207
2001,REG,NE,00-0001361,D.Bledsoe,72,2.0,0,5.0,2,-0.08035,2.0,0.02778
2001,REG,NE,00-0005091,K.Faulk,1,0.0,0,0.0,15,1.76916,0.0,0.0
2001,REG,NE,00-0012642,D.Patten,2,1.0,0,0.0,5,1.46131,1.0,0.5
2001,REG,NE,00-0017127,K.Walter,1,0.0,0,0.0,1,-0.947,0.0,0.0
2001,REG,NE,00-0019596,T.Brady,459,12.0,3,41.0,15,0.03164,15.0,0.03268
2001,REG,NO,00-0001335,J.Blake,1,0.0,0,0.0,1,-0.48337,0.0,0.0
2001,REG,NO,00-0001823,A.Brooks,638,22.0,2,50.0,16,-0.00465,24.0,0.03762
2001,REG,NO,00-0007744,J.Horn,1,0.0,0,0.0,2,-0.49049,0.0,0.0
2001,REG,NO,00-0020527,D.McAllister,2,0.0,0,0.0,11,1.04866,0.0,0.0
2001,REG,NYG,00-0003292,K. Collins,474,14.0,5,30.0,13,-0.03989,19.0,0.04008
2001,REG,NYG,00-0003292,K.Collins,138,2.0,1,6.0,3,0.13431,3.0,0.02174
2001,REG,NYJ,00-0010442,C.Martin,1,0.0,2,0.0,16,2.9222,2.0,2.0
2001,REG,NYJ,00-0016193,V.Testaverde,465,14.0,2,18.0,16,-0.01482,16.0,0.03441
2001,REG,NYJ,00-0016683,T.Tupa,1,0.0,0,0.0,1,2.94041,0.0,0.0
2001,REG,NYJ,00-0019559,C.Pennington,22,0.0,0,1.0,2,-0.1249,0.0,0.0
2001,REG,NYJ,00-0020462,L.Jordan,1,0.0,0,0.0,13,-0.82336,0.0,0.0
2001,REG,PHI,00-0004229,K.Detmer,16,1.0,0,1.0,5,-0.43242,1.0,0.0625
2001,REG,PHI,00-0011022,D.McNabb,564,12.0,3,39.0,15,0.00279,15.0,0.0266
2001,REG,PHI,00-0020305,A.Feeley,14,1.0,0,0.0,1,0.72195,1.0,0.07143
2001,REG,PHI,00-0020497,F.Mitchell,1,0.0,0,0.0,3,-0.43586,0.0,0.0
2001,REG,PIT,00-0001215,J.Bettis,2,0.0,0,0.0,11,1.96228,0.0,0.0
2001,REG,PIT,00-0010261,T.Maddox,10,1.0,0,1.0,3,0.56132,1.0,0.1
2001,REG,PIT,00-0015700,K.Stewart,494,11.0,4,29.0,16,0.13119,15.0,0.03036
2001,REG,PIT,00-0017162,H.Ward,2,0.0,0,1.0,9,-0.26412,0.0,0.0
2001,REG,SEA,00-0004293,T.Dilfer,136,4.0,0,10.0,6,0.18339,4.0,0.02941
2001,REG,SEA,00-0005113,J.Feagles,2,0.0,0,0.0,2,-1.5103,0.0,0.0
2001,REG,SEA,00-0007091,M.Hasselbeck,374,8.0,2,38.0,13,-0.05858,10.0,0.02674
2001,REG,SEA,00-0007834,B.Huard,19,0.0,0,1.0,1,0.25377,0.0,0.0
2001,REG,SF,00-0005755,J.Garcia,546,12.0,3,26.0,16,0.1558,15.0,0.02747
2001,REG,SF,00-0019623,T.Rattay,2,0.0,0,0.0,2,1.05307,0.0,0.0
2001,REG,TB,00-0006223,M.Gramatica,1,0.0,0,0.0,1,-2.84101,0.0,0.0
2001,REG,TB,00-0008442,B.Johnson,616,11.0,2,44.0,16,-0.00107,13.0,0.0211
2001,REG,TB,00-0009266,S.King,34,1.0,0,3.0,3,-0.05724,1.0,0.02941
2001,REG,TB,00-0014115,M.Royals,1,0.0,0,0.0,1,-2.07285,0.0,0.0
2001,REG,TEN,00-0007308,C.Hentrich,2,1.0,0,0.0,2,-1.34047,1.0,0.5
2001,REG,TEN,00-0011024,S.McNair,497,12.0,3,37.0,15,0.14952,15.0,0.03018
2001,REG,TEN,00-0012261,N.O'Donnell,82,2.0,0,6.0,5,-0.11213,2.0,0.02439
2001,REG,TEN,00-0018343,F.Wycheck,1,0.0,0,0.0,1,1.17346,0.0,0.0
2001,REG,TEN,00-0019041,B.Volek,3,0.0,0,0.0,1,-1.16947,0.0,0.0
2001,REG,TEN,00-0019576,M.Green,2,2.0,0,0.0,5,-2.95848,2.0,1.0
2001,REG,WAS,00-0000722,T.Banks,419,10.0,4,29.0,15,-0.0978,14.0,0.03341
2001,REG,WAS,00-0005885,J.George,48,3.0,1,6.0,2,-0.58405,4.0,0.08333
2001,REG,WAS,00-0006212,K.Graham,21,0.0,0,2.0,2,0.339,0.0,0.0
2001,REG,WAS,00-0010007,K.Lockett,1,0.0,0,0.0,1,3.17687,0.0,0.0
2001,REG,WAS,00-0011151,E.Metcalf,1,0.0,0,1.0,1,-0.7317,0.0,0.0
2002,POST,ATL,00-0019087,D.Johnson,1,0.0,0,0.0,1,0.94117,0.0,0.0
2002,POST,ATL,00-0020245,M.Vick,69,2.0,0,3.0,2,-0.01999,2.0,0.02899
2002,POST,CLE,00-0007576,K.Holcomb,46,1.0,0,1.0,1,0.49149,1.0,0.02174
2002,POST,CLE,00-0008560,K.Johnson,1,0.0,0,1.0,1,-2.4496,0.0,0.0
2002,POST,GB,00-0005106,B.Favre,44,2.0,1,2.0,1,-0.12044,3.0,0.06818
2002,POST,IND,00-0010346,P.Manning,33,2.0,0,1.0,1,-0.27709,2.0,0.06061
2002,POST,LV,00-0005741,R. Gannon,79,1.0,0,2.0,2,0.2759,1.0,0.01266
2002,POST,LV,00-0005741,R.Gannon,54,5.0,0,5.0,1,-0.49972,5.0,0.09259
2002,POST,NYG,00-0003292,K.Collins,45,1.0,0,2.0,1,0.4183,1.0,0.02222
2002,POST,NYG,00-0020214,M.Allen,1,0.0,0,0.0,1,-2.12309,0.0,0.0
2002,POST,NYJ,00-0019559,C.Pennington,79,2.0,2,6.0,2,0.05352,4.0,0.05063
2002,POST,PHI,00-0011022,D.McNabb,89,1.0,2,4.0,2,-0.22521,3.0,0.03371
2002,POST,PIT,00-0010261,T.Maddox,93,3.0,0,4.0,2,0.11316,3.0,0.03226
2002,POST,PIT,00-0017162,H.Ward,1,0.0,0,0.0,2,1.053,0.0,0.0
2002,POST,PIT,00-0021190,A.Randle El,2,0.0,0,0.0,2,-0.07743,0.0,0.0
2002,POST,SF,00-0005755,J.Garcia,92,4.0,1,4.0,2,-0.06028,5.0,0.05435
2002,POST,SF,00-0012478,T.Owens,1,0.0,0,0.0,1,1.71406,0.0,0.0
2002,POST,TB,00-0008442,B.Johnson,101,3.0,0,1.0,3,0.23048,3.0,0.0297
2002,POST,TB,00-0008612,R.Johnson,2,0.0,0,0.0,1,0.10936,0.0,0.0
2002,POST,TEN,00-0011024,S.McNair,90,2.0,0,3.0,2,0.22375,2.0,0.02222
2002,POST,TEN,00-0012261,N.O'Donnell,1,0.0,0,0.0,1,-0.41073,0.0,0.0
2002,REG,ARI,00-0013042,J. Plummer,173,6.0,1,15.0,5,-0.10153,7.0,0.04046
2002,REG,ARI,00-0013042,J.Plummer,417,14.0,5,21.0,11,-0.06215,19.0,0.04556
2002,REG,ARI,00-0021206,J. McCown,23,2.0,1,5.0,2,-0.93844,3.0,0.13043
2002,REG,ATL,00-0011463,C.Mohr,1,1.0,0,0.0,1,-1.22334,1.0,1.0
2002,REG,ATL,00-0019087,D.Johnson,61,3.0,0,3.0,6,0.1612,3.0,0.04918
2002,REG,ATL,00-0020245,M.Vick,492,8.0,6,33.0,15,0.0615,14.0,0.02846
2002,REG,BAL,00-0001335,J.Blake,339,11.0,4,30.0,10,-0.03066,15.0,0.04425
2002,REG,BAL,00-0019709,C.Redman,193,3.0,2,11.0,6,-0.1062,5.0,0.02591
2002,REG,BAL,00-0020516,T.Heap,1,0.0,0,0.0,5,-0.55076,0.0,0.0
2002,REG,BAL,00-0021235,D.Zastudil,1,0.0,0,0.0,2,-2.57512,0.0,0.0
2002,REG,BUF,00-0001361,D. Bledsoe,157,7.0,1,10.0,4,0.03001,8.0,0.05096
2002,REG,BUF,00-0001361,D.Bledsoe,514,8.0,3,44.0,12,0.08228,11.0,0.0214
2002,REG,BUF,00-0016838,A. Van Pelt,2,0.0,0,0.0,1,-0.0986,0.0,0.0
2002,REG,CAR,00-0012732,R.Peete,416,14.0,7,31.0,14,-0.0904,21.0,0.05048
2002,REG,CAR,00-0020376,D.Brown,1,1.0,3,0.0,12,-2.36877,4.0,4.0
2002,REG,CAR,00-0020434,C.Weinke,47,3.0,0,6.0,6,-0.49487,3.0,0.06383
2002,REG,CAR,00-0021254,R.Fasani,47,4.0,0,4.0,3,-0.53523,4.0,0.08511
2002,REG,CAR,00-0021254,R.Fasani (3rd QB),10,0.0,0,3.0,1,-0.35814,0.0,0.0
2002,REG,CHI,00-0001477,M.Booker,5,0.0,0,0.0,4,0.3825,0.0,0.0
2002,REG,CHI,00-0002876,C.Chandler,186,4.0,3,23.0,8,-0.17735,7.0,0.03763
2002,REG,CHI,00-0008568,L.Johnson,2,0.0,1,1.0,15,0.53004,1.0,0.5
2002,REG,CHI,00-0010609,B.Maynard,1,0.0,0,0.0,2,4.19728,0.0,0.0
2002,REG,CHI,00-0011276,J.Miller,332,9.0,2,16.0,10,-0.05271,11.0,0.03313
2002,REG,CHI,00-0014384,C.Sauter,9,0.0,0,0.0,1,-0.14149,0.0,0.0
2002,REG,CHI,00-0019456,B.Urlacher,1,0.0,0,0.0,1,-2.50736,0.0,0.0
2002,REG,CHI,00-0019764,H.Burris,60,5.0,2,4.0,6,-0.57995,7.0,0.11667
2002,REG,CIN,00-0005589,G.Frerotte,97,5.0,0,10.0,3,-0.31238,5.0,0.05155
2002,REG,CIN,00-0009311,J.Kitna,505,16.0,6,24.0,13,-0.02148,22.0,0.04356
2002,REG,CIN,00-0015082,A.Smith,37,1.0,1,3.0,1,-0.75204,2.0,0.05405
2002,REG,CLE,00-0003535,T.Couch,478,18.0,2,30.0,14,-0.00394,20.0,0.04184
2002,REG,CLE,00-0007576,K.Holcomb,111,4.0,1,5.0,4,0.06064,5.0,0.04505
2002,REG,CLE,00-0008560,K.Johnson,2,0.0,0,0.0,2,1.37817,0.0,0.0
2002,REG,CLE,00-0019650,D.Northcutt,1,0.0,0,0.0,6,1.34383,0.0,0.0
2002,REG,CLE,00-0020780,F.Jackson,1,0.0,0,0.0,1,-0.47875,0.0,0.0
2002,REG,DAL,00-0019614,M.Wiley,1,0.0,0,1.0,13,-1.20283,0.0,0.0
2002,REG,DAL,00-0020404,Q.Carter,255,8.0,3,19.0,7,-0.05134,11.0,0.04314
2002,REG,DAL,00-0020562,C.Hutchinson,292,8.0,8,34.0,9,-0.34848,16.0,0.05479
2002,REG,DEN,00-0001218,S. Beuerlein,71,4.0,1,6.0,3,-0.06433,5.0,0.07042
2002,REG,DEN,00-0001218,S.Beuerlein,61,1.0,0,6.0,2,0.15894,1.0,0.01639
2002,REG,DEN,00-0006423,B. Griese,225,5.0,0,12.0,6,0.16847,5.0,0.02222
2002,REG,DEN,00-0006423,B.Griese,249,10.0,0,22.0,7,-0.02686,10.0,0.04016
2002,REG,DEN,00-0015290,R.Smith,1,0.0,0,0.0,2,-0.48254,0.0,0.0
2002,REG,DET,00-0015698,J.Stewart,1,0.0,0,0.0,14,-0.90061,0.0,0.0
2002,REG,DET,00-0020308,M.McMahon,172,9.0,1,12.0,8,-0.16034,10.0,0.05814
2002,REG,DET,00-0021141,J.Harrington,438,16.0,1,8.0,14,-0.19895,17.0,0.03881
2002,REG,GB,00-0005106,B.Favre,584,16.0,4,26.0,16,0.03675,20.0,0.03425
2002,REG,GB,00-0012726,D.Pederson,29,0.0,0,1.0,4,-0.21232,0.0,0.0
2002,REG,GB,00-0019644,B.Franks,1,0.0,0,0.0,1,3.92756,0.0,0.0
2002,REG,HOU,00-0000210,J.Allen,2,0.0,1,0.0,16,0.60998,1.0,0.5
2002,REG,HOU,00-0020608,D.Carr,552,15.0,7,76.0,16,-0.23536,22.0,0.03986
2002,REG,HOU,00-0021163,J.Gaffney,1,0.0,0,0.0,1,4.70969,0.0,0.0
2002,REG,IND,00-0010346,P.Manning,624,19.0,2,23.0,16,0.09006,21.0,0.03365
2002,REG,JAX,00-0002110,M. Brunell,435,6.0,2,33.0,14,-0.12733,8.0,0.01839
2002,REG,JAX,00-0002110,M.Brunell,39,1.0,0,1.0,1,-0.61986,1.0,0.02564
2002,REG,JAX,00-0008598,P. Johnson,1,0.0,0,1.0,2,-0.84884,0.0,0.0
2002,REG,JAX,00-0021231,D. Garrard,65,2.0,1,7.0,4,-0.19812,3.0,0.04615
2002,REG,KC,00-0003315,T. Collins,6,0.0,0,0.0,2,1.01981,0.0,0.0
2002,REG,KC,00-0006355,T. Green,502,13.0,0,26.0,16,0.18382,13.0,0.0259
2002,REG,KC,00-0007661,P. Holmes,1,0.0,1,0.0,14,-0.47432,1.0,1.0
2002,REG,LA,00-0003557,S. Covington,7,0.0,0,2.0,1,-0.40375,0.0,0.0
2002,REG,LA,00-0010455,J. Martin,206,10.0,2,10.0,5,-0.06799,12.0,0.05825
2002,REG,LA,00-0013268,R. Proehl,2,0.0,0,1.0,2,-0.55917,0.0,0.0
2002,REG,LA,00-0017200,K. Warner,246,11.0,2,21.0,7,-0.14651,13.0,0.05285
2002,REG,LA,00-0019599,M. Bulger,226,6.0,2,12.0,7,0.15428,8.0,0.0354
2002,REG,LAC,00-0005363,D.Flutie,12,0.0,0,0.0,1,-0.06915,0.0,0.0
2002,REG,LAC,00-0020531,D. Brees,95,1.0,0,4.0,2,0.12124,1.0,0.01053
2002,REG,LAC,00-0020531,D.Brees,462,15.0,0,20.0,14,-0.04447,15.0,0.03247
2002,REG,LAC,00-0020536,L.Tomlinson,1,0.0,0,0.0,14,-0.40233,0.0,0.0
2002,REG,LAC,00-0021176,R. Caldwell,1,0.0,0,0.0,1,1.22793,0.0,0.0
2002,REG,LV,00-0005741,R. Gannon,392,4.0,2,19.0,10,0.20498,6.0,0.01531
2002,REG,LV,00-0005741,R.Gannon,284,6.0,1,17.0,6,0.1865,7.0,0.02465
2002,REG,LV,00-0009288,T.Kirby,1,0.0,1,0.0,6,-0.4797,1.0,1.0
2002,REG,MIA,00-0005180,J. Fiedler,233,8.0,1,11.0,8,0.02386,9.0,0.03863
2002,REG,MIA,00-0005180,J.Fiedler,81,1.0,0,2.0,3,0.34721,1.0,0.01235
2002,REG,MIA,00-0010137,R. Lucas,181,6.0,4,12.0,6,-0.09933,10.0,0.05525
2002,REG,MIA,00-0020480,S. Rosenfels,3,0.0,0,0.0,2,-0.51152,0.0,0.0
2002,REG,MIN,00-0001545,T.Bouman,9,0.0,1,2.0,1,-0.19794,1.0,0.11111
2002,REG,MIN,00-0003739,D.Culpepper,649,23.0,9,47.0,16,0.05728,32.0,0.04931
2002,REG,MIN,00-0011754,R.Moss,3,0.0,0,0.0,6,0.8202,0.0,0.0
2002,REG,NE,00-0005091,K.Faulk,1,0.0,0,0.0,14,-0.44346,0.0,0.0
2002,REG,NE,00-0012642,D.Patten,1,0.0,0,0.0,3,-0.46288,0.0,0.0
2002,REG,NE,00-0019596,T.Brady,641,14.0,5,31.0,16,0.01851,19.0,0.02964
2002,REG,NE,00-0021238,R.Davey,2,0.0,0,0.0,2,-0.42868,0.0,0.0
2002,REG,NO,00-0001823,A.Brooks,598,15.0,5,36.0,16,0.00504,20.0,0.03344
2002,REG,NO,00-0004161,J.Delhomme,11,0.0,0,0.0,3,0.69233,0.0,0.0
2002,REG,NO,00-0020527,D.McAllister,1,0.0,3,1.0,15,-1.81195,3.0,3.0
2002,REG,NYG,00-0003292,K.Collins,572,14.0,1,24.0,16,0.14994,15.0,0.02622
2002,REG,NYG,00-0020483,J.Palmer,4,0.0,0,0.0,1,0.87196,0.0,0.0
2002,REG,NYJ,00-0000339,R.Anderson,1,0.0,0,0.0,6,-0.38253,0.0,0.0
2002,REG,NYJ,00-0002962,W.Chrebet,1,0.0,0,0.0,1,-0.68591,0.0,0.0
2002,REG,NYJ,00-0010442,C.Martin,1,0.0,0,1.0,16,-1.08187,0.0,0.0
2002,REG,NYJ,00-0016193,V.Testaverde,94,3.0,2,9.0,5,-0.32681,5.0,0.05319
2002,REG,NYJ,00-0016689,M.Turk,1,1.0,0,0.0,2,-2.31285,1.0,1.0
2002,REG,NYJ,00-0019559,C.Pennington,426,6.0,1,22.0,15,0.24409,7.0,0.01643
2002,REG,PHI,00-0004229,K.Detmer,29,0.0,0,1.0,2,0.44827,0.0,0.0
2002,REG,PHI,00-0009829,D.Levens,2,0.0,1,0.0,16,-2.40859,1.0,0.5
2002,REG,PHI,00-0011022,D.McNabb,427,6.0,5,28.0,10,0.01615,11.0,0.02576
2002,REG,PHI,00-0011399,B.Mitchell,1,0.0,0,0.0,1,7.15863,0.0,0.0
2002,REG,PHI,00-0020305,A.Feeley,165,5.0,1,7.0,6,-0.0666,6.0,0.03636
2002,REG,PHI,00-0020497,F.Mitchell,1,0.0,0,0.0,1,-0.34712,0.0,0.0
2002,REG,PHI,00-0021216,B.Westbrook,1,0.0,1,0.0,14,3.20135,1.0,1.0
2002,REG,PIT,00-0010261,T.Maddox,410,16.0,3,26.0,12,0.03827,19.0,0.04634
2002,REG,PIT,00-0015700,K.Stewart,182,6.0,2,7.0,7,0.05538,8.0,0.04396
2002,REG,PIT,00-0021190,A.Randle El,12,0.0,0,1.0,16,-0.07008,0.0,0.0
2002,REG,SEA,00-0004293,T.Dilfer,177,6.0,1,7.0,6,-0.04342,7.0,0.03955
2002,REG,SEA,00-0007091,M.Hasselbeck,469,10.0,4,26.0,13,0.10908,14.0,0.02985
2002,REG,SF,00-0005755,J.Garcia,567,10.0,2,17.0,16,0.17106,12.0,0.02116
2002,REG,SF,00-0019623,T.Rattay,48,0.0,0,5.0,4,-0.21223,0.0,0.0
2002,REG,TB,00-0008442,B.Johnson,482,6.0,2,21.0,13,0.0903,8.0,0.0166
2002,REG,TB,00-0008612,R.Johnson,117,2.0,2,19.0,6,-0.18383,4.0,0.03419
2002,REG,TB,00-0009266,S.King,32,1.0,0,1.0,3,-0.49163,1.0,0.03125
2002,REG,TB,00-0016683,T.Tupa,1,1.0,0,0.0,2,-5.35417,1.0,1.0
2002,REG,TEN,00-0007308,C.Hentrich,1,0.0,0,0.0,2,3.20238,0.0,0.0
2002,REG,TEN,00-0011024,S.McNair,540,15.0,2,21.0,16,0.12593,17.0,0.03148
2002,REG,TEN,00-0012261,N.O'Donnell,5,0.0,0,0.0,2,0.22825,0.0,0.0
2002,REG,TEN,00-0018343,F.Wycheck,2,0.0,0,0.0,2,0.19394,0.0,0.0
2002,REG,WAS,00-0004386,C.Doering,1,0.0,0,0.0,1,-1.56598,0.0,0.0
2002,REG,WAS,00-0010007,K.Lockett,1,0.0,0,0.0,1,2.35717,0.0,0.0
2002,REG,WAS,00-0010560,S.Matthews,250,6.0,0,9.0,7,-0.05552,6.0,0.024
2002,REG,WAS,00-0018333,D.Wuerffel,109,6.0,1,11.0,6,-0.0764,7.0,0.06422
2002,REG,WAS,00-0020525,R.Gardner,1,0.0,0,0.0,2,-0.69672,0.0,0.0
2002,REG,WAS,00-0021379,P.Ramsey,248,8.0,5,18.0,9,-0.05159,13.0,0.05242
2003,POST,BAL,00-0018272,A.Wright,38,2.0,0,2.0,1,-0.13631,2.0,0.05263
2003,POST,CAR,00-0004161,J.Delhomme,112,1.0,1,8.0,4,0.24511,2.0,0.01786
2003,POST,CAR,00-0020337,S.Smith,1,0.0,0,0.0,1,-0.44616,0.0,0.0
2003,POST,DAL,00-0020404,Q.Carter,39,1.0,0,3.0,1,-0.34764,1.0,0.02564
2003,POST,DEN,00-0013042,J.Plummer,32,2.0,1,2.0,1,-0.18911,3.0,0.09375
2003,POST,GB,00-0005106,B.Favre,66,1.0,0,1.0,2,0.13366,1.0,0.01515
2003,POST,IND,00-0007834,B.Huard,5,0.0,0,0.0,1,-0.46595,0.0,0.0
2003,POST,IND,00-0010346,P. Manning,82,4.0,0,5.0,2,0.11431,4.0,0.04878
2003,POST,IND,00-0010346,P.Manning,26,0.0,0,0.0,1,1.14717,0.0,0.0
2003,POST,KC,00-0006355,T. Green,30,0.0,0,0.0,1,0.51868,0.0,0.0
2003,POST,LA,00-0019599,M.Bulger,49,3.0,0,2.0,1,0.01979,3.0,0.06122
2003,POST,NE,00-0019596,T.Brady,125,2.0,0,0.0,3,0.14835,2.0,0.016
2003,POST,PHI,00-0004229,K.Detmer,15,1.0,0,1.0,1,-0.23245,1.0,0.06667
2003,POST,PHI,00-0011022,D.McNabb,72,3.0,1,12.0,2,-0.29116,4.0,0.05556
2003,POST,SEA,00-0007091,M.Hasselbeck,47,1.0,0,2.0,1,0.05064,1.0,0.02128
2003,POST,TEN,00-0011024,S.McNair,52,4.0,0,3.0,2,-0.10395,4.0,0.07692
2003,REG,ARI,00-0001335,J.Blake,385,15.0,4,19.0,13,-0.21992,19.0,0.04935
2003,REG,ARI,00-0021206,J.McCown,190,6.0,2,24.0,7,-0.10346,8.0,0.04211
2003,REG,ARI,00-0022084,A.Boldin,1,1.0,0,0.0,5,-3.18117,1.0,1.0
2003,REG,ATL,00-0004640,W.Dunn,1,0.0,0,1.0,11,-1.08387,0.0,0.0
2003,REG,ATL,00-0011463,C.Mohr,1,0.0,0,0.0,1,-2.09655,0.0,0.0
2003,REG,ATL,00-0019087,D.Johnson,263,12.0,0,19.0,10,-0.24169,12.0,0.04563
2003,REG,ATL,00-0020245,M.Vick,109,3.0,1,9.0,5,-0.12221,4.0,0.0367
2003,REG,ATL,00-0020973,W.Dantzler,2,0.0,0,1.0,5,-0.81537,0.0,0.0
2003,REG,ATL,00-0021271,K.Kittner,118,6.0,0,5.0,6,-0.46151,6.0,0.05085
2003,REG,ATL,00-0021376,T.Duckett,1,0.0,2,0.0,16,-0.51473,2.0,2.0
2003,REG,BAL,00-0018272,A.Wright,195,8.0,2,19.0,7,-0.06047,10.0,0.05128
2003,REG,BAL,00-0019709,C.Redman,19,2.0,2,6.0,2,-1.04794,4.0,0.21053
2003,REG,BAL,00-0022164,K.Boller,241,9.0,5,17.0,10,-0.15097,14.0,0.05809
2003,REG,BUF,00-0001361,D. Bledsoe,74,3.0,3,6.0,2,-0.54493,6.0,0.08108
2003,REG,BUF,00-0001361,D.Bledsoe,447,9.0,6,43.0,14,-0.08157,15.0,0.03356
2003,REG,BUF,00-0016838,A. Van Pelt,4,2.0,0,0.0,1,-1.28481,2.0,0.5
2003,REG,BUF,00-0016838,A.Van Pelt,9,1.0,0,1.0,4,-0.72565,1.0,0.11111
2003,REG,BUF,00-0019192,Tr.Brown,19,1.0,0,1.0,2,0.13276,1.0,0.05263
2003,REG,BUF,00-0020471,T.Henry,1,1.0,4,0.0,13,-4.01895,5.0,5.0
2003,REG,CAR,00-0004161,J.Delhomme,473,16.0,6,23.0,16,-0.00861,22.0,0.04651
2003,REG,CAR,00-0012732,R.Peete,13,0.0,0,3.0,1,-0.91832,0.0,0.0
2003,REG,CAR,00-0014377,T.Sauerbrun,2,0.0,0,0.0,2,-1.39726,0.0,0.0
2003,REG,CHI,00-0002876,C. Chandler,20,0.0,0,3.0,1,-0.36916,0.0,0.0
2003,REG,CHI,00-0002876,C.Chandler,185,7.0,0,11.0,7,-0.08836,7.0,0.03784
2003,REG,CHI,00-0015700,K. Stewart,14,2.0,0,0.0,1,-0.54511,2.0,0.14286
2003,REG,CHI,00-0015700,K.Stewart,257,10.0,3,25.0,8,-0.28728,13.0,0.05058
2003,REG,CHI,00-0022121,R. Grossman,11,0.0,0,1.0,1,-0.52952,0.0,0.0
2003,REG,CHI,00-0022121,R.Grossman,65,1.0,0,3.0,2,-0.06692,1.0,0.01538
2003,REG,CIN,00-0009311,J.Kitna,556,15.0,4,37.0,16,0.08818,19.0,0.03417
2003,REG,CLE,00-0001611,B. Boyer,1,0.0,0,0.0,1,-2.2559,0.0,0.0
2003,REG,CLE,00-0003535,T. Couch,93,2.0,3,10.0,5,-0.23878,5.0,0.05376
2003,REG,CLE,00-0003535,T.Couch,131,4.0,0,9.0,5,-0.15707,4.0,0.03053
2003,REG,CLE,00-0007576,K. Holcomb,166,6.0,2,12.0,5,-0.10326,8.0,0.04819
2003,REG,CLE,00-0007576,K.Holcomb,157,6.0,0,9.0,5,-0.05639,6.0,0.03822
2003,REG,CLE,00-0008560,K.Johnson,1,0.0,0,0.0,1,-0.38183,0.0,0.0
2003,REG,CLE,00-0019650,D. Northcutt,1,0.0,0,0.0,6,-0.58462,0.0,0.0
2003,REG,CLE,00-0020780,F.Jackson,1,0.0,0,0.0,1,-0.03412,0.0,0.0
2003,REG,DAL,00-0000339,R.Anderson,1,0.0,0,0.0,15,-0.40789,0.0,0.0
2003,REG,DAL,00-0006043,T.Glenn,1,0.0,0,0.0,4,-0.41487,0.0,0.0
2003,REG,DAL,00-0019794,A.Cason,1,0.0,1,0.0,10,2.68055,1.0,1.0
2003,REG,DAL,00-0020404,Q.Carter,541,21.0,3,37.0,16,-0.09125,24.0,0.04436
2003,REG,DAL,00-0020562,C.Hutchinson,2,0.0,0,0.0,1,-0.75631,0.0,0.0
2003,REG,DEN,00-0001218,S. Beuerlein,53,5.0,0,7.0,2,-0.43043,5.0,0.09434
2003,REG,DEN,00-0001218,S.Beuerlein,17,0.0,0,2.0,2,-0.01169,0.0,0.0
2003,REG,DEN,00-0009007,D. Kanell,18,0.0,0,0.0,1,0.18278,0.0,0.0
2003,REG,DEN,00-0009007,D.Kanell,87,5.0,0,2.0,4,-0.40382,5.0,0.05747
2003,REG,DEN,00-0013042,J. Plummer,38,0.0,0,0.0,1,0.07722,0.0,0.0
2003,REG,DEN,00-0013042,J.Plummer,276,7.0,2,14.0,10,0.15535,9.0,0.03261
2003,REG,DEN,00-0015290,R. Smith,1,0.0,0,0.0,2,5.01674,0.0,0.0
2003,REG,DEN,00-0019019,M.Knorr,1,0.0,0,0.0,1,-2.5569,0.0,0.0
2003,REG,DEN,00-0019682,J.Jackson,9,1.0,0,0.0,1,-0.5673,1.0,0.11111
2003,REG,DET,00-0006627,A.Hakim,1,0.0,0,0.0,2,1.47483,0.0,0.0
2003,REG,DET,00-0014489,B.Schroeder,1,0.0,0,0.0,1,-0.43466,0.0,0.0
2003,REG,DET,00-0020267,N.Harris,1,0.0,0,0.0,1,-2.9101,0.0,0.0
2003,REG,DET,00-0020308,M. McMahon,12,1.0,0,1.0,1,-0.57919,1.0,0.08333
2003,REG,DET,00-0020308,M.McMahon,21,1.0,1,1.0,2,-0.59117,2.0,0.09524
2003,REG,DET,00-0021141,J. Harrington,79,2.0,0,1.0,3,-0.01518,2.0,0.02532
2003,REG,DET,00-0021141,J.Harrington,484,20.0,0,10.0,13,-0.18698,20.0,0.04132
2003,REG,GB,00-0005106,B.Favre,493,21.0,2,19.0,16,0.1112,23.0,0.04665
2003,REG,GB,00-0012726,D.Pederson,2,0.0,0,0.0,4,-1.05104,0.0,0.0
2003,REG,HOU,00-0000722,T.Banks,114,3.0,0,13.0,6,0.03082,3.0,0.02632
2003,REG,HOU,00-0010240,S.Mack,1,1.0,1,0.0,8,-4.32261,2.0,2.0
2003,REG,HOU,00-0020608,D.Carr,308,13.0,0,15.0,12,-0.11327,13.0,0.04221
2003,REG,HOU,00-0021163,J.Gaffney,1,0.0,0,0.0,2,-0.42773,0.0,0.0
2003,REG,HOU,00-0022091,D.Ragone,48,1.0,1,8.0,2,-0.49795,2.0,0.04167
2003,REG,IND,00-0007834,B.Huard,4,0.0,0,1.0,2,0.23302,0.0,0.0
2003,REG,IND,00-0010346,P.Manning,586,10.0,1,19.0,16,0.21471,11.0,0.01877
2003,REG,JAX,00-0002110,M.Brunell,91,0.0,0,9.0,3,-0.08134,0.0,0.0
2003,REG,JAX,00-0014115,M.Royals,1,1.0,0,0.0,1,-3.22048,1.0,1.0
2003,REG,JAX,00-0021231,D.Garrard,12,0.0,0,0.0,1,0.54608,0.0,0.0
2003,REG,JAX,00-0022057,L.Toefield,2,0.0,0,0.0,14,0.87628,0.0,0.0
2003,REG,JAX,00-0022177,B.Leftwich,437,17.0,5,18.0,15,-0.05461,22.0,0.05034
2003,REG,KC,00-0003315,T. Collins,12,0.0,0,0.0,5,0.01648,0.0,0.0
2003,REG,KC,00-0006355,T. Green,546,12.0,1,20.0,16,0.16901,13.0,0.02381
2003,REG,KC,00-0007661,P. Holmes,1,0.0,1,0.0,16,-1.21117,1.0,1.0
2003,REG,LA,00-0002099,I.Bruce,2,0.0,0,0.0,3,1.97554,0.0,0.0
2003,REG,LA,00-0017200,K.Warner,71,1.0,3,6.0,2,-0.35488,4.0,0.05634
2003,REG,LA,00-0019242,D.Looker,1,0.0,0,0.0,1,3.05239,0.0,0.0
2003,REG,LA,00-0019599,M.Bulger,568,22.0,6,37.0,15,0.05446,28.0,0.0493
2003,REG,LAC,00-0001101,D. Bennett,1,0.0,0,0.0,1,-3.26952,0.0,0.0
2003,REG,LAC,00-0005363,D. Flutie,173,4.0,5,8.0,7,0.05753,9.0,0.05202
2003,REG,LAC,00-0020531,D. Brees,374,15.0,3,21.0,11,-0.18495,18.0,0.04813
2003,REG,LAC,00-0020536,L. Tomlinson,1,0.0,0,0.0,16,3.68936,0.0,0.0
2003,REG,LV,00-0005741,R.Gannon,240,4.0,0,17.0,7,-0.10675,4.0,0.01667
2003,REG,LV,00-0008612,R. Johnson,14,1.0,0,1.0,1,-0.52659,1.0,0.07143
2003,REG,LV,00-0011378,R. Mirer,171,3.0,2,17.0,6,-0.3057,5.0,0.02924
2003,REG,LV,00-0011378,R.Mirer,70,2.0,0,5.0,3,0.15808,2.0,0.02857
2003,REG,LV,00-0013639,J.Rice,1,0.0,0,0.0,1,-0.40659,0.0,0.0
2003,REG,LV,00-0019633,T. Martin,17,1.0,1,1.0,2,-0.68022,2.0,0.11765
2003,REG,LV,00-0020405,M.Tuiasosopo,45,3.0,0,2.0,4,-0.20674,3.0,0.06667
2003,REG,MIA,00-0005180,J.Fiedler,334,13.0,4,20.0,12,-0.06742,17.0,0.0509
2003,REG,MIA,00-0006423,B.Griese,142,6.0,4,12.0,5,-0.29454,10.0,0.07042
2003,REG,MIA,00-0020480,S.Rosenfels,6,0.0,0,0.0,2,0.64155,0.0,0.0
2003,REG,MIN,00-0003739,D. Culpepper,489,11.0,6,38.0,14,0.11439,17.0,0.03476
2003,REG,MIN,00-0005589,G. Frerotte,71,2.0,0,5.0,5,0.39438,2.0,0.02817
2003,REG,MIN,00-0011754,R. Moss,1,0.0,0,0.0,6,-0.41468,0.0,0.0
2003,REG,NE,00-0005091,K.Faulk,1,0.0,3,0.0,15,-0.4195,3.0,3.0
2003,REG,NE,00-0007835,D.Huard,1,0.0,0,0.0,1,-1.39903,0.0,0.0
2003,REG,NE,00-0019596,T.Brady,559,12.0,5,32.0,16,0.04707,17.0,0.03041
2003,REG,NE,00-0021238,R.Davey,6,0.0,0,0.0,1,-0.09099,0.0,0.0
2003,REG,NE,00-0021353,D.Givens,1,1.0,0,0.0,1,-4.00647,1.0,1.0
2003,REG,NO,00-0001157,M.Berger,1,0.0,0,0.0,1,-2.40234,0.0,0.0
2003,REG,NO,00-0001545,T.Bouman,15,0.0,1,1.0,3,0.26074,1.0,0.06667
2003,REG,NO,00-0001823,A.Brooks,551,8.0,11,36.0,16,0.0232,19.0,0.03448
2003,REG,NO,00-0007744,J.Horn,1,0.0,0,0.0,3,0.89231,0.0,0.0
2003,REG,NO,00-0020527,D.McAllister,2,0.0,4,0.0,16,-0.75253,4.0,2.0
2003,REG,NYG,00-0003292,K.Collins,526,16.0,5,28.0,13,-0.07153,21.0,0.03992
2003,REG,NYG,00-0020483,J.Palmer,131,4.0,1,16.0,5,-0.36205,5.0,0.03817
2003,REG,NYJ,00-0015842,D.Stryzinski,1,0.0,0,0.0,1,-3.14457,0.0,0.0
2003,REG,NYJ,00-0016193,V.Testaverde,204,2.0,0,6.0,7,-0.00578,2.0,0.0098
2003,REG,NYJ,00-0019559,C.Pennington,323,12.0,2,25.0,10,0.05485,14.0,0.04334
2003,REG,PHI,00-0004229,K.Detmer,5,0.0,0,0.0,3,-0.71384,0.0,0.0
2003,REG,PHI,00-0011022,D.McNabb,520,11.0,3,43.0,16,-0.01471,14.0,0.02692
2003,REG,PHI,00-0020497,F.Mitchell,1,0.0,0,0.0,1,3.12192,0.0,0.0
2003,REG,PIT,00-0000865,C. Batch,9,0.0,1,1.0,2,-0.50691,1.0,0.11111
2003,REG,PIT,00-0010261,T. Maddox,436,14.0,1,32.0,12,-0.05034,15.0,0.0344
2003,REG,PIT,00-0010261,T.Maddox,121,3.0,1,9.0,4,-0.04221,4.0,0.03306
2003,REG,PIT,00-0011279,J.Miller,1,0.0,0,0.0,1,8.92813,0.0,0.0
2003,REG,PIT,00-0021190,A. Randle El,2,0.0,0,0.0,8,-0.91712,0.0,0.0
2003,REG,PIT,00-0021190,A.Randle El,3,0.0,0,1.0,3,-0.5123,0.0,0.0
2003,REG,SEA,00-0004293,T.Dilfer,9,1.0,1,1.0,5,-0.45752,2.0,0.22222
2003,REG,SEA,00-0007091,M.Hasselbeck,554,15.0,1,42.0,16,0.12162,16.0,0.02888
2003,REG,SF,00-0005755,J.Garcia,412,13.0,3,22.0,13,0.04464,16.0,0.03883
2003,REG,SF,00-0019623,T.Rattay,125,2.0,0,7.0,8,0.16059,2.0,0.016
2003,REG,SF,00-0020452,C.Wilson,1,0.0,0,0.0,2,0.26711,0.0,0.0
2003,REG,TB,00-0008442,B.Johnson,590,21.0,2,20.0,16,0.04023,23.0,0.03898
2003,REG,TB,00-0009266,S.King,25,1.0,0,3.0,3,-0.13232,1.0,0.04
2003,REG,TEN,00-0007308,C.Hentrich,5,0.0,0,0.0,5,-0.20227,0.0,0.0
2003,REG,TEN,00-0011024,S.McNair,419,7.0,6,20.0,14,0.23939,13.0,0.03103
2003,REG,TEN,00-0012261,N.O'Donnell,27,1.0,0,0.0,1,0.23309,1.0,0.03704
2003,REG,TEN,00-0019041,B.Volek,74,1.0,1,6.0,6,0.0876,2.0,0.02703
2003,REG,TEN,00-0019976,D.Bennett,1,0.0,0,0.0,1,2.12578,0.0,0.0
2003,REG,WAS,00-0000754,B.Barker,1,0.0,0,0.0,1,2.29185,0.0,0.0
2003,REG,WAS,00-0008612,R.Johnson,10,0.0,0,3.0,2,-0.40622,0.0,0.0
2003,REG,WAS,00-0019816,T.Hasselbeck,186,7.0,2,9.0,7,-0.15339,9.0,0.04839
2003,REG,WAS,00-0020525,R.Gardner,3,0.0,0,0.0,2,2.24436,0.0,0.0
2003,REG,WAS,00-0021379,P.Ramsey,371,9.0,5,30.0,11,-0.06531,14.0,0.03774
2003,REG,WAS,00-0022112,G.Hamdan,3,0.0,0,1.0,1,-0.05975,0.0,0.0
2004,POST,ATL,00-0004640,W.Dunn,1,0.0,0,0.0,2,-0.23546,0.0,0.0
2004,POST,ATL,00-0020245,M.Vick,45,1.0,1,5.0,2,-0.10285,2.0,0.04444
2004,POST,DEN,00-0013042,J.Plummer,37,1.0,0,3.0,1,0.3164,1.0,0.02703
2004,POST,GB,00-0005106,B.Favre,35,4.0,0,2.0,1,-0.20752,4.0,0.11429
2004,POST,IND,00-0010346,P.Manning,77,2.0,0,2.0,2,0.26714,2.0,0.02597
2004,POST,LA,00-0019599,M.Bulger,75,2.0,1,9.0,2,0.25855,3.0,0.04
2004,POST,LAC,00-0020531,D.Brees,44,1.0,0,2.0,1,0.17598,1.0,0.02273
2004,POST,MIN,00-0003739,D.Culpepper,82,2.0,0,7.0,2,0.1171,2.0,0.02439
2004,POST,MIN,00-0005589,G.Frerotte,1,0.0,0,0.0,1,-2.58054,0.0,0.0
2004,POST,NE,00-0019596,T.Brady,88,0.0,1,7.0,3,0.2259,1.0,0.01136
2004,POST,NYJ,00-0019559,C.Pennington,71,1.0,0,5.0,2,0.10636,1.0,0.01408
2004,POST,PHI,00-0004229,K.Detmer,1,0.0,0,0.0,1,-1.8235,0.0,0.0
2004,POST,PHI,00-0011022,D.McNabb,117,3.0,0,7.0,3,0.13929,3.0,0.02564
2004,POST,PIT,00-0022924,B.Roethlisberger,56,5.0,0,2.0,2,-0.21862,5.0,0.08929
2004,POST,SEA,00-0007091,M.Hasselbeck,44,1.0,0,3.0,1,0.10924,1.0,0.02273
2004,REG,ARI,00-0009266,S.King,90,4.0,1,6.0,3,-0.12497,5.0,0.05556
2004,REG,ARI,00-0015165,E.Smith,1,0.0,1,0.0,15,3.59425,1.0,1.0
2004,REG,ARI,00-0021206,J.McCown,440,10.0,5,31.0,14,-0.11039,15.0,0.03409
2004,REG,ARI,00-0022827,J.Navarre,42,4.0,0,1.0,1,-0.4765,4.0,0.09524
2004,REG,ARI,00-0022921,L.Fitzgerald,1,0.0,0,1.0,6,-1.21356,0.0,0.0
2004,REG,ATL,00-0011463,C.Mohr,3,0.0,0,0.0,2,-0.2274,0.0,0.0
2004,REG,ATL,00-0013232,P.Price,1,0.0,0,0.0,4,1.86025,0.0,0.0
2004,REG,ATL,00-0020245,M.Vick,365,12.0,7,45.0,15,-0.20194,19.0,0.05205
2004,REG,ATL,00-0022787,M.Schaub,74,4.0,0,4.0,6,-0.2527,4.0,0.05405
2004,REG,BAL,00-0020984,R.Hymes,1,0.0,0,0.0,1,-1.694,0.0,0.0
2004,REG,BAL,00-0022164,K.Boller,491,11.0,7,35.0,16,-0.16511,18.0,0.03666
2004,REG,BUF,00-0001361,D.Bledsoe,477,16.0,5,38.0,16,-0.04157,21.0,0.04403
2004,REG,BUF,00-0010560,S.Matthews,3,0.0,0,0.0,2,1.83162,0.0,0.0
2004,REG,BUF,00-0011626,B.Moorman,3,0.0,0,0.0,5,0.01333,0.0,0.0
2004,REG,BUF,00-0022178,W.McGahee,1,0.0,2,0.0,15,0.86327,2.0,2.0
2004,REG,BUF,00-0022912,J.Losman,6,1.0,1,1.0,3,-0.36617,2.0,0.33333
2004,REG,CAR,00-0004161,J.Delhomme,568,15.0,5,33.0,16,0.11467,20.0,0.03521
2004,REG,CAR,00-0012732,R.Peete,1,0.0,0,0.0,1,-0.69685,0.0,0.0
2004,REG,CAR,00-0013268,R.Proehl,1,0.0,0,0.0,1,-2.09487,0.0,0.0
2004,REG,CAR,00-0020337,S.Smith,1,0.0,0,0.0,1,-0.53278,0.0,0.0
2004,REG,CHI,00-0013338,J.Quinn,113,3.0,0,15.0,5,-0.39318,3.0,0.02655
2004,REG,CHI,00-0019490,P.Edinger,1,1.0,0,0.0,1,-1.10172,1.0,1.0
2004,REG,CHI,00-0020562,C.Hutchinson,185,3.0,4,23.0,5,-0.26737,7.0,0.03784
2004,REG,CHI,00-0022121,R.Grossman,89,3.0,2,5.0,3,-0.01099,5.0,0.05618
2004,REG,CHI,00-0022818,C.Krenzel,149,6.0,6,23.0,6,-0.55366,12.0,0.08054
2004,REG,CIN,00-0009311,J.Kitna,111,4.0,1,6.0,4,0.02907,5.0,0.04505
2004,REG,CIN,00-0021429,C.Palmer,451,18.0,2,25.0,13,-0.0707,20.0,0.04435
2004,REG,CLE,00-0005755,J.Garcia,277,9.0,6,25.0,11,-0.10557,15.0,0.05415
2004,REG,CLE,00-0007576,K.Holcomb,92,5.0,0,5.0,4,0.09612,5.0,0.05435
2004,REG,CLE,00-0020780,F.Jackson,1,0.0,0,0.0,2,-0.44612,0.0,0.0
2004,REG,CLE,00-0022864,L.McCown,112,7.0,0,13.0,5,-0.4197,7.0,0.0625
2004,REG,CLE,00-0022883,A.Echemandu,1,0.0,1,0.0,3,-0.3637,1.0,1.0
2004,REG,DAL,00-0000339,R.Anderson,1,0.0,1,0.0,10,3.57966,1.0,1.0
2004,REG,DAL,00-0006043,T.Glenn,1,0.0,0,0.0,2,-0.4024,0.0,0.0
2004,REG,DAL,00-0008561,K.Johnson,2,1.0,0,0.0,4,-0.65267,1.0,0.5
2004,REG,DAL,00-0016193,V.Testaverde,526,20.0,4,35.0,16,-0.00978,24.0,0.04563
2004,REG,DAL,00-0021488,M.McBriar,1,0.0,0,0.0,1,-4.33592,0.0,0.0
2004,REG,DAL,00-0022181,D.Henson,20,1.0,1,2.0,2,-0.80837,2.0,0.1
2004,REG,DAL,00-0022766,P.Crayton,1,1.0,0,0.0,2,-4.40452,1.0,1.0
2004,REG,DEN,00-0013042,J.Plummer,536,20.0,1,17.0,16,0.10233,21.0,0.03918
2004,REG,DET,00-0020308,M.McMahon,16,1.0,0,1.0,1,-0.53911,1.0,0.0625
2004,REG,DET,00-0021141,J.Harrington,522,12.0,3,35.0,16,-0.1182,15.0,0.02874
2004,REG,DET,00-0022909,R.Williams,1,0.0,0,0.0,2,-0.77114,0.0,0.0
2004,REG,GB,00-0005106,B.Favre,551,17.0,1,12.0,16,0.22721,18.0,0.03267
2004,REG,GB,00-0006305,A.Green,1,0.0,4,0.0,15,3.15147,4.0,4.0
2004,REG,GB,00-0012726,D.Pederson,23,2.0,0,0.0,2,-0.3521,2.0,0.08696
2004,REG,GB,00-0020964,T.Fisher,1,0.0,0,0.0,12,1.68043,0.0,0.0
2004,REG,GB,00-0021277,C.Nall,35,0.0,0,2.0,5,0.57364,0.0,0.0
2004,REG,HOU,00-0000722,T.Banks,2,0.0,0,0.0,2,0.54575,0.0,0.0
2004,REG,HOU,00-0020608,D.Carr,515,14.0,2,50.0,16,0.03538,16.0,0.03107
2004,REG,HOU,00-0021163,J.Gaffney,3,0.0,1,0.0,4,-0.43868,1.0,0.33333
2004,REG,IND,00-0010346,P.Manning,508,10.0,1,13.0,16,0.41135,11.0,0.02165
2004,REG,IND,00-0022744,J.Sorgi,30,0.0,0,1.0,4,0.01506,0.0,0.0
2004,REG,JAX,00-0021231,D.Garrard,78,1.0,0,6.0,4,-0.23488,1.0,0.01282
2004,REG,JAX,00-0022057,L.Toefield,1,0.0,0,1.0,12,-1.48908,0.0,0.0
2004,REG,JAX,00-0022177,B.Leftwich,470,10.0,2,25.0,14,0.02438,12.0,0.02553
2004,REG,KC,00-0003315,T.Collins,5,0.0,0,0.0,2,-0.17357,0.0,0.0
2004,REG,KC,00-0006355,T.Green,588,17.0,4,32.0,16,0.23483,21.0,0.03571
2004,REG,LA,00-0002099,I.Bruce,2,0.0,0,0.0,2,-0.48763,0.0,0.0
2004,REG,LA,00-0002876,C.Chandler,69,8.0,1,7.0,3,-0.31055,9.0,0.13043
2004,REG,LA,00-0010455,J.Martin,33,0.0,0,2.0,1,-0.07845,0.0,0.0
2004,REG,LA,00-0017693,J.Wilkins,1,0.0,0,0.0,2,-2.12688,0.0,0.0
2004,REG,LA,00-0019599,M.Bulger,524,14.0,4,41.0,14,0.08432,18.0,0.03435
2004,REG,LAC,00-0005363,D.Flutie,38,0.0,0,1.0,2,0.29294,0.0,0.0
2004,REG,LAC,00-0010668,K.McCardell,1,0.0,0,0.0,2,-0.39784,0.0,0.0
2004,REG,LAC,00-0020531,D.Brees,416,7.0,1,17.0,15,0.30398,8.0,0.01923
2004,REG,LAC,00-0020536,L.Tomlinson,4,0.0,3,2.0,15,-1.02747,3.0,0.75
2004,REG,LAC,00-0022017,M.Scifres,1,1.0,0,0.0,1,-3.60021,1.0,1.0
2004,REG,LAC,00-0022942,P.Rivers,8,0.0,0,0.0,2,0.1431,0.0,0.0
2004,REG,LV,00-0003292,K.Collins,539,20.0,3,24.0,14,-0.04089,23.0,0.04267
2004,REG,LV,00-0005741,R.Gannon,73,2.0,1,5.0,3,0.14961,3.0,0.0411
2004,REG,LV,00-0021337,R.Curry,1,0.0,0,0.0,2,-0.53522,0.0,0.0
2004,REG,MIA,00-0001477,M.Booker,1,0.0,0,0.0,2,2.89125,0.0,0.0
2004,REG,MIA,00-0005180,J.Fiedler,215,8.0,4,25.0,8,-0.21564,12.0,0.05581
2004,REG,MIA,00-0019484,S.Morris,1,0.0,0,1.0,12,-3.10091,0.0,0.0
2004,REG,MIA,00-0020305,A.Feeley,383,15.0,5,23.0,11,-0.22092,20.0,0.05222
2004,REG,MIA,00-0020480,S.Rosenfels,42,3.0,0,3.0,2,-0.31049,3.0,0.07143
2004,REG,MIN,00-0003739,D.Culpepper,593,11.0,4,45.0,16,0.30019,15.0,0.0253
2004,REG,MIN,00-0005589,G.Frerotte,1,0.0,0,0.0,1,-2.74326,0.0,0.0
2004,REG,MIN,00-0011754,R.Moss,2,1.0,0,0.0,2,-0.92857,1.0,0.5
2004,REG,MIN,00-0022217,M.Moore,1,0.0,0,0.0,6,-0.42688,0.0,0.0
2004,REG,NE,00-0016919,A.Vinatieri,1,0.0,0,0.0,1,4.05267,0.0,0.0
2004,REG,NE,00-0019596,T.Brady,498,14.0,5,26.0,16,0.21919,19.0,0.03815
2004,REG,NE,00-0021238,R.Davey,10,0.0,0,0.0,4,0.1825,0.0,0.0
2004,REG,NO,00-0001823,A.Brooks,586,16.0,2,42.0,16,0.02089,18.0,0.03072
2004,REG,NYG,00-0005113,J.Feagles,1,0.0,0,0.0,1,-2.54606,0.0,0.0
2004,REG,NYG,00-0017200,K.Warner,315,4.0,4,39.0,10,0.00452,8.0,0.0254
2004,REG,NYG,00-0022803,E.Manning,208,9.0,1,13.0,8,-0.16402,10.0,0.04808
2004,REG,NYJ,00-0019559,C.Pennington,391,9.0,2,18.0,13,0.04389,11.0,0.02813
2004,REG,NYJ,00-0020404,Q.Carter,70,1.0,0,12.0,6,0.06021,1.0,0.01429
2004,REG,NYJ,00-0020462,L.Jordan,1,1.0,0,0.0,13,-6.92476,1.0,1.0
2004,REG,NYJ,00-0022026,B.Bollinger,10,0.0,0,1.0,1,-0.26698,0.0,0.0
2004,REG,PHI,00-0000849,M.Bartrum,1,0.0,0,0.0,1,-0.70976,0.0,0.0
2004,REG,PHI,00-0001335,J.Blake,37,1.0,1,2.0,3,-0.50363,2.0,0.05405
2004,REG,PHI,00-0001335,J.Blake (3rd QB),1,0.0,0,0.0,1,-0.54966,0.0,0.0
2004,REG,PHI,00-0004229,K.Detmer,42,2.0,1,2.0,5,-0.44711,3.0,0.07143
2004,REG,PHI,00-0011022,D.McNabb,503,8.0,6,31.0,15,0.22574,14.0,0.02783
2004,REG,PIT,00-0001215,J.Bettis,1,0.0,0,0.0,14,2.76145,0.0,0.0
2004,REG,PIT,00-0010261,T.Maddox,66,2.0,2,6.0,4,-0.40422,4.0,0.06061
2004,REG,PIT,00-0021190,A.Randle El,1,0.0,0,0.0,6,3.19395,0.0,0.0
2004,REG,PIT,00-0022101,B.St. Pierre,1,0.0,0,0.0,1,-0.97534,0.0,0.0
2004,REG,PIT,00-0022924,B.Roethlisberger,325,11.0,2,30.0,14,0.17384,13.0,0.04
2004,REG,SEA,00-0004293,T.Dilfer,62,3.0,0,4.0,4,-0.20733,3.0,0.04839
2004,REG,SEA,00-0007091,M.Hasselbeck,503,15.0,2,29.0,14,0.08848,17.0,0.0338
2004,REG,SF,00-0019623,T.Rattay,366,10.0,6,37.0,9,-0.08192,16.0,0.04372
2004,REG,SF,00-0022039,K.Dorsey,239,9.0,3,13.0,8,-0.24234,12.0,0.05021
2004,REG,SF,00-0022731,C.Pickett,12,2.0,0,2.0,1,-0.62258,2.0,0.16667
2004,REG,TB,00-0006423,B.Griese,361,12.0,2,26.0,11,0.12712,14.0,0.03878
2004,REG,TB,00-0008442,B.Johnson,113,3.0,1,8.0,4,-0.15876,4.0,0.0354
2004,REG,TB,00-0022005,C.Simms,83,3.0,2,10.0,5,-0.26343,5.0,0.06024
2004,REG,TEN,00-0007308,C.Hentrich,4,0.0,0,0.0,5,-1.2319,0.0,0.0
2004,REG,TEN,00-0011024,S.McNair,229,9.0,3,13.0,8,0.01613,12.0,0.0524
2004,REG,TEN,00-0019041,B.Volek,383,10.0,2,30.0,10,-0.01371,12.0,0.03133
2004,REG,TEN,00-0019087,D.Johnson,13,0.0,0,1.0,2,-0.34695,0.0,0.0
2004,REG,TEN,00-0019976,D.Bennett,1,0.0,0,0.0,1,3.88857,0.0,0.0
2004,REG,WAS,00-0002110,M.Brunell,253,6.0,3,15.0,9,-0.24553,9.0,0.03557
2004,REG,WAS,00-0020525,R.Gardner,4,0.0,0,1.0,5,-0.77028,0.0,0.0
2004,REG,WAS,00-0021179,C.Portis,2,0.0,4,0.0,15,1.1162,4.0,2.0
2004,REG,WAS,00-0021379,P.Ramsey,294,11.0,1,22.0,9,-0.01816,12.0,0.04082
2005,POST,CAR,00-0004161,J.Delhomme,96,4.0,0,6.0,3,0.03723,4.0,0.04167
2005,POST,CAR,00-0019831,N.Goings,1,0.0,0,1.0,3,-1.23004,0.0,0.0
2005,POST,CHI,00-0022121,R.Grossman,42,1.0,0,1.0,1,-0.16448,1.0,0.02381
2005,POST,CIN,00-0009311,J.Kitna,44,2.0,0,4.0,1,-0.01736,2.0,0.04545
2005,POST,CIN,00-0021429,C.Palmer,1,0.0,0,0.0,1,4.81191,0.0,0.0
2005,POST,DEN,00-0013042,J.Plummer,61,3.0,2,5.0,2,-0.17266,5.0,0.08197
2005,POST,IND,00-0010346,P.Manning,44,0.0,0,5.0,1,-0.0136,0.0,0.0
2005,POST,JAX,00-0021231,D.Garrard,10,0.0,0,2.0,1,-0.19845,0.0,0.0
2005,POST,JAX,00-0022177,B.Leftwich,35,1.0,0,4.0,1,-0.2563,1.0,0.02857
2005,POST,NE,00-0019596,T.Brady,67,2.0,0,4.0,2,0.16884,2.0,0.02985
2005,POST,NYG,00-0022803,E.Manning,22,3.0,1,4.0,1,-0.68592,4.0,0.18182
2005,POST,PIT,00-0001215,J.Bettis,1,0.0,1,0.0,4,-0.9821,1.0,1.0
2005,POST,PIT,00-0021190,A.Randle El,2,0.0,0,0.0,2,1.48993,0.0,0.0
2005,POST,PIT,00-0022924,B.Roethlisberger,99,3.0,0,6.0,4,0.39761,3.0,0.0303
2005,POST,SEA,00-0007091,M.Hasselbeck,107,1.0,0,5.0,3,0.13002,1.0,0.00935
2005,POST,TB,00-0022005,C.Simms,41,2.0,0,3.0,1,-0.40621,2.0,0.04878
2005,POST,WAS,00-0002110,M.Brunell,56,1.0,1,4.0,2,-0.18165,2.0,0.03571
2005,POST,WAS,00-0021179,C.Portis,2,0.0,0,0.0,2,-0.44193,0.0,0.0
2005,REG,ARI,00-0017200,K.Warner,397,9.0,5,23.0,10,0.07956,14.0,0.03526
2005,REG,ARI,00-0021206,J.McCown,288,11.0,3,18.0,9,-0.0461,14.0,0.04861
2005,REG,ARI,00-0022084,A.Boldin,1,0.0,0,0.0,8,-0.83419,0.0,0.0
2005,REG,ARI,00-0022827,J.Navarre,28,1.0,0,4.0,1,-0.3952,1.0,0.03571
2005,REG,ATL,00-0020245,M.Vick,422,13.0,5,34.0,15,-0.07624,18.0,0.04265
2005,REG,ATL,00-0022787,M.Schaub,72,0.0,1,6.0,7,0.00443,1.0,0.01389
2005,REG,BAL,00-0015700,K.Stewart,1,0.0,0,1.0,1,-2.46844,0.0,0.0
2005,REG,BAL,00-0018272,A.Wright,281,9.0,1,19.0,8,-0.12144,10.0,0.03559
2005,REG,BAL,00-0020984,R.Hymes,2,0.0,0,0.0,2,-0.33598,0.0,0.0
2005,REG,BAL,00-0022164,K.Boller,315,12.0,2,23.0,9,-0.04767,14.0,0.04444
2005,REG,BAL,00-0023457,M.Clayton,1,0.0,0,0.0,6,-0.7216,0.0,0.0
2005,REG,BUF,00-0007576,K.Holcomb,246,8.0,5,17.0,10,0.02337,13.0,0.05285
2005,REG,BUF,00-0022912,J.Losman,250,8.0,3,25.0,9,-0.18297,11.0,0.044
2005,REG,BUF,00-0023490,R.Parrish,1,0.0,0,0.0,2,-0.06742,0.0,0.0
2005,REG,CAR,00-0004161,J.Delhomme,463,16.0,6,27.0,16,0.08057,22.0,0.04752
2005,REG,CAR,00-0020434,C.Weinke,13,0.0,0,0.0,3,0.28316,0.0,0.0
2005,REG,CAR,00-0021164,D.Foster,1,0.0,0,0.0,15,-0.47642,0.0,0.0
2005,REG,CHI,00-0001335,J.Blake,9,0.0,0,0.0,2,0.82736,0.0,0.0
2005,REG,CHI,00-0010609,B.Maynard,2,0.0,0,0.0,2,0.52688,0.0,0.0
2005,REG,CHI,00-0022121,R.Grossman,40,2.0,0,1.0,2,0.21633,2.0,0.05
2005,REG,CHI,00-0023541,K. Orton,155,4.0,1,12.0,7,-0.32886,5.0,0.03226
2005,REG,CHI,00-0023541,K.Orton,243,9.0,4,18.0,8,-0.215,13.0,0.0535
2005,REG,CIN,00-0009311,J.Kitna,31,2.0,0,2.0,3,-0.41283,2.0,0.06452
2005,REG,CIN,00-0021429,C.Palmer,530,12.0,2,20.0,16,0.19645,14.0,0.02642
2005,REG,CLE,00-0004293,T.Dilfer,355,12.0,7,23.0,11,-0.08256,19.0,0.05352
2005,REG,CLE,00-0020780,F.Jackson,1,0.0,0,1.0,1,-0.85673,0.0,0.0
2005,REG,CLE,00-0023502,C.Frye,185,6.0,3,22.0,7,-0.18887,9.0,0.04865
2005,REG,DAL,00-0001361,D.Bledsoe,545,17.0,8,49.0,16,0.05558,25.0,0.04587
2005,REG,DAL,00-0008561,K.Johnson,1,0.0,0,0.0,2,-0.3752,0.0,0.0
2005,REG,DAL,00-0023544,M.Barber,1,0.0,0,1.0,12,-1.11808,0.0,0.0
2005,REG,DEN,00-0013042,J.Plummer,479,7.0,2,23.0,16,0.11059,9.0,0.01879
2005,REG,DEN,00-0015290,R.Smith,2,0.0,0,1.0,2,-1.06181,0.0,0.0
2005,REG,DEN,00-0022774,B.Van Pelt,8,0.0,0,0.0,2,-0.76476,0.0,0.0
2005,REG,DET,00-0005755,J.Garcia,179,6.0,0,6.0,6,-0.13385,6.0,0.03352
2005,REG,DET,00-0021141,J.Harrington,353,12.0,4,23.0,12,-0.14059,16.0,0.04533
2005,REG,DET,00-0023578,D.Orlovsky,18,0.0,1,1.0,2,-0.23042,1.0,0.05556
2005,REG,GB,00-0005106,B.Favre,633,29.0,7,24.0,16,-0.00649,36.0,0.05687
2005,REG,GB,00-0020964,T.Fisher,1,0.0,0,0.0,11,1.19248,0.0,0.0
2005,REG,GB,00-0022857,B.Sander,1,0.0,0,0.0,2,-2.73356,0.0,0.0
2005,REG,GB,00-0023074,S.Gado,1,0.0,0,0.0,8,-0.39012,0.0,0.0
2005,REG,GB,00-0023459,A.Rodgers,19,1.0,2,3.0,3,-0.85884,3.0,0.15789
2005,REG,HOU,00-0000722,T.Banks,25,2.0,0,0.0,1,-0.14775,2.0,0.08
2005,REG,HOU,00-0020608,D.Carr,490,11.0,6,68.0,16,-0.13712,17.0,0.03469
2005,REG,HOU,00-0021979,D.Davis,1,0.0,1,0.0,11,-0.40185,1.0,1.0
2005,REG,IND,00-0010346,P.Manning,471,10.0,2,17.0,16,0.38108,12.0,0.02548
2005,REG,IND,00-0015194,H.Smith,1,0.0,0,0.0,1,-2.71941,0.0,0.0
2005,REG,IND,00-0022744,J.Sorgi,65,1.0,1,3.0,5,0.06339,2.0,0.03077
2005,REG,JAX,00-0020613,Q.Gray,15,0.0,1,1.0,1,0.48156,1.0,0.06667
2005,REG,JAX,00-0021231,D.Garrard,178,1.0,1,10.0,7,0.06067,2.0,0.01124
2005,REG,JAX,00-0022177,B.Leftwich,323,5.0,3,23.0,11,0.05212,8.0,0.02477
2005,REG,JAX,00-0023456,M.Jones,3,0.0,0,0.0,11,0.02529,0.0,0.0
2005,REG,KC,00-0006355,T.Green,538,10.0,4,32.0,16,0.12384,14.0,0.02602
2005,REG,LA,00-0010455,J.Martin,189,7.0,1,11.0,8,-0.02459,8.0,0.04233
2005,REG,LA,00-0019599,M.Bulger,313,9.0,2,26.0,8,0.13451,11.0,0.03514
2005,REG,LA,00-0023682,R.Fitzpatrick,144,8.0,1,9.0,4,-0.11294,9.0,0.0625
2005,REG,LAC,00-0020531,D.Brees,524,15.0,5,27.0,16,0.103,20.0,0.03817
2005,REG,LAC,00-0020536,L.Tomlinson,4,0.0,0,0.0,16,1.65921,0.0,0.0
2005,REG,LAC,00-0022942,P.Rivers,25,1.0,0,3.0,2,-0.34937,1.0,0.04
2005,REG,LV,00-0003292,K.Collins,605,13.0,3,37.0,15,0.01778,16.0,0.02645
2005,REG,LV,00-0020405,M.Tuiasosopo,32,2.0,2,6.0,1,-0.41967,4.0,0.125
2005,REG,MIA,00-0001477,M.Booker,1,0.0,0,0.0,1,-0.59917,0.0,0.0
2005,REG,MIA,00-0005589,G.Frerotte,516,13.0,4,26.0,16,-0.05075,17.0,0.03295
2005,REG,MIA,00-0020480,S.Rosenfels,60,3.0,0,0.0,4,0.11851,3.0,0.05
2005,REG,MIN,00-0003739,D.Culpepper,248,12.0,3,31.0,7,-0.13523,15.0,0.06048
2005,REG,MIN,00-0008442,B.Johnson,314,4.0,3,23.0,11,0.00884,7.0,0.02229
2005,REG,NE,00-0005363,D.Flutie,11,0.0,1,1.0,4,-0.24897,1.0,0.09091
2005,REG,NE,00-0019596,T.Brady,557,14.0,3,26.0,16,0.18094,17.0,0.03052
2005,REG,NE,00-0023662,M.Cassel,25,1.0,0,1.0,2,-0.0388,1.0,0.04
2005,REG,NO,00-0001545,T.Bouman,130,7.0,3,8.0,5,-0.29576,10.0,0.07692
2005,REG,NO,00-0001823,A.Brooks,460,17.0,2,33.0,13,-0.05099,19.0,0.0413
2005,REG,NYG,00-0000745,T.Barber,1,0.0,1,0.0,16,-0.59111,1.0,1.0
2005,REG,NYG,00-0022803,E.Manning,586,17.0,2,27.0,16,0.05876,19.0,0.03242
2005,REG,NYJ,00-0005180,J.Fiedler,13,0.0,0,0.0,2,0.54905,0.0,0.0
2005,REG,NYJ,00-0016193,V.Testaverde,118,6.0,6,12.0,6,-0.21693,12.0,0.10169
2005,REG,NYJ,00-0019559,C.Pennington,92,3.0,2,9.0,3,-0.0875,5.0,0.05435
2005,REG,NYJ,00-0022026,B.Bollinger,300,6.0,1,33.0,11,-0.19541,7.0,0.02333
2005,REG,NYJ,00-0022027,K.Kingsbury,2,0.0,0,0.0,1,-1.14763,0.0,0.0
2005,REG,PHI,00-0004229,K.Detmer,60,3.0,2,3.0,6,-0.4788,5.0,0.08333
2005,REG,PHI,00-0011022,D.McNabb,375,9.0,3,19.0,9,0.03597,12.0,0.032
2005,REG,PHI,00-0020308,M.McMahon,226,8.0,2,21.0,9,-0.26989,10.0,0.04425
2005,REG,PIT,00-0000865,C.Batch,36,1.0,0,1.0,3,0.11162,1.0,0.02778
2005,REG,PIT,00-0005771,C.Gardocki,1,0.0,0,0.0,1,-2.2624,0.0,0.0
2005,REG,PIT,00-0010261,T.Maddox,79,4.0,2,8.0,3,-0.30153,6.0,0.07595
2005,REG,PIT,00-0021190,A.Randle El,3,0.0,0,0.0,10,1.77981,0.0,0.0
2005,REG,PIT,00-0022924,B.Roethlisberger,291,9.0,1,23.0,12,0.23379,10.0,0.03436
2005,REG,SEA,00-0007091,M.Hasselbeck,473,10.0,1,23.0,16,0.19581,11.0,0.02326
2005,REG,SEA,00-0022055,S.Wallace,28,1.0,0,3.0,5,-0.09022,1.0,0.03571
2005,REG,SF,00-0019623,T.Rattay,106,6.0,2,10.0,4,-0.18436,8.0,0.07547
2005,REG,SF,00-0022039,K.Dorsey,97,2.0,1,6.0,3,-0.13642,3.0,0.03093
2005,REG,SF,00-0022064,A.Battle,2,0.0,0,0.0,5,0.49682,0.0,0.0
2005,REG,SF,00-0022731,C.Pickett,38,2.0,0,3.0,3,-0.46402,2.0,0.05263
2005,REG,SF,00-0023436,A.Smith,194,11.0,3,29.0,9,-0.45728,14.0,0.07216
2005,REG,TB,00-0006423,B.Griese,185,7.0,1,12.0,6,-0.04617,8.0,0.04324
2005,REG,TB,00-0022005,C.Simms,338,7.0,4,28.0,11,-0.07357,11.0,0.03254
2005,REG,TEN,00-0007308,C.Hentrich,2,0.0,0,0.0,3,0.8484,0.0,0.0
2005,REG,TEN,00-0011024,S.McNair,491,11.0,4,20.0,14,-0.03958,15.0,0.03055
2005,REG,TEN,00-0019041,B.Volek,97,2.0,2,9.0,5,-0.31472,4.0,0.04124
2005,REG,TEN,00-0019976,D.Bennett,1,0.0,0,0.0,2,-0.38748,0.0,0.0
2005,REG,TEN,00-0022768,M.Mauck,28,1.0,1,1.0,2,-0.39463,2.0,0.07143
2005,REG,WAS,00-0002110,M.Brunell,482,10.0,6,27.0,16,0.05325,16.0,0.0332
2005,REG,WAS,00-0021179,C.Portis,2,0.0,2,0.0,16,1.02749,2.0,1.0
2005,REG,WAS,00-0021379,P.Ramsey,29,1.0,1,4.0,4,0.28777,2.0,0.06897
2006,POST,BAL,00-0011024,S.McNair,32,2.0,1,2.0,1,-0.46972,3.0,0.09375
2006,POST,CHI,00-0022121,R.Grossman,96,3.0,2,4.0,3,-0.30168,5.0,0.05208
2006,POST,DAL,00-0021678,T.Romo,31,0.0,0,2.0,1,-0.0148,0.0,0.0
2006,POST,IND,00-0010346,P.Manning,160,7.0,1,6.0,4,0.00359,8.0,0.05
2006,POST,IND,00-0015194,H.Smith,1,0.0,0,0.0,1,-4.01461,0.0,0.0
2006,POST,KC,00-0006355,T.Green,29,2.0,1,4.0,1,-0.43649,3.0,0.10345
2006,POST,LAC,00-0022942,P.Rivers,33,1.0,1,3.0,1,-0.23029,2.0,0.06061
2006,POST,NE,00-0019596,T.Brady,125,4.0,0,4.0,3,0.12359,4.0,0.032
2006,POST,NO,00-0020531,D.Brees,88,1.0,2,6.0,2,-0.02872,3.0,0.03409
2006,POST,NYG,00-0022803,E.Manning,30,1.0,0,1.0,1,-0.0406,1.0,0.03333
2006,POST,NYJ,00-0019559,C.Pennington,44,1.0,1,3.0,1,-0.07272,2.0,0.04545
2006,POST,NYJ,00-0021379,P.Ramsey,1,0.0,0,0.0,1,-1.16289,0.0,0.0
2006,POST,PHI,00-0005755,J.Garcia,68,0.0,0,3.0,2,0.10441,0.0,0.0
2006,POST,SEA,00-0007091,M.Hasselbeck,74,3.0,0,3.0,2,-0.04566,3.0,0.04054
2006,REG,ARI,00-0017200,K.Warner,184,5.0,3,14.0,6,0.03555,8.0,0.04348
2006,REG,ARI,00-0024225,M.Leinart,398,12.0,2,20.0,12,0.00011,14.0,0.03518
2006,REG,ATL,00-0020245,M.Vick,482,13.0,3,45.0,16,-0.09018,16.0,0.0332
2006,REG,ATL,00-0022787,M.Schaub,31,2.0,0,2.0,6,-0.07879,2.0,0.06452
2006,REG,ATL,00-0024294,J.Norwood,1,0.0,0,0.0,14,-0.44891,0.0,0.0
2006,REG,BAL,00-0011024,S.McNair,488,12.0,1,14.0,16,0.08191,13.0,0.02664
2006,REG,BAL,00-0022164,K.Boller,66,2.0,1,3.0,4,0.22798,3.0,0.04545
2006,REG,BAL,00-0023457,M.Clayton,1,0.0,0,0.0,7,-0.48608,0.0,0.0
2006,REG,BUF,00-0011626,B.Moorman,1,0.0,1,0.0,3,-2.80357,1.0,1.0
2006,REG,BUF,00-0022910,L.Evans,1,0.0,0,0.0,1,-0.4575,0.0,0.0
2006,REG,BUF,00-0022912,J.Losman,490,14.0,7,47.0,16,-0.0412,21.0,0.04286
2006,REG,CAR,00-0004161,J.Delhomme,457,11.0,4,22.0,13,-0.01087,15.0,0.03282
2006,REG,CAR,00-0008561,K.Johnson,1,1.0,0,0.0,2,-4.12563,1.0,1.0
2006,REG,CAR,00-0020434,C.Weinke,107,4.0,0,10.0,3,-0.24282,4.0,0.03738
2006,REG,CAR,00-0023859,B.Basanez,12,1.0,0,0.0,1,-0.02565,1.0,0.08333
2006,REG,CHI,00-0006423,B.Griese,35,2.0,1,3.0,5,-0.06546,3.0,0.08571
2006,REG,CHI,00-0010609,B.Maynard,1,0.0,0,0.0,1,5.15513,0.0,0.0
2006,REG,CHI,00-0019641,T.Jones,1,0.0,1,0.0,16,-1.0808,1.0,1.0
2006,REG,CHI,00-0022121,R.Grossman,501,20.0,5,21.0,16,-0.08162,25.0,0.0499
2006,REG,CIN,00-0018272,A.Wright,4,0.0,0,1.0,2,0.84078,0.0,0.0
2006,REG,CIN,00-0021429,C.Palmer,558,13.0,7,36.0,16,0.10918,20.0,0.03584
2006,REG,CLE,00-0022039,K.Dorsey,2,0.0,0,1.0,1,-1.61769,0.0,0.0
2006,REG,CLE,00-0022922,K.Winslow,1,0.0,0,1.0,1,-0.8634,0.0,0.0
2006,REG,CLE,00-0023176,J.Cribbs,1,0.0,0,0.0,3,-0.32925,0.0,0.0
2006,REG,CLE,00-0023502,C.Frye,448,17.0,7,44.0,13,-0.18082,24.0,0.05357
2006,REG,CLE,00-0023645,D.Anderson,125,8.0,1,8.0,4,-0.21932,9.0,0.072
2006,REG,DAL,00-0001361,D.Bledsoe,189,8.0,1,16.0,6,-0.02858,9.0,0.04762
2006,REG,DAL,00-0021678,T.Romo,376,13.0,3,21.0,13,0.22865,16.0,0.04255
2006,REG,DEN,00-0013042,J.Plummer,345,13.0,2,18.0,12,-0.06663,15.0,0.04348
2006,REG,DEN,00-0024226,J.Cutler,152,5.0,2,13.0,5,-0.11557,7.0,0.04605
2006,REG,DET,00-0009311,J.Kitna,672,22.0,9,63.0,16,-0.07027,31.0,0.04613
2006,REG,GB,00-0005106,B.Favre,633,18.0,5,21.0,16,-0.01433,23.0,0.03633
2006,REG,GB,00-0023222,C.Holiday,1,0.0,0,0.0,1,-0.46373,0.0,0.0
2006,REG,GB,00-0023459,A.Rodgers,18,0.0,1,3.0,2,-0.84916,1.0,0.05556
2006,REG,GB,00-0023742,J.Ryan,1,0.0,0,0.0,2,2.46166,0.0,0.0
2006,REG,HOU,00-0020480,S.Rosenfels,42,1.0,0,1.0,3,0.18867,1.0,0.02381
2006,REG,HOU,00-0020608,D.Carr,506,12.0,7,40.0,16,-0.1026,19.0,0.03755
2006,REG,HOU,00-0024384,W.Lundy,1,0.0,1,1.0,12,-2.73571,1.0,1.0
2006,REG,IND,00-0010346,P.Manning,575,9.0,1,14.0,16,0.30272,10.0,0.01739
2006,REG,IND,00-0024245,J.Addai,1,0.0,2,1.0,16,-2.35248,2.0,2.0
2006,REG,JAX,00-0020613,Q.Gray,24,0.0,0,1.0,1,0.34572,0.0,0.0
2006,REG,JAX,00-0021231,D.Garrard,287,9.0,2,20.0,10,-0.06461,11.0,0.03833
2006,REG,JAX,00-0022177,B.Leftwich,203,5.0,0,9.0,6,-0.00425,5.0,0.02463
2006,REG,JAX,00-0023456,M.Jones,1,0.0,0,1.0,2,-1.50014,0.0,0.0
2006,REG,KC,00-0006355,T.Green,230,9.0,3,24.0,8,-0.01634,12.0,0.05217
2006,REG,KC,00-0007835,D.Huard,263,1.0,5,16.0,10,0.11291,6.0,0.02281
2006,REG,KC,00-0021976,L.Johnson,1,0.0,2,0.0,16,-0.41271,2.0,2.0
2006,REG,KC,00-0024300,B.Croyle,8,2.0,0,1.0,2,-1.37513,2.0,0.25
2006,REG,LA,00-0002099,I.Bruce,1,0.0,0,0.0,1,-0.43014,0.0,0.0
2006,REG,LA,00-0005589,G.Frerotte,3,0.0,0,0.0,1,0.50737,0.0,0.0
2006,REG,LA,00-0019599,M.Bulger,634,8.0,3,49.0,16,0.07515,11.0,0.01735
2006,REG,LAC,00-0019041,B.Volek,3,0.0,0,1.0,1,-1.43946,0.0,0.0
2006,REG,LAC,00-0020536,L.Tomlinson,3,0.0,1,0.0,16,0.89285,1.0,0.33333
2006,REG,LAC,00-0022017,M.Scifres,1,0.0,0,0.0,1,-1.73948,0.0,0.0
2006,REG,LAC,00-0022942,P.Rivers,497,9.0,2,28.0,16,0.16796,11.0,0.02213
2006,REG,LV,00-0001823,A.Brooks,227,8.0,3,26.0,8,-0.23258,11.0,0.04846
2006,REG,LV,00-0020405,M.Tuiasosopo,16,2.0,0,0.0,2,0.01009,2.0,0.125
2006,REG,LV,00-0021337,R.Curry,2,1.0,0,0.0,3,-1.28346,1.0,0.5
2006,REG,LV,00-0023504,A.Walter,325,13.0,9,46.0,12,-0.33323,22.0,0.06769
2006,REG,MIA,00-0003739,D.Culpepper,159,3.0,0,20.0,4,-0.10656,3.0,0.01887
2006,REG,MIA,00-0020565,C.Lemon,71,1.0,0,5.0,4,-0.02332,1.0,0.01408
2006,REG,MIA,00-0021141,J.Harrington,405,15.0,0,14.0,11,-0.0977,15.0,0.03704
2006,REG,MIA,00-0023437,R.Brown,2,0.0,3,0.0,13,-1.00669,3.0,1.5
2006,REG,MIN,00-0008442,B.Johnson,483,15.0,4,28.0,15,-0.17289,19.0,0.03934
2006,REG,MIN,00-0010072,R.Longwell,1,0.0,0,0.0,1,4.30563,0.0,0.0
2006,REG,MIN,00-0022026,B.Bollinger,24,1.0,0,6.0,2,-0.43772,1.0,0.04167
2006,REG,MIN,00-0022217,M.Moore,1,0.0,0,0.0,13,3.8703,0.0,0.0
2006,REG,MIN,00-0024279,T.Jackson,99,4.0,1,7.0,4,-0.29601,5.0,0.05051
2006,REG,NE,00-0016193,V.Testaverde,3,0.0,0,0.0,3,2.07666,0.0,0.0
2006,REG,NE,00-0019596,T.Brady,558,12.0,4,26.0,16,0.09364,16.0,0.02867
2006,REG,NE,00-0023662,M.Cassel,11,0.0,1,3.0,5,-0.25582,1.0,0.09091
2006,REG,NO,00-0007744,J.Horn,1,0.0,0,0.0,1,-1.70607,0.0,0.0
2006,REG,NO,00-0010455,J.Martin,29,1.0,1,5.0,1,-0.37325,2.0,0.06897
2006,REG,NO,00-0020531,D.Brees,585,11.0,3,18.0,16,0.19429,14.0,0.02393
2006,REG,NO,00-0024217,R.Bush,1,1.0,2,0.0,16,-4.73078,3.0,3.0
2006,REG,NYG,00-0005113,J.Feagles,1,0.0,0,0.0,1,-2.76494,0.0,0.0
2006,REG,NYG,00-0022803,E.Manning,550,18.0,2,25.0,16,-0.03574,20.0,0.03636
2006,REG,NYJ,00-0019559,C.Pennington,525,16.0,4,29.0,16,0.04583,20.0,0.0381
2006,REG,NYJ,00-0021379,P.Ramsey,1,0.0,0,0.0,1,-0.43199,0.0,0.0
2006,REG,NYJ,00-0022954,B.Graham,1,0.0,0,0.0,2,-3.52631,0.0,0.0
2006,REG,NYJ,00-0024264,K.Clemens,6,0.0,1,4.0,2,-1.15897,1.0,0.16667
2006,REG,PHI,00-0000108,D.Akers,1,0.0,0,0.0,1,-0.70234,0.0,0.0
2006,REG,PHI,00-0005755,J.Garcia,208,2.0,2,6.0,8,0.09767,4.0,0.01923
2006,REG,PHI,00-0011022,D.McNabb,354,6.0,2,21.0,10,0.11922,8.0,0.0226
2006,REG,PHI,00-0020305,A.Feeley,40,0.0,1,1.0,2,0.26764,1.0,0.025
2006,REG,PHI,00-0024013,H.Baskett,1,1.0,0,0.0,1,-4.87903,1.0,1.0
2006,REG,PIT,00-0000865,C.Batch,57,0.0,1,3.0,7,0.43618,1.0,0.01754
2006,REG,PIT,00-0020452,C.Wilson,1,0.0,0,0.0,3,1.41075,0.0,0.0
2006,REG,PIT,00-0022924,B.Roethlisberger,525,23.0,2,46.0,15,-0.00388,25.0,0.04762
2006,REG,SEA,00-0007091,M.Hasselbeck,412,15.0,2,34.0,12,-0.0157,17.0,0.04126
2006,REG,SEA,00-0021192,D.Branch,1,0.0,0,1.0,5,-1.07276,0.0,0.0
2006,REG,SEA,00-0022055,S.Wallace,160,7.0,3,13.0,6,-0.14239,10.0,0.0625
2006,REG,SF,00-0022064,A.Battle,1,0.0,0,0.0,5,-0.5498,0.0,0.0
2006,REG,SF,00-0023436,A.Smith,491,15.0,4,37.0,16,-0.08754,19.0,0.0387
2006,REG,SF,00-0024315,M.Robinson,1,0.0,0,0.0,13,-2.60897,0.0,0.0
2006,REG,TB,00-0019623,T.Rattay,106,2.0,1,4.0,4,-0.00758,3.0,0.0283
2006,REG,TB,00-0022005,C.Simms,112,7.0,0,4.0,3,-0.37052,7.0,0.0625
2006,REG,TB,00-0024408,B.Gradkowski,380,9.0,6,25.0,13,-0.22762,15.0,0.03947
2006,REG,TEN,00-0003292,K.Collins,95,6.0,0,4.0,3,-0.32399,6.0,0.06316
2006,REG,TEN,00-0024218,V.Young,421,13.0,3,26.0,15,-0.04151,16.0,0.038
2006,REG,WAS,00-0002110,M.Brunell,279,4.0,1,12.0,10,0.0034,5.0,0.01792
2006,REG,WAS,00-0021190,A.Randle El,3,0.0,0,0.0,15,2.09904,0.0,0.0
2006,REG,WAS,00-0023460,J.Campbell,226,6.0,0,8.0,7,0.01709,6.0,0.02655
2007,POST,DAL,00-0021678,T.Romo,40,1.0,0,2.0,1,0.10447,1.0,0.025
2007,POST,GB,00-0005106,B.Favre,59,2.0,0,1.0,2,0.18182,2.0,0.0339
2007,POST,IND,00-0010346,P.Manning,48,2.0,0,0.0,1,0.169,2.0,0.04167
2007,POST,JAX,00-0021231,D.Garrard,65,3.0,1,5.0,2,0.23068,4.0,0.06154
2007,POST,LAC,00-0019041,B.Volek,4,0.0,0,0.0,1,0.4453,0.0,0.0
2007,POST,LAC,00-0022942,P.Rivers,89,4.0,0,2.0,3,0.27055,4.0,0.04494
2007,POST,NE,00-0019596,T.Brady,118,3.0,1,8.0,3,0.14306,4.0,0.0339
2007,POST,NYG,00-0022803,E.Manning,130,1.0,0,9.0,4,0.22334,1.0,0.00769
2007,POST,PIT,00-0022924,B.Roethlisberger,51,3.0,1,6.0,1,-0.0257,4.0,0.07843
2007,POST,SEA,00-0007091,M.Hasselbeck,70,2.0,0,3.0,2,-0.12212,2.0,0.02857
2007,POST,TB,00-0005755,J.Garcia,40,2.0,0,1.0,1,-0.00456,2.0,0.05
2007,POST,TEN,00-0024218,V.Young,33,1.0,0,3.0,1,-0.07055,1.0,0.0303
2007,POST,WAS,00-0003315,T.Collins,54,2.0,0,3.0,1,-0.301,2.0,0.03704
2007,REG,ARI,00-0017200,K.Warner,471,17.0,6,20.0,14,0.03794,23.0,0.04883
2007,REG,ARI,00-0019623,T.Rattay,28,3.0,0,0.0,4,-0.14834,3.0,0.10714
2007,REG,ARI,00-0022084,A.Boldin,1,0.0,0,0.0,2,-0.947,0.0,0.0
2007,REG,ARI,00-0024225,M.Leinart,121,4.0,0,4.0,5,-0.07513,4.0,0.03306
2007,REG,ATL,00-0019709,C.Redman,164,5.0,1,9.0,6,-0.09252,6.0,0.03659
2007,REG,ATL,00-0021141,J.Harrington,388,8.0,0,32.0,12,-0.13028,8.0,0.02062
2007,REG,ATL,00-0022177,B.Leftwich,65,3.0,1,5.0,3,-0.46519,4.0,0.06154
2007,REG,BAL,00-0011024,S.McNair,219,4.0,7,11.0,6,-0.20526,11.0,0.05023
2007,REG,BAL,00-0022164,K.Boller,307,10.0,4,24.0,12,-0.11453,14.0,0.0456
2007,REG,BAL,00-0023457,M.Clayton,1,0.0,0,0.0,1,-0.41127,0.0,0.0
2007,REG,BAL,00-0025561,T.Smith,87,0.0,2,4.0,4,0.09619,2.0,0.02299
2007,REG,BUF,00-0022912,J.Losman,198,6.0,2,14.0,8,-0.13298,8.0,0.0404
2007,REG,BUF,00-0025399,M.Lynch,1,0.0,1,0.0,13,2.45555,1.0,1.0
2007,REG,BUF,00-0025479,T.Edwards,286,8.0,0,12.0,10,-0.16394,8.0,0.02797
2007,REG,CAR,00-0004161,J.Delhomme,93,1.0,0,5.0,3,0.16115,1.0,0.01075
2007,REG,CAR,00-0016193,V.Testaverde,183,6.0,1,9.0,7,-0.19204,7.0,0.03825
2007,REG,CAR,00-0020608,D.Carr,160,5.0,0,13.0,6,-0.21809,5.0,0.03125
2007,REG,CAR,00-0025708,M.Moore,118,5.0,0,6.0,8,-0.00523,5.0,0.04237
2007,REG,CHI,00-0006423,B.Griese,277,12.0,1,15.0,7,0.00642,13.0,0.04693
2007,REG,CHI,00-0021306,A.Peterson,1,0.0,1,0.0,16,2.1614,1.0,1.0
2007,REG,CHI,00-0022121,R.Grossman,250,7.0,3,25.0,8,-0.20624,10.0,0.04
2007,REG,CHI,00-0023252,R.Gould,1,0.0,0,0.0,1,-2.18674,0.0,0.0
2007,REG,CHI,00-0023439,C.Benson,1,0.0,2,0.0,11,-0.25998,2.0,2.0
2007,REG,CHI,00-0023541,K.Orton,82,2.0,0,2.0,3,-0.16428,2.0,0.02439
2007,REG,CHI,00-0024272,D.Hester,1,0.0,0,1.0,7,-1.78429,0.0,0.0
2007,REG,CIN,00-0021429,C.Palmer,592,20.0,1,17.0,16,0.08187,21.0,0.03547
2007,REG,CLE,00-0023176,J.Cribbs,1,0.0,0,0.0,9,1.053,0.0,0.0
2007,REG,CLE,00-0023502,C.Frye,15,1.0,0,5.0,1,-0.90873,1.0,0.06667
2007,REG,CLE,00-0023645,D.Anderson,546,19.0,2,15.0,16,0.06032,21.0,0.03846
2007,REG,CLE,00-0025409,B.Quinn,8,0.0,0,0.0,1,0.07347,0.0,0.0
2007,REG,DAL,00-0008442,B.Johnson,12,0.0,0,1.0,3,-0.14525,0.0,0.0
2007,REG,DAL,00-0021678,T.Romo,561,19.0,2,25.0,16,0.23571,21.0,0.03743
2007,REG,DEN,00-0021379,P.Ramsey,50,1.0,1,3.0,2,-0.41775,2.0,0.04
2007,REG,DEN,00-0024226,J.Cutler,504,14.0,4,27.0,16,0.11241,18.0,0.03571
2007,REG,DEN,00-0024334,B.Marshall,2,0.0,0,2.0,5,-1.39914,0.0,0.0
2007,REG,DET,00-0009311,J.Kitna,624,21.0,5,48.0,16,-0.04889,26.0,0.04167
2007,REG,DET,00-0021296,J.O'Sullivan,29,2.0,1,3.0,4,-0.09775,3.0,0.10345
2007,REG,GB,00-0005106,B.Favre,548,15.0,3,15.0,16,0.1718,18.0,0.03285
2007,REG,GB,00-0021277,C.Nall,16,0.0,1,1.0,1,-0.0135,1.0,0.0625
2007,REG,GB,00-0023459,A.Rodgers,34,0.0,0,3.0,2,0.31179,0.0,0.0
2007,REG,HOU,00-0020480,S.Rosenfels,251,12.0,3,6.0,9,0.13613,15.0,0.05976
2007,REG,HOU,00-0022787,M.Schaub,308,9.0,3,16.0,11,-0.07776,12.0,0.03896
2007,REG,IND,00-0010346,P.Manning,538,14.0,1,21.0,16,0.24849,15.0,0.02788
2007,REG,IND,00-0022744,J.Sorgi,38,0.0,0,2.0,4,-0.29442,0.0,0.0
2007,REG,JAX,00-0020613,Q.Gray,160,5.0,1,10.0,8,0.17117,6.0,0.0375
2007,REG,JAX,00-0021231,D.Garrard,362,3.0,2,20.0,12,0.20699,5.0,0.01381
2007,REG,KC,00-0007835,D.Huard,372,13.0,3,37.0,11,-0.10853,16.0,0.04301
2007,REG,KC,00-0021976,L.Johnson,1,0.0,1,0.0,8,-0.4094,1.0,1.0
2007,REG,KC,00-0024300,B.Croyle,243,6.0,3,16.0,9,-0.15473,9.0,0.03704
2007,REG,KC,00-0025604,T.Thigpen,7,1.0,0,1.0,1,-0.72837,1.0,0.14286
2007,REG,LA,00-0005589,G.Frerotte,179,12.0,1,11.0,8,-0.26726,13.0,0.07263
2007,REG,LA,00-0019599,M.Bulger,416,15.0,3,37.0,12,-0.12642,18.0,0.04327
2007,REG,LA,00-0022736,S.Jackson,1,0.0,2,0.0,12,1.25259,2.0,2.0
2007,REG,LA,00-0023158,B.Berlin,28,1.0,1,0.0,1,-0.01884,2.0,0.07143
2007,REG,LAC,00-0019041,B.Volek,12,1.0,1,2.0,5,-1.29309,2.0,0.16667
2007,REG,LAC,00-0020536,L.Tomlinson,1,0.0,0,0.0,16,2.23078,0.0,0.0
2007,REG,LAC,00-0022017,M.Scifres,1,0.0,0,0.0,1,-0.947,0.0,0.0
2007,REG,LAC,00-0022942,P.Rivers,489,15.0,6,22.0,16,0.0697,21.0,0.04294
2007,REG,LV,00-0003739,D.Culpepper,214,5.0,3,21.0,7,-0.01311,8.0,0.03738
2007,REG,LV,00-0021206,J.McCown,219,11.0,4,15.0,9,-0.07888,15.0,0.06849
2007,REG,LV,00-0021337,R.Curry,1,0.0,0,0.0,2,-0.42913,0.0,0.0
2007,REG,LV,00-0023504,A.Walter,8,0.0,0,0.0,1,0.03569,0.0,0.0
2007,REG,LV,00-0025388,J.Russell,75,4.0,2,6.0,4,-0.24195,6.0,0.08
2007,REG,MIA,00-0001477,M.Booker,1,0.0,1,0.0,3,-0.01127,1.0,1.0
2007,REG,MIA,00-0006355,T.Green,146,7.0,0,7.0,5,-0.03969,7.0,0.04795
2007,REG,MIA,00-0020565,C.Lemon,341,6.0,3,23.0,9,-0.03695,9.0,0.02639
2007,REG,MIA,00-0025427,J.Beck,118,3.0,5,10.0,5,-0.32655,8.0,0.0678
2007,REG,MIN,00-0007576,K.Holcomb,94,1.0,0,11.0,3,-0.14157,1.0,0.01064
2007,REG,MIN,00-0021314,C.Taylor,1,0.0,4,0.0,14,-0.97524,4.0,4.0
2007,REG,MIN,00-0022026,B.Bollinger,58,1.0,1,7.0,5,-0.07368,2.0,0.03448
2007,REG,MIN,00-0022217,M.Moore,1,0.0,0,0.0,6,-0.7788,0.0,0.0
2007,REG,MIN,00-0023060,C.Kluwe,1,0.0,0,0.0,1,4.01535,0.0,0.0
2007,REG,MIN,00-0024279,T.Jackson,337,12.0,3,19.0,12,-0.02372,15.0,0.04451
2007,REG,MIN,00-0025431,S.Rice,2,0.0,0,0.0,1,2.57295,0.0,0.0
2007,REG,NE,00-0019596,T.Brady,614,8.0,4,21.0,16,0.43018,12.0,0.01954
2007,REG,NE,00-0023662,M.Cassel,8,1.0,0,0.0,5,-0.1886,1.0,0.125
2007,REG,NE,00-0024824,M.Gutierrez,1,0.0,0,0.0,4,1.31805,0.0,0.0
2007,REG,NO,00-0020531,D.Brees,673,18.0,4,15.0,16,0.06531,22.0,0.03269
2007,REG,NYG,00-0018272,A.Wright,7,0.0,0,0.0,2,-0.72136,0.0,0.0
2007,REG,NYG,00-0022590,J.Lorenzen,10,0.0,0,1.0,2,-0.13583,0.0,0.0
2007,REG,NYG,00-0022803,E.Manning,563,20.0,7,27.0,16,-0.09045,27.0,0.04796
2007,REG,NYJ,00-0019559,C.Pennington,289,9.0,1,26.0,9,-0.01382,10.0,0.0346
2007,REG,NYJ,00-0024264,K.Clemens,285,10.0,1,27.0,10,-0.16849,11.0,0.0386
2007,REG,NYJ,00-0024318,B.Smith,1,0.0,0,0.0,7,-3.36469,0.0,0.0
2007,REG,NYJ,00-0024332,L.Washington,1,0.0,1,0.0,15,3.0522,1.0,1.0
2007,REG,PHI,00-0011022,D.McNabb,542,7.0,5,44.0,14,0.06529,12.0,0.02214
2007,REG,PHI,00-0020305,A.Feeley,110,8.0,0,3.0,3,-0.06474,8.0,0.07273
2007,REG,PHI,00-0021508,G.Lewis,1,0.0,0,0.0,1,-0.71185,0.0,0.0
2007,REG,PHI,00-0024324,J.Avant,1,0.0,0,0.0,1,-0.39153,0.0,0.0
2007,REG,PHI,00-0025423,K.Kolb,2,0.0,1,2.0,1,-2.52868,1.0,0.5
2007,REG,PIT,00-0000865,C.Batch,36,3.0,0,0.0,7,-0.12717,3.0,0.08333
2007,REG,PIT,00-0020452,C.Wilson,1,0.0,0,0.0,3,1.053,0.0,0.0
2007,REG,PIT,00-0022250,W.Parker,1,0.0,3,0.0,15,-0.7144,3.0,3.0
2007,REG,PIT,00-0022924,B.Roethlisberger,472,11.0,3,47.0,15,0.20699,14.0,0.02966
2007,REG,PIT,00-0025499,D.Sepulveda,1,0.0,0,0.0,1,5.25559,0.0,0.0
2007,REG,SEA,00-0007091,M.Hasselbeck,608,12.0,5,33.0,16,0.09841,17.0,0.02796
2007,REG,SEA,00-0022055,S.Wallace,33,1.0,1,3.0,4,-0.11503,2.0,0.06061
2007,REG,SF,00-0004293,T.Dilfer,247,12.0,2,27.0,7,-0.36111,14.0,0.05668
2007,REG,SF,00-0020434,C.Weinke,27,0.0,0,5.0,1,-0.36905,0.0,0.0
2007,REG,SF,00-0020679,S.Hill,87,2.0,1,5.0,3,-0.03107,3.0,0.03448
2007,REG,SF,00-0023436,A.Smith,217,4.0,5,17.0,7,-0.30544,9.0,0.04147
2007,REG,TB,00-0005755,J.Garcia,362,4.0,2,19.0,13,0.11162,6.0,0.01657
2007,REG,TB,00-0022864,L.McCown,165,3.0,2,15.0,5,-0.0096,5.0,0.0303
2007,REG,TB,00-0024408,B.Gradkowski,26,1.0,0,2.0,4,-0.4024,1.0,0.03846
2007,REG,TEN,00-0003292,K.Collins,87,0.0,1,5.0,6,0.00222,1.0,0.01149
2007,REG,TEN,00-0024218,V.Young,456,17.0,3,25.0,15,-0.01773,20.0,0.04386
2007,REG,WAS,00-0003315,T.Collins,115,0.0,2,7.0,4,0.21454,2.0,0.01739
2007,REG,WAS,00-0021179,C.Portis,2,0.0,5,1.0,16,0.71826,5.0,2.5
2007,REG,WAS,00-0021190,A.Randle El,2,0.0,0,0.0,5,0.42646,0.0,0.0
2007,REG,WAS,00-0023460,J.Campbell,458,11.0,8,20.0,13,0.04328,19.0,0.04148
2008,POST,ARI,00-0017200,K.Warner,142,3.0,1,5.0,4,0.26725,4.0,0.02817
2008,POST,ATL,00-0026143,M.Ryan,45,2.0,1,3.0,1,0.00464,3.0,0.06667
2008,POST,BAL,00-0026158,J.Flacco,79,3.0,0,3.0,3,-0.25811,3.0,0.03797
2008,POST,CAR,00-0004161,J.Delhomme,37,5.0,1,2.0,1,-0.69719,6.0,0.16216
2008,POST,IND,00-0010346,P.Manning,43,0.0,0,1.0,1,0.17301,0.0,0.0
2008,POST,LAC,00-0022942,P.Rivers,79,2.0,0,8.0,2,0.03906,2.0,0.02532
2008,POST,MIA,00-0019559,C.Pennington,41,4.0,0,3.0,1,-0.29654,4.0,0.09756
2008,POST,MIN,00-0024279,T.Jackson,37,1.0,0,1.0,1,-0.22416,1.0,0.02703
2008,POST,NYG,00-0022803,E.Manning,29,2.0,0,0.0,1,-0.4826,2.0,0.06897
2008,POST,PHI,00-0011022,D.McNabb,129,4.0,2,5.0,3,0.13889,6.0,0.04651
2008,POST,PIT,00-0022177,B.Leftwich,1,0.0,0,0.0,1,-0.82732,0.0,0.0
2008,POST,PIT,00-0022924,B.Roethlisberger,98,1.0,0,7.0,3,0.14395,1.0,0.0102
2008,POST,TEN,00-0003292,K.Collins,43,1.0,0,1.0,1,-0.03757,1.0,0.02326
2008,REG,ARI,00-0008484,D.Johnson,2,0.0,0,0.0,2,-1.66026,0.0,0.0
2008,REG,ARI,00-0017200,K.Warner,626,14.0,7,26.0,16,0.1477,21.0,0.03355
2008,REG,ARI,00-0021647,J.Urban,1,0.0,0,0.0,1,1.66865,0.0,0.0
2008,REG,ARI,00-0023479,J.Arrington,1,0.0,0,0.0,10,-0.48082,0.0,0.0
2008,REG,ARI,00-0024225,M.Leinart,32,1.0,1,2.0,4,-0.07993,2.0,0.0625
2008,REG,ATL,00-0026143,M.Ryan,464,11.0,1,17.0,16,0.14007,12.0,0.02586
2008,REG,BAL,00-0023457,M.Clayton,1,0.0,0,0.0,7,3.48391,0.0,0.0
2008,REG,BAL,00-0025561,T.Smith,5,0.0,0,1.0,5,0.97831,0.0,0.0
2008,REG,BAL,00-0026158,J.Flacco,474,12.0,2,33.0,16,-0.02584,14.0,0.02954
2008,REG,BUF,00-0011626,B.Moorman,1,0.0,0,0.0,1,4.38639,0.0,0.0
2008,REG,BUF,00-0022912,J.Losman,122,5.0,4,15.0,5,-0.3178,9.0,0.07377
2008,REG,BUF,00-0025479,T.Edwards,411,10.0,5,23.0,14,0.02196,15.0,0.0365
2008,REG,CAR,00-0004161,J.Delhomme,436,12.0,3,20.0,16,0.06593,15.0,0.0344
2008,REG,CHI,00-0010609,B.Maynard,1,0.0,0,0.0,1,-2.5197,0.0,0.0
2008,REG,CHI,00-0022121,R.Grossman,65,2.0,0,2.0,3,-0.316,2.0,0.03077
2008,REG,CHI,00-0023541,K.Orton,500,12.0,5,27.0,15,-0.0654,17.0,0.034
2008,REG,CIN,00-0021429,C.Palmer,144,4.0,0,11.0,4,-0.10275,4.0,0.02778
2008,REG,CIN,00-0023682,R.Fitzpatrick,446,9.0,5,38.0,12,-0.15935,14.0,0.03139
2008,REG,CIN,00-0025592,J.Palmer,15,2.0,0,2.0,3,-0.86288,2.0,0.13333
2008,REG,CLE,00-0022039,K.Dorsey,96,7.0,0,5.0,4,-0.51411,7.0,0.07292
2008,REG,CLE,00-0023176,J.Cribbs,4,0.0,0,0.0,12,-0.04335,0.0,0.0
2008,REG,CLE,00-0023645,D.Anderson,308,8.0,2,15.0,10,-0.07875,10.0,0.03247
2008,REG,CLE,00-0024408,B.Gradkowski,26,3.0,0,4.0,2,-1.21633,3.0,0.11538
2008,REG,CLE,00-0025409,B.Quinn,91,2.0,0,1.0,3,-0.12293,2.0,0.02198
2008,REG,DAL,00-0008442,B.Johnson,86,5.0,0,8.0,3,-0.36268,5.0,0.05814
2008,REG,DAL,00-0021678,T.Romo,481,14.0,7,20.0,13,0.06387,21.0,0.04366
2008,REG,DAL,00-0022026,B.Bollinger,20,1.0,0,3.0,2,-0.35772,1.0,0.05
2008,REG,DAL,00-0022127,J.Witten,1,0.0,0,0.0,1,2.98734,0.0,0.0
2008,REG,DAL,00-0022766,P.Crayton,1,0.0,0,0.0,2,-0.49038,0.0,0.0
2008,REG,DEN,00-0021379,P.Ramsey,4,0.0,1,1.0,1,-0.35472,1.0,0.25
2008,REG,DEN,00-0024226,J.Cutler,647,18.0,2,11.0,16,0.17419,20.0,0.03091
2008,REG,DEN,00-0026182,E.Royal,1,0.0,0,0.0,6,-0.47381,0.0,0.0
2008,REG,DET,00-0003739,D.Culpepper,129,6.0,1,14.0,5,-0.42198,7.0,0.05426
2008,REG,DET,00-0009311,J.Kitna,138,5.0,1,15.0,4,-0.27785,6.0,0.04348
2008,REG,DET,00-0022181,D.Henson,5,0.0,0,3.0,2,-0.25906,0.0,0.0
2008,REG,DET,00-0023578,D.Orlovsky,272,8.0,0,14.0,10,-0.08867,8.0,0.02941
2008,REG,DET,00-0025430,D.Stanton,25,0.0,0,6.0,3,-0.32251,0.0,0.0
2008,REG,GB,00-0023459,A.Rodgers,589,13.0,3,34.0,16,0.15251,16.0,0.02716
2008,REG,GB,00-0026349,M.Flynn,5,0.0,0,0.0,4,-0.82432,0.0,0.0
2008,REG,HOU,00-0016689,M.Turk,1,0.0,0,0.0,2,-2.7837,0.0,0.0
2008,REG,HOU,00-0020480,S.Rosenfels,186,10.0,2,9.0,6,0.0437,12.0,0.06452
2008,REG,HOU,00-0022787,M.Schaub,411,10.0,4,23.0,11,0.05774,14.0,0.03406
2008,REG,IND,00-0010346,P.Manning,572,12.0,0,14.0,16,0.23096,12.0,0.02098
2008,REG,IND,00-0022744,J.Sorgi,31,0.0,0,0.0,1,0.13114,0.0,0.0
2008,REG,JAX,00-0020565,C.Lemon,2,0.0,0,0.0,1,-1.36735,0.0,0.0
2008,REG,JAX,00-0021231,D.Garrard,612,13.0,3,42.0,16,0.02582,16.0,0.02614
2008,REG,KC,00-0007835,D.Huard,89,4.0,1,9.0,5,-0.29764,5.0,0.05618
2008,REG,KC,00-0020613,Q.Gray,8,0.0,0,0.0,1,0.76142,0.0,0.0
2008,REG,KC,00-0021976,L.Johnson,1,0.0,1,0.0,12,1.16013,1.0,1.0
2008,REG,KC,00-0023474,M.Bradley,1,0.0,0,0.0,1,3.64741,0.0,0.0
2008,REG,KC,00-0023534,D.Colquitt,1,0.0,0,0.0,1,-0.947,0.0,0.0
2008,REG,KC,00-0024300,B.Croyle,30,0.0,0,1.0,2,-0.08468,0.0,0.0
2008,REG,KC,00-0024358,M.Hagans,2,0.0,0,1.0,1,-0.44958,0.0,0.0
2008,REG,KC,00-0025604,T.Thigpen,474,12.0,2,26.0,14,-0.00639,14.0,0.02954
2008,REG,LA,00-0006355,T.Green,80,6.0,0,6.0,3,-0.45014,6.0,0.075
2008,REG,LA,00-0019242,D.Looker,4,0.0,0,1.0,4,0.06435,0.0,0.0
2008,REG,LA,00-0019539,D.Hall,1,0.0,0,0.0,3,-0.73053,0.0,0.0
2008,REG,LA,00-0019599,M.Bulger,486,13.0,4,38.0,15,-0.18633,17.0,0.03498
2008,REG,LA,00-0022684,D.Jones,1,0.0,0,0.0,1,-2.16075,0.0,0.0
2008,REG,LA,00-0023158,B.Berlin,2,0.0,0,0.0,1,-0.48337,0.0,0.0
2008,REG,LA,00-0023158,B.Berlin (3rd QB),1,0.0,0,0.0,1,-0.5562,0.0,0.0
2008,REG,LAC,00-0022942,P.Rivers,517,11.0,4,25.0,16,0.24505,15.0,0.02901
2008,REG,LV,00-0020405,M.Tuiasosopo,5,0.0,0,3.0,2,-1.15263,0.0,0.0
2008,REG,LV,00-0023504,A.Walter,55,3.0,0,5.0,2,-0.46232,3.0,0.05455
2008,REG,LV,00-0025388,J.Russell,405,8.0,7,30.0,15,-0.13289,15.0,0.03704
2008,REG,LV,00-0025487,M.Bush,3,0.0,1,0.0,11,-0.28382,1.0,0.33333
2008,REG,LV,00-0026144,D.McFadden,1,0.0,1,1.0,13,-1.09353,1.0,1.0
2008,REG,MIA,00-0019559,C.Pennington,509,7.0,1,23.0,16,0.18619,8.0,0.01572
2008,REG,MIA,00-0023437,R.Brown,4,0.0,1,1.0,16,-0.56806,1.0,0.25
2008,REG,MIA,00-0026197,C.Henne,12,0.0,0,0.0,1,0.26088,0.0,0.0
2008,REG,MIN,00-0005589,G.Frerotte,333,15.0,1,29.0,11,-0.1166,16.0,0.04805
2008,REG,MIN,00-0021314,C.Taylor,1,0.0,0,0.0,16,2.58779,0.0,0.0
2008,REG,MIN,00-0024279,T.Jackson,175,2.0,3,15.0,7,0.05598,5.0,0.02857
2008,REG,MIN,00-0025431,S.Rice,1,0.0,0,0.0,1,-0.52,0.0,0.0
2008,REG,NE,00-0005091,K.Faulk,1,0.0,0,0.0,14,-0.9697,0.0,0.0
2008,REG,NE,00-0019596,T.Brady,11,0.0,0,0.0,1,-0.77497,0.0,0.0
2008,REG,NE,00-0023662,M.Cassel,599,11.0,4,44.0,16,0.14384,15.0,0.02504
2008,REG,NE,00-0026234,K.O'Connell,7,0.0,0,1.0,2,-0.64043,0.0,0.0
2008,REG,NO,00-0020531,D.Brees,648,17.0,1,13.0,16,0.23562,18.0,0.02778
2008,REG,NO,00-0023310,L.Moore,1,1.0,0,0.0,1,-6.39444,1.0,1.0
2008,REG,NYG,00-0020608,D.Carr,16,0.0,0,1.0,3,0.56611,0.0,0.0
2008,REG,NYG,00-0022803,E.Manning,510,10.0,2,27.0,16,0.09408,12.0,0.02353
2008,REG,NYJ,00-0005106,B.Favre,560,22.0,2,30.0,16,0.01452,24.0,0.04286
2008,REG,NYJ,00-0024264,K.Clemens,5,1.0,0,0.0,2,-0.4068,1.0,0.2
2008,REG,NYJ,00-0024318,B.Smith,2,0.0,1,0.0,9,-0.34658,1.0,0.5
2008,REG,PHI,00-0011022,D.McNabb,614,11.0,5,24.0,16,0.09469,16.0,0.02606
2008,REG,PHI,00-0025423,K.Kolb,36,4.0,0,0.0,6,-0.88402,4.0,0.11111
2008,REG,PHI,00-0026189,D.Jackson,1,1.0,0,0.0,12,-4.55168,1.0,1.0
2008,REG,PIT,00-0022177,B.Leftwich,39,0.0,0,3.0,5,0.51709,0.0,0.0
2008,REG,PIT,00-0022924,B.Roethlisberger,530,15.0,7,47.0,16,-0.02937,22.0,0.04151
2008,REG,PIT,00-0026296,D.Dixon,1,0.0,0,0.0,1,-0.40896,0.0,0.0
2008,REG,SEA,00-0007091,M.Hasselbeck,240,10.0,0,19.0,7,-0.14035,10.0,0.04167
2008,REG,SEA,00-0022055,S.Wallace,264,3.0,3,14.0,9,0.05971,6.0,0.02273
2008,REG,SEA,00-0023502,C.Frye,28,2.0,0,3.0,1,-0.32877,2.0,0.07143
2008,REG,SF,00-0002099,I.Bruce,1,0.0,0,0.0,2,-0.48963,0.0,0.0
2008,REG,SF,00-0020679,S.Hill,320,8.0,1,23.0,9,0.1015,9.0,0.02812
2008,REG,SF,00-0021296,J.O'Sullivan,273,11.0,6,32.0,9,-0.18837,17.0,0.06227
2008,REG,TB,00-0005755,J.Garcia,425,6.0,2,24.0,12,0.09516,8.0,0.01882
2008,REG,TB,00-0006423,B.Griese,193,7.0,1,9.0,5,-0.13669,8.0,0.04145
2008,REG,TB,00-0021755,E.Graham,1,0.0,2,0.0,10,1.16283,2.0,2.0
2008,REG,TB,00-0022864,L.McCown,2,0.0,0,0.0,2,-0.33622,0.0,0.0
2008,REG,TEN,00-0003292,K.Collins,430,7.0,1,8.0,16,0.04473,8.0,0.0186
2008,REG,TEN,00-0022005,C.Simms,3,0.0,0,1.0,1,-0.76582,0.0,0.0
2008,REG,TEN,00-0024218,V.Young,45,2.0,0,3.0,3,-0.24245,2.0,0.04444
2008,REG,WAS,00-0021190,A.Randle El,4,0.0,0,0.0,5,0.9355,0.0,0.0
2008,REG,WAS,00-0023460,J.Campbell,567,6.0,1,38.0,16,-0.01726,7.0,0.01235
2009,POST,ARI,00-0017200,K.Warner,61,1.0,0,2.0,2,0.18987,1.0,0.01639
2009,POST,ARI,00-0024225,M.Leinart,9,0.0,0,0.0,1,-0.00683,0.0,0.0
2009,POST,BAL,00-0026158,J.Flacco,47,3.0,0,1.0,2,-0.25511,3.0,0.06383
2009,POST,CIN,00-0021429,C.Palmer,40,1.0,0,3.0,1,-0.2497,1.0,0.025
2009,POST,DAL,00-0021678,T.Romo,79,1.0,2,8.0,2,-0.05658,3.0,0.03797
2009,POST,GB,00-0023459,A.Rodgers,48,1.0,1,5.0,1,0.19071,2.0,0.04167
2009,POST,IND,00-0010346,P.Manning,132,2.0,0,4.0,3,0.25131,2.0,0.01515
2009,POST,LAC,00-0022942,P.Rivers,42,2.0,0,2.0,1,0.0392,2.0,0.04762
2009,POST,MIN,00-0005106,B.Favre,73,2.0,1,3.0,2,0.23702,3.0,0.0411
2009,POST,NE,00-0019596,T.Brady,45,3.0,1,3.0,1,-0.62471,4.0,0.08889
2009,POST,NO,00-0020531,D.Brees,104,0.0,0,2.0,3,0.36123,0.0,0.0
2009,POST,NYJ,00-0024318,B.Smith,1,0.0,0,0.0,2,3.28697,0.0,0.0
2009,POST,NYJ,00-0026898,M.Sanchez,67,2.0,0,1.0,3,0.22376,2.0,0.02985
2009,POST,PHI,00-0011022,D.McNabb,42,1.0,1,4.0,1,-0.20419,2.0,0.04762
2009,POST,PHI,00-0020245,M.Vick,2,0.0,1,0.0,1,2.97256,1.0,0.5
2009,REG,ARI,00-0017200,K.Warner,536,14.0,6,24.0,15,0.07107,20.0,0.03731
2009,REG,ARI,00-0022101,B.St. Pierre,3,1.0,0,0.0,1,-0.93826,1.0,0.33333
2009,REG,ARI,00-0022101,B.St. Pierre (3rd QB),1,0.0,0,0.0,1,-0.50417,0.0,0.0
2009,REG,ARI,00-0023443,A.Rolle,1,0.0,0,0.0,1,0.5715,0.0,0.0
2009,REG,ARI,00-0024225,M.Leinart,79,3.0,0,2.0,8,-0.1932,3.0,0.03797
2009,REG,ATL,00-0019709,C.Redman,125,3.0,0,8.0,5,0.01107,3.0,0.024
2009,REG,ATL,00-0026143,M.Ryan,477,14.0,2,19.0,14,0.09319,16.0,0.03354
2009,REG,BAL,00-0023457,M.Clayton,1,0.0,0,0.0,4,-0.62317,0.0,0.0
2009,REG,BAL,00-0025561,T.Smith,10,1.0,0,0.0,3,-0.69548,1.0,0.1
2009,REG,BAL,00-0026158,J.Flacco,547,12.0,2,37.0,16,0.08055,14.0,0.02559
2009,REG,BAL,00-0026195,R.Rice,1,0.0,2,0.0,16,-1.56817,2.0,2.0
2009,REG,BUF,00-0011626,B.Moorman,2,0.0,0,0.0,2,1.92626,0.0,0.0
2009,REG,BUF,00-0023682,R.Fitzpatrick,263,10.0,2,22.0,10,-0.16083,12.0,0.04563
2009,REG,BUF,00-0024204,F.Jackson,1,0.0,2,0.0,16,3.50917,2.0,2.0
2009,REG,BUF,00-0025479,T.Edwards,216,7.0,0,22.0,8,-0.11791,7.0,0.03241
2009,REG,BUF,00-0026196,B.Brohm,31,2.0,0,2.0,2,-0.31577,2.0,0.06452
2009,REG,CAR,00-0004161,J.Delhomme,346,18.0,3,23.0,11,-0.1594,21.0,0.06069
2009,REG,CAR,00-0021206,J.McCown,7,0.0,0,1.0,1,-1.00136,0.0,0.0
2009,REG,CAR,00-0025708,M.Moore,150,2.0,0,9.0,7,0.11938,2.0,0.01333
2009,REG,CHI,00-0010609,B.Maynard,1,0.0,0,0.0,1,-2.89475,0.0,0.0
2009,REG,CHI,00-0024226,J.Cutler,604,26.0,1,34.0,16,-0.07058,27.0,0.0447
2009,REG,CHI,00-0025970,C.Hanie,7,1.0,0,0.0,2,-0.91701,1.0,0.14286
2009,REG,CIN,00-0021296,J.O'Sullivan,15,0.0,2,3.0,3,-1.30496,2.0,0.13333
2009,REG,CIN,00-0021429,C.Palmer,505,13.0,2,26.0,16,0.06416,15.0,0.0297
2009,REG,CIN,00-0027103,K.Huber,1,0.0,0,0.0,2,-0.947,0.0,0.0
2009,REG,CLE,00-0004091,P.Dawson,1,0.0,0,0.0,1,0.25551,0.0,0.0
2009,REG,CLE,00-0023176,J.Cribbs,4,1.0,0,0.0,15,-0.93807,1.0,0.25
2009,REG,CLE,00-0023645,D.Anderson,192,10.0,3,11.0,8,-0.43169,13.0,0.06771
2009,REG,CLE,00-0025409,B.Quinn,280,7.0,3,19.0,10,-0.18386,10.0,0.03571
2009,REG,DAL,00-0021678,T.Romo,594,9.0,4,34.0,16,0.1774,13.0,0.02189
2009,REG,DEN,00-0022005,C.Simms,22,1.0,1,5.0,3,-1.02812,2.0,0.09091
2009,REG,DEN,00-0023541,K.Orton,579,12.0,2,29.0,16,0.04456,14.0,0.02418
2009,REG,DET,00-0003739,D.Culpepper,181,6.0,0,14.0,8,-0.13149,6.0,0.03315
2009,REG,DET,00-0025430,D.Stanton,59,6.0,1,5.0,3,-0.7003,7.0,0.11864
2009,REG,DET,00-0026498,M.Stafford,408,20.0,1,23.0,10,-0.17613,21.0,0.05147
2009,REG,GB,00-0023459,A.Rodgers,610,7.0,4,49.0,16,0.21281,11.0,0.01803
2009,REG,GB,00-0026349,M.Flynn,13,1.0,0,1.0,4,-0.61057,1.0,0.07692
2009,REG,HOU,00-0022092,C.Brown,1,1.0,1,0.0,13,-5.10401,2.0,2.0
2009,REG,HOU,00-0022121,R.Grossman,9,1.0,0,0.0,1,-0.71552,1.0,0.11111
2009,REG,HOU,00-0022787,M.Schaub,623,15.0,2,26.0,16,0.17777,17.0,0.02729
2009,REG,IND,00-0010346,P.Manning,584,16.0,0,10.0,16,0.2872,16.0,0.0274
2009,REG,IND,00-0020498,R.Wayne,1,1.0,0,0.0,1,-3.99853,1.0,1.0
2009,REG,IND,00-0024245,J.Addai,1,0.0,1,0.0,15,2.43615,1.0,1.0
2009,REG,IND,00-0027134,C.Painter,33,2.0,2,3.0,2,-0.88555,4.0,0.12121
2009,REG,JAX,00-0021231,D.Garrard,590,10.0,8,42.0,16,-0.01595,18.0,0.03051
2009,REG,JAX,00-0022864,L.McCown,5,0.0,0,2.0,2,-0.64021,0.0,0.0
2009,REG,KC,00-0023474,M.Bradley,1,0.0,0,0.0,2,2.61323,0.0,0.0
2009,REG,KC,00-0023662,M.Cassel,558,16.0,3,42.0,15,-0.14204,19.0,0.03405
2009,REG,KC,00-0024300,B.Croyle,43,0.0,0,3.0,3,-0.21793,0.0,0.0
2009,REG,KC,00-0024824,M.Gutierrez,1,0.0,0,0.0,1,-0.91106,0.0,0.0
2009,REG,KC,00-0025672,T.Castille,1,1.0,1,0.0,5,-3.17608,2.0,2.0
2009,REG,LA,00-0019599,M.Bulger,266,6.0,1,14.0,9,-0.18456,7.0,0.02632
2009,REG,LA,00-0021940,Josh.Brown,1,0.0,0,0.0,1,6.00545,0.0,0.0
2009,REG,LA,00-0022164,K.Boller,199,6.0,2,17.0,7,-0.37434,8.0,0.0402
2009,REG,LA,00-0027131,K.Null,134,9.0,1,13.0,4,-0.38859,10.0,0.07463
2009,REG,LAC,00-0019041,B.Volek,32,1.0,0,1.0,4,0.16225,1.0,0.03125
2009,REG,LAC,00-0020536,L.Tomlinson,1,0.0,1,0.0,14,-0.99233,1.0,1.0
2009,REG,LAC,00-0022942,P.Rivers,518,9.0,3,25.0,16,0.32157,12.0,0.02317
2009,REG,LAC,00-0025559,L.Naanee,1,0.0,0,0.0,4,1.1126,0.0,0.0
2009,REG,LV,00-0022912,J.Losman,1,0.0,0,0.0,1,-1.0108,0.0,0.0
2009,REG,LV,00-0023502,C.Frye,95,4.0,0,5.0,3,-0.15426,4.0,0.04211
2009,REG,LV,00-0024408,B.Gradkowski,168,3.0,3,11.0,7,0.01042,6.0,0.03571
2009,REG,LV,00-0025388,J.Russell,286,11.0,6,32.0,12,-0.42372,17.0,0.05944
2009,REG,LV,00-0025487,M.Bush,1,0.0,1,0.0,15,-0.9386,1.0,1.0
2009,REG,MIA,00-0017915,R.Williams,1,1.0,2,0.0,16,-6.74708,3.0,3.0
2009,REG,MIA,00-0019559,C.Pennington,79,2.0,2,6.0,3,-0.1392,4.0,0.05063
2009,REG,MIA,00-0023437,R.Brown,7,0.0,1,1.0,9,-0.17914,1.0,0.14286
2009,REG,MIA,00-0025604,T.Thigpen,9,2.0,0,0.0,1,-0.05052,2.0,0.22222
2009,REG,MIA,00-0026197,C.Henne,479,14.0,0,26.0,14,0.0219,14.0,0.02923
2009,REG,MIA,00-0027020,P.White,8,0.0,0,1.0,10,-0.56444,0.0,0.0
2009,REG,MIN,00-0005106,B.Favre,564,7.0,2,34.0,16,0.22233,9.0,0.01596
2009,REG,MIN,00-0024279,T.Jackson,22,0.0,0,0.0,8,0.62644,0.0,0.0
2009,REG,MIN,00-0025431,S.Rice,1,0.0,0,0.0,1,-0.4505,0.0,0.0
2009,REG,NE,00-0019596,T.Brady,590,13.0,2,16.0,16,0.22451,15.0,0.02542
2009,REG,NE,00-0026625,B.Hoyer,32,0.0,0,2.0,4,-0.06961,0.0,0.0
2009,REG,NO,00-0002110,M.Brunell,31,1.0,0,1.0,4,-0.58494,1.0,0.03226
2009,REG,NO,00-0020531,D.Brees,539,11.0,6,20.0,15,0.27626,17.0,0.03154
2009,REG,NYG,00-0005113,J.Feagles,1,0.0,1,0.0,2,-0.947,1.0,1.0
2009,REG,NYG,00-0020608,D.Carr,38,0.0,0,2.0,6,0.16519,0.0,0.0
2009,REG,NYG,00-0022803,E.Manning,544,14.0,8,30.0,16,0.16462,22.0,0.04044
2009,REG,NYJ,00-0023438,B.Edwards,1,0.0,0,0.0,1,-0.47866,0.0,0.0
2009,REG,NYJ,00-0024110,S.Weatherford,1,1.0,0,0.0,3,-2.38554,1.0,1.0
2009,REG,NYJ,00-0024264,K.Clemens,31,0.0,0,4.0,6,-0.25283,0.0,0.0
2009,REG,NYJ,00-0024318,B.Smith,1,0.0,0,0.0,9,4.44438,0.0,0.0
2009,REG,NYJ,00-0026898,M.Sanchez,408,20.0,3,26.0,15,-0.18095,23.0,0.05637
2009,REG,PHI,00-0011022,D.McNabb,491,10.0,3,36.0,14,0.09887,13.0,0.02648
2009,REG,PHI,00-0020245,M.Vick,15,0.0,0,0.0,12,0.29663,0.0,0.0
2009,REG,PHI,00-0021216,B.Westbrook,1,0.0,0,0.0,8,-0.99889,0.0,0.0
2009,REG,PHI,00-0025423,K.Kolb,101,3.0,1,4.0,3,-0.03229,4.0,0.0396
2009,REG,PIT,00-0000865,C.Batch,2,0.0,0,0.0,1,0.72492,0.0,0.0
2009,REG,PIT,00-0022217,M.Moore,1,0.0,0,0.0,13,1.59295,0.0,0.0
2009,REG,PIT,00-0022924,B.Roethlisberger,565,12.0,3,50.0,15,0.14772,15.0,0.02655
2009,REG,PIT,00-0024240,S.Holmes,1,1.0,0,0.0,4,-3.61877,1.0,1.0
2009,REG,PIT,00-0026296,D.Dixon,26,1.0,0,0.0,1,-0.24983,1.0,0.03846
2009,REG,SEA,00-0007091,M.Hasselbeck,535,17.0,3,32.0,14,-0.13608,20.0,0.03738
2009,REG,SEA,00-0022055,S.Wallace,133,2.0,2,9.0,11,-0.03954,4.0,0.03008
2009,REG,SEA,00-0023742,J.Ryan,2,0.0,0,0.0,3,1.89029,0.0,0.0
2009,REG,SF,00-0020679,S.Hill,178,2.0,1,18.0,6,-0.09563,3.0,0.01685
2009,REG,SF,00-0023436,A.Smith,401,12.0,1,22.0,11,-0.06115,13.0,0.03242
2009,REG,SF,00-0023968,M.Spurlock,1,0.0,0,0.0,1,-0.91857,0.0,0.0
2009,REG,TB,00-0008484,D.Johnson,1,0.0,0,0.0,1,-1.89459,0.0,0.0
2009,REG,TB,00-0022177,B.Leftwich,112,3.0,0,2.0,3,-0.1126,3.0,0.02679
2009,REG,TB,00-0022725,M.Clayton,1,0.0,0,0.0,1,-0.41122,0.0,0.0
2009,REG,TB,00-0026300,J.Johnson,154,8.0,1,11.0,5,-0.14525,9.0,0.05844
2009,REG,TB,00-0026993,J.Freeman,330,18.0,2,19.0,10,-0.14957,20.0,0.06061
2009,REG,TEN,00-0003292,K.Collins,224,8.0,2,5.0,7,-0.10445,10.0,0.04464
2009,REG,TEN,00-0024218,V.Young,294,7.0,2,9.0,12,0.13291,9.0,0.03061
2009,REG,TEN,00-0026164,C.Johnson,1,0.0,3,0.0,16,-1.52466,3.0,3.0
2009,REG,WAS,00-0003315,T.Collins,25,0.0,0,2.0,3,-0.21393,0.0,0.0
2009,REG,WAS,00-0015194,H.Smith,2,1.0,0,0.0,3,1.78144,1.0,0.5
2009,REG,WAS,00-0021179,C.Portis,1,0.0,1,0.0,8,-1.41023,1.0,1.0
2009,REG,WAS,00-0021190,A.Randle El,1,0.0,0,1.0,1,-1.69458,0.0,0.0
2009,REG,WAS,00-0023460,J.Campbell,574,15.0,3,42.0,16,0.02559,18.0,0.03136
2010,POST,ATL,00-0026143,M.Ryan,34,2.0,1,5.0,1,-0.38042,3.0,0.08824
2010,POST,BAL,00-0026158,J.Flacco,77,1.0,2,9.0,2,0.02283,3.0,0.03896
2010,POST,CHI,00-0003315,T.Collins,4,0.0,0,0.0,1,-1.02884,0.0,0.0
2010,POST,CHI,00-0024226,J.Cutler,51,1.0,0,5.0,2,0.07946,1.0,0.01961
2010,POST,CHI,00-0025970,C.Hanie,21,2.0,0,0.0,1,-0.05491,2.0,0.09524
2010,POST,CHI,00-0026184,M.Forte,1,1.0,0,0.0,2,-5.51886,1.0,1.0
2010,POST,GB,00-0023459,A.Rodgers,146,2.0,1,8.0,4,0.31677,3.0,0.02055
2010,POST,IND,00-0010346,P.Manning,27,0.0,0,1.0,1,0.33275,0.0,0.0
2010,POST,KC,00-0023662,M.Cassel,23,3.0,0,3.0,1,-0.50275,3.0,0.13043
2010,POST,NE,00-0019596,T.Brady,50,1.0,0,5.0,1,-0.1284,1.0,0.02
2010,POST,NO,00-0020531,D.Brees,60,0.0,0,1.0,1,0.27212,0.0,0.0
2010,POST,NYJ,00-0026898,M.Sanchez,94,1.0,1,3.0,3,0.17535,2.0,0.02128
2010,POST,PHI,00-0020245,M.Vick,43,1.0,0,3.0,1,0.1002,1.0,0.02326
2010,POST,PIT,00-0022924,B.Roethlisberger,111,4.0,1,9.0,3,0.03888,5.0,0.04505
2010,POST,SEA,00-0007091,M.Hasselbeck,84,1.0,0,3.0,2,0.14189,1.0,0.0119
2010,POST,SEA,00-0024332,L.Washington,1,0.0,0,1.0,2,-1.01368,0.0,0.0
2010,REG,ARI,00-0023645,D.Anderson,356,10.0,3,25.0,12,-0.16126,13.0,0.03652
2010,REG,ARI,00-0025529,S.Breaston,2,0.0,0,0.0,4,0.31769,0.0,0.0
2010,REG,ARI,00-0025749,R.Bartel,30,1.0,0,2.0,1,-0.52573,1.0,0.03333
2010,REG,ARI,00-0026221,E.Doucet,1,0.0,0,0.0,2,-0.40034,0.0,0.0
2010,REG,ARI,00-0027347,M.Hall,92,6.0,2,14.0,6,-0.59534,8.0,0.08696
2010,REG,ARI,00-0027754,J.Skelton,141,2.0,1,9.0,5,-0.2695,3.0,0.02128
2010,REG,ATL,00-0019709,C.Redman,6,0.0,0,0.0,1,-0.50913,0.0,0.0
2010,REG,ATL,00-0026143,M.Ryan,573,8.0,3,21.0,16,0.1645,11.0,0.0192
2010,REG,ATL,00-0026143,Ryan,45,1.0,0,2.0,1,-0.05093,1.0,0.02222
2010,REG,BAL,00-0022084,A.Boldin,1,0.0,0,0.0,3,-1.04592,0.0,0.0
2010,REG,BAL,00-0024417,S.Koch,1,0.0,0,0.0,1,3.83832,0.0,0.0
2010,REG,BAL,00-0026158,J.Flacco,541,10.0,4,40.0,16,0.08987,14.0,0.02588
2010,REG,BUF,00-0023682,R.Fitzpatrick,490,15.0,5,24.0,13,-0.01664,20.0,0.04082
2010,REG,BUF,00-0025479,T.Edwards,61,2.0,0,7.0,2,-0.40414,2.0,0.03279
2010,REG,BUF,00-0026196,B.Brohm,26,3.0,1,3.0,1,-0.98919,4.0,0.15385
2010,REG,BUF,00-0027804,L.Brown,3,1.0,0,0.0,1,-0.66235,1.0,0.33333
2010,REG,CAR,00-0022101,B.St. Pierre,31,2.0,0,3.0,1,-0.59846,2.0,0.06452
2010,REG,CAR,00-0025708,M.Moore,159,10.0,2,13.0,6,-0.25067,12.0,0.07547
2010,REG,CAR,00-0027659,J.Clausen,343,9.0,2,33.0,13,-0.2759,11.0,0.03207
2010,REG,CAR,00-0027681,B.LaFell,1,0.0,0,0.0,1,-2.15326,0.0,0.0
2010,REG,CAR,00-0027692,A.Edwards,1,0.0,0,0.0,2,-1.44135,0.0,0.0
2010,REG,CAR,00-0027801,T.Pike,5,0.0,0,0.0,1,-0.12836,0.0,0.0
2010,REG,CAR,00-0027801,T.Pike (3rd QB),8,0.0,0,1.0,1,-0.6528,0.0,0.0
2010,REG,CHI,00-0003315,T.Collins,29,5.0,0,2.0,2,-0.87751,5.0,0.17241
2010,REG,CHI,00-0024226,J.Cutler,514,16.0,6,52.0,15,-0.02221,22.0,0.0428
2010,REG,CHI,00-0025970,C.Hanie,5,0.0,0,1.0,2,-0.51287,0.0,0.0
2010,REG,CHI,00-0025970,C.Hanie (3rd QB),4,0.0,0,1.0,1,-0.16349,0.0,0.0
2010,REG,CIN,00-0020397,C.Ochocinco,1,0.0,0,0.0,1,-0.51619,0.0,0.0
2010,REG,CIN,00-0021429,C.Palmer,622,20.0,3,26.0,16,0.03488,23.0,0.03698
2010,REG,CIN,00-0025592,J.Palmer,5,0.0,0,2.0,1,-0.16241,0.0,0.0
2010,REG,CLE,00-0004161,J.Delhomme,154,7.0,1,6.0,5,-0.31333,8.0,0.05195
2010,REG,CLE,00-0022055,S.Wallace,111,2.0,0,6.0,5,0.02816,2.0,0.01802
2010,REG,CLE,00-0023176,J.Cribbs,3,0.0,0,0.0,11,0.45875,0.0,0.0
2010,REG,CLE,00-0026367,P.Hillis,2,0.0,5,0.0,16,0.73227,5.0,2.5
2010,REG,CLE,00-0027026,M.Massaquoi,1,0.0,0,0.0,2,2.90951,0.0,0.0
2010,REG,CLE,00-0027688,C.McCoy,260,9.0,0,23.0,8,-0.00693,9.0,0.03462
2010,REG,DAL,00-0009311,J.Kitna,356,12.0,1,21.0,10,0.06762,13.0,0.03652
2010,REG,DAL,00-0021678,T.Romo,223,7.0,0,7.0,6,0.08095,7.0,0.03139
2010,REG,DAL,00-0023544,M.Barber,1,0.0,0,0.0,13,-0.42349,0.0,0.0
2010,REG,DAL,00-0027071,S.McGee,57,0.0,0,3.0,2,-0.04684,0.0,0.0
2010,REG,DEN,00-0023541,K.Orton,544,9.0,4,34.0,13,0.05094,13.0,0.0239
2010,REG,DEN,00-0027876,T.Tebow,98,3.0,0,6.0,7,0.17815,3.0,0.03061
2010,REG,DET,00-0020679,Sh.Hill,436,11.0,1,16.0,11,0.05976,12.0,0.02752
2010,REG,DET,00-0020679,Shaun.Hill,8,1.0,0,1.0,1,-0.69154,1.0,0.125
2010,REG,DET,00-0025430,D.Stanton,130,3.0,1,6.0,6,-0.01672,4.0,0.03077
2010,REG,DET,00-0026491,S.Logan,1,0.0,0,0.0,7,-0.41392,0.0,0.0
2010,REG,DET,00-0026498,M.Stafford,103,1.0,1,4.0,3,-0.02653,2.0,0.01942
2010,REG,DET,00-0026498,M.Stafford (3rd QB),2,0.0,0,0.0,1,-1.17938,0.0,0.0
2010,REG,DET,00-0027880,J.Best,1,0.0,1,0.0,15,-0.39376,1.0,1.0
2010,REG,GB,00-0023459,A.Rodgers,541,11.0,1,31.0,15,0.21052,12.0,0.02218
2010,REG,GB,00-0026349,M.Flynn,78,2.0,1,7.0,6,-0.04569,3.0,0.03846
2010,REG,HOU,00-0022787,M.Schaub,608,12.0,3,32.0,16,0.13043,15.0,0.02467
2010,REG,IND,00-0010346,P.Manning,696,17.0,1,16.0,16,0.16562,18.0,0.02586
2010,REG,JAX,00-0001545,T.Bouman,36,2.0,0,1.0,1,-0.14306,2.0,0.05556
2010,REG,JAX,00-0021231,D.Garrard,420,15.0,4,32.0,14,0.06487,19.0,0.04524
2010,REG,JAX,00-0022864,L.McCown,20,0.0,0,0.0,1,-0.18882,0.0,0.0
2010,REG,JAX,00-0024275,M.Jones-Drew,1,1.0,2,0.0,14,-3.59098,3.0,3.0
2010,REG,JAX,00-0025479,T.Edwards,58,3.0,0,4.0,2,-0.37219,3.0,0.05172
2010,REG,KC,00-0023662,M.Cassel,492,7.0,1,26.0,15,0.12365,8.0,0.01626
2010,REG,KC,00-0024300,B.Croyle,23,1.0,0,4.0,2,-0.82286,1.0,0.04348
2010,REG,KC,00-0024812,T.Palko,9,0.0,0,2.0,2,0.15558,0.0,0.0
2010,REG,LA,00-0027854,S.Bradford,637,15.0,2,34.0,16,-0.08294,17.0,0.02669
2010,REG,LAC,00-0019041,B.Volek,1,0.0,0,0.0,3,1.01381,0.0,0.0
2010,REG,LAC,00-0022017,M.Scifres,1,0.0,0,0.0,1,4.4817,0.0,0.0
2010,REG,LAC,00-0022766,P.Crayton,1,0.0,0,0.0,1,-0.68516,0.0,0.0
2010,REG,LAC,00-0022942,P.Rivers,591,13.0,4,38.0,16,0.25779,17.0,0.02876
2010,REG,LV,00-0022164,K.Boller,7,1.0,0,1.0,3,-0.85264,1.0,0.14286
2010,REG,LV,00-0023460,J.Campbell,385,8.0,1,33.0,13,0.04592,9.0,0.02338
2010,REG,LV,00-0024408,B.Gradkowski,173,7.0,1,10.0,6,-0.12715,8.0,0.04624
2010,REG,LV,00-0025486,J.Higgins,1,0.0,0,0.0,1,-0.39392,0.0,0.0
2010,REG,LV,00-0026144,D.McFadden,1,0.0,2,0.0,13,-0.43882,2.0,2.0
2010,REG,MIA,00-0019559,C.Pennington,2,0.0,0,0.0,1,0.46075,0.0,0.0
2010,REG,MIA,00-0023437,R.Brown,2,0.0,2,0.0,16,-0.59956,2.0,1.0
2010,REG,MIA,00-0024334,B.Marshall,1,0.0,0,0.0,2,-0.94125,0.0,0.0
2010,REG,MIA,00-0025604,T.Thigpen,75,2.0,0,8.0,5,-0.16001,2.0,0.02667
2010,REG,MIA,00-0026197,C.Henne,538,18.0,2,30.0,15,-0.01255,20.0,0.03717
2010,REG,MIN,00-0005106,B.Favre,384,19.0,5,22.0,13,-0.12773,24.0,0.0625
2010,REG,MIN,00-0024279,T.Jackson,69,4.0,0,6.0,3,-0.17499,4.0,0.05797
2010,REG,MIN,00-0027796,J.Webb,111,3.0,0,8.0,4,-0.17106,3.0,0.02703
2010,REG,NE,00-0019596,T.Brady,522,4.0,1,25.0,16,0.27485,5.0,0.00958
2010,REG,NE,00-0026625,B.Hoyer,16,1.0,0,0.0,5,0.26972,1.0,0.0625
2010,REG,NO,00-0020531,D.Brees,683,22.0,2,26.0,16,0.11505,24.0,0.03514
2010,REG,NO,00-0026544,C.Daniel,3,0.0,0,0.0,2,-0.15403,0.0,0.0
2010,REG,NYG,00-0022803,E.Manning,564,25.0,5,16.0,16,0.06335,30.0,0.05319
2010,REG,NYJ,00-0002110,M.Brunell,14,1.0,0,1.0,2,-0.0542,1.0,0.07143
2010,REG,NYJ,00-0024264,K.Clemens,3,0.0,0,0.0,1,0.91247,0.0,0.0
2010,REG,NYJ,00-0024318,B.Smith,3,0.0,1,0.0,15,0.59293,1.0,0.33333
2010,REG,NYJ,00-0026898,M.Sanchez,542,13.0,1,27.0,15,-0.00779,14.0,0.02583
2010,REG,PHI,00-0020245,M.Vick,459,6.0,3,35.0,12,0.1803,9.0,0.01961
2010,REG,PHI,00-0025423,K.Kolb,208,7.0,3,14.0,7,-0.03855,10.0,0.04808
2010,REG,PIT,00-0000865,C.Batch,54,3.0,0,4.0,3,0.00278,3.0,0.05556
2010,REG,PIT,00-0021190,A.Randle El,2,0.0,0,0.0,2,3.36843,0.0,0.0
2010,REG,PIT,00-0022177,B.Leftwich,9,0.0,0,2.0,1,0.15278,0.0,0.0
2010,REG,PIT,00-0022924,B.Roethlisberger,427,5.0,3,32.0,12,0.20534,8.0,0.01874
2010,REG,PIT,00-0026296,D.Dixon,40,1.0,1,5.0,2,-0.19735,2.0,0.05
2010,REG,SEA,00-0007091,M.Hasselbeck,480,17.0,5,29.0,14,-0.04805,22.0,0.04583
2010,REG,SEA,00-0024296,C.Whitehurst,115,3.0,0,5.0,5,-0.20057,3.0,0.02609
2010,REG,SEA,00-0024315,M.Robinson,1,0.0,0,0.0,9,2.11712,0.0,0.0
2010,REG,SEA,00-0024332,L.Washington,1,0.0,0,1.0,11,-1.32179,0.0,0.0
2010,REG,SF,00-0020608,D.Carr,13,1.0,0,1.0,1,-0.4265,1.0,0.07692
2010,REG,SF,00-0023436,A.Smith,371,10.0,2,25.0,11,-0.048,12.0,0.03235
2010,REG,SF,00-0025561,T.Smith,178,4.0,0,18.0,6,-0.03886,4.0,0.02247
2010,REG,TB,00-0021755,E.Graham,1,0.0,1,0.0,9,1.3158,1.0,1.0
2010,REG,TB,00-0023968,M.Spurlock,3,0.0,0,0.0,3,-1.26714,0.0,0.0
2010,REG,TB,00-0026300,J.Johnson,20,0.0,0,2.0,7,-0.19102,0.0,0.0
2010,REG,TB,00-0026993,J.Freeman,542,6.0,3,28.0,16,0.16744,9.0,0.01661
2010,REG,TEN,00-0003292,K.Collins,291,8.0,3,13.0,10,0.05894,11.0,0.0378
2010,REG,TEN,00-0024218,V.Young,182,3.0,4,13.0,9,0.11173,7.0,0.03846
2010,REG,TEN,00-0027775,R.Smith,41,4.0,0,1.0,2,-0.48589,4.0,0.09756
2010,REG,WAS,00-0011022,D.McNabb,523,15.0,1,37.0,13,-0.05018,16.0,0.03059
2010,REG,WAS,00-0022121,R.Grossman,144,4.0,4,9.0,4,-0.12453,8.0,0.05556
2011,POST,ATL,00-0026143,M.Ryan,44,0.0,0,2.0,1,-0.09248,0.0,0.0
2011,POST,BAL,00-0026158,J.Flacco,75,1.0,0,8.0,2,0.02773,1.0,0.01333
2011,POST,CIN,00-0027973,A.Dalton,47,3.0,0,4.0,1,-0.22936,3.0,0.06383
2011,POST,DEN,00-0027876,T.Tebow,55,0.0,1,5.0,2,0.25485,1.0,0.01818
2011,POST,DET,00-0026498,M.Stafford,43,2.0,0,0.0,1,0.36694,2.0,0.04651
2011,POST,GB,00-0023459,A.Rodgers,55,1.0,1,4.0,1,-0.06014,2.0,0.03636
2011,POST,HOU,00-0028090,T.Yates,57,3.0,0,2.0,2,-0.02547,3.0,0.05263
2011,POST,NE,00-0019596,T.Brady,114,4.0,0,3.0,3,0.31148,4.0,0.03509
2011,POST,NO,00-0020531,D.Brees,113,2.0,1,5.0,2,0.28399,3.0,0.02655
2011,POST,NYG,00-0022803,E.Manning,173,1.0,0,11.0,4,0.27722,1.0,0.00578
2011,POST,PIT,00-0022924,B.Roethlisberger,47,1.0,0,5.0,1,0.01388,1.0,0.02128
2011,POST,SF,00-0023436,Alex Smith,78,0.0,1,7.0,2,-0.01062,1.0,0.01282
2011,REG,ARI,00-0025423,K.Kolb,291,8.0,3,30.0,9,-0.0341,11.0,0.0378
2011,REG,ARI,00-0025749,R.Bartel,24,1.0,0,1.0,2,-0.21678,1.0,0.04167
2011,REG,ARI,00-0027754,J.Skelton,314,14.0,1,23.0,8,-0.16065,15.0,0.04777
2011,REG,ATL,00-0019709,C.Redman,28,1.0,0,0.0,4,-0.30615,1.0,0.03571
2011,REG,ATL,00-0026143,M.Ryan,601,12.0,3,26.0,16,0.13857,15.0,0.02496
2011,REG,BAL,00-0026158,J.Flacco,582,12.0,6,31.0,16,0.07129,18.0,0.03093
2011,REG,BAL,00-0026195,R.Rice,1,0.0,2,0.0,16,1.09378,2.0,2.0
2011,REG,BAL,00-0028118,T.Taylor,3,0.0,0,2.0,2,-0.13375,0.0,0.0
2011,REG,BUF,00-0023682,R.Fitzpatrick,614,23.0,2,22.0,16,-0.01349,25.0,0.04072
2011,REG,BUF,00-0024318,B.Smith,3,1.0,0,1.0,7,-0.78551,1.0,0.33333
2011,REG,BUF,00-0025604,T.Thigpen,9,1.0,0,0.0,2,-0.58127,1.0,0.11111
2011,REG,CAR,00-0025559,L.Naanee,1,0.0,0,0.0,1,2.31917,0.0,0.0
2011,REG,CAR,00-0027692,A.Edwards,1,0.0,0,0.0,2,0.69021,0.0,0.0
2011,REG,CAR,00-0027939,C.Newton,599,17.0,2,35.0,16,0.07868,19.0,0.03172
2011,REG,CHI,00-0021206,J.McCown,71,4.0,0,7.0,3,-0.03188,4.0,0.05634
2011,REG,CHI,00-0024226,J.Cutler,344,7.0,3,23.0,10,-0.00378,10.0,0.02907
2011,REG,CHI,00-0025488,A.Podlesh,1,0.0,0,0.0,1,-1.45041,0.0,0.0
2011,REG,CHI,00-0025970,C.Hanie,130,9.0,0,19.0,4,-0.46812,9.0,0.06923
2011,REG,CHI,00-0026184,M.Forte,1,0.0,1,0.0,12,-0.45729,1.0,1.0
2011,REG,CIN,00-0024408,B.Gradkowski,19,1.0,0,1.0,2,-0.2458,1.0,0.05263
2011,REG,CIN,00-0026941,B.Scott,1,0.0,0,0.0,16,-0.71511,0.0,0.0
2011,REG,CIN,00-0027973,A.Dalton,565,13.0,2,24.0,16,-0.0085,15.0,0.02655
2011,REG,CLE,00-0022055,S.Wallace,116,2.0,1,6.0,5,-0.11646,3.0,0.02586
2011,REG,CLE,00-0023176,J.Cribbs,1,0.0,0,1.0,6,-2.35161,0.0,0.0
2011,REG,CLE,00-0027688,C.McCoy,533,11.0,2,32.0,13,-0.05203,13.0,0.02439
2011,REG,DAL,00-0009311,J.Kitna,10,2.0,0,0.0,3,-0.00806,2.0,0.2
2011,REG,DAL,00-0021678,T.Romo,562,10.0,3,36.0,16,0.15231,13.0,0.02313
2011,REG,DAL,00-0027071,S.McGee,45,0.0,0,3.0,1,-0.08099,0.0,0.0
2011,REG,DEN,00-0023541,K.Orton,165,7.0,2,9.0,5,-0.03431,9.0,0.05455
2011,REG,DEN,00-0026516,B.Colquitt,1,0.0,0,0.0,2,-2.45829,0.0,0.0
2011,REG,DEN,00-0027690,E.Decker,1,0.0,0,0.0,2,-0.61064,0.0,0.0
2011,REG,DEN,00-0027874,D.Thomas,1,0.0,0,0.0,2,-0.44631,0.0,0.0
2011,REG,DEN,00-0027876,T.Tebow,334,6.0,6,33.0,13,-0.15779,12.0,0.03593
2011,REG,DET,00-0020679,Sh.Hill,3,0.0,0,0.0,2,0.49348,0.0,0.0
2011,REG,DET,00-0026498,M.Stafford,725,16.0,1,38.0,16,0.11601,17.0,0.02345
2011,REG,GB,00-0023459,A.Rodgers,578,6.0,0,36.0,15,0.41822,6.0,0.01038
2011,REG,GB,00-0026349,M.Flynn,55,2.0,1,5.0,5,0.26465,3.0,0.05455
2011,REG,GB,00-0028002,R.Cobb,1,0.0,0,0.0,3,-0.44125,0.0,0.0
2011,REG,HOU,00-0004161,J.Delhomme,29,0.0,1,2.0,1,-0.03144,1.0,0.03448
2011,REG,HOU,00-0022787,M.Schaub,311,6.0,1,16.0,10,0.20777,7.0,0.02251
2011,REG,HOU,00-0024225,M.Leinart,13,0.0,0,0.0,2,-0.20083,0.0,0.0
2011,REG,HOU,00-0028090,T.Yates,152,3.0,3,15.0,6,-0.0242,6.0,0.03947
2011,REG,IND,00-0003292,K.Collins,101,1.0,3,5.0,3,-0.24223,4.0,0.0396
2011,REG,IND,00-0023578,D.Orlovsky,206,4.0,3,14.0,8,0.01221,7.0,0.03398
2011,REG,IND,00-0027134,C.Painter,269,9.0,3,16.0,9,-0.19386,12.0,0.04461
2011,REG,JAX,00-0022864,L.McCown,63,4.0,1,4.0,4,-0.41732,5.0,0.07937
2011,REG,JAX,00-0027948,B.Gabbert,473,11.0,4,40.0,15,-0.22656,15.0,0.03171
2011,REG,KC,00-0023541,K.Orton,99,2.0,0,1.0,4,0.14634,2.0,0.0202
2011,REG,KC,00-0023662,M.Cassel,308,9.0,2,22.0,9,-0.06217,11.0,0.03571
2011,REG,KC,00-0024812,T.Palko,145,7.0,1,11.0,6,-0.17492,8.0,0.05517
2011,REG,LA,00-0020305,A.Feeley,108,2.0,2,10.0,4,-0.26781,4.0,0.03704
2011,REG,LA,00-0022097,B.Lloyd,1,0.0,0,0.0,1,-0.39641,0.0,0.0
2011,REG,LA,00-0022684,D.Jones,1,0.0,0,0.0,1,-1.20006,0.0,0.0
2011,REG,LA,00-0024264,K.Clemens,105,1.0,0,9.0,3,-0.12854,1.0,0.00952
2011,REG,LA,00-0024294,J.Norwood,1,1.0,0,0.0,7,-4.66049,1.0,1.0
2011,REG,LA,00-0027121,T.Brandstater,2,0.0,0,0.0,1,-1.38278,0.0,0.0
2011,REG,LA,00-0027854,S.Bradford,397,6.0,7,36.0,10,-0.2145,13.0,0.03275
2011,REG,LAC,00-0022942,P.Rivers,619,20.0,5,30.0,16,0.17465,25.0,0.04039
2011,REG,LV,00-0019714,S.Lechler,3,0.0,0,0.0,3,-0.17274,0.0,0.0
2011,REG,LV,00-0021429,C.Palmer,348,16.0,1,17.0,10,0.06966,17.0,0.04885
2011,REG,LV,00-0022164,K.Boller,36,3.0,0,3.0,2,-0.37696,3.0,0.08333
2011,REG,LV,00-0023460,J.Campbell,179,4.0,1,5.0,6,0.07185,5.0,0.02793
2011,REG,MIA,00-0022912,J.Losman,16,0.0,0,5.0,1,-0.31899,0.0,0.0
2011,REG,MIA,00-0025708,M.Moore,395,9.0,6,36.0,13,-0.0283,15.0,0.03797
2011,REG,MIA,00-0026197,C.Henne,134,4.0,0,11.0,4,0.11496,4.0,0.02985
2011,REG,MIN,00-0011022,D.McNabb,180,2.0,0,16.0,6,-0.07367,2.0,0.01111
2011,REG,MIN,00-0027796,J.Webb,75,2.0,1,3.0,8,0.1867,3.0,0.04
2011,REG,MIN,00-0027950,C.Ponder,342,13.0,2,30.0,11,-0.12806,15.0,0.04386
2011,REG,NE,00-0019596,T.Brady,655,12.0,2,32.0,16,0.3061,14.0,0.02137
2011,REG,NE,00-0026625,B.Hoyer,1,0.0,0,0.0,2,-0.57776,0.0,0.0
2011,REG,NO,00-0020531,D.Brees,694,14.0,1,24.0,16,0.3161,15.0,0.02161
2011,REG,NO,00-0026544,C.Daniel,5,0.0,0,0.0,3,-0.60042,0.0,0.0
2011,REG,NYG,00-0022803,E.Manning,627,16.0,4,28.0,16,0.13142,20.0,0.0319
2011,REG,NYJ,00-0002110,M.Brunell,3,0.0,0,0.0,1,-0.11868,0.0,0.0
2011,REG,NYJ,00-0020536,L.Tomlinson,1,0.0,0,1.0,14,-1.71353,0.0,0.0
2011,REG,NYJ,00-0026898,M.Sanchez,596,18.0,8,39.0,16,-0.10852,26.0,0.04362
2011,REG,NYJ,00-0028091,J.Kerley,1,0.0,0,0.0,5,2.93751,0.0,0.0
2011,REG,PHI,00-0020245,M.Vick,492,14.0,4,23.0,13,0.13307,18.0,0.03659
2011,REG,PHI,00-0024218,V.Young,135,9.0,0,8.0,5,-0.03578,9.0,0.06667
2011,REG,PHI,00-0027722,M.Kafka,18,2.0,0,1.0,3,-0.25149,2.0,0.11111
2011,REG,PHI,00-0028427,C.Henry,1,0.0,0,0.0,1,-1.91001,0.0,0.0
2011,REG,PIT,00-0000865,C.Batch,26,1.0,0,2.0,3,-0.00373,1.0,0.03846
2011,REG,PIT,00-0022924,B.Roethlisberger,564,14.0,5,40.0,15,0.12527,19.0,0.03369
2011,REG,PIT,00-0025499,D.Sepulveda,1,0.0,0,0.0,1,4.41921,0.0,0.0
2011,REG,PIT,00-0027685,E.Sanders,1,0.0,0,0.0,1,0.95982,0.0,0.0
2011,REG,PIT,00-0027793,A.Brown,2,0.0,0,0.0,6,0.13058,0.0,0.0
2011,REG,SEA,00-0024279,T.Jackson,511,13.0,5,42.0,15,-0.03007,18.0,0.03523
2011,REG,SEA,00-0024296,C.Whitehurst,67,1.0,1,8.0,3,-0.32213,2.0,0.02985
2011,REG,SEA,00-0025399,M.Lynch,2,0.0,2,0.0,15,-0.37483,2.0,1.0
2011,REG,SEA,00-0025431,S.Rice,1,0.0,0,0.0,3,4.03945,0.0,0.0
2011,REG,SF,00-0000108,D.Akers,1,0.0,0,0.0,1,4.22313,0.0,0.0
2011,REG,SF,00-0023436,A.Smith,55,1.0,0,6.0,2,-0.06311,1.0,0.01818
2011,REG,SF,00-0023436,Ale.Smith,4,0.0,0,1.0,1,-0.52054,0.0,0.0
2011,REG,SF,00-0023436,Alex Smith,456,4.0,2,37.0,14,0.06552,6.0,0.01316
2011,REG,SF,00-0027974,C.Kaepernick,5,0.0,0,0.0,2,0.42178,0.0,0.0
2011,REG,TB,00-0023968,M.Spurlock,1,0.0,0,0.0,1,-0.46706,0.0,0.0
2011,REG,TB,00-0026300,J.Johnson,44,2.0,1,3.0,9,-0.107,3.0,0.06818
2011,REG,TB,00-0026993,J.Freeman,607,22.0,6,29.0,15,-0.08769,28.0,0.04613
2011,REG,TEN,00-0007091,M.Hasselbeck,543,14.0,1,19.0,16,-0.00823,15.0,0.02762
2011,REG,TEN,00-0027946,J.Locker,75,0.0,0,5.0,5,0.18548,0.0,0.0
2011,REG,WAS,00-0022121,R.Grossman,486,20.0,5,25.0,13,-0.03511,25.0,0.05144
2011,REG,WAS,00-0025427,J.Beck,157,4.0,1,16.0,4,-0.18176,5.0,0.03185
2011,REG,WAS,00-0027618,B.Banks,1,0.0,0,0.0,2,4.2823,0.0,0.0
2012,POST,ATL,00-0026143,M.Ryan,80,3.0,1,1.0,2,0.29884,4.0,0.05
2012,POST,BAL,00-0026158,J.Flacco,134,0.0,1,6.0,4,0.35049,1.0,0.00746
2012,POST,CIN,00-0027973,A.Dalton,35,1.0,0,2.0,1,-0.4934,1.0,0.02857
2012,POST,DEN,00-0010346,P.Manning,46,2.0,1,3.0,1,0.07211,3.0,0.06522
2012,POST,GB,00-0023459,A.Rodgers,80,1.0,0,4.0,2,0.1915,1.0,0.0125
2012,POST,HOU,00-0022787,M.Schaub,91,2.0,0,1.0,2,0.00501,2.0,0.02198
2012,POST,IND,00-0029668,A.Luck,61,1.0,1,3.0,1,-0.08039,2.0,0.03279
2012,POST,MIN,00-0027796,J.Webb,35,1.0,1,3.0,1,-0.30869,2.0,0.05714
2012,POST,NE,00-0019596,T.Brady,95,2.0,0,1.0,2,0.16673,2.0,0.02105
2012,POST,SEA,00-0029263,R.Wilson,78,1.0,0,7.0,2,0.32276,1.0,0.01282
2012,POST,SF,00-0027974,C.Kaepernick,94,2.0,0,5.0,3,0.26935,2.0,0.02128
2012,POST,WAS,00-0029604,K.Cousins,10,0.0,0,0.0,1,-0.48141,0.0,0.0
2012,POST,WAS,00-0029665,R.Griffin,22,1.0,1,2.0,1,-0.04719,2.0,0.09091
2012,REG,ARI,00-0025423,K.Kolb,217,3.0,2,27.0,6,-0.07492,5.0,0.02304
2012,REG,ARI,00-0026625,B.Hoyer,58,2.0,0,4.0,2,-0.23139,2.0,0.03448
2012,REG,ARI,00-0027754,J.Skelton,217,9.0,2,15.0,7,-0.3174,11.0,0.05069
2012,REG,ARI,00-0029531,R.Lindley,184,7.0,2,12.0,6,-0.47721,9.0,0.04891
2012,REG,ATL,00-0026143,M.Ryan,664,14.0,2,28.0,16,0.22238,16.0,0.0241
2012,REG,BAL,00-0026158,J.Flacco,570,10.0,4,35.0,16,0.03338,14.0,0.02456
2012,REG,BAL,00-0028118,T.Taylor,38,1.0,0,3.0,5,-0.06388,1.0,0.02632
2012,REG,BUF,00-0019310,R.Lindell,1,0.0,0,0.0,1,-0.947,0.0,0.0
2012,REG,BUF,00-0023682,R.Fitzpatrick,564,16.0,6,30.0,16,-0.00951,22.0,0.03901
2012,REG,BUF,00-0024318,B.Smith,1,1.0,0,0.0,9,-3.24872,1.0,1.0
2012,REG,BUF,00-0025604,T.Thigpen,5,0.0,0,0.0,2,-0.02506,0.0,0.0
2012,REG,CAR,00-0023645,D.Anderson,4,0.0,0,0.0,2,0.22331,0.0,0.0
2012,REG,CAR,00-0027692,A.Edwards,1,0.0,0,0.0,1,-0.54456,0.0,0.0
2012,REG,CAR,00-0027939,C.Newton,554,12.0,3,36.0,16,0.14114,15.0,0.02708
2012,REG,CHI,00-0023460,J.Campbell,61,2.0,0,6.0,5,-0.19964,2.0,0.03279
2012,REG,CHI,00-0024226,J.Cutler,497,14.0,4,38.0,15,-0.01403,18.0,0.03622
2012,REG,CIN,00-0024408,B.Gradkowski,11,0.0,0,0.0,2,-0.27828,0.0,0.0
2012,REG,CIN,00-0027973,A.Dalton,590,16.0,4,46.0,16,-0.00781,20.0,0.0339
2012,REG,CIN,00-0029632,M.Sanu,1,0.0,0,0.0,5,6.47074,0.0,0.0
2012,REG,CLE,00-0026300,J.Johnson,1,0.0,1,1.0,1,-2.27315,1.0,1.0
2012,REG,CLE,00-0027253,T.Lewis,36,1.0,0,3.0,1,-0.28516,1.0,0.02778
2012,REG,CLE,00-0027688,C.McCoy,22,0.0,0,4.0,2,-0.24017,0.0,0.0
2012,REG,CLE,00-0029677,B.Weeden,558,17.0,1,28.0,15,-0.05378,18.0,0.03226
2012,REG,DAL,00-0021678,T.Romo,692,19.0,3,36.0,16,0.116,22.0,0.03179
2012,REG,DAL,00-0023541,K.Orton,11,0.0,0,0.0,1,0.6774,0.0,0.0
2012,REG,DEN,00-0010346,P.Manning,607,11.0,2,21.0,16,0.25357,13.0,0.02142
2012,REG,DEN,00-0023853,M.Prater,1,0.0,0,0.0,1,-2.64267,0.0,0.0
2012,REG,DEN,00-0029682,B.Osweiler,4,0.0,0,0.0,5,-0.06669,0.0,0.0
2012,REG,DET,00-0020679,Sh.Hill,12,0.0,0,0.0,1,1.18681,0.0,0.0
2012,REG,DET,00-0026498,M.Stafford,772,17.0,4,29.0,16,0.01811,21.0,0.0272
2012,REG,GB,00-0023459,A.Rodgers,638,8.0,4,51.0,16,0.19717,12.0,0.01881
2012,REG,GB,00-0026664,T.Masthay,2,0.0,0,0.0,2,1.50256,0.0,0.0
2012,REG,GB,00-0027602,G.Harrell,4,0.0,1,0.0,3,-0.16391,1.0,0.25
2012,REG,HOU,00-0022787,M.Schaub,573,12.0,0,27.0,16,0.14829,12.0,0.02094
2012,REG,HOU,00-0028090,T.Yates,11,1.0,1,1.0,3,-0.47258,2.0,0.18182
2012,REG,IND,00-0029608,T.Hilton,1,0.0,0,0.0,5,-0.88334,0.0,0.0
2012,REG,IND,00-0029668,A.Luck,695,18.0,5,41.0,16,0.05928,23.0,0.03309
2012,REG,JAX,00-0026197,C.Henne,345,11.0,2,28.0,10,-0.13012,13.0,0.03768
2012,REG,JAX,00-0027948,B.Gabbert,313,6.0,3,22.0,10,-0.13068,9.0,0.02875
2012,REG,KC,00-0023534,D.Colquitt,1,0.0,0,0.0,1,-0.947,0.0,0.0
2012,REG,KC,00-0023662,M.Cassel,305,12.0,7,19.0,9,-0.12079,19.0,0.0623
2012,REG,KC,00-0025409,B.Quinn,230,8.0,0,21.0,10,-0.32099,8.0,0.03478
2012,REG,KC,00-0026367,P.Hillis,1,0.0,2,0.0,13,-1.57229,2.0,2.0
2012,REG,LA,00-0024264,K.Clemens,4,1.0,0,0.0,2,-0.8967,1.0,0.25
2012,REG,LA,00-0027854,S.Bradford,601,13.0,1,35.0,16,0.01067,14.0,0.02329
2012,REG,LA,00-0028872,J.Hekker,3,0.0,0,0.0,3,2.7335,0.0,0.0
2012,REG,LAC,00-0022942,P.Rivers,584,15.0,7,49.0,16,-0.01115,22.0,0.03767
2012,REG,LAC,00-0027912,D.Alexander,1,0.0,0,0.0,1,-0.65909,0.0,0.0
2012,REG,LV,00-0019714,S.Lechler,1,0.0,0,0.0,2,-1.83313,0.0,0.0
2012,REG,LV,00-0021429,C.Palmer,594,14.0,5,26.0,15,0.01574,19.0,0.03199
2012,REG,LV,00-0024225,M.Leinart,34,1.0,0,1.0,2,-0.31838,1.0,0.02941
2012,REG,LV,00-0028825,T.Pryor,35,1.0,0,0.0,3,0.13259,1.0,0.02857
2012,REG,MIA,00-0025612,B.Fields,1,0.0,0,0.0,2,-2.10325,0.0,0.0
2012,REG,MIA,00-0025708,Matt.Moore,22,0.0,0,2.0,2,0.08482,0.0,0.0
2012,REG,MIA,00-0029701,R.Tannehill,531,13.0,4,35.0,16,-0.05069,17.0,0.03202
2012,REG,MIN,00-0027950,C.Ponder,555,12.0,5,32.0,16,-0.00586,17.0,0.03063
2012,REG,NE,00-0019596,T.Brady,666,8.0,0,27.0,16,0.27699,8.0,0.01201
2012,REG,NE,00-0028012,R.Mallett,4,1.0,0,0.0,3,-0.65346,1.0,0.25
2012,REG,NO,00-0020531,D.Brees,696,19.0,1,26.0,16,0.14134,20.0,0.02874
2012,REG,NO,00-0026544,C.Daniel,1,0.0,0,0.0,1,1.46743,0.0,0.0
2012,REG,NYG,00-0020608,D.Carr,4,0.0,0,1.0,2,-0.21968,0.0,0.0
2012,REG,NYG,00-0022803,E.Manning,564,15.0,1,19.0,16,0.1009,16.0,0.02837
2012,REG,NYJ,00-0026898,M.Sanchez,494,18.0,8,34.0,15,-0.17059,26.0,0.05263
2012,REG,NYJ,00-0027876,T.Tebow,11,0.0,0,2.0,11,-0.65119,0.0,0.0
2012,REG,NYJ,00-0028091,J.Kerley,1,0.0,0,0.0,5,2.32297,0.0,0.0
2012,REG,NYJ,00-0028146,G.McElroy,48,1.0,1,11.0,2,-0.32873,2.0,0.04167
2012,REG,PHI,00-0020245,M.Vick,416,10.0,5,28.0,10,0.01654,15.0,0.03606
2012,REG,PHI,00-0025479,T.Edwards,2,0.0,0,0.0,1,0.00702,0.0,0.0
2012,REG,PHI,00-0029567,N.Foles,293,5.0,3,20.0,7,-0.07638,8.0,0.0273
2012,REG,PIT,00-0000865,C.Batch,73,4.0,0,3.0,2,-0.11956,4.0,0.05479
2012,REG,PIT,00-0022177,B.Leftwich,57,1.0,0,3.0,2,-0.09946,1.0,0.01754
2012,REG,PIT,00-0022924,B.Roethlisberger,487,8.0,3,30.0,13,0.13851,11.0,0.02259
2012,REG,PIT,00-0027685,E.Sanders,1,0.0,0,1.0,2,-1.36036,0.0,0.0
2012,REG,PIT,00-0027793,A.Brown,2,1.0,0,0.0,5,-1.65647,1.0,0.5
2012,REG,SEA,00-0025431,S.Rice,2,0.0,0,0.0,4,0.6971,0.0,0.0
2012,REG,SEA,00-0026349,M.Flynn,9,0.0,0,0.0,2,0.406,0.0,0.0
2012,REG,SEA,00-0027891,G.Tate,1,0.0,0,0.0,3,3.19385,0.0,0.0
2012,REG,SEA,00-0029263,R.Wilson,476,10.0,3,33.0,16,0.20324,13.0,0.02731
2012,REG,SF,00-0023436,A.Smith,255,5.0,1,24.0,10,0.14655,6.0,0.02353
2012,REG,SF,00-0027974,C.Kaepernick,258,3.0,2,16.0,13,0.1953,5.0,0.01938
2012,REG,SF,00-0028053,K.Hunter,1,0.0,0,1.0,11,-1.27874,0.0,0.0
2012,REG,TB,00-0023578,D.Orlovsky,7,0.0,0,0.0,1,-0.11257,0.0,0.0
2012,REG,TB,00-0026993,J.Freeman,605,17.0,2,26.0,16,0.05065,19.0,0.0314
2012,REG,TB,00-0027702,M.Williams,1,0.0,0,0.0,1,2.27614,0.0,0.0
2012,REG,TEN,00-0007091,M.Hasselbeck,242,5.0,1,14.0,8,-0.1135,6.0,0.02479
2012,REG,TEN,00-0027775,R.Smith,5,0.0,0,0.0,1,-0.08232,0.0,0.0
2012,REG,TEN,00-0027946,J.Locker,369,11.0,4,25.0,11,-0.03215,15.0,0.04065
2012,REG,WAS,00-0026314,J.Morgan,1,0.0,0,0.0,3,-1.4171,0.0,0.0
2012,REG,WAS,00-0029604,K.Cousins,53,3.0,0,3.0,3,0.25205,3.0,0.0566
2012,REG,WAS,00-0029665,R.Griffin,459,5.0,2,30.0,15,0.22384,7.0,0.01525
2013,POST,CAR,00-0027939,C.Newton,33,2.0,0,5.0,1,0.03957,2.0,0.06061
2013,POST,CIN,00-0027973,A.Dalton,55,2.0,1,3.0,1,-0.3129,3.0,0.05455
2013,POST,DEN,00-0010346,P.Manning,130,3.0,1,1.0,3,0.07988,4.0,0.03077
2013,POST,GB,00-0023459,A.Rodgers,30,0.0,0,4.0,1,0.15568,0.0,0.0
2013,POST,IND,00-0029668,A.Luck,94,7.0,0,4.0,2,0.12802,7.0,0.07447
2013,POST,KC,00-0023436,A.Smith,52,0.0,1,2.0,1,0.26988,1.0,0.01923
2013,POST,LAC,00-0022942,P.Rivers,52,0.0,0,5.0,2,0.23364,0.0,0.0
2013,POST,NE,00-0019596,T.Brady,68,0.0,0,4.0,2,0.22851,0.0,0.0
2013,POST,NO,00-0020531,D.Brees,76,2.0,0,3.0,2,0.06612,2.0,0.02632
2013,POST,PHI,00-0029567,N.Foles,35,0.0,0,2.0,1,0.03103,0.0,0.0
2013,POST,SEA,00-0024279,T.Jackson,1,0.0,0,0.0,1,-0.90179,0.0,0.0
2013,POST,SEA,00-0029263,R.Wilson,81,0.0,1,7.0,3,0.13796,1.0,0.01235
2013,POST,SF,00-0022084,A.Boldin,1,0.0,0,0.0,1,-0.42069,0.0,0.0
2013,POST,SF,00-0022824,A.Lee,1,0.0,0,0.0,1,-1.02405,0.0,0.0
2013,POST,SF,00-0027974,C.Kaepernick,93,3.0,1,6.0,3,0.16399,4.0,0.04301
2013,REG,ARI,00-0021429,C.Palmer,619,22.0,3,41.0,16,-0.00079,25.0,0.04039
2013,REG,ARI,00-0022921,L.Fitzgerald,1,0.0,0,0.0,2,-0.26554,0.0,0.0
2013,REG,ARI,00-0027943,P.Peterson,2,0.0,0,0.0,6,0.07542,0.0,0.0
2013,REG,ATL,00-0026143,M.Ryan,702,17.0,4,44.0,16,0.03826,21.0,0.02991
2013,REG,ATL,00-0028863,Dom.Davis,8,0.0,0,0.0,1,0.15229,0.0,0.0
2013,REG,BAL,00-0026158,J.Flacco,678,22.0,2,48.0,16,-0.02368,24.0,0.0354
2013,REG,BAL,00-0028118,T.Taylor,7,1.0,0,0.0,3,-1.13777,1.0,0.14286
2013,REG,BUF,00-0027253,T.Lewis,184,3.0,3,18.0,5,-0.01775,6.0,0.03261
2013,REG,BUF,00-0030024,J.Tuel,63,3.0,0,2.0,2,-0.53588,3.0,0.04762
2013,REG,BUF,00-0030526,E.Manuel,360,9.0,3,28.0,10,-0.12372,12.0,0.03333
2013,REG,CAR,00-0027939,C.Newton,551,13.0,1,43.0,16,0.11716,14.0,0.02541
2013,REG,CHI,00-0021206,J.McCown,244,1.0,1,11.0,8,0.35119,2.0,0.0082
2013,REG,CHI,00-0024226,J.Cutler,386,12.0,3,19.0,11,0.03875,15.0,0.03886
2013,REG,CIN,00-0026300,J.Johnson,1,0.0,0,0.0,2,0.9623,0.0,0.0
2013,REG,CIN,00-0027973,A.Dalton,640,20.0,3,29.0,16,0.08555,23.0,0.03594
2013,REG,CIN,00-0029632,M.Sanu,1,0.0,0,0.0,3,1.82629,0.0,0.0
2013,REG,CLE,00-0023460,J.Campbell,344,8.0,2,16.0,9,-0.07001,10.0,0.02907
2013,REG,CLE,00-0026625,B.Hoyer,104,3.0,0,6.0,3,0.00146,3.0,0.02885
2013,REG,CLE,00-0028347,S.Lanning,1,0.0,0,0.0,1,4.24524,0.0,0.0
2013,REG,CLE,00-0029677,B.Weeden,301,9.0,2,27.0,8,-0.13551,11.0,0.03654
2013,REG,DAL,00-0021678,T.Romo,579,10.0,1,35.0,15,0.07805,11.0,0.019
2013,REG,DAL,00-0023541,K.Orton,53,2.0,0,0.0,2,0.03768,2.0,0.03774
2013,REG,DEN,00-0010346,P.Manning,677,10.0,6,18.0,16,0.37468,16.0,0.02363
2013,REG,DEN,00-0029682,B.Osweiler,19,0.0,0,2.0,2,-0.19913,0.0,0.0
2013,REG,DET,00-0026498,M.Stafford,670,19.0,4,23.0,16,0.07118,23.0,0.03433
2013,REG,GB,00-0022055,S.Wallace,28,1.0,0,4.0,2,-0.43183,1.0,0.03571
2013,REG,GB,00-0023459,A.Rodgers,328,6.0,0,21.0,9,0.30356,6.0,0.01829
2013,REG,GB,00-0026349,M.Flynn,197,4.0,4,17.0,5,-0.08255,8.0,0.04061
2013,REG,GB,00-0028595,S.Tolzien,95,5.0,0,3.0,3,-0.12404,5.0,0.05263
2013,REG,HOU,00-0022787,M.Schaub,383,14.0,1,21.0,10,-0.11573,15.0,0.03916
2013,REG,HOU,00-0028090,T.Yates,24,2.0,0,2.0,2,-0.4792,2.0,0.08333
2013,REG,HOU,00-0028986,C.Keenum,274,6.0,2,19.0,8,-0.11614,8.0,0.0292
2013,REG,IND,00-0007091,M.Hasselbeck,12,1.0,0,0.0,3,0.3175,1.0,0.08333
2013,REG,IND,00-0029668,A.Luck,651,9.0,2,32.0,16,0.07552,11.0,0.0169
2013,REG,JAX,00-0024275,M.Jones-Drew,1,0.0,1,0.0,15,2.37729,1.0,1.0
2013,REG,JAX,00-0026197,C.Henne,553,14.0,0,38.0,15,-0.08066,14.0,0.02532
2013,REG,JAX,00-0027948,B.Gabbert,105,7.0,0,12.0,3,-0.63976,7.0,0.06667
2013,REG,JAX,00-0030547,D.Robinson,1,0.0,2,0.0,11,-0.48768,2.0,2.0
2013,REG,JAX,00-0030550,A.Sanders,1,0.0,0,0.0,2,2.42099,0.0,0.0
2013,REG,KC,00-0023436,A.Smith,586,7.0,3,39.0,15,0.0594,10.0,0.01706
2013,REG,KC,00-0026544,C.Daniel,45,1.0,0,2.0,5,0.15025,1.0,0.02222
2013,REG,LA,00-0024264,K.Clemens,273,7.0,4,21.0,10,-0.05749,11.0,0.04029
2013,REG,LA,00-0027854,S.Bradford,284,4.0,1,15.0,7,-0.0693,5.0,0.01761
2013,REG,LA,00-0028872,J.Hekker,1,0.0,0,0.0,1,-1.82401,0.0,0.0
2013,REG,LA,00-0030525,T.Austin,1,0.0,0,0.0,8,-0.41135,0.0,0.0
2013,REG,LAC,00-0022942,P.Rivers,587,11.0,2,30.0,16,0.27716,13.0,0.02215
2013,REG,LV,00-0026144,D.McFadden,1,0.0,1,0.0,10,2.5105,1.0,1.0
2013,REG,LV,00-0026349,M.Flynn,42,1.0,2,7.0,2,-0.30676,3.0,0.07143
2013,REG,LV,00-0026393,M.Reece,1,0.0,0,0.0,8,3.84682,0.0,0.0
2013,REG,LV,00-0028825,T.Pryor,336,11.0,2,31.0,11,-0.08637,13.0,0.03869
2013,REG,LV,00-0030419,M.McGloin,220,8.0,1,6.0,7,0.03213,9.0,0.04091
2013,REG,MIA,00-0025708,Mat.Moore,6,2.0,0,0.0,1,-0.35128,2.0,0.33333
2013,REG,MIA,00-0029701,R.Tannehill,657,17.0,5,58.0,16,0.00594,22.0,0.03349
2013,REG,MIN,00-0023662,M.Cassel,282,9.0,1,16.0,9,-0.05018,10.0,0.03546
2013,REG,MIN,00-0026993,J.Freeman,54,1.0,0,1.0,1,-0.36799,1.0,0.01852
2013,REG,MIN,00-0027950,C.Ponder,291,9.0,4,27.0,9,-0.04218,13.0,0.04467
2013,REG,NE,00-0019596,T.Brady,669,11.0,3,40.0,16,0.10749,14.0,0.02093
2013,REG,NO,00-0020531,D.Brees,698,12.0,2,37.0,16,0.22263,14.0,0.02006
2013,REG,NO,00-0022864,L.McCown,1,0.0,0,0.0,3,-2.33885,0.0,0.0
2013,REG,NYG,00-0022803,E.Manning,596,27.0,2,39.0,16,-0.09972,29.0,0.04866
2013,REG,NYG,00-0027134,C.Painter,17,2.0,0,1.0,3,-0.7798,2.0,0.11765
2013,REG,NYJ,00-0023176,J.Cribbs,3,0.0,0,0.0,4,0.79898,0.0,0.0
2013,REG,NYJ,00-0028064,B.Powell,1,0.0,0,0.0,16,2.28309,0.0,0.0
2013,REG,NYJ,00-0028091,J.Kerley,1,0.0,0,0.0,4,-1.83867,0.0,0.0
2013,REG,NYJ,00-0029143,J.Bush,1,0.0,0,0.0,1,-2.31463,0.0,0.0
2013,REG,NYJ,00-0029151,M.Simms,39,1.0,1,4.0,3,-0.29702,2.0,0.05128
2013,REG,NYJ,00-0030565,G.Smith,516,21.0,4,43.0,16,-0.09876,25.0,0.04845
2013,REG,PHI,00-0020245,M.Vick,172,3.0,2,15.0,7,0.05958,5.0,0.02907
2013,REG,PHI,00-0024318,B.Smith,1,0.0,0,0.0,3,-0.50447,0.0,0.0
2013,REG,PHI,00-0029567,N.Foles,368,2.0,2,28.0,13,0.29462,4.0,0.01087
2013,REG,PHI,00-0030533,M.Barkley,52,4.0,1,3.0,3,-0.30127,5.0,0.09615
2013,REG,PIT,00-0021488,M.McBriar,1,0.0,0,0.0,1,5.57097,0.0,0.0
2013,REG,PIT,00-0022924,B.Roethlisberger,635,14.0,6,42.0,16,0.08685,20.0,0.0315
2013,REG,PIT,00-0027793,A.Brown,2,0.0,0,1.0,8,-0.10004,0.0,0.0
2013,REG,SEA,00-0024279,T.Jackson,13,0.0,0,0.0,3,0.56254,0.0,0.0
2013,REG,SEA,00-0029263,R.Wilson,501,9.0,5,44.0,16,0.17459,14.0,0.02794
2013,REG,SF,00-0027688,C.McCoy,1,0.0,0,0.0,3,1.66244,0.0,0.0
2013,REG,SF,00-0027974,C.Kaepernick,502,8.0,4,39.0,16,0.14587,12.0,0.0239
2013,REG,TB,00-0023234,M.Koenen,2,0.0,0,0.0,2,-2.07303,0.0,0.0
2013,REG,TB,00-0026993,J.Freeman,103,3.0,1,7.0,3,-0.15598,4.0,0.03883
2013,REG,TB,00-0029384,B.Rainey,1,0.0,1,0.0,8,-0.35247,1.0,1.0
2013,REG,TB,00-0030391,M.James,1,0.0,0,0.0,6,1.01666,0.0,0.0
2013,REG,TB,00-0030520,M.Glennon,467,9.0,4,40.0,13,-0.0667,13.0,0.02784
2013,REG,TEN,00-0023682,R.Fitzpatrick,397,12.0,2,21.0,11,0.11197,14.0,0.03526
2013,REG,TEN,00-0027946,J.Locker,212,4.0,1,16.0,7,0.09977,5.0,0.02358
2013,REG,WAS,00-0029604,K.Cousins,162,7.0,2,5.0,5,-0.26339,9.0,0.05556
2013,REG,WAS,00-0029665,R.Griffin,531,12.0,4,38.0,13,0.00714,16.0,0.03013
2014,POST,ARI,00-0029531,R.Lindley,32,2.0,0,4.0,1,-0.52628,2.0,0.0625
2014,POST,BAL,00-0026158,J.Flacco,77,2.0,0,1.0,2,0.32613,2.0,0.02597
2014,POST,CAR,00-0027939,C.Newton,74,3.0,2,3.0,2,-0.1447,5.0,0.06757
2014,POST,CIN,00-0027973,A.Dalton,41,0.0,1,3.0,1,-0.30449,1.0,0.02439
2014,POST,DAL,00-0021678,T.Romo,61,0.0,0,10.0,2,0.1892,0.0,0.0
2014,POST,DEN,00-0010346,P.Manning,47,0.0,1,2.0,1,-0.32812,1.0,0.02128
2014,POST,DET,00-0026498,M.Stafford,46,1.0,2,3.0,1,0.10723,3.0,0.06522
2014,POST,GB,00-0023459,A.Rodgers,74,2.0,1,3.0,2,0.03326,3.0,0.04054
2014,POST,IND,00-0029668,A.Luck,127,4.0,0,1.0,3,0.05864,4.0,0.0315
2014,POST,NE,00-0019596,T.Brady,141,4.0,0,4.0,3,0.30609,4.0,0.02837
2014,POST,NE,00-0027150,J.Edelman,1,0.0,0,0.0,3,4.19763,0.0,0.0
2014,POST,PIT,00-0022924,B.Roethlisberger,52,2.0,0,5.0,1,-0.17005,2.0,0.03846
2014,POST,PIT,00-0024408,B.Gradkowski,3,0.0,0,0.0,1,0.80311,0.0,0.0
2014,POST,SEA,00-0023742,J.Ryan,1,0.0,0,0.0,1,4.42529,0.0,0.0
2014,POST,SEA,00-0029263,R.Wilson,89,5.0,0,10.0,3,0.13916,5.0,0.05618
2014,REG,ARI,00-0021429,C.Palmer,238,3.0,1,9.0,6,0.13496,4.0,0.01681
2014,REG,ARI,00-0025396,T.Ginn,1,0.0,0,0.0,3,0.87029,0.0,0.0
2014,REG,ARI,00-0025430,D.Stanton,263,5.0,0,11.0,9,-0.00515,5.0,0.01901
2014,REG,ARI,00-0029531,R.Lindley,99,4.0,0,6.0,3,-0.16559,4.0,0.0404
2014,REG,ARI,00-0030999,M.Grice,1,0.0,0,0.0,6,-0.4444,0.0,0.0
2014,REG,ARI,00-0031260,L.Thomas,11,0.0,0,2.0,2,-0.24763,0.0,0.0
2014,REG,ATL,00-0026143,M.Ryan,679,14.0,2,31.0,16,0.08914,16.0,0.02356
2014,REG,ATL,00-0028090,T.Yates,4,1.0,0,0.0,1,0.05382,1.0,0.25
2014,REG,BAL,00-0026158,J.Flacco,577,12.0,0,19.0,16,0.10407,12.0,0.0208
2014,REG,BUF,00-0023541,K.Orton,484,10.0,3,33.0,12,-0.01198,13.0,0.02686
2014,REG,BUF,00-0024204,F.Jackson,1,0.0,0,0.0,14,-0.39169,0.0,0.0
2014,REG,BUF,00-0030526,E.Manuel,146,3.0,0,6.0,4,-0.12481,3.0,0.02055
2014,REG,CAR,00-0023645,D.Anderson,104,0.0,0,4.0,5,0.24192,0.0,0.0
2014,REG,CAR,00-0027939,C.Newton,515,12.0,5,38.0,14,0.00856,17.0,0.03301
2014,REG,CHI,00-0024226,J.Cutler,622,18.0,6,38.0,15,-0.04384,24.0,0.03859
2014,REG,CHI,00-0027659,J.Clausen,53,1.0,0,3.0,4,-0.1872,1.0,0.01887
2014,REG,CIN,00-0023460,J.Campbell,21,0.0,1,1.0,4,-0.5063,1.0,0.04762
2014,REG,CIN,00-0027973,A.Dalton,520,17.0,2,21.0,16,-0.01695,19.0,0.03654
2014,REG,CIN,00-0029632,M.Sanu,4,0.0,0,1.0,9,1.10494,0.0,0.0
2014,REG,CLE,00-0026625,B.Hoyer,471,13.0,1,24.0,14,-0.01267,14.0,0.02972
2014,REG,CLE,00-0029664,J.Gordon,1,0.0,0,0.0,1,-0.77624,0.0,0.0
2014,REG,CLE,00-0030661,C.Shaw,34,1.0,1,4.0,1,-0.07236,2.0,0.05882
2014,REG,CLE,00-0031409,J.Manziel,44,2.0,0,3.0,4,-0.34289,2.0,0.04545
2014,REG,DAL,00-0021678,T.Romo,472,9.0,3,29.0,15,0.28478,12.0,0.02542
2014,REG,DAL,00-0029677,B.Weeden,44,2.0,0,1.0,4,0.02119,2.0,0.04545
2014,REG,DEN,00-0010346,P.Manning,615,15.0,2,17.0,16,0.19114,17.0,0.02764
2014,REG,DEN,00-0029682,B.Osweiler,12,0.0,0,0.0,4,-0.09983,0.0,0.0
2014,REG,DET,00-0026498,M.Stafford,663,12.0,3,45.0,16,0.05688,15.0,0.02262
2014,REG,DET,00-0030092,S.Martin,2,0.0,0,0.0,1,0.92815,0.0,0.0
2014,REG,GB,00-0023459,A.Rodgers,576,5.0,2,28.0,16,0.33006,7.0,0.01215
2014,REG,GB,00-0026349,M.Flynn,18,1.0,1,2.0,7,-0.7586,2.0,0.11111
2014,REG,HOU,00-0019714,S.Lechler,1,0.0,0,0.0,1,2.79224,0.0,0.0
2014,REG,HOU,00-0023682,R.Fitzpatrick,362,8.0,1,21.0,12,0.09052,9.0,0.02486
2014,REG,HOU,00-0026796,A.Foster,1,0.0,2,0.0,13,1.30715,2.0,2.0
2014,REG,HOU,00-0028012,R.Mallett,74,2.0,0,1.0,3,-0.05913,2.0,0.02703
2014,REG,HOU,00-0028986,C.Keenum,85,2.0,1,3.0,2,-0.14731,3.0,0.03529
2014,REG,HOU,00-0031064,T.Savage,20,1.0,1,1.0,2,-0.11092,2.0,0.1
2014,REG,IND,00-0007091,M.Hasselbeck,46,0.0,1,2.0,4,-0.01365,1.0,0.02174
2014,REG,IND,00-0027145,P.McAfee,1,0.0,0,0.0,1,-2.49501,0.0,0.0
2014,REG,IND,00-0029668,A.Luck,682,16.0,6,27.0,16,0.1359,22.0,0.03226
2014,REG,JAX,00-0026197,C.Henne,96,1.0,1,16.0,3,-0.40331,2.0,0.02083
2014,REG,JAX,00-0028052,C.Shorts,2,0.0,0,0.0,2,1.66105,0.0,0.0
2014,REG,JAX,00-0029692,B.Anger,1,0.0,0,0.0,1,3.74978,0.0,0.0
2014,REG,JAX,00-0030547,D.Robinson,1,0.0,2,0.0,12,-1.75463,2.0,2.0
2014,REG,JAX,00-0031407,B.Bortles,552,17.0,1,55.0,14,-0.19413,18.0,0.03261
2014,REG,KC,00-0023436,A.Smith,546,6.0,1,45.0,15,0.10206,7.0,0.01282
2014,REG,KC,00-0023534,D.Colquitt,1,0.0,0,0.0,1,2.59301,0.0,0.0
2014,REG,KC,00-0026544,C.Daniel,33,0.0,0,4.0,2,-0.24273,0.0,0.0
2014,REG,LA,00-0020679,S.Hill,249,7.0,1,18.0,8,-0.11881,8.0,0.03213
2014,REG,LA,00-0028872,J.Hekker,3,0.0,0,0.0,3,2.26634,0.0,0.0
2014,REG,LA,00-0028957,A.Davis,317,9.0,3,29.0,9,-0.09845,12.0,0.03785
2014,REG,LAC,00-0022942,P.Rivers,625,18.0,2,36.0,16,0.12151,20.0,0.032
2014,REG,LAC,00-0024264,K.Clemens,4,0.0,0,1.0,1,-0.85112,0.0,0.0
2014,REG,LAC,00-0025424,E.Weddle,1,0.0,0,0.0,1,-2.32449,0.0,0.0
2014,REG,LV,00-0022787,M.Schaub,13,2.0,1,3.0,2,-1.25842,3.0,0.23077
2014,REG,LV,00-0026144,D.McFadden,1,0.0,1,0.0,16,-0.50462,1.0,1.0
2014,REG,LV,00-0030419,M.McGloin,20,2.0,0,1.0,1,-0.57481,2.0,0.1
2014,REG,LV,00-0031280,D.Carr,629,12.0,4,24.0,16,-0.11825,16.0,0.02544
2014,REG,MIA,00-0025708,M.Moore,4,0.0,0,0.0,2,0.3304,0.0,0.0
2014,REG,MIA,00-0026901,M.Wallace,1,0.0,0,0.0,5,-0.43761,0.0,0.0
2014,REG,MIA,00-0029701,R.Tannehill,642,12.0,2,46.0,16,0.02995,14.0,0.02181
2014,REG,MIN,00-0023662,M.Cassel,80,4.0,0,6.0,3,-0.15974,4.0,0.05
2014,REG,MIN,00-0027950,C.Ponder,53,2.0,0,6.0,2,-0.32455,2.0,0.03774
2014,REG,MIN,00-0031237,T.Bridgewater,470,12.0,0,39.0,13,0.03661,12.0,0.02553
2014,REG,NE,00-0019596,T.Brady,613,9.0,3,21.0,16,0.17523,12.0,0.01958
2014,REG,NE,00-0031345,J.Garoppolo,34,0.0,0,5.0,5,-0.15558,0.0,0.0
2014,REG,NO,00-0020531,D.Brees,697,17.0,3,29.0,16,0.10971,20.0,0.02869
2014,REG,NO,00-0027114,T.Morstead,1,0.0,0,1.0,1,-2.98992,0.0,0.0
2014,REG,NYG,00-0022803,E.Manning,634,14.0,4,28.0,16,0.06934,18.0,0.02839
2014,REG,NYG,00-0030586,R.Nassib,7,0.0,0,2.0,2,-0.183,0.0,0.0
2014,REG,NYG,00-0031235,O.Beckham,1,0.0,0,0.0,7,-0.48585,0.0,0.0
2014,REG,NYJ,00-0020245,M.Vick,153,2.0,2,19.0,9,-0.29411,4.0,0.02614
2014,REG,NYJ,00-0028091,J.Kerley,1,0.0,0,0.0,2,-1.32061,0.0,0.0
2014,REG,NYJ,00-0029151,M.Simms,8,0.0,0,0.0,1,-0.34901,0.0,0.0
2014,REG,NYJ,00-0029493,R.Quigley,1,0.0,0,0.0,1,4.48934,0.0,0.0
2014,REG,NYJ,00-0030565,G.Smith,428,13.0,3,28.0,14,-0.0148,16.0,0.03738
2014,REG,PHI,00-0026898,M.Sanchez,345,11.0,3,23.0,9,0.09529,14.0,0.04058
2014,REG,PHI,00-0029567,N.Foles,326,10.0,3,9.0,8,-0.0149,13.0,0.03988
2014,REG,PHI,00-0030533,M.Barkley,1,0.0,0,0.0,1,-1.17992,0.0,0.0
2014,REG,PIT,00-0022924,B.Roethlisberger,641,9.0,5,33.0,16,0.21729,14.0,0.02184
2014,REG,PIT,00-0027793,A.Brown,2,0.0,0,0.0,5,0.99412,0.0,0.0
2014,REG,PIT,00-0028954,R.Golden,1,0.0,0,0.0,1,3.79813,0.0,0.0
2014,REG,PIT,00-0030142,B.Wing,2,1.0,0,0.0,3,-0.52992,1.0,0.5
2014,REG,SEA,00-0024279,T.Jackson,1,0.0,0,0.0,1,-0.54186,0.0,0.0
2014,REG,SEA,00-0029159,J.Kearse,1,0.0,0,0.0,2,1.0823,0.0,0.0
2014,REG,SEA,00-0029263,R.Wilson,545,7.0,0,42.0,16,0.12415,7.0,0.01284
2014,REG,SF,00-0022084,A.Boldin,1,0.0,0,0.0,2,-0.41532,0.0,0.0
2014,REG,SF,00-0022824,A.Lee,1,0.0,0,0.0,1,-3.40104,0.0,0.0
2014,REG,SF,00-0027948,B.Gabbert,8,0.0,0,0.0,1,0.5058,0.0,0.0
2014,REG,SF,00-0027974,C.Kaepernick,578,10.0,5,52.0,16,0.03438,15.0,0.02595
2014,REG,TB,00-0021206,J.McCown,378,14.0,4,36.0,11,-0.09094,18.0,0.04762
2014,REG,TB,00-0029384,B.Rainey,1,0.0,1,0.0,12,-0.42604,1.0,1.0
2014,REG,TB,00-0030520,M.Glennon,224,6.0,0,16.0,6,-0.02707,6.0,0.02679
2014,REG,TEN,00-0024296,C.Whitehurst,213,2.0,0,18.0,7,-0.0194,2.0,0.00939
2014,REG,TEN,00-0025592,J.Palmer,3,0.0,0,0.0,1,-1.33474,0.0,0.0
2014,REG,TEN,00-0027946,J.Locker,177,7.0,1,14.0,7,-0.11224,8.0,0.0452
2014,REG,TEN,00-0031266,Z.Mettenberger,198,7.0,2,18.0,7,-0.15159,9.0,0.04545
2014,REG,WAS,00-0026345,P.Garcon,1,0.0,0,0.0,1,-0.65664,0.0,0.0
2014,REG,WAS,00-0027688,C.McCoy,150,3.0,1,17.0,5,-0.01071,4.0,0.02667
2014,REG,WAS,00-0029604,K.Cousins,213,9.0,2,8.0,6,0.01909,11.0,0.05164
2014,REG,WAS,00-0029665,R.Griffin,265,6.0,4,33.0,9,-0.16832,10.0,0.03774
2015,POST,ARI,00-0021429,C.Palmer,87,6.0,2,6.0,2,-0.15327,8.0,0.09195
2015,POST,ARI,00-0022921,L.Fitzgerald,1,0.0,0,0.0,1,-0.83849,0.0,0.0
2015,POST,CAR,00-0025396,T.Ginn,1,0.0,0,1.0,3,-1.28489,0.0,0.0
2015,POST,CAR,00-0027939,C.Newton,103,2.0,2,8.0,3,0.10663,4.0,0.03883
2015,POST,CIN,00-0031288,A.McCarron,47,1.0,1,3.0,1,-0.23494,2.0,0.04255
2015,POST,DEN,00-0010346,P.Manning,104,1.0,2,9.0,3,-0.17869,3.0,0.02885
2015,POST,GB,00-0023459,A.Rodgers,85,1.0,0,2.0,2,0.14911,1.0,0.01176
2015,POST,HOU,00-0026625,B.Hoyer,37,4.0,1,3.0,1,-0.72565,5.0,0.13514
2015,POST,KC,00-0023436,A.Smith,83,1.0,0,4.0,2,0.05615,1.0,0.01205
2015,POST,MIN,00-0031237,T.Bridgewater,27,0.0,0,3.0,1,-0.31008,0.0,0.0
2015,POST,NE,00-0019596,T.Brady,105,2.0,0,4.0,2,0.00981,2.0,0.01905
2015,POST,PIT,00-0022924,B.Roethlisberger,74,0.0,0,6.0,2,-0.0244,0.0,0.0
2015,POST,PIT,00-0030524,L.Jones,6,1.0,0,1.0,1,-1.44623,1.0,0.16667
2015,POST,SEA,00-0029263,R.Wilson,84,3.0,0,7.0,2,-0.06836,3.0,0.03571
2015,POST,WAS,00-0029604,K.Cousins,52,0.0,1,6.0,1,-0.22139,1.0,0.01923
2015,REG,ARI,00-0021429,C.Palmer,563,11.0,2,25.0,16,0.26441,13.0,0.02309
2015,REG,ARI,00-0025430,D.Stanton,27,2.0,0,2.0,6,-0.5612,2.0,0.07407
2015,REG,ATL,00-0026143,M.Ryan,659,16.0,5,30.0,16,0.11151,21.0,0.03187
2015,REG,ATL,00-0030569,S.Renfree,9,1.0,0,2.0,2,-0.82432,1.0,0.11111
2015,REG,BAL,00-0022787,M.Schaub,85,4.0,0,3.0,2,-0.07223,4.0,0.04706
2015,REG,BAL,00-0024417,S.Koch,1,0.0,0,0.0,2,-3.61384,0.0,0.0
2015,REG,BAL,00-0026158,J.Flacco,429,12.0,2,16.0,10,0.00271,14.0,0.03263
2015,REG,BAL,00-0027659,J.Clausen,93,3.0,0,3.0,2,-0.17327,3.0,0.03226
2015,REG,BAL,00-0028012,R.Mallett,98,2.0,0,2.0,2,-0.00211,2.0,0.02041
2015,REG,BUF,00-0028118,T.Taylor,466,6.0,1,36.0,14,0.14165,7.0,0.01502
2015,REG,BUF,00-0028237,C.Hogan,1,0.0,0,0.0,2,-0.06013,0.0,0.0
2015,REG,BUF,00-0030526,E.Manuel,92,3.0,1,6.0,4,-0.16057,4.0,0.04348
2015,REG,CAR,00-0023645,D.Anderson,6,0.0,0,0.0,3,-0.00066,0.0,0.0
2015,REG,CAR,00-0027939,C.Newton,553,10.0,4,33.0,16,0.15876,14.0,0.02532
2015,REG,CHI,00-0024226,J.Cutler,528,11.0,5,29.0,15,0.07396,16.0,0.0303
2015,REG,CHI,00-0027659,J.Clausen,47,1.0,0,4.0,2,-0.43899,1.0,0.02128
2015,REG,CHI,00-0027816,M.Mariani,1,0.0,0,1.0,1,-1.466,0.0,0.0
2015,REG,CIN,00-0027973,A.Dalton,433,7.0,2,20.0,13,0.26626,9.0,0.02079
2015,REG,CIN,00-0031288,A.McCarron,139,2.0,1,12.0,7,0.06531,3.0,0.02158
2015,REG,CLE,00-0021206,J.McCown,331,4.0,6,23.0,8,0.0295,10.0,0.03021
2015,REG,CLE,00-0028957,A.Davis,109,3.0,2,11.0,3,-0.3104,5.0,0.04587
2015,REG,CLE,00-0031409,J.Manziel,266,5.0,3,19.0,9,-0.05069,8.0,0.03008
2015,REG,DAL,00-0021678,T.Romo,129,7.0,1,6.0,4,-0.14565,8.0,0.06202
2015,REG,DAL,00-0023662,M.Cassel,228,7.0,0,14.0,8,-0.1599,7.0,0.0307
2015,REG,DAL,00-0026144,D.McFadden,1,0.0,3,0.0,16,-0.36091,3.0,3.0
2015,REG,DAL,00-0029234,K.Moore,109,6.0,1,5.0,3,-0.00448,7.0,0.06422
2015,REG,DAL,00-0029677,B.Weeden,111,2.0,0,8.0,4,-0.02941,2.0,0.01802
2015,REG,DEN,00-0010346,P.Manning,346,17.0,0,16.0,10,-0.09912,17.0,0.04913
2015,REG,DEN,00-0029682,B.Osweiler,310,6.0,1,23.0,8,-0.01365,7.0,0.02258
2015,REG,DET,00-0023578,D.Orlovsky,40,1.0,0,0.0,2,0.00258,1.0,0.025
2015,REG,DET,00-0026498,M.Stafford,663,13.0,2,44.0,16,0.027,15.0,0.02262
2015,REG,GB,00-0023459,A.Rodgers,663,8.0,4,46.0,16,0.02152,12.0,0.0181
2015,REG,GB,00-0028595,S.Tolzien,2,0.0,0,1.0,2,-0.96495,0.0,0.0
2015,REG,HOU,00-0026625,B.Hoyer,399,7.0,2,25.0,11,0.02687,9.0,0.02256
2015,REG,HOU,00-0028012,R.Mallett,154,4.0,0,4.0,5,-0.10409,4.0,0.02597
2015,REG,HOU,00-0028052,C.Shorts III,1,0.0,0,0.0,4,2.26592,0.0,0.0
2015,REG,HOU,00-0028090,T.Yates,63,1.0,1,5.0,4,-0.06975,2.0,0.03175
2015,REG,HOU,00-0029510,J.Grimes,1,0.0,0,0.0,11,-0.95886,0.0,0.0
2015,REG,HOU,00-0029677,B.Weeden,47,0.0,1,2.0,2,0.28434,1.0,0.02128
2015,REG,HOU,00-0030120,B.Daniels,2,0.0,0,0.0,1,0.09716,0.0,0.0
2015,REG,IND,00-0007091,M.Hasselbeck,278,5.0,2,16.0,8,-0.02165,7.0,0.02518
2015,REG,IND,00-0024296,C.Whitehurst,37,1.0,0,5.0,4,-0.39037,1.0,0.02703
2015,REG,IND,00-0026993,Jo.Freeman,32,1.0,0,1.0,1,-0.14536,1.0,0.03125
2015,REG,IND,00-0029531,R.Lindley,10,0.0,0,0.0,1,0.3389,0.0,0.0
2015,REG,IND,00-0029668,A.Luck,333,12.0,1,15.0,7,0.00773,13.0,0.03904
2015,REG,JAX,00-0027595,B.Walters,1,0.0,0,0.0,1,-0.46009,0.0,0.0
2015,REG,JAX,00-0031407,B.Bortles,686,18.0,5,51.0,16,0.02223,23.0,0.03353
2015,REG,KC,00-0023436,A.Smith,572,7.0,0,45.0,16,0.06934,7.0,0.01224
2015,REG,KC,00-0023534,D.Colquitt,1,0.0,0,0.0,1,-0.947,0.0,0.0
2015,REG,KC,00-0026544,C.Daniel,2,0.0,0,0.0,2,0.3193,0.0,0.0
2015,REG,KC,00-0026995,J.Maclin,1,0.0,0,1.0,3,-1.10161,0.0,0.0
2015,REG,KC,00-0031203,C.Santos,1,0.0,0,0.0,1,-2.56432,0.0,0.0
2015,REG,LA,00-0028872,J.Hekker,4,0.0,0,0.0,4,-1.31339,0.0,0.0
2015,REG,LA,00-0028986,C.Keenum,132,1.0,2,4.0,5,0.07376,3.0,0.02273
2015,REG,LA,00-0029567,N.Foles,354,10.0,2,14.0,11,-0.28226,12.0,0.0339
2015,REG,LA,00-0032245,S.Mannion,7,0.0,0,0.0,1,-0.1838,0.0,0.0
2015,REG,LAC,00-0022942,P.Rivers,712,13.0,2,40.0,16,0.06973,15.0,0.02107
2015,REG,LAC,00-0024264,K.Clemens,6,0.0,0,0.0,2,1.1941,0.0,0.0
2015,REG,LV,00-0030419,M.McGloin,35,1.0,1,2.0,2,-0.17986,2.0,0.05714
2015,REG,LV,00-0031280,D.Carr,622,13.0,3,31.0,16,-7e-05,16.0,0.02572
2015,REG,MIA,00-0025708,M.Moore,1,0.0,0,0.0,1,1.98971,0.0,0.0
2015,REG,MIA,00-0029701,R.Tannehill,637,12.0,3,45.0,16,-0.00422,15.0,0.02355
2015,REG,MIA,00-0031382,J.Landry,1,0.0,0,0.0,11,1.14097,0.0,0.0
2015,REG,MIN,00-0020679,S.Hill,8,0.0,0,1.0,3,-0.82867,0.0,0.0
2015,REG,MIN,00-0031237,T.Bridgewater,519,9.0,3,44.0,16,0.02746,12.0,0.02312
2015,REG,NE,00-0019596,T.Brady,667,7.0,2,38.0,16,0.17982,9.0,0.01349
2015,REG,NE,00-0026035,D.Amendola,1,0.0,0,0.0,3,3.12903,0.0,0.0
2015,REG,NE,00-0031345,J.Garoppolo,4,0.0,0,0.0,4,-0.77828,0.0,0.0
2015,REG,NO,00-0020531,D.Brees,660,11.0,2,31.0,15,0.13974,13.0,0.0197
2015,REG,NO,00-0022864,L.McCown,41,1.0,0,1.0,2,0.28519,1.0,0.02439
2015,REG,NO,00-0029205,T.Cadet,1,0.0,1,0.0,2,-0.38078,1.0,1.0
2015,REG,NYG,00-0022803,E.Manning,652,14.0,4,27.0,16,0.07734,18.0,0.02761
2015,REG,NYG,00-0030586,R.Nassib,5,0.0,0,0.0,1,1.10946,0.0,0.0
2015,REG,NYJ,00-0023682,R.Fitzpatrick,612,15.0,2,19.0,16,0.12097,17.0,0.02778
2015,REG,NYJ,00-0030565,G.Smith,47,1.0,0,3.0,1,0.08188,1.0,0.02128
2015,REG,PHI,00-0026898,M.Sanchez,102,4.0,1,9.0,3,-0.11663,5.0,0.04902
2015,REG,PHI,00-0027854,S.Bradford,569,14.0,3,28.0,14,-0.00296,17.0,0.02988
2015,REG,PIT,00-0020245,M.Vick,87,1.0,0,10.0,5,-0.29053,1.0,0.01149
2015,REG,PIT,00-0022924,B.Roethlisberger,501,16.0,1,20.0,12,0.18422,17.0,0.03393
2015,REG,PIT,00-0027793,A.Brown,1,0.0,0,1.0,3,-1.43141,0.0,0.0
2015,REG,PIT,00-0030524,L.Jones,58,4.0,1,2.0,7,-0.01797,5.0,0.08621
2015,REG,SEA,00-0024279,T.Jackson,7,0.0,0,1.0,4,0.19422,0.0,0.0
2015,REG,SEA,00-0029263,R.Wilson,585,8.0,3,45.0,16,0.24253,11.0,0.0188
2015,REG,SF,00-0027948,B.Gabbert,330,7.0,1,25.0,8,-0.07732,8.0,0.02424
2015,REG,SF,00-0027974,C.Kaepernick,298,5.0,1,28.0,9,-0.05846,6.0,0.02013
2015,REG,TB,00-0031503,J.Winston,597,15.0,2,27.0,16,0.08941,17.0,0.02848
2015,REG,TEN,00-0029623,A.Tanney,17,0.0,0,3.0,1,-0.03313,0.0,0.0
2015,REG,TEN,00-0030789,A.Andrews,1,0.0,1,0.0,13,3.95436,1.0,1.0
2015,REG,TEN,00-0031266,Z.Mettenberger,181,7.0,2,13.0,7,-0.34304,9.0,0.04972
2015,REG,TEN,00-0032268,M.Mariota,421,10.0,6,38.0,12,0.01849,16.0,0.038
2015,REG,WAS,00-0027688,C.McCoy,12,0.0,0,1.0,1,0.55754,0.0,0.0
2015,REG,WAS,00-0029604,K.Cousins,576,11.0,3,26.0,16,0.16301,14.0,0.02431
2015,REG,WAS,00-0031941,J.Crowder,1,0.0,0,0.0,3,-0.45369,0.0,0.0
2016,POST,ATL,00-0026143,M.Ryan,107,0.0,1,8.0,3,0.49687,1.0,0.00935
2016,POST,DAL,00-0033077,D.Prescott,41,1.0,0,2.0,1,0.19246,1.0,0.02439
2016,POST,DET,00-0026498,M.Stafford,38,0.0,0,3.0,1,-0.21601,0.0,0.0
2016,POST,GB,00-0023459,A.Rodgers,142,2.0,0,10.0,3,0.26917,2.0,0.01408
2016,POST,HOU,00-0029682,B.Osweiler,72,3.0,0,3.0,2,-0.21086,3.0,0.04167
2016,POST,KC,00-0023436,A.Smith,38,1.0,0,1.0,1,-0.13686,1.0,0.02632
2016,POST,LV,00-0032893,C.Cook,48,3.0,0,3.0,1,-0.47066,3.0,0.0625
2016,POST,MIA,00-0025708,M.Moore,43,1.0,2,5.0,1,-0.12286,3.0,0.06977
2016,POST,NE,00-0019596,T.Brady,152,3.0,0,9.0,3,0.18751,3.0,0.01974
2016,POST,NE,00-0027150,J.Edelman,1,0.0,0,0.0,2,-1.85449,0.0,0.0
2016,POST,NYG,00-0022803,E.Manning,47,1.0,1,2.0,1,-0.0925,2.0,0.04255
2016,POST,PIT,00-0022924,B.Roethlisberger,101,4.0,0,2.0,3,0.01883,4.0,0.0396
2016,POST,SEA,00-0029263,R.Wilson,72,2.0,0,6.0,2,0.16318,2.0,0.02778
2016,REG,ARI,00-0021429,C.Palmer,643,14.0,4,40.0,15,0.03663,18.0,0.02799
2016,REG,ARI,00-0022921,L.Fitzgerald,1,0.0,0,0.0,3,-0.56238,0.0,0.0
2016,REG,ARI,00-0025430,D.Stanton,48,3.0,0,1.0,5,-0.27476,3.0,0.0625
2016,REG,ATL,00-0022787,M.Schaub,3,0.0,0,0.0,3,-0.0482,0.0,0.0
2016,REG,ATL,00-0026143,M.Ryan,591,7.0,2,37.0,16,0.30108,9.0,0.01523
2016,REG,BAL,00-0026158,J.Flacco,711,15.0,3,33.0,16,-0.03421,18.0,0.02532
2016,REG,BAL,00-0028012,R.Mallett,6,1.0,0,0.0,4,-0.70255,1.0,0.16667
2016,REG,BAL,00-0029597,J.Tucker,1,0.0,0,0.0,1,-2.88663,0.0,0.0
2016,REG,BUF,00-0028118,T.Taylor,527,6.0,2,42.0,15,0.10948,8.0,0.01518
2016,REG,BUF,00-0030526,E.Manuel,32,0.0,1,3.0,5,-0.18297,1.0,0.03125
2016,REG,BUF,00-0033098,C.Jones,12,1.0,0,1.0,1,-0.67005,1.0,0.08333
2016,REG,CAR,00-0023645,D.Anderson,55,5.0,1,0.0,4,-0.09892,6.0,0.10909
2016,REG,CAR,00-0027939,C.Newton,558,14.0,2,36.0,15,-0.05775,16.0,0.02867
2016,REG,CHI,00-0024226,J.Cutler,157,5.0,2,17.0,5,-0.16572,7.0,0.04459
2016,REG,CHI,00-0026625,B.Hoyer,203,0.0,1,4.0,6,0.13124,1.0,0.00493
2016,REG,CHI,00-0030533,M.Barkley,223,14.0,2,6.0,7,-0.00945,16.0,0.07175
2016,REG,CHI,00-0031076,D.Fales,6,0.0,0,1.0,1,-0.37644,0.0,0.0
2016,REG,CHI,00-0031912,C.Meredith,1,0.0,0,0.0,2,2.0902,0.0,0.0
2016,REG,CIN,00-0027973,A.Dalton,624,8.0,3,41.0,16,0.09512,11.0,0.01763
2016,REG,CLE,00-0021206,J.McCown,187,6.0,4,18.0,5,-0.13556,10.0,0.05348
2016,REG,CLE,00-0024296,C.Whitehurst,28,1.0,0,2.0,1,0.02727,1.0,0.03571
2016,REG,CLE,00-0028825,T.Pryor,11,0.0,0,1.0,4,-0.44489,0.0,0.0
2016,REG,CLE,00-0029665,R.Griffin,182,3.0,1,22.0,5,-0.07429,4.0,0.02198
2016,REG,CLE,00-0032257,D.Johnson Jr.,1,0.0,0,0.0,10,-0.49236,0.0,0.0
2016,REG,CLE,00-0032784,K.Hogan,31,2.0,0,2.0,3,-0.19176,2.0,0.06452
2016,REG,CLE,00-0033104,C.Kessler,220,2.0,1,21.0,9,0.09016,3.0,0.01364
2016,REG,DAL,00-0021678,T.Romo,4,0.0,0,0.0,1,0.9265,0.0,0.0
2016,REG,DAL,00-0026898,M.Sanchez,22,2.0,0,3.0,2,-0.56609,2.0,0.09091
2016,REG,DAL,00-0027902,D.Bryant,1,0.0,0,0.0,1,1.75723,0.0,0.0
2016,REG,DAL,00-0029000,C.Beasley,1,0.0,0,0.0,2,-1.19104,0.0,0.0
2016,REG,DAL,00-0033077,D.Prescott,511,4.0,4,25.0,16,0.24773,8.0,0.01566
2016,REG,DEN,00-0032156,T.Siemian,531,10.0,2,31.0,14,-0.01649,12.0,0.0226
2016,REG,DEN,00-0032943,R.Dixon,1,0.0,0,0.0,1,3.53056,0.0,0.0
2016,REG,DEN,00-0033108,P.Lynch,98,1.0,0,9.0,3,-0.08157,1.0,0.0102
2016,REG,DET,00-0026498,M.Stafford,655,10.0,2,37.0,16,0.14481,12.0,0.01832
2016,REG,GB,00-0023459,A.Rodgers,688,7.0,4,35.0,16,0.22884,11.0,0.01599
2016,REG,GB,00-0031589,B.Hundley,10,1.0,0,0.0,4,-0.81962,1.0,0.1
2016,REG,HOU,00-0029682,B.Osweiler,550,16.0,1,27.0,15,-0.06304,17.0,0.03091
2016,REG,HOU,00-0031064,T.Savage,80,0.0,1,5.0,3,-0.13556,1.0,0.0125
2016,REG,IND,00-0027145,P.McAfee,1,0.0,0,0.0,2,5.03646,0.0,0.0
2016,REG,IND,00-0028595,S.Tolzien,41,2.0,0,3.0,2,-0.225,2.0,0.04878
2016,REG,IND,00-0029668,A.Luck,627,13.0,5,41.0,15,0.12154,18.0,0.02871
2016,REG,JAX,00-0031407,B.Bortles,695,16.0,6,34.0,16,-0.03294,22.0,0.03165
2016,REG,JAX,00-0031431,M.Lee,1,0.0,0,0.0,6,2.71494,0.0,0.0
2016,REG,KC,00-0023436,A.Smith,539,8.0,4,28.0,15,0.09974,12.0,0.02226
2016,REG,KC,00-0026995,J.Maclin,1,0.0,0,0.0,2,-0.4346,0.0,0.0
2016,REG,KC,00-0029567,N.Foles,59,0.0,0,4.0,2,-0.10899,0.0,0.0
2016,REG,KC,00-0029688,D.Poe,1,0.0,0,0.0,2,2.29735,0.0,0.0
2016,REG,LA,00-0028872,J.Hekker,2,0.0,0,0.0,2,-0.16817,0.0,0.0
2016,REG,LA,00-0028986,C.Keenum,353,11.0,1,23.0,10,-0.1134,12.0,0.03399
2016,REG,LA,00-0032245,S.Mannion,6,1.0,0,0.0,1,-2.10172,1.0,0.16667
2016,REG,LA,00-0033106,J.Goff,233,7.0,2,26.0,7,-0.41879,9.0,0.03863
2016,REG,LA,00-0033111,P.Cooper,1,1.0,0,0.0,1,-7.61006,1.0,1.0
2016,REG,LAC,00-0022942,P.Rivers,621,21.0,5,36.0,16,0.06361,26.0,0.04187
2016,REG,LAC,00-0024264,K.Clemens,1,0.0,0,0.0,1,-0.95997,0.0,0.0
2016,REG,LAC,00-0029269,T.Benjamin,1,0.0,0,0.0,3,-0.50703,0.0,0.0
2016,REG,LV,00-0030419,M.McGloin,15,0.0,0,0.0,3,-0.41128,0.0,0.0
2016,REG,LV,00-0031280,D.Carr,596,6.0,3,16.0,15,0.13642,9.0,0.0151
2016,REG,LV,00-0032893,C.Cook,24,1.0,1,2.0,1,-0.54646,2.0,0.08333
2016,REG,MIA,00-0025708,M.Moore,87,3.0,0,1.0,4,0.24779,3.0,0.03448
2016,REG,MIA,00-0029701,R.Tannehill,432,12.0,3,29.0,13,0.03179,15.0,0.03472
2016,REG,MIA,00-0031382,J.Landry,1,0.0,0,0.0,5,-0.38466,0.0,0.0
2016,REG,MIN,00-0020679,S.Hill,37,0.0,0,1.0,3,0.15427,0.0,0.0
2016,REG,MIN,00-0027854,S.Bradford,597,5.0,5,37.0,15,0.06605,10.0,0.01675
2016,REG,MIN,00-0031376,J.McKinnon,1,0.0,0,0.0,15,-0.48067,0.0,0.0
2016,REG,NE,00-0019596,T.Brady,459,2.0,0,15.0,12,0.31238,2.0,0.00436
2016,REG,NE,00-0031345,J.Garoppolo,68,0.0,1,3.0,6,0.33865,1.0,0.01471
2016,REG,NE,00-0033119,J.Brissett,67,0.0,1,6.0,3,-0.17561,1.0,0.01493
2016,REG,NO,00-0020531,D.Brees,698,15.0,4,27.0,16,0.14171,19.0,0.02722
2016,REG,NO,00-0030663,W.Snead,1,0.0,0,0.0,1,4.87277,0.0,0.0
2016,REG,NYG,00-0022803,E.Manning,622,16.0,4,21.0,16,-0.03568,20.0,0.03215
2016,REG,NYG,00-0031235,O.Beckham,1,0.0,0,1.0,2,-1.28539,0.0,0.0
2016,REG,NYJ,00-0023682,R.Fitzpatrick,440,17.0,1,19.0,14,-0.06618,18.0,0.04091
2016,REG,NYJ,00-0030565,G.Smith,19,1.0,0,3.0,2,-0.10527,1.0,0.05263
2016,REG,NYJ,00-0031568,B.Petty,149,7.0,1,13.0,6,-0.24405,8.0,0.05369
2016,REG,PHI,00-0026544,C.Daniel,1,0.0,0,0.0,1,1.59691,0.0,0.0
2016,REG,PHI,00-0030990,J.Huff,1,0.0,0,0.0,3,-0.34572,0.0,0.0
2016,REG,PHI,00-0032950,C.Wentz,660,14.0,3,33.0,16,0.03682,17.0,0.02576
2016,REG,PIT,00-0022924,B.Roethlisberger,535,13.0,2,17.0,14,0.16684,15.0,0.02804
2016,REG,PIT,00-0030496,L.Bell,1,0.0,1,0.0,12,-0.59721,1.0,1.0
2016,REG,PIT,00-0030524,L.Jones,89,2.0,0,4.0,7,0.06255,2.0,0.02247
2016,REG,SEA,00-0023742,J.Ryan,1,0.0,0,0.0,3,-1.15673,0.0,0.0
2016,REG,SEA,00-0028434,D.Baldwin,1,0.0,0,0.0,3,2.0046,0.0,0.0
2016,REG,SEA,00-0029263,R.Wilson,621,11.0,2,41.0,16,0.07397,13.0,0.02093
2016,REG,SEA,00-0032462,T.Boykin,19,1.0,0,1.0,4,0.29346,1.0,0.05263
2016,REG,SEA,00-0032475,T.McEvoy,1,0.0,0,0.0,1,3.37728,0.0,0.0
2016,REG,SF,00-0027948,B.Gabbert,188,6.0,0,11.0,6,-0.14912,6.0,0.03191
2016,REG,SF,00-0027974,C.Kaepernick,401,4.0,3,36.0,11,0.01005,7.0,0.01746
2016,REG,TB,00-0030520,M.Glennon,12,0.0,0,0.0,1,0.5941,0.0,0.0
2016,REG,TB,00-0031503,J.Winston,635,18.0,6,35.0,16,0.10675,24.0,0.0378
2016,REG,TEN,00-0023662,M.Cassel,56,2.0,0,5.0,4,-0.22528,2.0,0.03571
2016,REG,TEN,00-0025825,B.Kern,1,0.0,0,0.0,1,-0.947,0.0,0.0
2016,REG,TEN,00-0028009,D.Murray,2,0.0,1,0.0,16,0.92245,1.0,0.5
2016,REG,TEN,00-0032268,M.Mariota,498,9.0,5,23.0,15,0.11658,14.0,0.02811
2016,REG,WAS,00-0029604,K.Cousins,637,12.0,3,23.0,16,0.17266,15.0,0.02355
2016,REG,WAS,00-0030140,T.Way,1,0.0,0,0.0,1,5.16206,0.0,0.0
2017,POST,ATL,00-0026143,M.Ryan,74,0.0,0,6.0,2,0.05279,0.0,0.0
2017,POST,BUF,00-0028118,T.Taylor,43,1.0,0,2.0,1,-0.2137,1.0,0.02326
2017,POST,BUF,00-0033958,N.Peterman,4,1.0,0,0.0,1,-0.32248,1.0,0.25
2017,POST,CAR,00-0023645,D.Anderson,1,0.0,0,0.0,1,-0.89262,0.0,0.0
2017,POST,CAR,00-0027939,C.Newton,46,0.0,0,4.0,1,0.21834,0.0,0.0
2017,POST,JAX,00-0031407,B.Bortles,96,0.0,0,5.0,3,0.16221,0.0,0.0
2017,POST,KC,00-0023436,A.Smith,39,0.0,0,4.0,1,0.11309,0.0,0.0
2017,POST,LA,00-0033106,J.Goff,48,0.0,0,3.0,1,-0.08215,0.0,0.0
2017,POST,MIN,00-0028986,C.Keenum,93,3.0,1,3.0,2,-0.07716,4.0,0.04301
2017,POST,NE,00-0019596,T.Brady,143,0.0,1,4.0,3,0.30532,1.0,0.00699
2017,POST,NE,00-0026035,D.Amendola,2,0.0,0,0.0,2,-2.40065,0.0,0.0
2017,POST,NO,00-0020531,D.Brees,76,3.0,0,3.0,2,0.30429,3.0,0.03947
2017,POST,NO,00-0030663,W.Snead,1,0.0,0,0.0,1,-1.53748,0.0,0.0
2017,POST,PHI,00-0029567,N.Foles,110,1.0,0,2.0,3,0.4759,1.0,0.00909
2017,POST,PHI,00-0030710,T.Burton,1,0.0,0,0.0,1,3.13936,0.0,0.0
2017,POST,PIT,00-0022924,B.Roethlisberger,62,1.0,1,2.0,1,0.30006,2.0,0.03226
2017,POST,TEN,00-0032268,M.Mariota,88,1.0,0,10.0,2,0.09829,1.0,0.01136
2017,REG,ARI,00-0021429,C.Palmer,291,7.0,0,22.0,7,-0.06219,7.0,0.02405
2017,REG,ARI,00-0022921,L.Fitzgerald,1,0.0,0,0.0,1,1.24125,0.0,0.0
2017,REG,ARI,00-0025430,D.Stanton,167,5.0,0,7.0,5,-0.1356,5.0,0.02994
2017,REG,ARI,00-0027948,B.Gabbert,208,6.0,2,23.0,5,-0.25686,8.0,0.03846
2017,REG,ATL,00-0026143,M.Ryan,567,12.0,3,24.0,16,0.15234,15.0,0.02646
2017,REG,ATL,00-0029632,M.Sanu,1,0.0,0,0.0,5,4.45807,0.0,0.0
2017,REG,BAL,00-0024417,S.Koch,2,0.0,0,0.0,2,4.71254,0.0,0.0
2017,REG,BAL,00-0026158,J.Flacco,580,13.0,0,27.0,16,-0.09309,13.0,0.02241
2017,REG,BAL,00-0028012,R.Mallett,17,0.0,0,0.0,2,-0.09593,0.0,0.0
2017,REG,BUF,00-0027796,J.Webb,7,1.0,0,0.0,2,-0.74793,1.0,0.14286
2017,REG,BUF,00-0028118,T.Taylor,506,4.0,2,46.0,15,0.03982,6.0,0.01186
2017,REG,BUF,00-0033958,N.Peterman,52,5.0,0,1.0,4,-0.53992,5.0,0.09615
2017,REG,CAR,00-0023645,D.Anderson,8,0.0,0,0.0,3,-0.52431,0.0,0.0
2017,REG,CAR,00-0027939,C.Newton,558,16.0,1,35.0,16,0.01898,17.0,0.03047
2017,REG,CAR,00-0031363,M.Palardy,1,0.0,0,0.0,1,-2.96294,0.0,0.0
2017,REG,CHI,00-0030520,M.Glennon,149,5.0,3,8.0,4,-0.18816,8.0,0.05369
2017,REG,CHI,00-0031079,P.O'Donnell,1,0.0,0,0.0,1,6.2936,0.0,0.0
2017,REG,CHI,00-0033556,T.Cohen,2,0.0,1,0.0,15,1.53463,1.0,0.5
2017,REG,CHI,00-0033869,M.Trubisky,381,7.0,3,31.0,12,-0.10066,10.0,0.02625
2017,REG,CIN,00-0027973,A.Dalton,545,12.0,4,39.0,16,-0.07866,16.0,0.02936
2017,REG,CIN,00-0031288,A.McCarron,15,0.0,0,1.0,2,-0.1726,0.0,0.0
2017,REG,CLE,00-0032784,K.Hogan,86,5.0,0,6.0,4,-0.15229,5.0,0.05814
2017,REG,CLE,00-0033104,C.Kessler,29,1.0,0,6.0,3,-0.52721,1.0,0.03448
2017,REG,CLE,00-0033899,D.Kizer,558,22.0,6,38.0,15,-0.20447,28.0,0.05018
2017,REG,DAL,00-0033077,D.Prescott,555,13.0,3,32.0,16,-0.03641,16.0,0.02883
2017,REG,DAL,00-0033662,C.Rush,3,0.0,0,0.0,2,-1.44492,0.0,0.0
2017,REG,DEN,00-0029682,B.Osweiler,192,5.0,1,10.0,6,-0.09497,6.0,0.03125
2017,REG,DEN,00-0032156,T.Siemian,408,14.0,2,33.0,11,-0.13506,16.0,0.03922
2017,REG,DEN,00-0033108,P.Lynch,58,3.0,1,9.0,2,-0.33822,4.0,0.06897
2017,REG,DET,00-0026498,M.Stafford,632,10.0,7,47.0,16,0.06127,17.0,0.0269
2017,REG,DET,00-0027891,G.Tate,1,0.0,0,0.0,4,1.053,0.0,0.0
2017,REG,DET,00-0032431,J.Rudock,5,1.0,0,0.0,2,-1.33411,1.0,0.2
2017,REG,GB,00-0023459,A.Rodgers,277,6.0,1,22.0,7,0.10421,7.0,0.02527
2017,REG,GB,00-0028002,R.Cobb,1,0.0,0,0.0,6,0.60665,0.0,0.0
2017,REG,GB,00-0031589,B.Hundley,367,12.0,2,29.0,11,-0.15724,14.0,0.03815
2017,REG,GB,00-0032630,J.Callahan,7,0.0,0,0.0,1,-0.50775,0.0,0.0
2017,REG,HOU,00-0028090,T.Yates,115,3.0,1,13.0,4,-0.22715,4.0,0.03478
2017,REG,HOU,00-0031064,T.Savage,245,6.0,7,21.0,8,-0.20145,13.0,0.05306
2017,REG,HOU,00-0031800,T.Heinicke,3,0.0,0,1.0,1,-0.56368,0.0,0.0
2017,REG,HOU,00-0033537,D.Watson,242,8.0,1,19.0,7,0.1598,9.0,0.03719
2017,REG,IND,00-0028595,S.Tolzien,23,2.0,0,4.0,1,-1.21929,2.0,0.08696
2017,REG,IND,00-0033119,J.Brissett,559,7.0,3,52.0,16,-0.08348,10.0,0.01789
2017,REG,JAX,00-0026197,C.Henne,2,0.0,0,0.0,2,-1.07087,0.0,0.0
2017,REG,JAX,00-0029304,B.Nortman,2,0.0,0,0.0,1,1.7732,0.0,0.0
2017,REG,JAX,00-0031407,B.Bortles,574,13.0,3,24.0,16,0.06921,16.0,0.02787
2017,REG,JAX,00-0031431,M.Lee,1,0.0,0,0.0,2,-0.3734,0.0,0.0
2017,REG,KC,00-0023436,A.Smith,573,5.0,1,35.0,15,0.1858,6.0,0.01047
2017,REG,KC,00-0030151,T.Bray,1,0.0,1,0.0,1,-1.15612,1.0,1.0
2017,REG,KC,00-0030506,T.Kelce,1,1.0,0,0.0,3,-2.99739,1.0,1.0
2017,REG,KC,00-0033040,T.Hill,1,1.0,0,0.0,10,-5.14032,1.0,1.0
2017,REG,KC,00-0033873,P.Mahomes,39,1.0,0,2.0,1,0.20868,1.0,0.02564
2017,REG,LA,00-0028872,J.Hekker,3,0.0,0,0.0,3,-0.418,0.0,0.0
2017,REG,LA,00-0032245,S.Mannion,40,0.0,1,3.0,5,-0.45331,1.0,0.025
2017,REG,LA,00-0033106,J.Goff,510,7.0,3,25.0,15,0.15747,10.0,0.01961
2017,REG,LA,00-0033908,C.Kupp,1,0.0,0,0.0,1,-0.3983,0.0,0.0
2017,REG,LAC,00-0022942,P.Rivers,594,10.0,1,18.0,16,0.18392,11.0,0.01852
2017,REG,LAC,00-0024264,K.Clemens,8,1.0,0,0.0,3,-1.2176,1.0,0.125
2017,REG,LV,00-0030526,E.Manuel,48,1.0,0,4.0,2,-0.21289,1.0,0.02083
2017,REG,LV,00-0031280,D.Carr,546,13.0,4,20.0,15,4e-05,17.0,0.03114
2017,REG,MIA,00-0024226,J.Cutler,455,14.0,0,20.0,14,-0.09344,14.0,0.03077
2017,REG,MIA,00-0025708,M.Moore,140,5.0,0,12.0,4,-0.14408,5.0,0.03571
2017,REG,MIA,00-0029878,M.Gray,1,0.0,0,0.0,5,-0.36919,0.0,0.0
2017,REG,MIA,00-0031076,D.Fales,47,1.0,0,1.0,2,-0.06294,1.0,0.02128
2017,REG,MIA,00-0031382,J.Landry,1,0.0,0,0.0,1,-0.42777,0.0,0.0
2017,REG,MIA,00-0033400,M.Haack,1,1.0,0,0.0,1,-1.32096,1.0,1.0
2017,REG,MIN,00-0027854,S.Bradford,48,0.0,0,5.0,2,0.27114,0.0,0.0
2017,REG,MIN,00-0028986,C.Keenum,523,7.0,1,22.0,15,0.12861,8.0,0.0153
2017,REG,MIN,00-0029493,R.Quigley,1,0.0,0,0.0,1,-2.664,0.0,0.0
2017,REG,MIN,00-0031237,T.Bridgewater,2,1.0,0,0.0,1,-3.67442,1.0,0.5
2017,REG,NE,00-0019596,T.Brady,624,8.0,3,35.0,16,0.22412,11.0,0.01763
2017,REG,NE,00-0026625,B.Hoyer,6,0.0,0,0.0,4,-0.29089,0.0,0.0
2017,REG,NO,00-0020531,D.Brees,558,8.0,0,20.0,16,0.15459,8.0,0.01434
2017,REG,NYG,00-0022803,E.Manning,611,13.0,5,32.0,15,-0.10076,18.0,0.02946
2017,REG,NYG,00-0027994,S.Vereen,1,1.0,0,0.0,13,-4.0465,1.0,1.0
2017,REG,NYG,00-0030565,G.Smith,42,0.0,2,3.0,2,-0.23749,2.0,0.04762
2017,REG,NYJ,00-0021206,J.McCown,446,9.0,4,39.0,13,0.04405,13.0,0.02915
2017,REG,NYJ,00-0031568,B.Petty,127,3.0,0,8.0,4,-0.24134,3.0,0.02362
2017,REG,NYJ,00-0032449,L.Edwards,1,0.0,0,0.0,1,2.4863,0.0,0.0
2017,REG,PHI,00-0029567,N.Foles,106,2.0,2,5.0,7,-0.15816,4.0,0.03774
2017,REG,PHI,00-0032792,N.Sudfeld,27,0.0,0,3.0,1,-0.32789,0.0,0.0
2017,REG,PHI,00-0032950,C.Wentz,501,7.0,3,28.0,13,0.20941,10.0,0.01996
2017,REG,PIT,00-0022924,B.Roethlisberger,592,14.0,1,21.0,15,0.15278,15.0,0.02534
2017,REG,PIT,00-0028954,R.Golden,1,0.0,0,0.0,1,4.97093,0.0,0.0
2017,REG,PIT,00-0030524,L.Jones,31,1.0,1,3.0,3,-0.12364,2.0,0.06452
2017,REG,SEA,00-0023742,J.Ryan,1,0.0,0,0.0,1,-2.35914,0.0,0.0
2017,REG,SEA,00-0029263,R.Wilson,650,11.0,3,43.0,16,0.0654,14.0,0.02154
2017,REG,SEA,00-0032475,T.McEvoy,1,1.0,0,0.0,1,-2.0763,1.0,1.0
2017,REG,SF,00-0026625,B.Hoyer,223,4.0,1,16.0,6,-0.11891,5.0,0.02242
2017,REG,SF,00-0031345,J.Garoppolo,188,5.0,0,8.0,6,0.32127,5.0,0.0266
2017,REG,SF,00-0033936,C.Beathard,254,6.0,2,19.0,6,-0.19385,8.0,0.0315
2017,REG,TB,00-0023682,R.Fitzpatrick,182,3.0,0,7.0,6,0.02422,3.0,0.01648
2017,REG,TB,00-0031503,J.Winston,497,11.0,7,33.0,13,0.0843,18.0,0.03622
2017,REG,TEN,00-0023662,M.Cassel,50,2.0,2,8.0,2,-0.76413,4.0,0.08
2017,REG,TEN,00-0027690,E.Decker,1,0.0,0,0.0,1,-0.835,0.0,0.0
2017,REG,TEN,00-0032268,M.Mariota,501,15.0,1,27.0,15,-0.02604,16.0,0.03194
2017,REG,WAS,00-0029604,K.Cousins,604,13.0,5,41.0,16,0.01098,18.0,0.0298
2018,POST,BAL,00-0034796,L.Jackson,38,1.0,1,7.0,1,-0.03241,2.0,0.05263
2018,POST,CHI,00-0033869,M.Trubisky,47,0.0,0,2.0,1,0.07576,0.0,0.0
2018,POST,DAL,00-0033077,D.Prescott,68,1.0,0,2.0,2,0.08965,1.0,0.01471
2018,POST,HOU,00-0033537,D.Watson,57,1.0,0,3.0,1,-0.14353,1.0,0.01754
2018,POST,IND,00-0029668,A.Luck,78,1.0,1,3.0,2,-0.10528,2.0,0.02564
2018,POST,KC,00-0033873,P.Mahomes,83,0.0,0,8.0,2,0.05622,0.0,0.0
2018,POST,LA,00-0028872,J.Hekker,1,0.0,0,0.0,1,3.34713,0.0,0.0
2018,POST,LA,00-0033106,J.Goff,112,2.0,0,5.0,3,-0.06244,2.0,0.01786
2018,POST,LAC,00-0022942,P.Rivers,91,1.0,0,3.0,2,0.05004,1.0,0.01099
2018,POST,NE,00-0019596,T.Brady,126,3.0,0,1.0,3,0.18935,3.0,0.02381
2018,POST,NO,00-0020531,D.Brees,81,2.0,0,4.0,2,0.14436,2.0,0.02469
2018,POST,NO,00-0033357,T.Hill,2,0.0,0,0.0,2,-0.29737,0.0,0.0
2018,POST,PHI,00-0029567,N.Foles,72,4.0,0,1.0,2,0.04927,4.0,0.05556
2018,POST,SEA,00-0029263,R.Wilson,29,0.0,0,1.0,1,0.07519,0.0,0.0
2018,REG,ARI,00-0022921,L.Fitzgerald,1,0.0,0,0.0,1,3.08804,0.0,0.0
2018,REG,ARI,00-0027854,S.Bradford,88,4.0,2,6.0,3,-0.35944,6.0,0.06818
2018,REG,ARI,00-0030520,M.Glennon,22,0.0,0,1.0,2,0.39734,0.0,0.0
2018,REG,ARI,00-0034343,J.Rosen,452,14.0,5,45.0,14,-0.32611,19.0,0.04204
2018,REG,ATL,00-0022787,M.Schaub,7,0.0,0,0.0,2,-0.34807,0.0,0.0
2018,REG,ATL,00-0026143,M.Ryan,672,7.0,5,42.0,16,0.17299,12.0,0.01786
2018,REG,ATL,00-0029632,M.Sanu,2,0.0,0,0.0,7,0.46885,0.0,0.0
2018,REG,BAL,00-0024417,S.Koch,1,0.0,0,0.0,1,4.49072,0.0,0.0
2018,REG,BAL,00-0026158,J.Flacco,398,6.0,1,16.0,9,0.03533,7.0,0.01759
2018,REG,BAL,00-0029665,R.Griffin III,6,0.0,0,0.0,2,0.00999,0.0,0.0
2018,REG,BAL,00-0034796,L.Jackson,203,3.0,4,16.0,15,-0.01341,7.0,0.03448
2018,REG,BUF,00-0023645,D.Anderson,75,4.0,2,5.0,2,-0.58141,6.0,0.08
2018,REG,BUF,00-0030533,M.Barkley,26,0.0,0,1.0,1,0.55201,0.0,0.0
2018,REG,BUF,00-0031260,L.Thomas,1,0.0,0,0.0,1,3.80663,0.0,0.0
2018,REG,BUF,00-0031716,M.Darr,1,0.0,0,0.0,1,-0.947,0.0,0.0
2018,REG,BUF,00-0033891,Z.Jones,1,0.0,0,0.0,2,-1.47406,0.0,0.0
2018,REG,BUF,00-0033958,N.Peterman,97,7.0,0,7.0,4,-0.56631,7.0,0.07216
2018,REG,BUF,00-0034721,C.Bojorquez,1,0.0,0,0.0,2,-2.96383,0.0,0.0
2018,REG,BUF,00-0034857,J.Allen,395,12.0,2,28.0,12,-0.02253,14.0,0.03544
2018,REG,CAR,00-0027939,C.Newton,527,13.0,0,29.0,14,0.06922,13.0,0.02467
2018,REG,CAR,00-0031395,G.Gilbert,4,0.0,0,1.0,1,-0.08914,0.0,0.0
2018,REG,CAR,00-0031800,T.Heinicke,60,3.0,0,2.0,5,-0.30788,3.0,0.05
2018,REG,CAR,00-0033280,C.McCaffrey,1,0.0,1,0.0,16,6.5492,1.0,1.0
2018,REG,CAR,00-0034577,K.Allen,34,0.0,0,0.0,2,0.4302,0.0,0.0
2018,REG,CHI,00-0026544,C.Daniel,88,2.0,0,9.0,4,-0.15707,2.0,0.02273
2018,REG,CHI,00-0033556,T.Cohen,1,0.0,2,0.0,16,3.1577,2.0,2.0
2018,REG,CHI,00-0033869,M.Trubisky,497,12.0,3,24.0,14,0.15245,15.0,0.03018
2018,REG,CHI,00-0034353,A.Miller,1,0.0,0,0.0,6,1.58132,0.0,0.0
2018,REG,CIN,00-0027973,A.Dalton,396,11.0,0,21.0,11,0.06436,11.0,0.02778
2018,REG,CIN,00-0032436,J.Driskel,206,2.0,1,16.0,8,-0.03569,3.0,0.01456
2018,REG,CIN,00-0033009,T.Boyd,1,0.0,0,0.0,3,-0.51259,0.0,0.0
2018,REG,CLE,00-0028118,T.Taylor,107,2.0,0,13.0,4,-0.17934,2.0,0.01869
2018,REG,CLE,00-0031382,J.Landry,3,0.0,0,0.0,3,1.541,0.0,0.0
2018,REG,CLE,00-0034253,D.Hilliard,1,1.0,0,0.0,1,-6.41837,1.0,1.0
2018,REG,CLE,00-0034855,B.Mayfield,532,14.0,3,25.0,14,0.05602,17.0,0.03195
2018,REG,DAL,00-0029000,C.Beasley,1,0.0,0,0.0,1,-0.4814,0.0,0.0
2018,REG,DAL,00-0033077,D.Prescott,611,8.0,6,56.0,16,0.04896,14.0,0.02291
2018,REG,DEN,00-0027685,E.Sanders,1,0.0,0,0.0,5,2.56147,0.0,0.0
2018,REG,DEN,00-0028986,C.Keenum,632,15.0,2,34.0,16,-0.0299,17.0,0.0269
2018,REG,DEN,00-0034064,C.Wadman,1,0.0,0,0.0,1,3.39374,0.0,0.0
2018,REG,DET,00-0023662,M.Cassel,19,1.0,0,1.0,2,-0.71654,1.0,0.05263
2018,REG,DET,00-0023853,M.Prater,1,0.0,0,0.0,1,4.07093,0.0,0.0
2018,REG,DET,00-0026498,M.Stafford,610,11.0,4,40.0,16,0.00108,15.0,0.02459
2018,REG,DET,00-0030092,S.Martin,1,0.0,0,0.0,1,-0.947,0.0,0.0
2018,REG,DET,00-0031326,B.Ellington,1,0.0,0,0.0,2,-0.44012,0.0,0.0
2018,REG,GB,00-0023459,A.Rodgers,680,2.0,3,49.0,16,0.11285,5.0,0.00735
2018,REG,GB,00-0033899,D.Kizer,49,2.0,1,4.0,3,-0.37704,3.0,0.06122
2018,REG,GB,00-0034162,J.Scott,1,0.0,0,0.0,1,-0.65218,0.0,0.0
2018,REG,HOU,00-0030564,D.Hopkins,1,0.0,0,0.0,2,-0.4456,0.0,0.0
2018,REG,HOU,00-0033537,D.Watson,620,9.0,3,62.0,16,0.11172,12.0,0.01935
2018,REG,IND,00-0029668,A.Luck,679,15.0,1,18.0,16,0.14167,16.0,0.02356
2018,REG,IND,00-0031387,E.Ebron,1,0.0,1,0.0,4,-1.62425,1.0,1.0
2018,REG,IND,00-0033119,J.Brissett,4,0.0,0,0.0,4,-0.16951,0.0,0.0
2018,REG,JAX,00-0031407,B.Bortles,475,11.0,4,31.0,13,-0.07459,15.0,0.03158
2018,REG,JAX,00-0033104,C.Kessler,168,2.0,3,22.0,5,-0.17959,5.0,0.02976
2018,REG,JAX,00-0033839,D.Westbrook,1,0.0,0,0.0,8,-0.46382,0.0,0.0
2018,REG,JAX,00-0034437,L.Cooke,1,0.0,0,0.0,1,2.74487,0.0,0.0
2018,REG,KC,00-0026197,C.Henne,3,0.0,0,0.0,1,0.12565,0.0,0.0
2018,REG,KC,00-0033873,P.Mahomes,634,12.0,2,26.0,16,0.35745,14.0,0.02208
2018,REG,LA,00-0028872,J.Hekker,4,0.0,0,0.0,5,0.01328,0.0,0.0
2018,REG,LA,00-0032245,S.Mannion,3,0.0,0,0.0,3,0.41881,0.0,0.0
2018,REG,LA,00-0033106,J.Goff,615,12.0,5,33.0,16,0.19756,17.0,0.02764
2018,REG,LAC,00-0022942,P.Rivers,552,12.0,1,32.0,16,0.22665,13.0,0.02355
2018,REG,LAC,00-0030279,K.Allen,1,0.0,0,1.0,6,-1.58533,0.0,0.0
2018,REG,LAC,00-0030565,G.Smith,6,0.0,1,1.0,4,-1.03849,1.0,0.16667
2018,REG,LV,00-0031280,D.Carr,606,10.0,7,51.0,16,-0.00114,17.0,0.02805
2018,REG,LV,00-0031288,A.McCarron,4,0.0,0,1.0,2,-0.65131,0.0,0.0
2018,REG,MIA,00-0026035,D.Amendola,1,0.0,0,0.0,2,2.50179,0.0,0.0
2018,REG,MIA,00-0029682,B.Osweiler,199,4.0,1,17.0,7,-0.03758,5.0,0.02513
2018,REG,MIA,00-0029701,R.Tannehill,315,9.0,4,35.0,11,-0.16792,13.0,0.04127
2018,REG,MIA,00-0030085,K.Stills,1,0.0,0,0.0,1,1.28393,0.0,0.0
2018,REG,MIA,00-0030669,A.Wilson,1,0.0,0,0.0,6,4.35198,0.0,0.0
2018,REG,MIN,00-0029604,K.Cousins,665,10.0,7,40.0,16,-0.0323,17.0,0.02556
2018,REG,NE,00-0019596,T.Brady,595,11.0,2,21.0,16,0.14949,13.0,0.02185
2018,REG,NE,00-0026625,B.Hoyer,2,0.0,0,0.0,5,-1.50097,0.0,0.0
2018,REG,NE,00-0027150,J.Edelman,2,0.0,0,0.0,6,1.5876,0.0,0.0
2018,REG,NO,00-0020531,D.Brees,512,5.0,1,17.0,15,0.28076,6.0,0.01172
2018,REG,NO,00-0031237,T.Bridgewater,28,1.0,0,2.0,4,-0.31687,1.0,0.03571
2018,REG,NO,00-0033357,T.Hill,10,1.0,1,1.0,13,0.23652,2.0,0.2
2018,REG,NYG,00-0022803,E.Manning,631,11.0,4,47.0,16,0.03626,15.0,0.02377
2018,REG,NYG,00-0031235,O.Beckham,2,0.0,0,0.0,7,4.74075,0.0,0.0
2018,REG,NYG,00-0034369,K.Lauletta,5,1.0,0,0.0,1,-1.34108,1.0,0.2
2018,REG,NYJ,00-0021206,J.McCown,121,4.0,0,7.0,4,-0.2446,4.0,0.03306
2018,REG,NYJ,00-0034869,S.Darnold,459,15.0,2,30.0,13,-0.05037,17.0,0.03704
2018,REG,PHI,00-0029567,N.Foles,205,4.0,2,9.0,5,0.08356,6.0,0.02927
2018,REG,PHI,00-0031549,N.Agholor,1,0.0,0,0.0,3,1.93148,0.0,0.0
2018,REG,PHI,00-0032792,N.Sudfeld,2,0.0,0,0.0,2,1.38064,0.0,0.0
2018,REG,PHI,00-0032950,C.Wentz,447,7.0,6,31.0,11,0.09045,13.0,0.02908
2018,REG,PIT,00-0022924,B.Roethlisberger,713,16.0,2,24.0,16,0.19016,18.0,0.02525
2018,REG,PIT,00-0027793,A.Brown,1,0.0,0,0.0,1,-0.45709,0.0,0.0
2018,REG,PIT,00-0031136,C.Boswell,1,0.0,0,0.0,1,3.99139,0.0,0.0
2018,REG,PIT,00-0033949,J.Dobbs,14,1.0,0,0.0,5,-0.49498,1.0,0.07143
2018,REG,SEA,00-0029263,R.Wilson,500,7.0,2,51.0,16,0.17347,9.0,0.018
2018,REG,SF,00-0031345,J.Garoppolo,108,3.0,0,13.0,3,0.01243,3.0,0.02778
2018,REG,SF,00-0033319,N.Mullens,289,10.0,0,17.0,8,0.10998,10.0,0.0346
2018,REG,SF,00-0033936,C.Beathard,200,7.0,3,18.0,5,-0.14201,10.0,0.05
2018,REG,TB,00-0023682,R.Fitzpatrick,284,12.0,1,14.0,8,0.16947,13.0,0.04577
2018,REG,TB,00-0029692,B.Anger,1,0.0,0,0.0,2,-2.90344,0.0,0.0
2018,REG,TB,00-0031503,J.Winston,443,14.0,3,27.0,11,0.13382,17.0,0.03837
2018,REG,TEN,00-0027948,B.Gabbert,106,4.0,0,5.0,8,-0.21958,4.0,0.03774
2018,REG,TEN,00-0031972,D.Jennings,1,0.0,0,0.0,2,1.27129,0.0,0.0
2018,REG,TEN,00-0032268,M.Mariota,408,8.0,2,42.0,14,0.045,10.0,0.02451
2018,REG,TEN,00-0032764,D.Henry,3,0.0,0,0.0,16,0.15399,0.0,0.0
2018,REG,TEN,00-0033132,K.Byard,1,0.0,0,0.0,1,7.64647,0.0,0.0
2018,REG,WAS,00-0023436,A.Smith,370,5.0,1,22.0,10,-0.0233,6.0,0.01622
2018,REG,WAS,00-0026300,J.Johnson,115,4.0,0,9.0,4,-0.05573,4.0,0.03478
2018,REG,WAS,00-0026898,M.Sanchez,43,3.0,0,7.0,2,-0.69994,3.0,0.06977
2018,REG,WAS,00-0027688,C.McCoy,65,3.0,0,6.0,3,-0.05255,3.0,0.04615
2018,REG,WAS,00-0030140,T.Way,1,0.0,0,0.0,1,2.73439,0.0,0.0
2019,POST,BAL,00-0034796,L.Jackson,71,2.0,1,4.0,1,-0.10876,3.0,0.04225
2019,POST,BUF,00-0031051,J.Brown,1,0.0,0,0.0,1,2.35522,0.0,0.0
2019,POST,BUF,00-0034857,J.Allen,49,0.0,1,3.0,1,-0.02602,1.0,0.02041
2019,POST,GB,00-0023459,A.Rodgers,73,2.0,1,5.0,2,0.33434,3.0,0.0411
2019,POST,HOU,00-0030085,K.Stills,1,0.0,0,1.0,1,-2.03057,0.0,0.0
2019,POST,HOU,00-0033537,D.Watson,98,0.0,0,11.0,2,0.05807,0.0,0.0
2019,POST,KC,00-0031325,S.Watkins,1,0.0,0,1.0,1,-0.87034,0.0,0.0
2019,POST,KC,00-0033873,P.Mahomes,132,2.0,0,6.0,3,0.38711,2.0,0.01515
2019,POST,MIN,00-0029604,K.Cousins,68,1.0,0,8.0,2,-0.13048,1.0,0.01471
2019,POST,MIN,00-0031588,S.Diggs,1,0.0,0,1.0,1,-1.51973,0.0,0.0
2019,POST,NE,00-0019596,T.Brady,37,1.0,0,0.0,1,-0.08419,1.0,0.02703
2019,POST,NO,00-0020531,D.Brees,37,1.0,1,3.0,1,-0.38136,2.0,0.05405
2019,POST,NO,00-0033357,T.Hill,1,0.0,0,0.0,1,3.26796,0.0,0.0
2019,POST,PHI,00-0021206,J.McCown,32,0.0,0,6.0,1,-0.11782,0.0,0.0
2019,POST,PHI,00-0032950,C.Wentz,5,0.0,0,1.0,1,-1.05172,0.0,0.0
2019,POST,SEA,00-0029263,R.Wilson,78,0.0,0,6.0,2,0.44579,0.0,0.0
2019,POST,SF,00-0031345,J.Garoppolo,63,3.0,0,4.0,3,-0.0056,3.0,0.04762
2019,POST,SF,00-0035719,D.Samuel,1,0.0,0,0.0,3,1.09195,0.0,0.0
2019,POST,TEN,00-0025825,B.Kern,1,0.0,0,0.0,1,3.94281,0.0,0.0
2019,POST,TEN,00-0029701,R.Tannehill,69,1.0,0,5.0,3,0.04301,1.0,0.01449
2019,POST,TEN,00-0032268,M.Mariota,1,0.0,0,0.0,2,-0.20805,0.0,0.0
2019,POST,TEN,00-0032764,D.Henry,1,0.0,0,0.0,3,2.309,0.0,0.0
2019,REG,ARI,00-0022824,A.Lee,1,0.0,0,0.0,1,4.24069,0.0,0.0
2019,REG,ARI,00-0031589,B.Hundley,15,0.0,0,2.0,3,0.01405,0.0,0.0
2019,REG,ARI,00-0035228,K.Murray,617,12.0,2,48.0,16,-0.00991,14.0,0.02269
2019,REG,ATL,00-0022787,M.Schaub,70,1.0,1,2.0,5,0.29049,2.0,0.02857
2019,REG,ATL,00-0026143,M.Ryan,690,14.0,5,48.0,15,0.041,19.0,0.02754
2019,REG,ATL,00-0030465,K.Barner,1,0.0,0,0.0,3,-0.14811,0.0,0.0
2019,REG,BAL,00-0024417,S.Koch,1,0.0,0,0.0,1,-2.6248,0.0,0.0
2019,REG,BAL,00-0029665,R.Griffin,6,0.0,0,0.0,1,1.48954,0.0,0.0
2019,REG,BAL,00-0029665,R.Griffin III,38,2.0,0,5.0,5,-0.21409,2.0,0.05263
2019,REG,BAL,00-0034796,L.Jackson,460,6.0,2,23.0,15,0.36787,8.0,0.01739
2019,REG,BUF,00-0030533,M.Barkley,52,3.0,1,2.0,2,-0.18426,4.0,0.07692
2019,REG,BUF,00-0031051,J.Brown,1,0.0,0,0.0,3,3.18743,0.0,0.0
2019,REG,BUF,00-0034857,J.Allen,440,9.0,4,35.0,13,-0.03586,13.0,0.02955
2019,REG,BUF,00-0034857,Jos.Allen,102,0.0,0,3.0,3,0.21618,0.0,0.0
2019,REG,CAR,00-0027939,C.Newton,95,1.0,2,6.0,2,-0.14005,3.0,0.03158
2019,REG,CAR,00-0031363,M.Palardy,1,0.0,0,0.0,1,3.80444,0.0,0.0
2019,REG,CAR,00-0033280,C.McCaffrey,2,0.0,0,0.0,16,-0.95761,0.0,0.0
2019,REG,CAR,00-0034577,K.Allen,555,16.0,7,46.0,13,-0.04145,23.0,0.04144
2019,REG,CAR,00-0035251,W.Grier,63,4.0,1,6.0,2,-0.43851,5.0,0.07937
2019,REG,CHI,00-0026544,C.Daniel,73,2.0,0,7.0,3,0.04726,2.0,0.0274
2019,REG,CHI,00-0033869,M.Trubisky,574,10.0,2,38.0,15,-0.05455,12.0,0.02091
2019,REG,CIN,00-0027973,A.Dalton,570,14.0,4,37.0,13,-0.03215,18.0,0.03158
2019,REG,CIN,00-0032543,A.Erickson,1,0.0,0,0.0,5,1.73896,0.0,0.0
2019,REG,CIN,00-0035652,R.Finley,104,2.0,3,11.0,3,-0.54983,5.0,0.04808
2019,REG,CLE,00-0031235,O.Beckham,2,0.0,0,0.0,3,0.45146,0.0,0.0
2019,REG,CLE,00-0031395,G.Gilbert,3,0.0,0,0.0,5,-0.35329,0.0,0.0
2019,REG,CLE,00-0033923,K.Hunt,1,0.0,0,1.0,8,-1.22352,0.0,0.0
2019,REG,CLE,00-0034855,B.Mayfield,591,21.0,2,40.0,16,-0.01135,23.0,0.03892
2019,REG,DAL,00-0028002,R.Cobb,1,0.0,0,0.0,3,-0.39894,0.0,0.0
2019,REG,DAL,00-0033077,D.Prescott,640,11.0,2,23.0,16,0.1974,13.0,0.02031
2019,REG,DEN,00-0026158,J.Flacco,293,5.0,3,26.0,8,-0.08316,8.0,0.0273
2019,REG,DEN,00-0032434,B.Allen,98,2.0,0,9.0,3,-0.22473,2.0,0.02041
2019,REG,DEN,00-0034064,C.Wadman,1,0.0,0,1.0,1,-3.18508,0.0,0.0
2019,REG,DEN,00-0034348,C.Sutton,1,0.0,0,0.0,2,2.55382,0.0,0.0
2019,REG,DEN,00-0034959,A.Beck,1,0.0,0,0.0,1,2.35155,0.0,0.0
2019,REG,DEN,00-0035704,D.Lock,172,3.0,1,5.0,5,0.09057,4.0,0.02326
2019,REG,DET,00-0026035,D.Amendola,1,0.0,0,0.0,1,1.95854,0.0,0.0
2019,REG,DET,00-0026498,M.Stafford,317,5.0,3,18.0,8,0.21671,8.0,0.02524
2019,REG,DET,00-0032436,J.Driskel,127,4.0,0,11.0,3,-0.00584,4.0,0.0315
2019,REG,DET,00-0035040,D.Blough,194,6.0,0,14.0,5,-0.23839,6.0,0.03093
2019,REG,GB,00-0023459,A.Rodgers,632,4.0,4,36.0,16,0.09774,8.0,0.01266
2019,REG,GB,00-0034177,T.Boyle,4,0.0,0,0.0,3,-0.11361,0.0,0.0
2019,REG,HOU,00-0030564,D.Hopkins,2,1.0,0,0.0,4,-2.78924,1.0,0.5
2019,REG,HOU,00-0031288,A.McCarron,47,1.0,0,5.0,2,-0.16275,1.0,0.02128
2019,REG,HOU,00-0033537,D.Watson,581,12.0,3,44.0,15,0.15259,15.0,0.02582
2019,REG,IND,00-0026625,B.Hoyer,73,4.0,1,5.0,4,-0.42455,5.0,0.06849
2019,REG,IND,00-0033119,J.Brissett,504,6.0,5,27.0,15,0.01763,11.0,0.02183
2019,REG,IND,00-0033251,Z.Pascal,1,0.0,0,0.0,3,-0.70423,0.0,0.0
2019,REG,JAX,00-0029567,N.Foles,130,2.0,2,8.0,4,-0.12691,4.0,0.03077
2019,REG,JAX,00-0034437,L.Cooke,3,0.0,0,1.0,3,0.77664,0.0,0.0
2019,REG,JAX,00-0035289,G.Minshew,225,2.0,4,14.0,6,-0.00524,6.0,0.02667
2019,REG,JAX,00-0035289,G.Minshew II,332,4.0,3,19.0,8,-0.01048,7.0,0.02108
2019,REG,KC,00-0023534,D.Colquitt,2,0.0,0,0.0,2,-1.62615,0.0,0.0
2019,REG,KC,00-0025708,M.Moore,99,0.0,0,8.0,6,0.06362,0.0,0.0
2019,REG,KC,00-0033873,P.Mahomes,525,5.0,2,17.0,14,0.28107,7.0,0.01333
2019,REG,LA,00-0028872,J.Hekker,3,1.0,0,0.0,3,1.08165,1.0,0.33333
2019,REG,LA,00-0031407,B.Bortles,2,0.0,0,0.0,2,-0.71432,0.0,0.0
2019,REG,LA,00-0033106,J.Goff,659,16.0,5,22.0,16,0.095,21.0,0.03187
2019,REG,LA,00-0033908,C.Kupp,1,0.0,0,0.0,3,-1.31501,0.0,0.0
2019,REG,LAC,00-0022942,P.Rivers,629,20.0,3,34.0,16,0.0923,23.0,0.03657
2019,REG,LAC,00-0028118,T.Taylor,6,0.0,0,0.0,3,0.60873,0.0,0.0
2019,REG,LV,00-0030520,M.Glennon,10,0.0,1,0.0,2,0.10464,1.0,0.1
2019,REG,LV,00-0031280,D.Carr,555,8.0,3,29.0,16,0.15152,11.0,0.01982
2019,REG,MIA,00-0023682,R.Fitzpatrick,578,13.0,2,40.0,15,0.0422,15.0,0.02595
2019,REG,MIA,00-0030669,A.Wilson,3,0.0,0,1.0,6,-0.2727,0.0,0.0
2019,REG,MIA,00-0033400,M.Haack,2,0.0,0,0.0,3,-0.29237,0.0,0.0
2019,REG,MIA,00-0033471,I.Ford,1,0.0,0,0.0,1,1.10193,0.0,0.0
2019,REG,MIA,00-0034343,J.Rosen,128,5.0,0,16.0,5,-0.39459,5.0,0.03906
2019,REG,MIA,00-0034799,K.Ballage,1,0.0,0,0.0,12,-0.29497,0.0,0.0
2019,REG,MIA,00-0035350,P.Williams,1,0.0,0,1.0,1,-0.92685,0.0,0.0
2019,REG,MIN,00-0029604,K.Cousins,484,6.0,3,28.0,15,0.16824,9.0,0.0186
2019,REG,MIN,00-0031588,S.Diggs,1,0.0,0,0.0,5,-1.81941,0.0,0.0
2019,REG,MIN,00-0032245,S.Mannion,21,2.0,1,0.0,3,-0.19338,3.0,0.14286
2019,REG,NE,00-0019596,T.Brady,645,8.0,1,27.0,16,0.0274,9.0,0.01395
2019,REG,NE,00-0027150,J.Edelman,2,0.0,0,0.0,7,2.76803,0.0,0.0
2019,REG,NE,00-0031062,J.White,1,0.0,0,0.0,15,2.00019,0.0,0.0
2019,REG,NE,00-0035264,J.Stidham,5,1.0,0,1.0,3,-2.02997,1.0,0.2
2019,REG,NO,00-0020531,D.Brees,386,4.0,0,12.0,11,0.24089,4.0,0.01036
2019,REG,NO,00-0031237,T.Bridgewater,220,2.0,0,12.0,9,0.09827,2.0,0.00909
2019,REG,NO,00-0033357,T.Hill,9,0.0,0,1.0,13,-0.31508,0.0,0.0
2019,REG,NO,00-0033906,A.Kamara,1,0.0,1,0.0,14,0.96481,1.0,1.0
2019,REG,NYG,00-0022803,E.Manning,153,5.0,1,5.0,4,-0.04375,6.0,0.03922
2019,REG,NYG,00-0029623,A.Tanney,1,0.0,0,0.0,1,-0.04524,0.0,0.0
2019,REG,NYG,00-0032943,R.Dixon,1,0.0,0,0.0,1,-0.947,0.0,0.0
2019,REG,NYG,00-0035710,D.Jones,527,12.0,11,38.0,13,-0.04991,23.0,0.04364
2019,REG,NYJ,00-0028064,B.Powell,1,0.0,0,0.0,12,-0.52241,0.0,0.0
2019,REG,NYJ,00-0031076,D.Fales,1,0.0,0,1.0,1,-0.84204,0.0,0.0
2019,REG,NYJ,00-0032156,T.Siemian,8,0.0,0,2.0,1,-0.69514,0.0,0.0
2019,REG,NYJ,00-0034412,L.Falk,90,3.0,1,16.0,3,-0.68162,4.0,0.04444
2019,REG,NYJ,00-0034869,S.Darnold,484,13.0,3,33.0,13,-0.01895,16.0,0.03306
2019,REG,PHI,00-0021206,J.McCown,5,0.0,0,0.0,2,0.22579,0.0,0.0
2019,REG,PHI,00-0032950,C.Wentz,673,7.0,7,37.0,16,0.0375,14.0,0.0208
2019,REG,PHI,00-0033787,J.Elliott,1,1.0,0,0.0,1,-2.40307,1.0,1.0
2019,REG,PIT,00-0022924,B.Roethlisberger,65,1.0,0,2.0,2,-0.2052,1.0,0.01538
2019,REG,PIT,00-0034331,J.Samuels,5,1.0,0,0.0,12,-0.70229,1.0,0.2
2019,REG,PIT,00-0034771,M.Rudolph,309,9.0,0,15.0,10,-0.09965,9.0,0.02913
2019,REG,PIT,00-0035577,D.Hodges,183,8.0,1,15.0,8,-0.13509,9.0,0.04918
2019,REG,SEA,00-0029263,R.Wilson,608,5.0,3,48.0,16,0.12109,8.0,0.01316
2019,REG,SEA,00-0029664,J.Gordon,1,1.0,0,0.0,1,-2.87346,1.0,1.0
2019,REG,SF,00-0027685,E.Sanders,1,0.0,0,0.0,1,3.32012,0.0,0.0
2019,REG,SF,00-0031345,J.Garoppolo,526,13.0,5,36.0,16,0.15856,18.0,0.03422
2019,REG,SF,00-0034860,D.Pettis,1,0.0,0,0.0,1,1.24181,0.0,0.0
2019,REG,SF,00-0034941,M.Wishnowsky,1,0.0,0,0.0,1,-0.947,0.0,0.0
2019,REG,TB,00-0029857,R.Griffin,4,0.0,0,0.0,2,-0.15598,0.0,0.0
2019,REG,TB,00-0031503,J.Winston,707,30.0,5,47.0,16,0.06783,35.0,0.0495
2019,REG,TEN,00-0025825,B.Kern,2,0.0,0,0.0,3,0.74781,0.0,0.0
2019,REG,TEN,00-0029701,R.Tannehill,330,6.0,3,31.0,12,0.22408,9.0,0.02727
2019,REG,TEN,00-0032268,M.Mariota,197,2.0,0,25.0,7,-0.02295,2.0,0.01015
2019,REG,WAS,00-0027688,C.McCoy,35,1.0,0,6.0,1,-0.74084,1.0,0.02857
2019,REG,WAS,00-0028986,C.Keenum,265,5.0,3,15.0,10,-0.03018,8.0,0.03019
2019,REG,WAS,00-0034928,S.Sims,1,0.0,0,0.0,7,-0.35982,0.0,0.0
2019,REG,WAS,00-0035232,D.Haskins,246,7.0,2,29.0,9,-0.18656,9.0,0.03659
2019,REG,WAS,00-0035297,K.Harmon,1,0.0,0,0.0,1,0.90287,0.0,0.0
2020,POST,BAL,00-0034796,L.Jackson,59,2.0,0,8.0,2,-0.03369,2.0,0.0339
2020,POST,BAL,00-0035993,T.Huntley,17,0.0,0,1.0,1,-0.33195,0.0,0.0
2020,POST,BUF,00-0034857,J.Allen,138,1.0,0,8.0,3,0.03373,1.0,0.00725
2020,POST,CHI,00-0033869,M.Trubisky,33,0.0,0,1.0,1,-0.1839,0.0,0.0
2020,POST,CLE,00-0034855,B.Mayfield,74,1.0,0,1.0,2,0.11843,1.0,0.01351
2020,POST,GB,00-0023459,A.Rodgers,92,1.0,0,5.0,2,0.22178,1.0,0.01087
2020,POST,GB,00-0034162,J.Scott,1,0.0,0,0.0,1,-0.947,0.0,0.0
2020,POST,IND,00-0022942,P.Rivers,47,0.0,0,0.0,1,0.31503,0.0,0.0
2020,POST,KC,00-0026197,C.Henne,10,1.0,0,1.0,1,0.0016,1.0,0.1
2020,POST,KC,00-0033873,P.Mahomes,125,2.0,0,4.0,3,0.18285,2.0,0.016
2020,POST,LA,00-0033106,J.Goff,55,0.0,0,6.0,2,0.03039,0.0,0.0
2020,POST,LA,00-0034899,J.Wolford,7,0.0,0,1.0,1,-0.20719,0.0,0.0
2020,POST,NO,00-0020531,D.Brees,73,3.0,0,0.0,2,-0.15941,3.0,0.0411
2020,POST,NO,00-0031503,J.Winston,1,0.0,0,0.0,1,4.6441,0.0,0.0
2020,POST,NO,00-0033357,T.Hill,1,0.0,1,1.0,1,-6.10818,1.0,1.0
2020,POST,PIT,00-0022924,B.Roethlisberger,71,4.0,0,0.0,1,0.09982,4.0,0.05634
2020,POST,SEA,00-0029263,R.Wilson,36,1.0,0,5.0,1,-0.34946,1.0,0.02778
2020,POST,TB,00-0019596,T.Brady,144,3.0,0,6.0,4,0.28642,3.0,0.02083
2020,POST,TEN,00-0029701,R.Tannehill,28,1.0,0,1.0,1,-0.01782,1.0,0.03571
2020,POST,WAS,00-0031800,T.Heinicke,53,1.0,0,2.0,1,0.07733,1.0,0.01887
2020,REG,ARI,00-0022824,A.Lee,1,0.0,0,0.0,1,4.01401,0.0,0.0
2020,REG,ARI,00-0035228,K.Murray,629,12.0,4,27.0,16,0.07748,16.0,0.02544
2020,REG,ARI,00-0035752,C.Streveler,18,1.0,0,2.0,2,-0.74545,1.0,0.05556
2020,REG,ATL,00-0026143,M.Ryan,685,11.0,3,41.0,16,0.1012,14.0,0.02044
2020,REG,ATL,00-0034411,R.Gage,2,0.0,0,0.0,4,1.06815,0.0,0.0
2020,REG,BAL,00-0024417,S.Koch,1,0.0,0,0.0,1,3.39333,0.0,0.0
2020,REG,BAL,00-0029665,R.Griffin,17,2.0,1,3.0,4,-1.19586,3.0,0.17647
2020,REG,BAL,00-0034796,L.Jackson,452,9.0,4,29.0,15,0.17671,13.0,0.02876
2020,REG,BAL,00-0035146,T.McSorley,11,0.0,0,0.0,2,0.24155,0.0,0.0
2020,REG,BAL,00-0035993,T.Huntley,5,0.0,0,0.0,2,-0.70664,0.0,0.0
2020,REG,BUF,00-0029000,C.Beasley,1,0.0,0,0.0,1,2.91377,0.0,0.0
2020,REG,BUF,00-0030533,M.Barkley,22,1.0,0,1.0,4,0.0065,1.0,0.04545
2020,REG,BUF,00-0033466,I.McKenzie,1,0.0,0,0.0,8,2.29472,0.0,0.0
2020,REG,BUF,00-0034857,J.Allen,628,10.0,6,26.0,16,0.28654,16.0,0.02548
2020,REG,BUF,00-0035290,J.Johnson,1,0.0,0,0.0,1,3.11537,0.0,0.0
2020,REG,CAR,00-0031237,T.Bridgewater,560,11.0,3,31.0,15,0.09534,14.0,0.025
2020,REG,CAR,00-0033275,P.Walker,60,5.0,0,4.0,4,-0.37411,5.0,0.08333
2020,REG,CAR,00-0034052,B.Zylstra,1,0.0,0,0.0,1,-0.3698,0.0,0.0
2020,REG,CAR,00-0034827,D.Moore,1,0.0,0,0.0,2,-0.40847,0.0,0.0
2020,REG,CAR,00-0036320,J.Charlton,2,0.0,0,1.0,2,0.72896,0.0,0.0
2020,REG,CHI,00-0029567,N.Foles,333,8.0,0,18.0,9,-0.13401,8.0,0.02402
2020,REG,CHI,00-0030151,T.Bray,4,0.0,0,0.0,1,-0.26527,0.0,0.0
2020,REG,CHI,00-0033869,M.Trubisky,333,8.0,2,18.0,10,0.10923,10.0,0.03003
2020,REG,CIN,00-0032434,B.Allen,154,4.0,1,7.0,5,-0.10628,5.0,0.03247
2020,REG,CIN,00-0032543,A.Erickson,1,0.0,1,0.0,6,-0.48907,1.0,1.0
2020,REG,CIN,00-0033009,T.Boyd,2,0.0,0,0.0,6,0.36796,0.0,0.0
2020,REG,CIN,00-0035652,R.Finley,43,2.0,0,9.0,4,-0.49606,2.0,0.04651
2020,REG,CIN,00-0036442,J.Burrow,449,5.0,4,32.0,10,0.06838,9.0,0.02004
2020,REG,CLE,00-0028986,C.Keenum,10,0.0,0,0.0,1,-0.41565,0.0,0.0
2020,REG,CLE,00-0031235,O.Beckham,1,0.0,0,0.0,2,0.58917,0.0,0.0
2020,REG,CLE,00-0031382,J.Landry,4,0.0,0,0.0,6,1.79011,0.0,0.0
2020,REG,CLE,00-0034855,B.Mayfield,533,8.0,4,26.0,16,0.16941,12.0,0.02251
2020,REG,DAL,00-0027973,A.Dalton,372,8.0,1,24.0,11,-0.0232,9.0,0.02419
2020,REG,DAL,00-0028664,C.Jones,1,0.0,0,0.0,2,-3.3216,0.0,0.0
2020,REG,DAL,00-0031395,G.Gilbert,41,1.0,0,2.0,1,-0.17051,1.0,0.02439
2020,REG,DAL,00-0033077,D.Prescott,241,4.0,3,10.0,5,0.12135,7.0,0.02905
2020,REG,DAL,00-0034418,C.Wilson,2,0.0,0,0.0,4,1.41147,0.0,0.0
2020,REG,DAL,00-0036358,C.Lamb,1,0.0,0,1.0,10,-1.23706,0.0,0.0
2020,REG,DAL,00-0036384,B.DiNucci,50,0.0,2,7.0,2,-0.53891,2.0,0.04
2020,REG,DEN,00-0032436,J.Driskel,79,2.0,0,11.0,3,-0.15395,2.0,0.02532
2020,REG,DEN,00-0034955,B.Rypien,41,4.0,0,1.0,2,-0.04111,4.0,0.09756
2020,REG,DEN,00-0035704,D.Lock,485,15.0,3,19.0,13,-0.08814,18.0,0.03711
2020,REG,DEN,00-0035864,K.Hinton,11,2.0,0,1.0,1,-1.17413,2.0,0.18182
2020,REG,DET,00-0026498,M.Stafford,579,10.0,1,38.0,16,0.11908,11.0,0.019
2020,REG,DET,00-0026544,C.Daniel,47,2.0,0,3.0,4,-0.29939,2.0,0.04255
2020,REG,DET,00-0033572,J.Agnew,1,0.0,0,0.0,7,-0.46816,0.0,0.0
2020,REG,DET,00-0035040,D.Blough,12,1.0,0,1.0,1,-0.65474,1.0,0.08333
2020,REG,GB,00-0023459,A.Rodgers,567,5.0,2,20.0,16,0.34095,7.0,0.01235
2020,REG,GB,00-0034177,T.Boyle,1,0.0,0,1.0,8,-2.06142,0.0,0.0
2020,REG,HOU,00-0028002,R.Cobb,1,0.0,0,0.0,1,-0.51737,0.0,0.0
2020,REG,HOU,00-0031288,A.McCarron,2,0.0,0,1.0,2,-0.62452,0.0,0.0
2020,REG,HOU,00-0033537,D.Watson,657,7.0,3,49.0,16,0.21538,10.0,0.01522
2020,REG,IND,00-0022942,P.Rivers,562,11.0,1,19.0,16,0.16638,12.0,0.02135
2020,REG,IND,00-0033119,J.Brissett,11,0.0,0,2.0,11,-0.55222,0.0,0.0
2020,REG,IND,00-0033251,Z.Pascal,1,0.0,0,0.0,1,-0.55611,0.0,0.0
2020,REG,JAX,00-0030520,M.Glennon,193,5.0,2,9.0,5,-0.14923,7.0,0.03627
2020,REG,JAX,00-0035289,G.Minshew,127,3.0,1,10.0,3,0.10847,4.0,0.0315
2020,REG,JAX,00-0035289,G.Minshew II,254,2.0,3,17.0,6,0.06045,5.0,0.01969
2020,REG,JAX,00-0035831,J.Robinson,1,0.0,1,1.0,14,-4.40899,1.0,1.0
2020,REG,JAX,00-0036312,J.Luton,119,6.0,0,7.0,3,-0.28423,6.0,0.05042
2020,REG,KC,00-0026197,C.Henne,40,0.0,0,2.0,3,0.34891,0.0,0.0
2020,REG,KC,00-0030506,T.Kelce,2,0.0,0,0.0,2,0.22655,0.0,0.0
2020,REG,KC,00-0031325,S.Watkins,1,1.0,0,0.0,2,-1.95865,1.0,1.0
2020,REG,KC,00-0033873,P.Mahomes,652,6.0,2,22.0,15,0.29472,8.0,0.01227
2020,REG,KC,00-0035889,T.Townsend,1,0.0,0,0.0,1,3.45302,0.0,0.0
2020,REG,LA,00-0033106,J.Goff,596,13.0,4,23.0,15,0.01865,17.0,0.02852
2020,REG,LA,00-0034899,J.Wolford,42,1.0,0,2.0,1,-0.00797,1.0,0.02381
2020,REG,LAC,00-0028118,T.Taylor,34,0.0,0,2.0,2,0.00917,0.0,0.0
2020,REG,LAC,00-0030279,K.Allen,1,0.0,0,0.0,2,-0.51742,0.0,0.0
2020,REG,LAC,00-0035282,E.Stick,1,0.0,0,0.0,1,-0.23897,0.0,0.0
2020,REG,LAC,00-0036355,J.Herbert,651,10.0,1,32.0,15,0.14029,11.0,0.0169
2020,REG,LV,00-0031280,D.Carr,563,9.0,8,26.0,16,0.09343,17.0,0.0302
2020,REG,LV,00-0032268,M.Mariota,31,1.0,0,0.0,1,0.47562,1.0,0.03226
2020,REG,LV,00-0033891,Z.Jones,1,0.0,0,0.0,1,2.22142,0.0,0.0
2020,REG,LV,00-0033958,N.Peterman,8,0.0,0,2.0,1,-0.27436,0.0,0.0
2020,REG,MIA,00-0023682,R.Fitzpatrick,297,8.0,0,14.0,9,0.18421,8.0,0.02694
2020,REG,MIA,00-0036212,T.Tagovailoa,326,5.0,1,20.0,10,-0.03302,6.0,0.0184
2020,REG,MIA,00-0036364,L.Bowden,4,0.0,0,0.0,7,0.51465,0.0,0.0
2020,REG,MIN,00-0026516,B.Colquitt,1,0.0,0,0.0,1,-0.947,0.0,0.0
2020,REG,MIN,00-0029604,K.Cousins,576,13.0,5,39.0,16,0.16449,18.0,0.03125
2020,REG,NE,00-0026625,B.Hoyer,27,1.0,1,2.0,1,-0.27946,2.0,0.07407
2020,REG,NE,00-0027150,J.Edelman,2,0.0,0,0.0,3,1.72215,0.0,0.0
2020,REG,NE,00-0027939,C.Newton,418,10.0,1,31.0,15,-0.02795,11.0,0.02632
2020,REG,NE,00-0034960,J.Meyers,2,0.0,0,0.0,3,2.81567,0.0,0.0
2020,REG,NE,00-0035264,J.Stidham,50,3.0,0,4.0,5,-0.39729,3.0,0.06
2020,REG,NO,00-0020531,D.Brees,404,6.0,2,13.0,12,0.15155,8.0,0.0198
2020,REG,NO,00-0031503,J.Winston,14,0.0,0,2.0,3,0.07269,0.0,0.0
2020,REG,NO,00-0033357,T.Hill,152,2.0,5,14.0,16,0.07196,7.0,0.04605
2020,REG,NYG,00-0027688,C.McCoy,76,1.0,1,5.0,4,-0.13101,2.0,0.02632
2020,REG,NYG,00-0027891,G.Tate,1,0.0,0,0.0,1,2.64877,0.0,0.0
2020,REG,NYG,00-0027891,G.Tate III,1,0.0,0,0.0,1,-0.78337,0.0,0.0
2020,REG,NYG,00-0032943,R.Dixon,1,0.0,0,0.0,1,-2.57393,0.0,0.0
2020,REG,NYG,00-0035710,D.Jones,516,10.0,6,45.0,14,-0.04766,16.0,0.03101
2020,REG,NYJ,00-0026158,J.Flacco,146,3.0,0,7.0,5,-0.04918,3.0,0.02055
2020,REG,NYJ,00-0031941,J.Crowder,1,0.0,0,0.0,1,3.84617,0.0,0.0
2020,REG,NYJ,00-0034869,S.Darnold,424,11.0,2,35.0,12,-0.17576,13.0,0.03066
2020,REG,NYJ,00-0035510,J.Smith,1,0.0,0,1.0,1,-1.92288,0.0,0.0
2020,REG,PHI,00-0032792,N.Sudfeld,15,1.0,1,2.0,1,-0.29667,2.0,0.13333
2020,REG,PHI,00-0032950,C.Wentz,514,15.0,4,50.0,12,-0.13026,19.0,0.03696
2020,REG,PHI,00-0033733,G.Ward,2,0.0,0,0.0,3,-0.17392,0.0,0.0
2020,REG,PHI,00-0036389,J.Hurts,185,4.0,2,13.0,14,0.00847,6.0,0.03243
2020,REG,PHI,00-0036398,J.Hightower,1,0.0,0,0.0,1,-0.55648,0.0,0.0
2020,REG,PIT,00-0022924,B.Roethlisberger,628,10.0,1,13.0,15,0.07373,11.0,0.01752
2020,REG,PIT,00-0033949,J.Dobbs,5,0.0,0,0.0,1,-0.52462,0.0,0.0
2020,REG,PIT,00-0034771,M.Rudolph,46,1.0,0,1.0,4,0.17407,1.0,0.02174
2020,REG,SEA,00-0029263,R.Wilson,659,13.0,4,47.0,16,0.13161,17.0,0.0258
2020,REG,SEA,00-0030565,G.Smith,6,0.0,0,1.0,1,0.10647,0.0,0.0
2020,REG,SF,00-0031345,J.Garoppolo,155,5.0,0,11.0,6,0.16576,5.0,0.03226
2020,REG,SF,00-0033319,N.Mullens,349,12.0,4,19.0,10,0.00934,16.0,0.04585
2020,REG,SF,00-0033936,C.Beathard,114,0.0,3,9.0,6,0.08458,3.0,0.02632
2020,REG,SF,00-0034941,M.Wishnowsky,1,0.0,0,0.0,1,-0.947,0.0,0.0
2020,REG,TB,00-0019596,T.Brady,633,12.0,1,21.0,16,0.18685,13.0,0.02054
2020,REG,TB,00-0027948,B.Gabbert,19,0.0,0,1.0,4,0.07501,0.0,0.0
2020,REG,TEN,00-0025825,B.Kern,2,0.0,0,0.0,2,-1.41166,0.0,0.0
2020,REG,TEN,00-0029701,R.Tannehill,527,7.0,1,24.0,16,0.25486,8.0,0.01518
2020,REG,TEN,00-0032009,A.Humphries,1,0.0,0,1.0,1,-0.47477,0.0,0.0
2020,REG,TEN,00-0034438,L.Woodside,3,0.0,0,0.0,5,0.5116,0.0,0.0
2020,REG,WAS,00-0023436,A.Smith,277,8.0,0,22.0,8,-0.13709,8.0,0.02888
2020,REG,WAS,00-0031260,L.Thomas,1,0.0,0,0.0,3,1.86337,0.0,0.0
2020,REG,WAS,00-0031800,T.Heinicke,23,0.0,0,1.0,1,0.24261,0.0,0.0
2020,REG,WAS,00-0034577,K.Allen,100,1.0,1,7.0,4,0.07169,2.0,0.02
2020,REG,WAS,00-0035232,D.Haskins,269,7.0,3,20.0,7,-0.15129,10.0,0.03717
2020,REG,WAS,00-0036142,I.Wright,1,0.0,0,0.0,4,-0.55979,0.0,0.0
2021,POST,ARI,00-0035228,K.Murray,37,2.0,0,2.0,1,-0.50472,2.0,0.05405
2021,POST,BUF,00-0034857,J.Allen,69,0.0,0,2.0,2,0.679,0.0,0.0
2021,POST,CIN,00-0033897,J.Mixon,1,0.0,0,0.0,4,1.85045,0.0,0.0
2021,POST,CIN,00-0036442,J.Burrow,166,2.0,0,19.0,4,0.05492,2.0,0.01205
2021,POST,DAL,00-0029692,B.Anger,1,0.0,0,0.0,1,3.85617,0.0,0.0
2021,POST,DAL,00-0033077,D.Prescott,50,1.0,0,5.0,1,-0.22345,1.0,0.02
2021,POST,GB,00-0023459,A.Rodgers,33,0.0,0,5.0,1,-0.18927,0.0,0.0
2021,POST,KC,00-0030506,T.Kelce,1,0.0,0,0.0,1,0.70205,0.0,0.0
2021,POST,KC,00-0033873,P.Mahomes,144,3.0,0,9.0,3,0.29577,3.0,0.02083
2021,POST,LA,00-0026498,M.Stafford,152,3.0,0,7.0,4,0.29934,3.0,0.01974
2021,POST,LA,00-0028872,J.Hekker,1,0.0,0,0.0,1,-0.947,0.0,0.0
2021,POST,LA,00-0031235,O.Beckham,1,0.0,0,0.0,1,2.27835,0.0,0.0
2021,POST,LA,00-0033908,C.Kupp,1,0.0,0,0.0,2,-1.5157,0.0,0.0
2021,POST,LV,00-0031280,D.Carr,57,1.0,1,3.0,1,0.04777,2.0,0.03509
2021,POST,NE,00-0036972,M.Jones,42,2.0,0,3.0,1,0.12027,2.0,0.04762
2021,POST,PHI,00-0036389,J.Hurts,47,2.0,0,2.0,1,-0.11237,2.0,0.04255
2021,POST,PIT,00-0022924,B.Roethlisberger,46,0.0,0,2.0,1,-0.17936,0.0,0.0
2021,POST,SF,00-0031345,J.Garoppolo,79,3.0,0,4.0,3,-0.02665,3.0,0.03797
2021,POST,TB,00-0019596,T.Brady,98,1.0,1,7.0,2,-0.05846,2.0,0.02041
2021,POST,TEN,00-0029701,R.Tannehill,27,3.0,0,1.0,1,-0.22025,3.0,0.11111
2021,REG,ARI,00-0022824,A.Lee,1,0.0,1,0.0,2,-0.947,1.0,1.0
2021,REG,ARI,00-0027688,C.McCoy,108,1.0,1,6.0,7,0.12045,2.0,0.01852
2021,REG,ARI,00-0029747,C.Banjo,1,0.0,0,0.0,1,3.73153,0.0,0.0
2021,REG,ARI,00-0034775,C.Kirk,1,0.0,0,0.0,2,3.03058,0.0,0.0
2021,REG,ARI,00-0035228,K.Murray,543,10.0,0,31.0,14,0.13776,10.0,0.01842
2021,REG,ARI,00-0035752,C.Streveler,12,0.0,0,2.0,2,-0.43752,0.0,0.0
2021,REG,ATL,00-0026143,M.Ryan,618,12.0,4,40.0,17,-0.03324,16.0,0.02589
2021,REG,ATL,00-0030578,C.Patterson,1,0.0,0,0.0,16,-0.59964,0.0,0.0
2021,REG,ATL,00-0034343,J.Rosen,11,2.0,0,0.0,3,-1.70044,2.0,0.18182
2021,REG,ATL,00-0036825,F.Franks,1,1.0,0,0.0,3,-3.84049,1.0,1.0
2021,REG,BAL,00-0024417,S.Koch,1,0.0,0,0.0,1,-2.77872,0.0,0.0
2021,REG,BAL,00-0026300,J.Johnson,42,1.0,0,1.0,1,0.34505,1.0,0.02381
2021,REG,BAL,00-0034796,L.Jackson,470,13.0,3,38.0,12,0.0571,16.0,0.03404
2021,REG,BAL,00-0035993,T.Huntley,230,4.0,2,18.0,7,-0.06861,6.0,0.02609
2021,REG,BUF,00-0029000,C.Beasley,1,0.0,0,0.0,1,-0.47759,0.0,0.0
2021,REG,BUF,00-0031588,S.Diggs,1,0.0,0,1.0,1,-0.83633,0.0,0.0
2021,REG,BUF,00-0033869,M.Trubisky,9,1.0,0,0.0,5,0.06124,1.0,0.11111
2021,REG,BUF,00-0034857,J.Allen,675,15.0,3,26.0,16,0.15192,18.0,0.02667
2021,REG,BUF,00-0034857,Jos.Allen,46,0.0,0,0.0,1,0.39768,0.0,0.0
2021,REG,BUF,00-0035689,D.Knox,1,0.0,0,0.0,1,1.053,0.0,0.0
2021,REG,CAR,00-0027939,C.Newton,142,5.0,1,10.0,7,-0.26398,6.0,0.04225
2021,REG,CAR,00-0033275,P.Walker,75,3.0,1,7.0,5,-0.15359,4.0,0.05333
2021,REG,CAR,00-0034052,B.Zylstra,1,0.0,0,0.0,1,-1.31671,0.0,0.0
2021,REG,CAR,00-0034869,S.Darnold,465,13.0,4,35.0,12,-0.14894,17.0,0.03656
2021,REG,CHI,00-0027973,A.Dalton,268,9.0,1,18.0,8,-0.10346,10.0,0.03731
2021,REG,CHI,00-0029567,N.Foles,41,0.0,0,4.0,1,0.15038,0.0,0.0
2021,REG,CHI,00-0035685,D.Montgomery,1,1.0,1,0.0,13,-3.17675,2.0,2.0
2021,REG,CHI,00-0036945,J.Fields,349,10.0,5,36.0,12,-0.12311,15.0,0.04298
2021,REG,CIN,00-0032434,B.Allen,38,0.0,0,4.0,5,-0.29356,0.0,0.0
2021,REG,CIN,00-0033009,T.Boyd,1,0.0,0,0.0,3,3.19244,0.0,0.0
2021,REG,CIN,00-0036442,J.Burrow,591,14.0,2,51.0,16,0.17149,16.0,0.02707
2021,REG,CLE,00-0028986,C.Keenum,81,1.0,1,5.0,5,-0.05312,2.0,0.02469
2021,REG,CLE,00-0031382,J.Landry,3,0.0,1,1.0,6,-0.3832,1.0,0.33333
2021,REG,CLE,00-0033319,N.Mullens,29,0.0,0,0.0,1,0.07941,0.0,0.0
2021,REG,CLE,00-0034855,B.Mayfield,487,13.0,3,43.0,14,-0.01662,16.0,0.03285
2021,REG,DAL,00-0033045,E.Elliott,1,0.0,1,0.0,17,-0.79311,1.0,1.0
2021,REG,DAL,00-0033077,D.Prescott,651,10.0,6,30.0,16,0.17229,16.0,0.02458
2021,REG,DAL,00-0033662,C.Rush,51,1.0,1,3.0,4,0.14853,2.0,0.03922
2021,REG,DAL,00-0034418,C.Wilson,3,0.0,0,0.0,5,1.91635,0.0,0.0
2021,REG,DEN,00-0031237,T.Bridgewater,475,7.0,1,31.0,14,0.11942,8.0,0.01684
2021,REG,DEN,00-0034348,C.Sutton,1,0.0,0,0.0,1,1.00163,0.0,0.0
2021,REG,DEN,00-0034955,B.Rypien,2,0.0,0,0.0,1,-1.02956,0.0,0.0
2021,REG,DEN,00-0035704,D.Lock,126,2.0,1,9.0,6,-0.04197,3.0,0.02381
2021,REG,DEN,00-0035864,K.Hinton,1,0.0,0,0.0,1,-3.13066,0.0,0.0
2021,REG,DET,00-0033106,J.Goff,540,8.0,6,35.0,14,-0.06009,14.0,0.02593
2021,REG,DET,00-0034177,T.Boyle,96,6.0,0,0.0,4,-0.0205,6.0,0.0625
2021,REG,DET,00-0035040,D.Blough,2,0.0,0,1.0,1,-0.29304,0.0,0.0
2021,REG,DET,00-0035156,J.Fox,3,0.0,0,0.0,3,1.73079,0.0,0.0
2021,REG,DET,00-0035544,T.Kennedy,1,0.0,0,0.0,1,5.0696,0.0,0.0
2021,REG,DET,00-0036275,D.Swift,1,0.0,0,0.0,13,-0.91252,0.0,0.0
2021,REG,GB,00-0023459,A.Rodgers,295,1.0,0,13.0,8,0.31364,1.0,0.00339
2021,REG,GB,00-0023459,Aa.Rodgers,281,3.0,0,17.0,8,0.16954,3.0,0.01068
2021,REG,GB,00-0036264,J.Love,71,3.0,1,3.0,6,-0.10666,4.0,0.05634
2021,REG,HOU,00-0026035,D.Amendola,1,0.0,0,0.0,1,-0.3617,0.0,0.0
2021,REG,HOU,00-0028118,T.Taylor,128,5.0,0,12.0,4,-0.29256,5.0,0.03906
2021,REG,HOU,00-0028118,Ty.Taylor,49,0.0,0,1.0,2,0.60489,0.0,0.0
2021,REG,HOU,00-0030288,R.Burkhead,1,0.0,0,0.0,11,-0.49312,0.0,0.0
2021,REG,HOU,00-0036898,D.Mills,434,10.0,1,31.0,13,-0.12664,11.0,0.02535
2021,REG,IND,00-0032950,C.Wentz,578,7.0,5,32.0,17,0.02368,12.0,0.02076
2021,REG,IND,00-0036226,J.Eason,5,1.0,0,0.0,1,-0.62051,1.0,0.2
2021,REG,JAX,00-0033936,C.Beathard,2,0.0,0,0.0,2,0.91453,0.0,0.0
2021,REG,JAX,00-0036971,T.Lawrence,668,17.0,5,32.0,17,-0.08969,22.0,0.03293
2021,REG,KC,00-0026197,C.Henne,17,0.0,0,0.0,4,0.02288,0.0,0.0
2021,REG,KC,00-0033873,P.Mahomes,733,13.0,4,28.0,17,0.21527,17.0,0.02319
2021,REG,KC,00-0035889,T.Townsend,1,0.0,0,0.0,1,4.0307,0.0,0.0
2021,REG,LA,00-0026498,M.Stafford,642,17.0,2,30.0,17,0.18963,19.0,0.0296
2021,REG,LA,00-0028872,J.Hekker,1,0.0,0,0.0,2,-2.58209,0.0,0.0
2021,REG,LA,00-0033908,C.Kupp,1,0.0,0,0.0,5,-0.40206,0.0,0.0
2021,REG,LA,00-0034899,J.Wolford,5,1.0,0,1.0,2,-1.2721,1.0,0.2
2021,REG,LAC,00-0030279,K.Allen,2,0.0,0,0.0,2,0.27977,0.0,0.0
2021,REG,LAC,00-0031543,T.Long,1,0.0,0,0.0,1,-2.76716,0.0,0.0
2021,REG,LAC,00-0036355,J.Herbert,745,15.0,1,31.0,17,0.17125,16.0,0.02148
2021,REG,LV,00-0031280,D.Carr,683,14.0,5,40.0,17,0.03975,19.0,0.02782
2021,REG,LV,00-0032268,M.Mariota,2,0.0,0,0.0,7,-0.36021,0.0,0.0
2021,REG,LV,00-0033958,N.Peterman,1,0.0,0,0.0,1,-0.89757,0.0,0.0
2021,REG,MIA,00-0030669,A.Wilson,2,0.0,0,1.0,3,-1.02677,0.0,0.0
2021,REG,MIA,00-0031363,M.Palardy,1,0.0,0,0.0,1,3.457,0.0,0.0
2021,REG,MIA,00-0033119,J.Brissett,257,4.0,3,19.0,10,-0.08368,7.0,0.02724
2021,REG,MIA,00-0034829,M.Gesicki,1,0.0,0,0.0,1,-0.58645,0.0,0.0
2021,REG,MIA,00-0036212,T.Tagovailoa,427,10.0,1,20.0,13,0.0635,11.0,0.02576
2021,REG,MIN,00-0029604,K.Cousins,602,7.0,2,28.0,16,0.10967,9.0,0.01495
2021,REG,MIN,00-0032245,S.Mannion,39,0.0,0,2.0,1,-0.27344,0.0,0.0
2021,REG,MIN,00-0036322,J.Jefferson,4,0.0,0,0.0,9,0.31333,0.0,0.0
2021,REG,MIN,00-0036946,K.Mond,3,0.0,0,0.0,1,-0.58585,0.0,0.0
2021,REG,NE,00-0026625,B.Hoyer,11,0.0,0,0.0,5,1.89792,0.0,0.0
2021,REG,NE,00-0033307,K.Bourne,1,0.0,0,0.0,9,2.34783,0.0,0.0
2021,REG,NE,00-0034960,J.Meyers,2,0.0,0,0.0,2,0.89346,0.0,0.0
2021,REG,NE,00-0036972,M.Jones,565,13.0,3,28.0,17,0.06778,16.0,0.02832
2021,REG,NO,00-0031503,J.Winston,189,3.0,1,11.0,7,0.17641,4.0,0.02116
2021,REG,NO,00-0032156,T.Siemian,204,3.0,1,9.0,6,-0.04672,4.0,0.01961
2021,REG,NO,00-0033357,T.Hill,157,5.0,0,9.0,11,-0.02871,5.0,0.03185
2021,REG,NO,00-0035859,B.Gillikin,1,0.0,0,0.0,1,-2.36429,0.0,0.0
2021,REG,NO,00-0036929,I.Book,30,2.0,0,8.0,1,-1.0302,2.0,0.06667
2021,REG,NYG,00-0030520,M.Glennon,178,10.0,3,9.0,6,-0.44106,13.0,0.07303
2021,REG,NYG,00-0032943,R.Dixon,1,0.0,0,0.0,1,-2.85104,0.0,0.0
2021,REG,NYG,00-0034860,D.Pettis,1,0.0,0,0.0,1,0.98088,0.0,0.0
2021,REG,NYG,00-0035710,D.Jones,406,7.0,3,22.0,11,-0.02913,10.0,0.02463
2021,REG,NYG,00-0036197,J.Fromm,72,3.0,1,6.0,3,-0.41197,4.0,0.05556
2021,REG,NYG,00-0036913,K.Toney,4,0.0,0,1.0,5,-0.20709,0.0,0.0
2021,REG,NYJ,00-0026158,J.Flacco,45,0.0,1,2.0,2,0.13308,1.0,0.02222
2021,REG,NYJ,00-0026300,J.Johnson,50,1.0,0,2.0,3,0.29893,1.0,0.02
2021,REG,NYJ,00-0031941,J.Crowder,2,0.0,0,1.0,2,-0.14891,0.0,0.0
2021,REG,NYJ,00-0033681,K.Cole,1,0.0,0,0.0,1,-0.74086,0.0,0.0
2021,REG,NYJ,00-0034401,M.White,137,8.0,0,4.0,4,-0.05337,8.0,0.05839
2021,REG,NYJ,00-0037013,Z.Wilson,445,11.0,1,44.0,13,-0.19346,12.0,0.02697
2021,REG,PHI,00-0033733,G.Ward,2,0.0,0,0.0,2,-1.67691,0.0,0.0
2021,REG,PHI,00-0035289,G.Minshew,70,1.0,0,5.0,3,0.22439,1.0,0.01429
2021,REG,PHI,00-0036389,J.Hurts,509,9.0,2,26.0,15,0.08462,11.0,0.02161
2021,REG,PIT,00-0022924,B.Roethlisberger,649,10.0,5,38.0,16,-0.06933,15.0,0.02311
2021,REG,PIT,00-0031136,C.Boswell,1,0.0,0,0.0,1,-3.00748,0.0,0.0
2021,REG,PIT,00-0034771,M.Rudolph,60,1.0,0,0.0,2,-0.17283,1.0,0.01667
2021,REG,SEA,00-0029263,R.Wilson,458,6.0,1,33.0,14,0.03286,7.0,0.01528
2021,REG,SEA,00-0030565,G.Smith,111,1.0,1,13.0,4,-0.00434,2.0,0.01802
2021,REG,SF,00-0031345,J.Garoppolo,475,12.0,3,29.0,15,0.16125,15.0,0.03158
2021,REG,SF,00-0035719,D.Samuel,2,0.0,0,0.0,12,1.00887,0.0,0.0
2021,REG,SF,00-0036261,B.Aiyuk,1,0.0,0,0.0,5,-0.20453,0.0,0.0
2021,REG,SF,00-0037012,T.Lance,86,2.0,0,4.0,6,0.17143,2.0,0.02326
2021,REG,TB,00-0019596,T.Brady,750,12.0,3,22.0,17,0.18818,15.0,0.02
2021,REG,TB,00-0027948,B.Gabbert,12,0.0,0,1.0,6,0.01599,0.0,0.0
2021,REG,TB,00-0033856,L.Fournette,1,0.0,0,0.0,14,-0.6633,0.0,0.0
2021,REG,TEN,00-0029701,R.Tannehill,597,14.0,4,47.0,17,0.06011,18.0,0.03015
2021,REG,TEN,00-0032496,M.Farley,1,0.0,0,0.0,1,3.06227,0.0,0.0
2021,REG,TEN,00-0032764,D.Henry,1,0.0,0,0.0,8,1.03209,0.0,0.0
2021,REG,TEN,00-0035676,A.Brown,2,0.0,0,0.0,4,-0.62573,0.0,0.0
2021,REG,WAS,00-0023682,R.Fitzpatrick,8,0.0,0,1.0,1,-0.68377,0.0,0.0
2021,REG,WAS,00-0031395,G.Gilbert,33,0.0,0,2.0,1,-0.08335,0.0,0.0
2021,REG,WAS,00-0031800,T.Heinicke,572,15.0,2,38.0,16,-0.05217,17.0,0.02972
2021,REG,WAS,00-0034577,K.Allen,22,0.0,1,2.0,2,0.01785,1.0,0.04545
2022,POST,BAL,00-0035993,T.Huntley,33,1.0,1,2.0,1,0.07088,2.0,0.06061
2022,POST,BUF,00-0034857,J.Allen,95,3.0,1,8.0,2,-0.14064,4.0,0.04211
2022,POST,CIN,00-0036442,J.Burrow,127,2.0,0,10.0,3,0.1231,2.0,0.01575
2022,POST,DAL,00-0033077,D.Prescott,77,2.0,0,2.0,2,0.28637,2.0,0.02597
2022,POST,JAX,00-0036971,T.Lawrence,92,5.0,0,4.0,2,-0.07167,5.0,0.05435
2022,POST,KC,00-0026197,C.Henne,7,0.0,0,0.0,1,0.38671,0.0,0.0
2022,POST,KC,00-0033873,P.Mahomes,111,0.0,1,3.0,3,0.31146,1.0,0.00901
2022,POST,LAC,00-0036355,J.Herbert,47,0.0,0,3.0,1,0.20497,0.0,0.0
2022,POST,MIA,00-0037327,S.Thompson,52,2.0,0,4.0,1,-0.19883,2.0,0.03846
2022,POST,MIN,00-0029604,K.Cousins,39,0.0,0,0.0,1,0.31405,0.0,0.0
2022,POST,MIN,00-0036322,J.Jefferson,1,0.0,0,0.0,1,-2.3802,0.0,0.0
2022,POST,NYG,00-0035710,D.Jones,79,1.0,0,8.0,2,0.06431,1.0,0.01266
2022,POST,PHI,00-0036389,J.Hurts,95,0.0,1,4.0,3,0.20438,1.0,0.01053
2022,POST,SEA,00-0030565,G.Smith,42,1.0,1,3.0,1,0.14614,2.0,0.04762
2022,POST,SF,00-0026300,J.Johnson,15,0.0,1,2.0,1,-0.13504,1.0,0.06667
2022,POST,SF,00-0033280,C.McCaffrey,1,0.0,0,0.0,3,-0.53733,0.0,0.0
2022,POST,SF,00-0037834,B.Purdy,71,0.0,1,4.0,3,0.30668,1.0,0.01408
2022,POST,TB,00-0019596,T.Brady,70,1.0,0,2.0,1,-0.05113,1.0,0.01429
2022,REG,ARI,00-0022824,A.Lee,1,0.0,0,0.0,1,2.86448,0.0,0.0
2022,REG,ARI,00-0027688,C.McCoy,153,3.0,0,13.0,4,-0.23566,3.0,0.01961
2022,REG,ARI,00-0035040,D.Blough,65,2.0,1,5.0,2,-0.08405,3.0,0.04615
2022,REG,ARI,00-0035146,T.McSorley,91,5.0,2,3.0,5,-0.39921,7.0,0.07692
2022,REG,ARI,00-0035228,K.Murray,443,7.0,2,25.0,11,-0.00436,9.0,0.02032
2022,REG,ATL,00-0032268,M.Mariota,353,9.0,3,28.0,13,0.00222,12.0,0.03399
2022,REG,ATL,00-0038122,D.Ridder,135,0.0,2,9.0,4,-0.06702,2.0,0.01481
2022,REG,BAL,00-0034796,L.Jackson,378,7.0,2,26.0,12,0.04996,9.0,0.02381
2022,REG,BAL,00-0035993,T.Huntley,132,3.0,0,7.0,5,-0.09855,3.0,0.02273
2022,REG,BAL,00-0036133,J.Proche,1,1.0,0,0.0,1,-4.04289,1.0,1.0
2022,REG,BAL,00-0037175,A.Brown,52,2.0,1,5.0,2,-0.40076,3.0,0.05769
2022,REG,BUF,00-0028986,C.Keenum,7,0.0,0,0.0,2,-0.82661,0.0,0.0
2022,REG,BUF,00-0034857,J.Allen,651,14.0,5,33.0,16,0.21748,19.0,0.02919
2022,REG,CAR,00-0033275,P.Walker,115,3.0,0,7.0,6,-0.17545,3.0,0.02609
2022,REG,CAR,00-0034855,B.Mayfield,234,6.0,1,19.0,7,-0.18927,7.0,0.02991
2022,REG,CAR,00-0034869,S.Darnold,156,3.0,2,10.0,6,0.17924,5.0,0.03205
2022,REG,CAR,00-0036226,J.Eason,5,1.0,0,0.0,1,-0.45226,1.0,0.2
2022,REG,CHI,00-0032156,T.Siemian,29,1.0,0,2.0,2,-0.25185,1.0,0.03448
2022,REG,CHI,00-0033958,N.Peterman,27,1.0,0,1.0,3,-0.19525,1.0,0.03704
2022,REG,CHI,00-0034177,T.Boyle,9,2.0,0,0.0,1,-0.60628,2.0,0.22222
2022,REG,CHI,00-0034279,E.St. Brown,1,0.0,0,0.0,4,-0.37551,0.0,0.0
2022,REG,CHI,00-0036945,J.Fields,443,11.0,2,55.0,15,-0.07221,13.0,0.02935
2022,REG,CIN,00-0032434,B.Allen,4,0.0,0,1.0,1,-0.17206,0.0,0.0
2022,REG,CIN,00-0033009,T.Boyd,2,0.0,0,1.0,2,0.30364,0.0,0.0
2022,REG,CIN,00-0036442,J.Burrow,678,12.0,3,41.0,16,0.14918,15.0,0.02212
2022,REG,CIN,00-0036900,J.Chase,1,0.0,0,1.0,4,-1.60401,0.0,0.0
2022,REG,CLE,00-0031544,A.Cooper,1,1.0,0,0.0,1,-4.9805,1.0,1.0
2022,REG,CLE,00-0033119,J.Brissett,414,6.0,4,24.0,14,0.07582,10.0,0.02415
2022,REG,CLE,00-0033537,D.Watson,200,5.0,0,20.0,6,-0.10267,5.0,0.025
2022,REG,DAL,00-0033077,D.Prescott,429,15.0,1,20.0,12,0.07931,16.0,0.0373
2022,REG,DAL,00-0033662,C.Rush,170,3.0,0,7.0,8,-0.09369,3.0,0.01765
2022,REG,DAL,00-0036358,C.Lamb,1,0.0,0,0.0,7,-0.947,0.0,0.0
2022,REG,DEN,00-0029263,R.Wilson,566,11.0,2,55.0,15,-0.07522,13.0,0.02297
2022,REG,DEN,00-0034955,B.Rypien,97,4.0,1,8.0,4,-0.30516,5.0,0.05155
2022,REG,DET,00-0032792,N.Sudfeld,1,0.0,0,1.0,2,-0.89873,0.0,0.0
2022,REG,DET,00-0033106,J.Goff,625,7.0,4,23.0,17,0.15671,11.0,0.0176
2022,REG,DET,00-0035156,J.Fox,1,0.0,0,0.0,1,2.9526,0.0,0.0
2022,REG,GB,00-0023459,A.Rodgers,588,12.0,4,32.0,17,-0.00625,16.0,0.02721
2022,REG,GB,00-0036264,J.Love,20,0.0,0,0.0,4,0.176,0.0,0.0
2022,REG,HOU,00-0030288,R.Burkhead,1,0.0,0,0.0,8,-0.45197,0.0,0.0
2022,REG,HOU,00-0032208,P.Dorsett,1,0.0,0,0.0,1,-0.53611,0.0,0.0
2022,REG,HOU,00-0032436,J.Driskel,24,0.0,0,2.0,7,0.00287,0.0,0.0
2022,REG,HOU,00-0034577,K.Allen,87,4.0,1,5.0,2,-0.47998,5.0,0.05747
2022,REG,HOU,00-0036898,D.Mills,528,15.0,3,31.0,15,-0.13299,18.0,0.03409
2022,REG,IND,00-0026143,M.Ryan,512,13.0,5,38.0,12,-0.08498,18.0,0.03516
2022,REG,IND,00-0029567,N.Foles,51,4.0,0,8.0,2,-0.67043,4.0,0.07843
2022,REG,IND,00-0036879,S.Ehlinger,126,3.0,1,14.0,4,-0.27952,4.0,0.03175
2022,REG,JAX,00-0033936,C.Beathard,12,1.0,0,1.0,4,-0.96676,1.0,0.08333
2022,REG,JAX,00-0034775,C.Kirk,1,0.0,0,0.0,5,-0.32681,0.0,0.0
2022,REG,JAX,00-0036971,T.Lawrence,639,8.0,9,27.0,17,0.14476,17.0,0.0266
2022,REG,KC,00-0026197,C.Henne,2,0.0,0,0.0,2,-0.94576,0.0,0.0
2022,REG,KC,00-0033873,P.Mahomes,723,12.0,0,26.0,17,0.2911,12.0,0.0166
2022,REG,KC,00-0035889,T.Townsend,1,0.0,0,0.0,2,-3.51759,0.0,0.0
2022,REG,LA,00-0026498,M.Stafford,337,8.0,3,29.0,9,-0.08265,11.0,0.03264
2022,REG,LA,00-0032943,R.Dixon,2,0.0,0,0.0,2,2.69338,0.0,0.0
2022,REG,LA,00-0033908,C.Kupp,1,0.0,0,0.0,5,-0.46752,0.0,0.0
2022,REG,LA,00-0034855,B.Mayfield,152,2.0,1,17.0,5,-0.06732,3.0,0.01974
2022,REG,LA,00-0034899,J.Wolford,73,3.0,1,7.0,2,-0.29925,4.0,0.05479
2022,REG,LA,00-0035939,B.Perkins,46,2.0,0,6.0,5,-0.30086,2.0,0.04348
2022,REG,LAC,00-0026544,C.Daniel,15,0.0,0,1.0,3,0.1081,0.0,0.0
2022,REG,LAC,00-0036355,J.Herbert,758,10.0,3,38.0,17,0.02706,13.0,0.01715
2022,REG,LV,00-0031280,D.Carr,546,14.0,0,27.0,15,0.0306,14.0,0.02564
2022,REG,LV,00-0031381,D.Adams,1,0.0,0,1.0,4,-1.80456,0.0,0.0
2022,REG,LV,00-0033555,M.Hollins,1,0.0,0,0.0,3,0.05115,0.0,0.0
2022,REG,LV,00-0035264,J.Stidham,101,3.0,1,7.0,3,0.00373,4.0,0.0396
2022,REG,MIA,00-0031237,T.Bridgewater,90,4.0,0,7.0,5,-0.02781,4.0,0.04444
2022,REG,MIA,00-0034418,C.Wilson,1,0.0,0,1.0,2,-1.25262,0.0,0.0
2022,REG,MIA,00-0036212,T.Tagovailoa,431,8.0,1,21.0,13,0.21764,9.0,0.02088
2022,REG,MIA,00-0037327,S.Thompson,116,3.0,2,6.0,7,-0.28435,5.0,0.0431
2022,REG,MIN,00-0029604,K.Cousins,702,14.0,3,46.0,17,0.04082,17.0,0.02422
2022,REG,MIN,00-0033319,N.Mullens,26,1.0,0,0.0,4,0.47149,1.0,0.03846
2022,REG,MIN,00-0033893,D.Cook,1,0.0,4,1.0,17,-6.88789,4.0,4.0
2022,REG,MIN,00-0036322,J.Jefferson,3,0.0,0,0.0,5,1.17592,0.0,0.0
2022,REG,MIN,00-0037500,R.Wright,2,0.0,0,0.0,2,-0.20461,0.0,0.0
2022,REG,NE,00-0026625,B.Hoyer,7,0.0,0,1.0,1,-0.30379,0.0,0.0
2022,REG,NE,00-0036972,M.Jones,498,11.0,1,34.0,14,-0.06901,12.0,0.0241
2022,REG,NE,00-0038108,B.Zappe,99,3.0,3,6.0,4,0.07665,6.0,0.06061
2022,REG,NO,00-0027973,A.Dalton,415,9.0,1,25.0,14,0.01856,10.0,0.0241
2022,REG,NO,00-0031503,J.Winston,128,5.0,0,11.0,3,-0.10741,5.0,0.03906
2022,REG,NO,00-0033357,T.Hill,21,0.0,0,2.0,16,0.59934,0.0,0.0
2022,REG,NYG,00-0028118,T.Taylor,16,1.0,1,3.0,2,0.26232,2.0,0.125
2022,REG,NYG,00-0033550,D.Webb,43,0.0,0,0.0,1,-0.0068,0.0,0.0
2022,REG,NYG,00-0035042,J.Gillan,1,0.0,0,1.0,4,-3.91647,0.0,0.0
2022,REG,NYG,00-0035710,D.Jones,568,5.0,3,44.0,16,0.06076,8.0,0.01408
2022,REG,NYG,00-0036145,L.Cager,1,0.0,0,1.0,1,-0.84021,0.0,0.0
2022,REG,NYG,00-0036913,K.Toney,1,0.0,0,0.0,1,-0.19145,0.0,0.0
2022,REG,NYJ,00-0026158,J.Flacco,202,3.0,4,10.0,5,-0.14218,7.0,0.03465
2022,REG,NYJ,00-0034401,M.White,185,4.0,1,9.0,4,-0.04034,5.0,0.02703
2022,REG,NYJ,00-0034419,B.Berrios,1,0.0,0,0.0,7,1.18445,0.0,0.0
2022,REG,NYJ,00-0035752,C.Streveler,19,0.0,0,0.0,1,-0.19466,0.0,0.0
2022,REG,NYJ,00-0036313,B.Mann,2,0.0,0,0.0,2,0.44602,0.0,0.0
2022,REG,NYJ,00-0037013,Z.Wilson,278,7.0,1,23.0,9,-0.10381,8.0,0.02878
2022,REG,NYJ,00-0037740,G.Wilson,1,0.0,0,0.0,5,-0.49254,0.0,0.0
2022,REG,PHI,00-0035289,G.Minshew,83,3.0,1,6.0,5,0.07743,4.0,0.04819
2022,REG,PHI,00-0036389,J.Hurts,542,6.0,2,38.0,15,0.12475,8.0,0.01476
2022,REG,PIT,00-0033869,M.Trubisky,195,5.0,0,11.0,7,0.00938,5.0,0.02564
2022,REG,PIT,00-0036326,C.Claypool,1,0.0,0,0.0,4,2.55321,0.0,0.0
2022,REG,PIT,00-0036893,N.Harris,1,0.0,1,0.0,17,-0.06479,1.0,1.0
2022,REG,PIT,00-0038102,K.Pickett,445,9.0,1,27.0,13,-0.00195,10.0,0.02247
2022,REG,SEA,00-0030565,G.Smith,652,11.0,4,46.0,17,0.03853,15.0,0.02301
2022,REG,SEA,00-0036425,D.Dallas,1,1.0,0,0.0,11,-4.86711,1.0,1.0
2022,REG,SF,00-0026300,J.Johnson,2,0.0,0,0.0,1,-0.41792,0.0,0.0
2022,REG,SF,00-0031345,J.Garoppolo,329,4.0,2,18.0,11,0.18695,6.0,0.01824
2022,REG,SF,00-0033280,C.McCaffrey,1,0.0,0,0.0,11,3.77114,0.0,0.0
2022,REG,SF,00-0037012,T.Lance,37,1.0,0,2.0,2,-0.25568,1.0,0.02703
2022,REG,SF,00-0037834,B.Purdy,187,4.0,0,11.0,9,0.19738,4.0,0.02139
2022,REG,TB,00-0019596,T.Brady,762,9.0,4,22.0,17,0.0484,13.0,0.01706
2022,REG,TB,00-0027948,B.Gabbert,8,0.0,0,0.0,1,0.02691,0.0,0.0
2022,REG,TB,00-0033856,L.Fournette,1,1.0,0,0.0,15,-4.72602,1.0,1.0
2022,REG,TB,00-0036928,K.Trask,9,0.0,0,0.0,1,-0.59251,0.0,0.0
2022,REG,TEN,00-0029701,R.Tannehill,371,6.0,2,33.0,12,0.06783,8.0,0.02156
2022,REG,TEN,00-0032764,D.Henry,2,0.0,2,0.0,16,0.23323,2.0,1.0
2022,REG,TEN,00-0033949,J.Dobbs,77,2.0,2,6.0,2,-0.09624,4.0,0.05195
2022,REG,TEN,00-0038128,M.Willis,79,3.0,2,10.0,7,-0.4597,5.0,0.06329
2022,REG,WAS,00-0031800,T.Heinicke,289,6.0,5,19.0,9,-0.04063,11.0,0.03806
2022,REG,WAS,00-0032950,C.Wentz,321,9.0,1,26.0,8,-0.10922,10.0,0.03115
2022,REG,WAS,00-0037077,S.Howell,25,1.0,0,3.0,1,-0.14331,1.0,0.04
2023,POST,BAL,00-0034796,L.Jackson,76,1.0,1,7.0,2,-0.0121,2.0,0.02632
2023,POST,BUF,00-0034857,J.Allen,80,0.0,0,2.0,2,0.23643,0.0,0.0
2023,POST,CLE,00-0026158,J.Flacco,52,2.0,0,4.0,1,-0.32323,2.0,0.03846
2023,POST,DAL,00-0033077,D.Prescott,70,2.0,0,4.0,1,0.01637,2.0,0.02857
2023,POST,DET,00-0033106,J.Goff,119,0.0,0,7.0,3,0.22334,0.0,0.0
2023,POST,GB,00-0036264,J.Love,57,2.0,0,0.0,2,0.41492,2.0,0.03509
2023,POST,HOU,00-0036898,D.Mills,1,0.0,0,0.0,1,-1.18284,0.0,0.0
2023,POST,HOU,00-0039163,C.Stroud,56,0.0,0,0.0,2,0.1648,0.0,0.0
2023,POST,KC,00-0033873,P.Mahomes,167,1.0,0,5.0,4,0.23803,1.0,0.00599
2023,POST,LA,00-0026498,M.Stafford,38,0.0,0,2.0,1,0.48884,0.0,0.0
2023,POST,MIA,00-0036212,T.Tagovailoa,44,1.0,0,2.0,1,-0.28027,1.0,0.02273
2023,POST,PHI,00-0036389,J.Hurts,39,0.0,0,3.0,1,-0.08185,0.0,0.0
2023,POST,PIT,00-0034771,M.Rudolph,41,1.0,0,1.0,1,-0.16638,1.0,0.02439
2023,POST,SF,00-0036259,J.Jennings,1,0.0,0,0.0,2,2.94651,0.0,0.0
2023,POST,SF,00-0037834,B.Purdy,118,1.0,0,4.0,3,0.21377,1.0,0.00847
2023,POST,TB,00-0034855,B.Mayfield,90,2.0,0,8.0,2,0.19289,2.0,0.02222
2023,REG,ARI,00-0033949,J.Dobbs,297,5.0,4,17.0,8,-0.11992,9.0,0.0303
2023,REG,ARI,00-0035228,K.Murray,305,5.0,0,18.0,8,-0.01479,5.0,0.01639
2023,REG,ARI,00-0038582,C.Tune,33,2.0,1,7.0,6,-1.04039,3.0,0.09091
2023,REG,ATL,00-0031800,T.Heinicke,155,4.0,0,8.0,5,0.06508,4.0,0.02581
2023,REG,ATL,00-0033858,J.Smith,1,0.0,0,0.0,2,-0.86183,0.0,0.0
2023,REG,ATL,00-0034438,L.Woodside,6,1.0,0,1.0,1,-1.62562,1.0,0.16667
2023,REG,ATL,00-0037238,D.London,1,0.0,0,0.0,1,1.84401,0.0,0.0
2023,REG,ATL,00-0038122,D.Ridder,439,12.0,7,31.0,15,-0.06654,19.0,0.04328
2023,REG,BAL,00-0034796,L.Jackson,560,7.0,6,37.0,16,0.10375,13.0,0.02321
2023,REG,BAL,00-0035993,T.Huntley,48,0.0,0,4.0,5,0.05921,0.0,0.0
2023,REG,BUF,00-0034857,J.Allen,652,18.0,4,24.0,17,0.16674,22.0,0.03374
2023,REG,CAR,00-0027973,A.Dalton,62,0.0,0,3.0,2,0.09328,0.0,0.0
2023,REG,CAR,00-0028872,J.Hekker,1,0.0,1,0.0,2,-1.94109,1.0,1.0
2023,REG,CAR,00-0039150,B.Young,620,10.0,6,62.0,16,-0.22816,16.0,0.02581
2023,REG,CHI,00-0033958,N.Peterman,1,0.0,0,1.0,1,-0.09443,0.0,0.0
2023,REG,CHI,00-0036309,D.Mooney,1,0.0,0,0.0,2,-0.32451,0.0,0.0
2023,REG,CHI,00-0036945,J.Fields,459,9.0,4,44.0,13,-0.03976,13.0,0.02832
2023,REG,CHI,00-0038416,T.Bagent,160,6.0,2,5.0,5,-0.13924,8.0,0.05
2023,REG,CIN,00-0031288,A.McCarron,6,0.0,0,1.0,2,-0.87518,0.0,0.0
2023,REG,CIN,00-0033009,T.Boyd,1,1.0,0,0.0,2,-6.52707,1.0,1.0
2023,REG,CIN,00-0034613,T.Hudson,1,0.0,0,1.0,1,-2.26438,0.0,0.0
2023,REG,CIN,00-0035100,J.Browning,284,7.0,0,24.0,9,0.1195,7.0,0.02465
2023,REG,CIN,00-0036442,J.Burrow,402,6.0,1,24.0,10,0.00859,7.0,0.01741
2023,REG,CIN,00-0036900,J.Chase,1,0.0,0,0.0,3,-2.10286,0.0,0.0
2023,REG,CLE,00-0026158,J.Flacco,213,8.0,1,8.0,5,-0.05024,9.0,0.04225
2023,REG,CLE,00-0032436,J.Driskel,32,2.0,0,3.0,1,-0.30878,2.0,0.0625
2023,REG,CLE,00-0033275,P.Walker,125,5.0,2,11.0,5,-0.28557,7.0,0.056
2023,REG,CLE,00-0033537,D.Watson,204,4.0,2,17.0,6,-0.0959,6.0,0.02941
2023,REG,CLE,00-0038583,D.Thompson-Robinson,122,4.0,0,6.0,7,-0.322,4.0,0.03279
2023,REG,DAL,00-0029692,B.Anger,1,0.0,0,0.0,1,1.053,0.0,0.0
2023,REG,DAL,00-0033077,D.Prescott,658,9.0,2,39.0,17,0.20699,11.0,0.01672
2023,REG,DAL,00-0033662,C.Rush,25,1.0,0,1.0,7,-0.2096,1.0,0.04
2023,REG,DEN,00-0029263,R.Wilson,527,8.0,5,45.0,15,-0.04521,13.0,0.02467
2023,REG,DEN,00-0035264,J.Stidham,76,1.0,0,7.0,2,0.0516,1.0,0.01316
2023,REG,DET,00-0033106,J.Goff,643,12.0,4,30.0,17,0.10457,16.0,0.02488
2023,REG,DET,00-0033557,J.Reeves-Maybin,1,0.0,0,0.0,3,4.143,0.0,0.0
2023,REG,DET,00-0036963,A.St. Brown,1,0.0,0,1.0,4,-1.97457,0.0,0.0
2023,REG,GB,00-0036264,J.Love,633,11.0,3,30.0,17,0.13184,14.0,0.02212
2023,REG,GB,00-0037816,R.Doubs,1,0.0,0,0.0,1,-0.947,0.0,0.0
2023,REG,GB,00-0038391,S.Clifford,1,0.0,0,0.0,2,2.14363,0.0,0.0
2023,REG,GB,00-0038393,D.Wicks,1,0.0,0,0.0,1,0.88928,0.0,0.0
2023,REG,HOU,00-0028986,C.Keenum,59,3.0,0,6.0,2,-0.35002,3.0,0.05085
2023,REG,HOU,00-0035250,D.Singletary,1,0.0,0,0.0,16,1.8423,0.0,0.0
2023,REG,HOU,00-0036898,D.Mills,42,0.0,0,2.0,5,-0.09345,0.0,0.0
2023,REG,HOU,00-0038977,N.Dell,1,0.0,0,1.0,6,-0.77742,0.0,0.0
2023,REG,HOU,00-0039163,C.Stroud,557,5.0,4,38.0,15,0.10818,9.0,0.01616
2023,REG,IND,00-0035289,G.Minshew,548,9.0,5,34.0,16,-0.00108,14.0,0.02555
2023,REG,IND,00-0039164,A.Richardson,100,1.0,1,7.0,4,0.06368,2.0,0.02
2023,REG,JAX,00-0033936,C.Beathard,64,0.0,0,6.0,6,0.04115,0.0,0.0
2023,REG,JAX,00-0034437,L.Cooke,1,0.0,0,0.0,1,2.56438,0.0,0.0
2023,REG,JAX,00-0034775,C.Kirk,2,0.0,0,0.0,3,-0.8783,0.0,0.0
2023,REG,JAX,00-0036971,T.Lawrence,643,14.0,8,35.0,16,-0.01017,22.0,0.03421
2023,REG,KC,00-0027948,B.Gabbert,40,3.0,0,1.0,2,-0.31374,3.0,0.075
2023,REG,KC,00-0031376,J.McKinnon,1,0.0,0,0.0,10,1.10535,0.0,0.0
2023,REG,KC,00-0033873,P.Mahomes,672,14.0,3,27.0,16,0.09564,17.0,0.0253
2023,REG,KC,00-0035889,T.Townsend,1,0.0,0,0.0,1,2.43964,0.0,0.0
2023,REG,KC,00-0036913,K.Toney,1,0.0,0,0.0,8,-0.44609,0.0,0.0
2023,REG,LA,00-0026498,M.Stafford,565,11.0,0,30.0,15,0.09247,11.0,0.01947
2023,REG,LA,00-0032950,C.Wentz,31,1.0,0,2.0,1,0.26002,1.0,0.03226
2023,REG,LA,00-0034955,B.Rypien,43,1.0,1,2.0,2,-0.42766,2.0,0.04651
2023,REG,LA,00-0036849,T.Atwell,1,0.0,0,0.0,4,1.053,0.0,0.0
2023,REG,LAC,00-0030279,K.Allen,2,0.0,0,0.0,3,1.75744,0.0,0.0
2023,REG,LAC,00-0035282,E.Stick,196,1.0,4,14.0,5,-0.13073,5.0,0.02551
2023,REG,LAC,00-0036355,J.Herbert,517,7.0,1,29.0,13,0.05142,8.0,0.01547
2023,REG,LV,00-0026625,B.Hoyer,43,2.0,0,1.0,2,-0.2042,2.0,0.04651
2023,REG,LV,00-0031345,J.Garoppolo,191,9.0,0,14.0,7,-0.08668,9.0,0.04712
2023,REG,LV,00-0034960,J.Meyers,4,0.0,0,0.0,5,0.58625,0.0,0.0
2023,REG,LV,00-0035700,J.Jacobs,1,0.0,1,1.0,13,-1.07641,1.0,1.0
2023,REG,LV,00-0038579,A.O'Connell,367,7.0,2,24.0,11,-0.06032,9.0,0.02452
2023,REG,MIA,00-0034401,M.White,6,1.0,1,0.0,6,-1.20682,2.0,0.33333
2023,REG,MIA,00-0034418,C.Wilson,1,0.0,0,1.0,1,-1.35745,0.0,0.0
2023,REG,MIA,00-0036212,T.Tagovailoa,605,14.0,5,29.0,17,0.17427,19.0,0.0314
2023,REG,MIA,00-0039040,D.Achane,1,0.0,1,1.0,11,-1.43373,1.0,1.0
2023,REG,MIN,00-0029604,K.Cousins,329,5.0,4,17.0,8,0.0671,9.0,0.02736
2023,REG,MIN,00-0033319,N.Mullens,164,8.0,0,12.0,5,0.09936,8.0,0.04878
2023,REG,MIN,00-0033949,J.Dobbs,187,5.0,3,13.0,5,-0.10792,8.0,0.04278
2023,REG,MIN,00-0036322,J.Jefferson,1,0.0,0,0.0,2,-0.39333,0.0,0.0
2023,REG,MIN,00-0036414,C.Akers,1,0.0,0,1.0,6,-1.51879,0.0,0.0
2023,REG,MIN,00-0038598,J.Hall,27,1.0,2,4.0,3,-0.5423,3.0,0.11111
2023,REG,NE,00-0036972,M.Jones,380,12.0,2,22.0,11,-0.17156,14.0,0.03684
2023,REG,NE,00-0038108,B.Zappe,246,9.0,1,25.0,10,-0.32641,10.0,0.04065
2023,REG,NE,00-0038911,M.Cunningham,1,0.0,0,1.0,1,-1.28537,0.0,0.0
2023,REG,NO,00-0031280,D.Carr,590,8.0,3,31.0,17,0.05105,11.0,0.01864
2023,REG,NO,00-0031503,J.Winston,49,3.0,0,2.0,6,-0.19978,3.0,0.06122
2023,REG,NO,00-0033357,T.Hill,16,0.0,1,2.0,16,0.247,1.0,0.0625
2023,REG,NYG,00-0028118,T.Taylor,218,3.0,0,17.0,10,0.01255,3.0,0.01376
2023,REG,NYG,00-0035639,P.Campbell,1,0.0,0,1.0,1,-1.52679,0.0,0.0
2023,REG,NYG,00-0035710,D.Jones,211,6.0,1,30.0,6,-0.24884,7.0,0.03318
2023,REG,NYG,00-0038115,D.Bellinger,1,0.0,0,0.0,1,-0.947,0.0,0.0
2023,REG,NYG,00-0038476,T.DeVito,237,3.0,1,37.0,9,-0.22044,4.0,0.01688
2023,REG,NYJ,00-0023459,A.Rodgers,2,0.0,0,1.0,1,-1.01598,0.0,0.0
2023,REG,NYJ,00-0027114,T.Morstead,1,0.0,0,0.0,1,2.6709,0.0,0.0
2023,REG,NYJ,00-0032156,T.Siemian,167,4.0,3,8.0,5,-0.34368,7.0,0.04192
2023,REG,NYJ,00-0034177,T.Boyle,86,4.0,0,9.0,3,-0.41892,4.0,0.04651
2023,REG,NYJ,00-0037013,Z.Wilson,438,7.0,7,46.0,12,-0.24791,14.0,0.03196
2023,REG,NYJ,00-0037740,G.Wilson,1,0.0,0,0.0,5,-0.43348,0.0,0.0
2023,REG,PHI,00-0032268,M.Mariota,28,1.0,1,3.0,2,-0.17017,2.0,0.07143
2023,REG,PHI,00-0036313,B.Mann,1,0.0,0,0.0,1,4.20933,0.0,0.0
2023,REG,PHI,00-0036389,J.Hurts,623,15.0,5,36.0,17,0.09526,20.0,0.0321
2023,REG,PHI,00-0036919,K.Gainwell,1,0.0,1,0.0,16,1.23451,1.0,1.0
2023,REG,PIT,00-0033869,M.Trubisky,122,5.0,1,7.0,5,-0.14409,6.0,0.04918
2023,REG,PIT,00-0034771,M.Rudolph,82,0.0,1,6.0,4,0.16159,1.0,0.0122
2023,REG,PIT,00-0037304,Co.Heyward,1,0.0,0,0.0,2,-0.25261,0.0,0.0
2023,REG,PIT,00-0038102,K.Pickett,361,4.0,0,23.0,12,-0.11862,4.0,0.01108
2023,REG,SEA,00-0030565,G.Smith,548,9.0,3,31.0,15,0.07723,12.0,0.0219
2023,REG,SEA,00-0035704,D.Lock,86,3.0,0,6.0,4,-0.01857,3.0,0.03488
2023,REG,SEA,00-0036425,D.Dallas,1,0.0,0,1.0,7,-0.51785,0.0,0.0
2023,REG,SF,00-0034869,S.Darnold,54,1.0,1,6.0,10,0.00609,2.0,0.03704
2023,REG,SF,00-0035719,D.Samuel,1,0.0,0,0.0,15,-0.44319,0.0,0.0
2023,REG,SF,00-0037834,B.Purdy,486,11.0,2,28.0,16,0.3115,13.0,0.02675
2023,REG,TB,00-0033921,C.Godwin,1,0.0,0,0.0,5,-0.71117,0.0,0.0
2023,REG,TB,00-0034855,B.Mayfield,639,10.0,3,40.0,17,0.07282,13.0,0.02034
2023,REG,TB,00-0036928,K.Trask,1,0.0,0,0.0,2,-1.8803,0.0,0.0
2023,REG,TEN,00-0029701,R.Tannehill,268,7.0,0,32.0,9,-0.07275,7.0,0.02612
2023,REG,TEN,00-0030564,D.Hopkins,2,0.0,0,0.0,3,-0.20025,0.0,0.0
2023,REG,TEN,00-0032764,D.Henry,3,0.0,0,0.0,17,1.50747,0.0,0.0
2023,REG,TEN,00-0038128,M.Willis,12,0.0,1,4.0,2,-0.04337,1.0,0.08333
2023,REG,TEN,00-0039152,W.Levis,291,4.0,4,28.0,9,-0.01904,8.0,0.02749
2023,REG,WAS,00-0033119,J.Brissett,25,0.0,0,0.0,2,0.7227,0.0,0.0
2023,REG,WAS,00-0036626,D.Brown,1,0.0,0,0.0,2,-0.30589,0.0,0.0
2023,REG,WAS,00-0037077,S.Howell,711,21.0,2,65.0,17,-0.1327,23.0,0.03235
2024,POST,BAL,00-0034796,L.Jackson,58,1.0,1,3.0,2,0.24505,2.0,0.03448
2024,POST,BUF,00-0034857,J.Allen,94,0.0,0,5.0,3,0.24938,0.0,0.0
2024,POST,DEN,00-0032943,R.Dixon,1,0.0,0,0.0,1,3.49068,0.0,0.0
2024,POST,DEN,00-0039732,B.Nix,27,0.0,0,2.0,1,-0.19544,0.0,0.0
2024,POST,DET,00-0031237,T.Bridgewater,1,0.0,0,0.0,1,-0.13195,0.0,0.0
2024,POST,DET,00-0033106,J.Goff,40,3.0,1,2.0,1,-0.04061,4.0,0.1
2024,POST,DET,00-0035685,D.Montgomery,1,0.0,0,0.0,1,1.18591,0.0,0.0
2024,POST,DET,00-0037240,Ja.Williams,1,1.0,0,0.0,1,-4.44143,1.0,1.0
2024,POST,GB,00-0036264,J.Love,36,3.0,0,2.0,1,-0.13728,3.0,0.08333
2024,POST,HOU,00-0039163,C.Stroud,80,1.0,0,11.0,2,0.0165,1.0,0.0125
2024,POST,KC,00-0033873,P.Mahomes,111,2.0,2,11.0,3,0.07802,4.0,0.03604
2024,POST,LA,00-0026498,M.Stafford,79,0.0,1,7.0,2,0.11299,1.0,0.01266
2024,POST,LAC,00-0036355,J.Herbert,36,4.0,0,4.0,1,-0.64046,4.0,0.11111
2024,POST,MIN,00-0034869,S.Darnold,51,1.0,1,9.0,1,-0.53201,2.0,0.03922
2024,POST,PHI,00-0036389,J.Hurts,114,1.0,0,13.0,4,0.27098,1.0,0.00877
2024,POST,PHI,00-0038102,K.Pickett,1,0.0,0,0.0,2,-2.72018,0.0,0.0
2024,POST,PIT,00-0029263,R.Wilson,35,0.0,0,4.0,1,0.19506,0.0,0.0
2024,POST,PIT,00-0036945,J.Fields,1,0.0,0,0.0,1,-0.47034,0.0,0.0
2024,POST,TB,00-0034855,B.Mayfield,23,0.0,1,1.0,1,0.52668,1.0,0.04348
2024,POST,WAS,00-0030140,T.Way,1,0.0,0,0.0,1,3.98422,0.0,0.0
2024,POST,WAS,00-0039910,J.Daniels,134,1.0,0,4.0,3,0.1934,1.0,0.00746
2024,REG,ARI,00-0035228,K.Murray,611,11.0,4,30.0,17,0.11113,15.0,0.02455
2024,REG,ARI,00-0038582,C.Tune,2,0.0,1,0.0,5,-0.56401,1.0,0.5
2024,REG,ATL,00-0029604,K.Cousins,481,16.0,2,28.0,14,0.03365,18.0,0.03742
2024,REG,ATL,00-0032065,B.Pinion,1,0.0,0,0.0,1,-0.947,0.0,0.0
2024,REG,ATL,00-0036309,D.Mooney,1,0.0,0,0.0,1,-0.42382,0.0,0.0
2024,REG,ATL,00-0039917,M.Penix,113,3.0,0,4.0,5,0.13637,3.0,0.02655
2024,REG,BAL,00-0026300,J.Johnson,4,0.0,0,1.0,4,-0.45243,0.0,0.0
2024,REG,BAL,00-0034796,L.Jackson,540,4.0,5,23.0,17,0.35128,9.0,0.01667
2024,REG,BUF,00-0033869,M.Trubisky,27,0.0,0,0.0,8,0.36697,0.0,0.0
2024,REG,BUF,00-0034401,M.White,11,0.0,0,0.0,1,-0.65026,0.0,0.0
2024,REG,BUF,00-0034857,J.Allen,540,6.0,2,14.0,16,0.30545,8.0,0.01481
2024,REG,CAR,00-0027973,A.Dalton,174,6.0,0,7.0,6,-0.14935,6.0,0.03448
2024,REG,CAR,00-0028872,J.Hekker,2,0.0,0,0.0,2,-2.85602,0.0,0.0
2024,REG,CAR,00-0039150,B.Young,451,9.0,2,29.0,14,-0.02728,11.0,0.02439
2024,REG,CAR,00-0039491,J.Coker,1,0.0,0,0.0,1,1.31071,0.0,0.0
2024,REG,CHI,00-0030279,K.Allen,1,1.0,0,0.0,1,-5.91116,1.0,1.0
2024,REG,CHI,00-0034827,D.Moore,1,0.0,0,0.0,10,-0.44727,0.0,0.0
2024,REG,CHI,00-0038416,T.Bagent,2,0.0,0,0.0,4,0.15943,0.0,0.0
2024,REG,CHI,00-0039918,C.Williams,686,6.0,5,68.0,17,-0.04944,11.0,0.01603
2024,REG,CIN,00-0036442,J.Burrow,723,9.0,5,48.0,17,0.16513,14.0,0.01936
2024,REG,CLE,00-0031503,J.Winston,334,12.0,2,24.0,11,-0.06763,14.0,0.04192
2024,REG,CLE,00-0033537,D.Watson,271,3.0,3,33.0,7,-0.20653,6.0,0.02214
2024,REG,CLE,00-0038108,B.Zappe,33,2.0,0,1.0,1,-0.51935,2.0,0.06061
2024,REG,CLE,00-0038583,D.Thompson-Robinson,132,6.0,1,8.0,6,-0.51875,7.0,0.05303
2024,REG,DAL,00-0029692,B.Anger,2,0.0,0,0.0,2,-2.84351,0.0,0.0
2024,REG,DAL,00-0033077,D.Prescott,313,8.0,1,21.0,8,-0.05461,9.0,0.02875
2024,REG,DAL,00-0033662,C.Rush,325,5.0,4,13.0,12,-0.10415,9.0,0.02769
2024,REG,DAL,00-0037012,T.Lance,47,1.0,0,4.0,4,-0.28614,1.0,0.02128
2024,REG,DEN,00-0032943,R.Dixon,1,0.0,0,0.0,1,-1.89869,0.0,0.0
2024,REG,DEN,00-0034348,C.Sutton,2,0.0,0,0.0,2,3.74537,0.0,0.0
2024,REG,DEN,00-0035264,J.Stidham,1,0.0,0,0.0,2,1.22704,0.0,0.0
2024,REG,DEN,00-0039732,B.Nix,641,12.0,0,24.0,17,0.0593,12.0,0.01872
2024,REG,DET,00-0033106,J.Goff,582,12.0,0,31.0,17,0.27823,12.0,0.02062
2024,REG,DET,00-0035156,J.Fox,1,0.0,0,0.0,1,3.63743,0.0,0.0
2024,REG,DET,00-0035685,D.Montgomery,1,0.0,1,0.0,14,1.51915,1.0,1.0
2024,REG,DET,00-0036880,P.Sewell,1,0.0,0,1.0,1,-0.97585,0.0,0.0
2024,REG,DET,00-0036963,A.St. Brown,1,0.0,0,0.0,3,1.72412,0.0,0.0
2024,REG,DET,00-0038550,H.Hooker,11,0.0,0,1.0,3,-0.22697,0.0,0.0
2024,REG,GB,00-0036264,J.Love,454,11.0,0,14.0,15,0.13703,11.0,0.02423
2024,REG,GB,00-0038128,M.Willis,71,0.0,1,8.0,6,0.28836,1.0,0.01408
2024,REG,HOU,00-0031588,S.Diggs,2,0.0,0,0.0,4,2.30742,0.0,0.0
2024,REG,HOU,00-0033897,J.Mixon,1,0.0,0,0.0,14,-0.72615,0.0,0.0
2024,REG,HOU,00-0036898,D.Mills,39,0.0,0,2.0,4,-0.23906,0.0,0.0
2024,REG,HOU,00-0039163,C.Stroud,620,12.0,4,52.0,17,-0.00705,16.0,0.02581
2024,REG,IND,00-0026158,J.Flacco,270,7.0,4,18.0,7,0.01149,11.0,0.04074
2024,REG,IND,00-0039164,A.Richardson,298,12.0,3,14.0,11,-0.1173,15.0,0.05034
2024,REG,IND,00-0039890,A.Mitchell,1,0.0,1,0.0,4,2.44566,1.0,1.0
2024,REG,JAX,00-0036971,T.Lawrence,318,7.0,1,18.0,10,0.00957,8.0,0.02516
2024,REG,JAX,00-0036972,M.Jones,293,8.0,2,14.0,10,-0.00698,10.0,0.03413
2024,REG,KC,00-0032950,C.Wentz,24,0.0,0,4.0,2,-0.29189,0.0,0.0
2024,REG,KC,00-0033873,P.Mahomes,654,11.0,0,36.0,16,0.15534,11.0,0.01682
2024,REG,KC,00-0037324,C.Oladokun,2,0.0,0,1.0,1,-0.97247,0.0,0.0
2024,REG,LA,00-0026498,M.Stafford,549,8.0,2,28.0,16,0.06715,10.0,0.01821
2024,REG,LA,00-0031345,J.Garoppolo,46,1.0,0,3.0,1,0.04468,1.0,0.02174
2024,REG,LA,00-0036849,T.Atwell,1,0.0,0,0.0,3,-0.5111,0.0,0.0
2024,REG,LAC,00-0031800,T.Heinicke,10,0.0,0,3.0,4,-0.90251,0.0,0.0
2024,REG,LAC,00-0034162,J.Scott,1,0.0,0,0.0,2,-2.70661,0.0,0.0
2024,REG,LAC,00-0036355,J.Herbert,576,3.0,2,41.0,17,0.13475,5.0,0.00868
2024,REG,LV,00-0034960,J.Meyers,1,0.0,0,1.0,3,-1.56763,0.0,0.0
2024,REG,LV,00-0035190,A.Cole,1,0.0,0,0.0,1,4.33392,0.0,0.0
2024,REG,LV,00-0035289,G.Minshew,344,10.0,4,29.0,10,-0.12016,14.0,0.0407
2024,REG,LV,00-0038122,D.Ridder,100,2.0,2,10.0,5,-0.2071,4.0,0.04
2024,REG,LV,00-0038579,A.O'Connell,257,4.0,2,10.0,9,0.0197,6.0,0.02335
2024,REG,MIA,00-0034177,T.Boyle,28,0.0,0,1.0,2,-0.22282,0.0,0.0
2024,REG,MIA,00-0035993,T.Huntley,164,3.0,2,15.0,5,-0.09985,5.0,0.03049
2024,REG,MIA,00-0036212,T.Tagovailoa,428,7.0,2,21.0,11,0.22099,9.0,0.02103
2024,REG,MIA,00-0037327,S.Thompson,40,0.0,0,6.0,2,-0.4493,0.0,0.0
2024,REG,MIN,00-0033319,N.Mullens,2,0.0,0,0.0,4,2.43436,0.0,0.0
2024,REG,MIN,00-0034869,S.Darnold,621,12.0,4,48.0,17,0.08381,16.0,0.02576
2024,REG,MIN,00-0036322,J.Jefferson,2,0.0,0,0.0,2,1.41609,0.0,0.0
2024,REG,MIN,00-0037276,T.Chandler,1,0.0,0,1.0,10,-0.59849,0.0,0.0
2024,REG,NE,00-0033119,J.Brissett,188,1.0,1,18.0,7,-0.16693,2.0,0.01064
2024,REG,NE,00-0033307,K.Bourne,1,0.0,0,0.0,2,-1.31997,0.0,0.0
2024,REG,NE,00-0039398,J.Milton,31,0.0,1,0.0,1,0.4305,1.0,0.03226
2024,REG,NE,00-0039851,D.Maye,419,10.0,6,34.0,13,0.0057,16.0,0.03819
2024,REG,NO,00-0031280,D.Carr,298,5.0,0,8.0,10,0.13748,5.0,0.01678
2024,REG,NO,00-0033357,T.Hill,4,1.0,0,0.0,8,-0.80442,1.0,0.25
2024,REG,NO,00-0034418,C.Wilson,2,0.0,0,1.0,2,0.57561,0.0,0.0
2024,REG,NO,00-0038998,J.Haener,50,1.0,0,6.0,8,-0.3301,1.0,0.02
2024,REG,NO,00-0039376,S.Rattler,264,5.0,3,22.0,7,-0.27986,8.0,0.0303
2024,REG,NYG,00-0034177,T.Boyle,25,1.0,0,1.0,1,-0.29559,1.0,0.04
2024,REG,NYG,00-0035704,D.Lock,203,5.0,2,12.0,7,-0.11883,7.0,0.03448
2024,REG,NYG,00-0035710,D.Jones,386,7.0,2,29.0,10,-0.08466,9.0,0.02332
2024,REG,NYG,00-0038476,T.DeVito,54,0.0,0,6.0,2,-0.11307,0.0,0.0
2024,REG,NYG,00-0039337,M.Nabers,1,0.0,0,0.0,4,-0.96373,0.0,0.0
2024,REG,NYJ,00-0023459,A.Rodgers,643,11.0,2,40.0,17,0.00691,13.0,0.02022
2024,REG,NYJ,00-0028118,T.Taylor,27,0.0,0,0.0,2,0.44515,0.0,0.0
2024,REG,NYJ,00-0034521,A.Lazard,1,0.0,0,0.0,1,-1.0108,0.0,0.0
2024,REG,PHI,00-0034844,S.Barkley,1,0.0,1,1.0,16,-1.65995,1.0,1.0
2024,REG,PHI,00-0036389,J.Hurts,438,5.0,5,38.0,15,0.16955,10.0,0.02283
2024,REG,PHI,00-0038102,K.Pickett,49,1.0,0,4.0,5,0.0627,1.0,0.02041
2024,REG,PHI,00-0038400,T.McKee,47,0.0,0,2.0,2,0.31229,0.0,0.0
2024,REG,PIT,00-0029263,R.Wilson,388,5.0,4,33.0,11,0.00564,9.0,0.0232
2024,REG,PIT,00-0032399,M.Killebrew,1,0.0,0,0.0,1,-2.67772,0.0,0.0
2024,REG,PIT,00-0034577,K.Allen,1,0.0,0,0.0,1,1.43255,0.0,0.0
2024,REG,PIT,00-0036945,J.Fields,196,1.0,1,16.0,10,0.06438,2.0,0.0102
2024,REG,SEA,00-0030565,G.Smith,653,15.0,0,50.0,17,0.03225,15.0,0.02297
2024,REG,SEA,00-0037077,S.Howell,19,1.0,0,4.0,1,-0.85686,1.0,0.05263
2024,REG,SEA,00-0038543,J.Smith-Njigba,1,0.0,0,0.0,6,2.24361,0.0,0.0
2024,REG,SF,00-0032434,B.Allen,33,2.0,1,2.0,3,-0.55948,3.0,0.09091
2024,REG,SF,00-0033949,J.Dobbs,51,2.0,1,2.0,2,0.14299,3.0,0.05882
2024,REG,SF,00-0035719,D.Samuel,1,0.0,0,1.0,12,-2.08983,0.0,0.0
2024,REG,SF,00-0037834,B.Purdy,526,12.0,3,31.0,15,0.18405,15.0,0.02852
2024,REG,SF,00-0039916,R.Pearsall,1,0.0,0,0.0,2,-0.53098,0.0,0.0
2024,REG,TB,00-0034855,B.Mayfield,654,16.0,2,40.0,17,0.19428,18.0,0.02752
2024,REG,TB,00-0036928,K.Trask,1,0.0,0,0.0,3,0.29781,0.0,0.0
2024,REG,TEN,00-0033009,T.Boyd,1,0.0,0,0.0,2,-0.43442,0.0,0.0
2024,REG,TEN,00-0034771,M.Rudolph,250,9.0,1,11.0,8,0.01609,10.0,0.04
2024,REG,TEN,00-0039152,W.Levis,364,12.0,6,41.0,12,-0.16354,18.0,0.04945
2024,REG,WAS,00-0032268,M.Mariota,51,0.0,0,3.0,3,0.40327,0.0,0.0
2024,REG,WAS,00-0036626,D.Brown,1,0.0,0,0.0,3,-0.42986,0.0,0.0
2024,REG,WAS,00-0039910,J.Daniels,600,9.0,0,47.0,17,0.17752,9.0,0.015
2025,POST,BUF,00-0034857,J.Allen,85,2.0,2,4.0,2,0.16688,4.0,0.04706
2025,POST,CAR,00-0039150,B.Young,44,1.0,0,2.0,1,-0.07364,1.0,0.02273
2025,POST,CHI,00-0036290,C.Kmet,1,0.0,0,0.0,1,-0.29593,0.0,0.0
2025,POST,CHI,00-0039918,C.Williams,98,5.0,0,1.0,2,0.1689,5.0,0.05102
2025,POST,DEN,00-0035264,J.Stidham,37,1.0,1,3.0,1,-0.43358,2.0,0.05405
2025,POST,DEN,00-0039732,B.Nix,49,1.0,0,0.0,1,0.09708,1.0,0.02041
2025,POST,GB,00-0036264,J.Love,48,0.0,0,1.0,1,0.38434,0.0,0.0
2025,POST,HOU,00-0039163,C.Stroud,87,5.0,2,6.0,2,-0.25192,7.0,0.08046
2025,POST,JAX,00-0036971,T.Lawrence,33,2.0,0,1.0,1,0.01965,2.0,0.06061
2025,POST,LA,00-0026498,M.Stafford,126,1.0,0,6.0,3,0.19282,1.0,0.00794
2025,POST,LAC,00-0036355,J.Herbert,44,0.0,1,6.0,1,-0.25333,1.0,0.02273
2025,POST,NE,00-0039851,D.Maye,155,4.0,4,21.0,4,-0.16919,8.0,0.05161
2025,POST,NE,00-0040563,E.Chism,1,0.0,0,0.0,1,-1.64355,0.0,0.0
2025,POST,PHI,00-0036389,J.Hurts,37,0.0,0,1.0,1,-0.06357,0.0,0.0
2025,POST,PIT,00-0023459,A.Rodgers,37,1.0,1,4.0,1,-0.71912,2.0,0.05405
2025,POST,PIT,00-0034771,M.Rudolph,1,0.0,0,0.0,1,1.2573,0.0,0.0
2025,POST,SEA,00-0034869,S.Darnold,99,0.0,0,6.0,3,0.25724,0.0,0.0
2025,POST,SF,00-0036259,J.Jennings,1,0.0,0,0.0,1,3.20961,0.0,0.0
2025,POST,SF,00-0036972,M.Jones,5,0.0,0,0.0,1,-0.25961,0.0,0.0
2025,POST,SF,00-0037834,B.Purdy,68,3.0,1,3.0,2,-0.19035,4.0,0.05882
2025,REG,ARI,00-0033119,J.Brissett,552,8.0,4,43.0,14,-0.00112,12.0,0.02174
2025,REG,ARI,00-0033400,M.Haack,1,0.0,0,0.0,1,4.40105,0.0,0.0
2025,REG,ARI,00-0035228,K.Murray,193,3.0,1,16.0,5,0.07894,4.0,0.02073
2025,REG,ARI,00-0039577,K.Slovis,2,0.0,0,0.0,2,-1.07332,0.0,0.0
2025,REG,ATL,00-0029604,K.Cousins,283,5.0,1,13.0,10,-0.02304,6.0,0.0212
2025,REG,ATL,00-0039917,M.Penix,303,3.0,2,13.0,9,0.03454,5.0,0.0165
2025,REG,BAL,00-0032764,D.Henry,1,0.0,3,0.0,17,-0.45912,3.0,3.0
2025,REG,BAL,00-0033662,C.Rush,53,4.0,1,1.0,4,-0.47268,5.0,0.09434
2025,REG,BAL,00-0034796,L.Jackson,368,7.0,3,36.0,13,0.06079,10.0,0.02717
2025,REG,BAL,00-0035993,T.Huntley,81,0.0,0,8.0,5,0.149,0.0,0.0
2025,REG,BUF,00-0033869,M.Trubisky,39,0.0,0,0.0,4,0.65943,0.0,0.0
2025,REG,BUF,00-0034857,J.Allen,554,10.0,3,40.0,16,0.16113,13.0,0.02347
2025,REG,CAR,00-0027973,A.Dalton,46,1.0,2,8.0,4,-0.21642,3.0,0.06522
2025,REG,CAR,00-0039150,B.Young,539,11.0,4,27.0,16,-0.01193,15.0,0.02783
2025,REG,CHI,00-0034827,D.Moore,1,0.0,0,0.0,9,3.86819,0.0,0.0
2025,REG,CHI,00-0036290,C.Kmet,1,0.0,0,0.0,1,-0.49274,0.0,0.0
2025,REG,CHI,00-0038416,T.Bagent,5,0.0,0,0.0,2,0.52378,0.0,0.0
2025,REG,CHI,00-0039918,C.Williams,637,7.0,1,24.0,17,0.10796,8.0,0.01256
2025,REG,CIN,00-0026158,J.Flacco,266,4.0,1,9.0,9,0.04686,5.0,0.0188
2025,REG,CIN,00-0034955,B.Rypien,1,0.0,0,1.0,1,-1.23788,0.0,0.0
2025,REG,CIN,00-0035100,J.Browning,138,8.0,0,9.0,5,-0.35827,8.0,0.05797
2025,REG,CIN,00-0036442,J.Burrow,286,5.0,0,17.0,8,0.08486,5.0,0.01748
2025,REG,CLE,00-0026158,J.Flacco,170,6.0,2,9.0,4,-0.33319,8.0,0.04706
2025,REG,CLE,00-0034721,C.Bojorquez,1,0.0,0,0.0,1,-1.80454,0.0,0.0
2025,REG,CLE,00-0040259,G.Larvadain,1,0.0,0,0.0,1,-0.81143,0.0,0.0
2025,REG,CLE,00-0040668,S.Sanders,253,10.0,1,23.0,8,-0.23884,11.0,0.04348
2025,REG,CLE,00-0040704,D.Gabriel,215,2.0,0,19.0,10,-0.19061,2.0,0.0093
2025,REG,CLE,00-0040784,Q.Judkins,1,0.0,0,0.0,14,-0.947,0.0,0.0
2025,REG,DAL,00-0033077,D.Prescott,657,10.0,2,31.0,17,0.17338,12.0,0.01826
2025,REG,DAL,00-0039398,J.Milton,27,2.0,1,0.0,4,-0.16985,3.0,0.11111
2025,REG,DEN,00-0034348,C.Sutton,1,0.0,0,1.0,1,-4.03172,0.0,0.0
2025,REG,DEN,00-0039732,B.Nix,674,11.0,2,22.0,17,0.11775,13.0,0.01929
2025,REG,DEN,00-0040730,R.Harvey,1,0.0,1,0.0,17,-0.45861,1.0,1.0
2025,REG,DET,00-0033106,J.Goff,619,8.0,5,38.0,17,0.17669,13.0,0.021
2025,REG,DET,00-0034577,K.Allen,2,0.0,0,0.0,2,-0.67763,0.0,0.0
2025,REG,DET,00-0035685,D.Montgomery,3,0.0,1,1.0,17,-0.58162,1.0,0.33333
2025,REG,GB,00-0036264,J.Love,485,6.0,2,21.0,15,0.26225,8.0,0.01649
2025,REG,GB,00-0038128,M.Willis,47,0.0,1,3.0,4,0.70741,1.0,0.02128
2025,REG,GB,00-0038582,C.Tune,22,1.0,0,5.0,2,-0.85611,1.0,0.04545
2025,REG,HOU,00-0036898,D.Mills,176,1.0,0,8.0,6,-0.07462,1.0,0.00568
2025,REG,HOU,00-0038618,X.Hutchinson,1,0.0,0,0.0,3,0.91421,0.0,0.0
2025,REG,HOU,00-0039163,C.Stroud,471,8.0,0,23.0,14,0.11152,8.0,0.01699
2025,REG,IND,00-0022942,P.Rivers,97,3.0,0,5.0,3,-0.11542,3.0,0.03093
2025,REG,IND,00-0033269,R.Sanchez,1,0.0,0,0.0,1,3.51259,0.0,0.0
2025,REG,IND,00-0035710,D.Jones,431,8.0,3,22.0,13,0.15103,11.0,0.02552
2025,REG,IND,00-0039164,A.Richardson,2,0.0,0,0.0,2,-0.60581,0.0,0.0
2025,REG,IND,00-0040128,T.Warren,1,0.0,0,0.0,6,-0.46533,0.0,0.0
2025,REG,IND,00-0040206,R.Leonard,73,3.0,2,2.0,5,-0.13518,5.0,0.06849
2025,REG,JAX,00-0033319,N.Mullens,3,0.0,0,0.0,4,0.96659,0.0,0.0
2025,REG,JAX,00-0036971,T.Lawrence,643,12.0,3,41.0,17,0.07974,15.0,0.02333
2025,REG,KC,00-0033873,P.Mahomes,589,11.0,0,34.0,14,0.16842,11.0,0.01868
2025,REG,KC,00-0035289,G.Minshew,14,1.0,0,0.0,4,-0.49389,1.0,0.07143
2025,REG,KC,00-0036679,S.Buechele,20,0.0,0,5.0,1,-0.38301,0.0,0.0
2025,REG,KC,00-0037324,C.Oladokun,66,0.0,2,8.0,3,-0.46556,2.0,0.0303
2025,REG,LA,00-0026498,M.Stafford,624,8.0,3,23.0,17,0.22314,11.0,0.01763
2025,REG,LAC,00-0036355,J.Herbert,615,13.0,2,54.0,16,0.05444,15.0,0.02439
2025,REG,LAC,00-0037012,T.Lance,66,1.0,1,6.0,4,-0.49528,2.0,0.0303
2025,REG,LV,00-0030565,G.Smith,521,17.0,1,55.0,15,-0.12966,18.0,0.03455
2025,REG,LV,00-0038102,K.Pickett,55,2.0,1,8.0,6,-0.46884,3.0,0.05455
2025,REG,LV,00-0038579,A.O'Connell,24,0.0,0,1.0,1,-0.23779,0.0,0.0
2025,REG,MIA,00-0036212,T.Tagovailoa,426,15.0,1,30.0,14,0.01604,16.0,0.03756
2025,REG,MIA,00-0036613,J.Waddle,1,0.0,0,0.0,3,-0.59236,0.0,0.0
2025,REG,MIA,00-0037013,Z.Wilson,12,0.0,0,0.0,4,-0.57165,0.0,0.0
2025,REG,MIA,00-0040234,Q.Ewers,94,3.0,0,8.0,4,-0.0416,3.0,0.03191
2025,REG,MIN,00-0032950,C.Wentz,197,5.0,0,19.0,5,0.04272,5.0,0.02538
2025,REG,MIN,00-0036414,C.Akers,1,0.0,0,0.0,2,3.26001,0.0,0.0
2025,REG,MIN,00-0039923,J.McCarthy,290,12.0,2,27.0,10,-0.15109,14.0,0.04828
2025,REG,MIN,00-0040494,M.Brosmer,87,4.0,1,14.0,7,-0.65216,5.0,0.05747
2025,REG,NE,00-0033949,J.Dobbs,11,0.0,0,0.0,4,-0.09778,0.0,0.0
2025,REG,NE,00-0039054,M.Mapu,1,0.0,0,1.0,1,-2.48269,0.0,0.0
2025,REG,NE,00-0039851,D.Maye,602,8.0,3,47.0,17,0.31771,11.0,0.01827
2025,REG,NO,00-0033357,T.Hill,6,0.0,1,0.0,12,-0.1666,1.0,0.16667
2025,REG,NO,00-0037239,C.Olave,1,1.0,0,0.0,2,-3.59513,1.0,1.0
2025,REG,NO,00-0039376,S.Rattler,288,5.0,2,18.0,9,-0.0973,7.0,0.02431
2025,REG,NO,00-0040743,T.Shough,376,6.0,2,31.0,11,-0.00486,8.0,0.02128
2025,REG,NYG,00-0029263,R.Wilson,141,3.0,0,10.0,6,-0.12253,3.0,0.02128
2025,REG,NYG,00-0031503,J.Winston,70,2.0,1,3.0,3,0.26671,3.0,0.04286
2025,REG,NYG,00-0035250,D.Singletary,1,0.0,0,0.0,17,1.053,0.0,0.0
2025,REG,NYG,00-0035645,G.Olszewski,2,0.0,0,0.0,2,1.21399,0.0,0.0
2025,REG,NYG,00-0040691,J.Dart,413,5.0,2,35.0,14,0.04982,7.0,0.01695
2025,REG,NYJ,00-0028118,T.Taylor,169,5.0,1,14.0,6,-0.04809,6.0,0.0355
2025,REG,NYJ,00-0036945,J.Fields,261,1.0,3,27.0,9,-0.04632,4.0,0.01533
2025,REG,NYJ,00-0038120,B.Hall,1,0.0,2,0.0,16,1.19456,2.0,2.0
2025,REG,NYJ,00-0039451,I.Williams,1,0.0,0,0.0,3,-0.81877,0.0,0.0
2025,REG,NYJ,00-0039634,A.McNamara,1,0.0,0,0.0,1,2.8565,0.0,0.0
2025,REG,NYJ,00-0040398,B.Cook,180,7.0,1,19.0,5,-0.38766,8.0,0.04444
2025,REG,PHI,00-0036389,J.Hurts,526,6.0,3,32.0,16,0.08268,9.0,0.01711
2025,REG,PHI,00-0038400,T.McKee,49,1.0,0,3.0,4,-0.0321,1.0,0.02041
2025,REG,PIT,00-0023459,A.Rodgers,538,7.0,1,29.0,16,0.03466,8.0,0.01487
2025,REG,PIT,00-0034771,M.Rudolph,55,2.0,1,2.0,5,0.04644,3.0,0.05455
2025,REG,SEA,00-0033908,C.Kupp,1,1.0,0,0.0,1,-5.37017,1.0,1.0
2025,REG,SEA,00-0034869,S.Darnold,516,14.0,6,27.0,17,0.1341,20.0,0.03876
2025,REG,SEA,00-0035704,D.Lock,3,0.0,0,0.0,3,-0.29757,0.0,0.0
2025,REG,SF,00-0033280,C.McCaffrey,1,0.0,0,0.0,17,-0.7709,0.0,0.0
2025,REG,SF,00-0036972,M.Jones,312,6.0,2,16.0,11,0.13042,8.0,0.02564
2025,REG,SF,00-0037834,B.Purdy,316,10.0,2,11.0,9,0.2018,12.0,0.03797
2025,REG,TB,00-0031237,T.Bridgewater,18,0.0,0,2.0,3,-0.69541,0.0,0.0
2025,REG,TB,00-0034855,B.Mayfield,626,11.0,3,36.0,17,0.05943,14.0,0.02236
2025,REG,TEN,00-0032434,B.Allen,31,1.0,0,1.0,1,-0.77511,1.0,0.03226
2025,REG,TEN,00-0040676,C.Ward,615,7.0,7,55.0,17,-0.16715,14.0,0.02276
2025,REG,WAS,00-0026300,J.Johnson,62,2.0,1,2.0,3,0.14893,3.0,0.04839
2025,REG,WAS,00-0032268,M.Mariota,262,7.0,3,16.0,10,0.02703,10.0,0.03817
2025,REG,WAS,00-0037742,T.Burks,1,0.0,0,1.0,1,-0.49842,0.0,0.0
2025,REG,WAS,00-0039910,J.Daniels,243,3.0,2,18.0,7,0.0235,5.0,0.02058
