season,season_type,team,player_id,player_name,carries,rushing_yards,rushing_tds,epa_per_rush,games,yards_per_carry
1999,POST,BUF,00-0008612,R.Johnson,3,9.0,0.0,0.24904,1,3.0
1999,POST,BUF,00-0009960,J.Linton,5,25.0,0.0,0.17166,1,5.0
1999,POST,BUF,00-0015091,A.Smith,14,79.0,2.0,0.35016,1,5.64286
1999,POST,BUF,00-0016331,T.Thomas,5,10.0,0.0,-0.32742,1,2.0
1999,POST,DAL,00-0015165,E.Smith,15,99.0,1.0,0.12716,1,6.6
1999,POST,DAL,00-0017209,C.Warren,1,12.0,0.0,1.2037,1,12.0
1999,POST,DET,00-0005589,G.Frerotte,2,16.0,0.0,0.17799,1,8.0
1999,POST,DET,00-0013785,R.Rivers,1,6.0,0.0,0.46197,1,6.0
1999,POST,DET,00-0014450,C.Schlesinger,7,23.0,0.0,-0.4303,1,3.28571
1999,POST,IND,00-0008241,E.James,20,56.0,0.0,-0.4168,1,2.8
1999,POST,IND,00-0010346,P.Manning,3,22.0,1.0,0.20809,1,7.33333
1999,POST,JAX,00-0002110,M.Brunell,2,5.0,0.0,0.05414,2,2.5
1999,POST,JAX,00-0007795,C.Howard,15,54.0,1.0,-0.16589,1,3.6
1999,POST,JAX,00-0014775,D.Shelton,1,0.0,0.0,-4.02375,1,0.0
1999,POST,JAX,00-0015698,J.Stewart,14,97.0,2.0,0.43,2,6.92857
1999,POST,JAX,00-0016098,F.Taylor,37,245.0,1.0,0.17942,2,6.62162
1999,POST,LA,00-0005092,M.Faulk,38,82.0,1.0,-0.33207,3,2.15789
1999,POST,LA,00-0006627,A.Hakim,2,10.0,0.0,0.07355,2,5.0
1999,POST,LA,00-0007579,R.Holcombe,3,15.0,0.0,0.00768,3,5.0
1999,POST,LA,00-0007737,M.Horan,1,0.0,0.0,-3.33606,1,0.0
1999,POST,LA,00-0009738,A.Lee,1,1.0,0.0,-0.57055,1,1.0
1999,POST,LA,00-0017200,K.Warner,6,3.0,0.0,-1.1391,3,0.5
1999,POST,MIA,00-0004200,A.Denson,13,29.0,0.0,-0.73071,2,2.23077
1999,POST,MIA,00-0007835,D.Huard,1,2.0,0.0,0.0,1,2.0
1999,POST,MIA,00-0007993,T.Hutton,1,-8.0,0.0,-2.01116,1,-8.0
1999,POST,MIA,00-0008529,J.Johnson,35,95.0,1.0,-0.19435,2,2.71429
1999,POST,MIA,00-0010379,D.Marino,2,-1.0,0.0,-3.38296,2,-0.5
1999,POST,MIA,00-0013262,S.Pritchett,4,14.0,0.0,-0.18497,2,3.5
1999,POST,MIN,00-0003761,R.Cunningham,3,-4.0,0.0,-0.43465,1,-1.33333
1999,POST,MIN,00-0005885,J.George,3,7.0,0.0,-1.80196,2,2.33333
1999,POST,MIN,00-0007520,L.Hoard,14,55.0,1.0,0.35111,2,3.92857
1999,POST,MIN,00-0015286,R.Smith,48,204.0,0.0,-0.14664,2,4.25
1999,POST,SEA,00-0009311,J.Kitna,1,1.0,0.0,-0.38485,1,1.0
1999,POST,SEA,00-0017322,R.Watters,19,40.0,0.0,-0.3187,1,2.10526
1999,POST,TB,00-0000251,M.Alstott,27,63.0,1.0,-0.20638,2,2.33333
1999,POST,TB,00-0004640,W.Dunn,20,53.0,0.0,-0.28436,2,2.65
1999,POST,TB,00-0009266,S.King,3,5.0,0.0,-0.77406,2,1.66667
1999,POST,TEN,00-0005883,E.George,108,449.0,3.0,-0.10117,4,4.15741
1999,POST,TEN,00-0011024,S.McNair,30,209.0,3.0,0.46527,4,6.96667
1999,POST,TEN,00-0016321,R.Thomas,4,14.0,0.0,-0.07384,1,3.5
1999,POST,WAS,00-0002846,L.Centers,2,10.0,0.0,0.00959,2,5.0
1999,POST,WAS,00-0004052,S.Davis,32,156.0,2.0,0.023,2,4.875
1999,POST,WAS,00-0007389,S.Hicks,24,46.0,0.0,-0.22713,2,1.91667
1999,POST,WAS,00-0008442,B.Johnson,1,0.0,0.0,-2.49767,1,0.0
1999,POST,WAS,00-0011399,B.Mitchell,8,56.0,0.0,0.44539,2,7.0
1999,POST,WAS,00-0016440,J.Thrash,1,1.0,0.0,-0.91349,1,1.0
1999,POST,WAS,00-0017470,M.Westbrook,1,0.0,0.0,-0.62275,1,0.0
1999,REG,ARI,00-0000871,M.Bates,72,202.0,9.0,0.03786,10,2.80556
1999,REG,ARI,00-0001532,D.Boston,5,0.0,0.0,-0.5142,5,0.0
1999,REG,ARI,00-0001907,D.Brown,13,49.0,0.0,0.33288,5,3.76923
1999,REG,ARI,00-0010292,J.Makovicka,8,7.0,0.0,-1.0415,7,0.875
1999,REG,ARI,00-0011869,A.Murrell,193,553.0,0.0,-0.24341,16,2.86528
1999,REG,ARI,00-0013013,M.Pittman,64,289.0,2.0,-0.17766,9,4.51562
1999,REG,ARI,00-0013028,S.Player,1,-18.0,0.0,-1.10601,1,-18.0
1999,REG,ARI,00-0013042,J.Plummer,39,121.0,2.0,-0.29137,11,3.10256
1999,REG,ARI,00-0016479,P.Tillman,1,4.0,0.0,2.38242,1,4.0
1999,REG,ATL,00-0000316,J.Anderson,19,59.0,0.0,-0.30196,2,3.10526
1999,REG,ATL,00-0002876,C.Chandler,16,57.0,1.0,-0.41053,11,3.5625
1999,REG,ATL,00-0002970,B.Christian,38,174.0,5.0,0.34733,14,4.57895
1999,REG,ATL,00-0004673,T.Dwight,5,28.0,1.0,0.25215,4,5.6
1999,REG,ATL,00-0006299,T.Graziani,9,11.0,0.0,-0.6411,6,1.22222
1999,REG,ATL,00-0006803,B.Hanspard,136,383.0,1.0,-0.28955,12,2.81618
1999,REG,ATL,00-0010539,T.Mathis,1,0.0,0.0,-0.42781,1,0.0
1999,REG,ATL,00-0012368,W.Oliver,8,32.0,0.0,-0.7709,5,4.0
1999,REG,ATL,00-0012480,K.Oxendine,141,452.0,1.0,-0.2262,12,3.20567
1999,REG,BAL,00-0000722,T.Banks,24,93.0,0.0,-0.20927,10,3.875
1999,REG,BAL,00-0002787,S.Case,36,141.0,3.0,0.09554,10,3.91667
1999,REG,BAL,00-0004972,C.Evans,36,126.0,0.0,-0.03588,13,3.5
1999,REG,BAL,00-0007661,P.Holmes,77,454.0,1.0,0.13981,7,5.8961
1999,REG,BAL,00-0008059,Q.Ismail,1,4.0,0.0,0.72801,1,4.0
1999,REG,BAL,00-0008598,P.Johnson,1,12.0,0.0,0.6953,1,12.0
1999,REG,BAL,00-0009869,J.Lewis,5,11.0,0.0,-0.12828,5,2.2
1999,REG,BAL,00-0011434,S.Mitchell,1,1.0,0.0,-1.24591,1,1.0
1999,REG,BAL,00-0013622,E.Rhett,236,852.0,5.0,-0.17783,14,3.61017
1999,REG,BUF,00-0005363,D.Flutie,88,476.0,1.0,0.05824,15,5.40909
1999,REG,BUF,00-0006155,L.Gordon,11,38.0,0.0,-0.41514,3,3.45455
1999,REG,BUF,00-0007387,R.Hicks,1,-2.0,0.0,-0.55138,1,-2.0
1999,REG,BUF,00-0008612,R.Johnson,8,61.0,0.0,0.0906,2,7.625
1999,REG,BUF,00-0009960,J.Linton,206,695.0,5.0,-0.18429,16,3.37379
1999,REG,BUF,00-0011463,C.Mohr,2,0.0,0.0,-2.18722,2,0.0
1999,REG,BUF,00-0011770,E.Moulds,1,1.0,0.0,-0.57962,1,1.0
1999,REG,BUF,00-0013232,P.Price,1,-7.0,0.0,-1.1183,1,-7.0
1999,REG,BUF,00-0015091,A.Smith,165,614.0,6.0,-0.11671,14,3.72121
1999,REG,BUF,00-0016331,T.Thomas,36,152.0,0.0,-0.14117,3,4.22222
1999,REG,BUF,00-0016838,A.Van Pelt,1,-1.0,0.0,0.0,1,-1.0
1999,REG,BUF,00-0017860,K.Williams,1,13.0,0.0,0.97138,1,13.0
1999,REG,CAR,00-0000872,M.Bates,3,12.0,0.0,-0.13523,2,4.0
1999,REG,CAR,00-0001218,S.Beuerlein,28,124.0,2.0,-0.29409,15,4.42857
1999,REG,CAR,00-0001224,T.Biakabutuka,138,718.0,6.0,-0.02383,11,5.2029
1999,REG,CAR,00-0001471,S.Bono,2,-2.0,0.0,0.0,1,-1.0
1999,REG,CAR,00-0002701,R.Carruth,1,4.0,0.0,0.20272,1,4.0
1999,REG,CAR,00-0005361,W.Floyd,35,78.0,3.0,-0.27631,13,2.22857
1999,REG,CAR,00-0007357,C.Hetherington,2,7.0,0.0,-0.41816,1,3.5
1999,REG,CAR,00-0008300,P.Jeffers,2,16.0,0.0,-0.11307,2,8.0
1999,REG,CAR,00-0008430,A.Johnson,25,72.0,0.0,-0.36232,7,2.88
1999,REG,CAR,00-0009599,F.Lane,115,475.0,1.0,-0.18403,15,4.13043
1999,REG,CAR,00-0009868,J.Lewis,4,1.0,0.0,-0.28655,2,0.25
1999,REG,CAR,00-0011151,E.Metcalf,2,20.0,0.0,0.90626,2,10.0
1999,REG,CHI,00-0000210,J.Allen,32,119.0,0.0,-0.11263,8,3.71875
1999,REG,CHI,00-0001103,E.Bennett,6,28.0,0.0,0.00935,5,4.66667
1999,REG,CHI,00-0001477,M.Booker,1,8.0,0.0,0.45642,1,8.0
1999,REG,CHI,00-0001842,M.Brooks,1,7.0,0.0,0.31506,1,7.0
1999,REG,CHI,00-0003396,C.Conway,1,-2.0,0.0,-0.71784,1,-2.0
1999,REG,CHI,00-0004915,B.Engram,2,11.0,0.0,0.91071,2,5.5
1999,REG,CHI,00-0004916,C.Enis,287,916.0,3.0,-0.20034,15,3.19164
1999,REG,CHI,00-0010560,S.Matthews,14,31.0,0.0,-0.42022,8,2.21429
1999,REG,CHI,00-0011044,C.McNown,33,160.0,0.0,-0.0427,11,4.84848
1999,REG,CHI,00-0011213,G.Milburn,16,102.0,1.0,0.1413,11,6.375
1999,REG,CHI,00-0011276,J.Miller,3,9.0,0.0,-0.7042,2,3.0
1999,REG,CHI,00-0014377,T.Sauerbrun,1,-2.0,0.0,-7.29931,1,-2.0
1999,REG,CIN,00-0000856,M.Basnight,62,308.0,0.0,-0.20753,11,4.96774
1999,REG,CIN,00-0001335,J.Blake,63,332.0,2.0,0.21993,14,5.26984
1999,REG,CIN,00-0002743,K.Carter,7,15.0,1.0,-0.1288,1,2.14286
1999,REG,CIN,00-0003557,S.Covington,2,-4.0,0.0,0.0,1,-2.0
1999,REG,CIN,00-0004304,C.Dillon,264,1200.0,5.0,-0.058,15,4.54545
1999,REG,CIN,00-0006482,C.Groce,8,22.0,1.0,0.16025,5,2.75
1999,REG,CIN,00-0011341,B.Milne,3,30.0,0.0,0.353,1,10.0
1999,REG,CIN,00-0014742,S.Shaw,4,20.0,1.0,0.49588,1,5.0
1999,REG,CIN,00-0015082,A.Smith,19,114.0,1.0,0.11837,7,6.0
1999,REG,CIN,00-0017896,N.Luchey,10,30.0,0.0,-0.25611,3,3.0
1999,REG,CIN,00-0018382,C.Yeast,2,-16.0,0.0,-1.39259,2,-8.0
1999,REG,CLE,00-0000003,A.al-Jabbar,116,350.0,0.0,-0.19862,10,3.01724
1999,REG,CLE,00-0003535,T.Couch,41,267.0,1.0,0.13935,14,6.5122
1999,REG,CLE,00-0004091,P.Dawson,1,4.0,1.0,4.09167,1,4.0
1999,REG,CLE,00-0004230,T.Detmer,6,38.0,1.0,0.54929,5,6.33333
1999,REG,CLE,00-0004768,M.Edwards,6,35.0,0.0,-0.55221,5,5.83333
1999,REG,CLE,00-0008560,K.Johnson,1,-6.0,0.0,-1.10516,1,-6.0
1999,REG,CLE,00-0008751,G.Jones,8,15.0,0.0,-0.61663,3,1.875
1999,REG,CLE,00-0009288,T.Kirby,130,452.0,6.0,-0.10113,16,3.47692
1999,REG,CLE,00-0013176,R.Powell,1,-14.0,0.0,-2.39389,1,-14.0
1999,REG,CLE,00-0014256,R.Salaam,1,2.0,0.0,-0.10988,1,2.0
1999,REG,CLE,00-0014742,S.Shaw,3,2.0,0.0,-0.13659,2,0.66667
1999,REG,CLE,00-0014790,L.Shepherd,1,5.0,0.0,1.11998,1,5.0
1999,REG,DAL,00-0000104,T.Aikman,21,10.0,1.0,-0.42128,12,0.47619
1999,REG,DAL,00-0001281,E.Bjornson,1,20.0,1.0,4.85085,1,20.0
1999,REG,DAL,00-0002873,R.Chancey,14,57.0,0.0,-0.07237,1,4.07143
1999,REG,DAL,00-0005794,J.Garrett,6,12.0,0.0,-0.15503,3,2.0
1999,REG,DAL,00-0008060,R.Ismail,13,110.0,1.0,0.31554,11,8.46154
1999,REG,DAL,00-0011328,E.Mills,1,-1.0,0.0,-0.8108,1,-1.0
1999,REG,DAL,00-0015165,E.Smith,329,1397.0,11.0,-0.0231,15,4.2462
1999,REG,DAL,00-0016316,R.Thomas,8,35.0,0.0,0.03019,3,4.375
1999,REG,DAL,00-0016654,J.Tucker,1,8.0,0.0,-0.36691,1,8.0
1999,REG,DAL,00-0017209,C.Warren,99,403.0,2.0,-0.17848,13,4.07071
1999,REG,DEN,00-0000541,J.Avery,5,21.0,0.0,-0.08615,3,4.2
1999,REG,DEN,00-0001785,B.Brister,2,17.0,0.0,-0.37241,2,8.5
1999,REG,DEN,00-0004054,T.Davis,67,211.0,2.0,-0.21269,4,3.14925
1999,REG,DEN,00-0005816,O.Gary,277,1159.0,7.0,-0.04484,12,4.18412
1999,REG,DEN,00-0006423,B.Griese,46,138.0,2.0,-0.3348,14,3.0
1999,REG,DEN,00-0006456,H.Griffith,17,66.0,1.0,0.05776,8,3.88235
1999,REG,DEN,00-0010107,D.Loville,40,203.0,1.0,-0.04438,8,5.075
1999,REG,DEN,00-0010194,A.Lynn,2,2.0,0.0,-0.32376,2,1.0
1999,REG,DEN,00-0011244,C.Miller,8,40.0,0.0,0.23817,2,5.0
1999,REG,DEN,00-0014083,T.Rouen,1,0.0,0.0,-0.91326,1,0.0
1999,REG,DEN,00-0015152,D.Smith,1,7.0,0.0,0.17893,1,7.0
1999,REG,DET,00-0000865,C.Batch,28,87.0,2.0,0.26813,8,3.10714
1999,REG,DET,00-0003700,G.Crowell,5,38.0,0.0,0.5027,5,7.6
1999,REG,DET,00-0005589,G.Frerotte,15,33.0,0.0,-0.36829,7,2.2
1999,REG,DET,00-0007436,G.Hill,144,542.0,2.0,-0.21239,14,3.76389
1999,REG,DET,00-0008046,S.Irvin,36,133.0,4.0,-0.13395,11,3.69444
1999,REG,DET,00-0008401,J.Jett,2,-8.0,0.0,-1.61399,2,-4.0
1999,REG,DET,00-0012370,B.Olivo,1,1.0,0.0,0.55957,1,1.0
1999,REG,DET,00-0013785,R.Rivers,82,295.0,0.0,-0.15413,7,3.59756
1999,REG,DET,00-0014450,C.Schlesinger,43,124.0,0.0,-0.41711,11,2.88372
1999,REG,GB,00-0005106,B.Favre,28,142.0,0.0,0.03363,14,5.07143
1999,REG,GB,00-0005562,A.Freeman,1,-2.0,0.0,-0.70628,1,-2.0
1999,REG,GB,00-0007091,M.Hasselbeck,6,15.0,0.0,-0.37164,3,2.5
1999,REG,GB,00-0007254,W.Henderson,7,29.0,2.0,0.253,4,4.14286
1999,REG,GB,00-0009829,D.Levens,279,1034.0,9.0,-0.16423,14,3.70609
1999,REG,GB,00-0011392,B.Mitchell,29,117.0,0.0,-0.00674,6,4.03448
1999,REG,GB,00-0012556,D.Parker,36,184.0,2.0,0.12405,5,5.11111
1999,REG,IND,00-0004824,K.Elias,13,28.0,0.0,-0.23041,2,2.15385
1999,REG,IND,00-0007024,M.Harrison,1,4.0,0.0,0.04785,1,4.0
1999,REG,IND,00-0008241,E.James,370,1553.0,13.0,-0.07165,16,4.1973
1999,REG,IND,00-0010346,P.Manning,35,73.0,2.0,-0.10444,14,2.08571
1999,REG,IND,00-0017697,T.Wilkins,1,2.0,0.0,-0.31325,1,2.0
1999,REG,JAX,00-0000721,T.Banks,23,82.0,0.0,-0.26524,8,3.56522
1999,REG,JAX,00-0000754,B.Barker,1,6.0,0.0,-2.51321,1,6.0
1999,REG,JAX,00-0002110,M.Brunell,48,208.0,1.0,0.28859,15,4.33333
1999,REG,JAX,00-0005180,J.Fiedler,13,26.0,0.0,-0.37734,7,2.0
1999,REG,JAX,00-0007795,C.Howard,13,55.0,0.0,-0.07463,4,4.23077
1999,REG,JAX,00-0010240,S.Mack,7,40.0,0.0,0.13659,2,5.71429
1999,REG,JAX,00-0014775,D.Shelton,1,2.0,0.0,-0.27292,1,2.0
1999,REG,JAX,00-0015698,J.Stewart,249,931.0,13.0,-0.05138,14,3.73896
1999,REG,JAX,00-0016098,F.Taylor,159,732.0,6.0,-0.04589,10,4.60377
1999,REG,JAX,00-0017611,A.Whitted,1,9.0,0.0,0.76073,1,9.0
1999,REG,KC,00-0000145,D.Alexander,2,82.0,1.0,2.72683,2,41.0
1999,REG,KC,00-0000279,K.Anders,32,181.0,0.0,-0.00216,2,5.65625
1999,REG,KC,00-0001102,D.Bennett,161,627.0,8.0,-0.0208,13,3.89441
1999,REG,KC,00-0003136,M.Cloud,35,128.0,0.0,-0.0617,8,3.65714
1999,REG,KC,00-0006300,E.Grbac,19,10.0,0.0,-0.64411,13,0.52632
1999,REG,KC,00-0007744,J.Horn,2,15.0,0.0,0.50168,2,7.5
1999,REG,KC,00-0011675,B.Morris,120,414.0,3.0,-0.15861,12,3.45
1999,REG,KC,00-0013108,D.Pope,1,0.0,0.0,-3.09362,1,0.0
1999,REG,KC,00-0013694,T.Richardson,84,387.0,1.0,-0.0626,15,4.60714
1999,REG,KC,00-0014759,R.Shehee,65,238.0,1.0,-0.22171,8,3.66154
1999,REG,LA,00-0002099,I.Bruce,5,32.0,0.0,0.6485,4,6.4
1999,REG,LA,00-0005092,M.Faulk,235,1327.0,7.0,0.06259,15,5.64681
1999,REG,LA,00-0005902,J.Germaine,3,0.0,0.0,-0.08118,2,0.0
1999,REG,LA,00-0006627,A.Hakim,4,44.0,0.0,-0.01929,4,11.0
1999,REG,LA,00-0007546,J.Hodgins,7,10.0,1.0,-0.27971,4,1.42857
1999,REG,LA,00-0007579,R.Holcombe,74,293.0,4.0,-0.1303,13,3.95946
1999,REG,LA,00-0007681,T.Holt,3,25.0,0.0,0.75425,3,8.33333
1999,REG,LA,00-0008970,P.Justin,5,-1.0,0.0,-1.30309,3,-0.2
1999,REG,LA,00-0009738,A.Lee,3,3.0,0.0,-0.73527,1,1.0
1999,REG,LA,00-0017200,K.Warner,22,93.0,1.0,-0.19204,12,4.22727
1999,REG,LA,00-0017303,J.Watson,46,174.0,0.0,-0.23923,6,3.78261
1999,REG,LAC,00-0001101,D.Bennett,1,0.0,0.0,-4.25353,1,0.0
1999,REG,LAC,00-0002459,K.Bynum,92,287.0,1.0,-0.22333,13,3.11957
1999,REG,LAC,00-0005110,J.Fazande,91,365.0,2.0,-0.11984,7,4.01099
1999,REG,LAC,00-0005324,T.Fletcher,48,126.0,0.0,-0.2184,13,2.625
1999,REG,LAC,00-0006808,J.Harbaugh,34,126.0,0.0,-0.43947,12,3.70588
1999,REG,LAC,00-0008704,C.Jones,1,-8.0,0.0,-1.42594,1,-8.0
1999,REG,LAC,00-0009451,E.Kramer,5,1.0,0.0,-1.2513,3,0.2
1999,REG,LAC,00-0011081,N.Means,112,277.0,4.0,-0.19307,7,2.47321
1999,REG,LAC,00-0013712,M.Ricks,2,11.0,0.0,0.17434,2,5.5
1999,REG,LAC,00-0015655,T.Stephens,24,61.0,3.0,0.03541,7,2.54167
1999,REG,LV,00-0002058,T.Brown,1,4.0,0.0,-0.10829,1,4.0
1999,REG,LV,00-0003663,Z.Crockett,45,91.0,4.0,-0.15248,11,2.02222
1999,REG,LV,00-0005741,R.Gannon,46,298.0,2.0,0.2929,13,6.47826
1999,REG,LV,00-0007832,B.Hoying,2,-3.0,0.0,-0.94888,1,-1.5
1999,REG,LV,00-0008921,R.Jordan,9,32.0,2.0,0.10278,4,3.55556
1999,REG,LV,00-0009038,N.Kaufman,138,714.0,2.0,-0.01943,16,5.17391
1999,REG,LV,00-0013773,J.Ritchie,5,12.0,0.0,-0.10693,4,2.4
1999,REG,LV,00-0017486,T.Wheatley,242,936.0,8.0,-0.07614,16,3.86777
1999,REG,MIA,00-0000003,A.al-Jabbar,28,95.0,1.0,0.11692,3,3.39286
1999,REG,MIA,00-0003271,C.Collins,132,414.0,2.0,-0.25351,8,3.13636
1999,REG,MIA,00-0004200,A.Denson,28,98.0,0.0,-0.16205,3,3.5
1999,REG,MIA,00-0007835,D.Huard,28,124.0,0.0,0.18057,8,4.42857
1999,REG,MIA,00-0008229,N.Jacquet,1,4.0,0.0,-0.01934,1,4.0
1999,REG,MIA,00-0008529,J.Johnson,164,558.0,4.0,-0.15005,13,3.40244
1999,REG,MIA,00-0009417,R.Konrad,9,16.0,0.0,-0.16621,6,1.77778
1999,REG,MIA,00-0010379,D.Marino,6,-6.0,0.0,-0.52854,5,-1.0
1999,REG,MIA,00-0010477,T.Martin,1,-6.0,0.0,-1.25006,1,-6.0
1999,REG,MIA,00-0013262,S.Pritchett,47,158.0,1.0,-0.14973,9,3.3617
1999,REG,MIA,00-0018518,S.Zolak,2,-2.0,0.0,0.0,1,-1.0
1999,REG,MIN,00-0003739,D.Culpepper,3,6.0,0.0,0.19915,1,2.0
1999,REG,MIN,00-0003761,R.Cunningham,10,58.0,0.0,0.01651,5,5.8
1999,REG,MIN,00-0005885,J.George,16,41.0,0.0,-0.44266,9,2.5625
1999,REG,MIN,00-0007520,L.Hoard,138,555.0,10.0,-0.11426,15,4.02174
1999,REG,MIN,00-0011718,H.Morrow,2,1.0,0.0,-0.30143,1,0.5
1999,REG,MIN,00-0011754,R.Moss,4,43.0,0.0,0.69006,4,10.75
1999,REG,MIN,00-0012515,D.Palmer,3,12.0,0.0,-0.0734,2,4.0
1999,REG,MIN,00-0015286,R.Smith,221,1015.0,2.0,-0.04236,13,4.59276
1999,REG,MIN,00-0016061,R.Tate,1,4.0,0.0,-0.05162,1,4.0
1999,REG,MIN,00-0017892,M.Williams,24,69.0,1.0,-0.16073,7,2.875
1999,REG,NE,00-0000232,T.Allen,254,896.0,8.0,-0.19554,16,3.52756
1999,REG,NE,00-0001361,D.Bledsoe,42,101.0,0.0,-0.02591,15,2.40476
1999,REG,NE,00-0002713,T.Carter,6,26.0,0.0,0.09352,4,4.33333
1999,REG,NE,00-0004871,J.Ellison,2,10.0,0.0,0.5317,2,5.0
1999,REG,NE,00-0005091,K.Faulk,67,227.0,1.0,-0.28677,11,3.38806
1999,REG,NE,00-0005348,C.Floyd,6,12.0,0.0,-0.4298,4,2.0
1999,REG,NE,00-0005600,J.Friesz,2,-2.0,0.0,-0.54884,1,-1.0
1999,REG,NE,00-0008566,L.Johnson,2,13.0,0.0,0.54377,2,6.5
1999,REG,NE,00-0014733,H.Shaw,9,23.0,0.0,-0.28465,2,2.55556
1999,REG,NE,00-0017218,L.Warren,35,120.0,0.0,-0.12829,12,3.42857
1999,REG,NO,00-0000811,T.Barnhardt,1,4.0,0.0,-1.77879,1,4.0
1999,REG,NO,00-0003610,A.Craver,17,40.0,0.0,-0.53131,8,2.35294
1999,REG,NO,00-0004060,T.Davis,21,32.0,0.0,-0.26123,6,1.52381
1999,REG,NO,00-0004161,J.Delhomme,11,72.0,2.0,0.98268,2,6.54545
1999,REG,NO,00-0005532,P.Franklin,1,0.0,0.0,-1.07765,1,0.0
1999,REG,NO,00-0007093,A.Hastings,1,4.0,0.0,-0.77678,1,4.0
1999,REG,NO,00-0007530,B.Hobert,12,47.0,1.0,0.09523,6,3.91667
1999,REG,NO,00-0009163,E.Kennison,3,20.0,0.0,0.02276,3,6.66667
1999,REG,NO,00-0012832,W.Perry,48,180.0,0.0,-0.12103,5,3.75
1999,REG,NO,00-0012946,D.Philyaw,4,16.0,0.0,-0.12711,3,4.0
1999,REG,NO,00-0013097,K.Poole,1,14.0,0.0,0.9189,1,14.0
1999,REG,NO,00-0013173,M.Powell,1,1.0,0.0,-0.28448,1,1.0
1999,REG,NO,00-0015242,L.Smith,60,205.0,0.0,-0.20623,11,3.41667
1999,REG,NO,00-0016534,B.Tolliver,26,142.0,3.0,-0.13763,9,5.46154
1999,REG,NO,00-0017915,R.Williams,253,884.0,2.0,-0.22504,12,3.49407
1999,REG,NO,00-0018333,D.Wuerffel,2,29.0,1.0,0.85967,2,14.5
1999,REG,NYG,00-0000745,T.Barber,62,258.0,0.0,-0.02241,13,4.16129
1999,REG,NYG,00-0001112,S.Bennett,29,126.0,1.0,-0.17462,7,4.34483
1999,REG,NYG,00-0001938,G.Brown,55,177.0,0.0,-0.18576,3,3.21818
1999,REG,NYG,00-0003292,K.Collins,20,36.0,2.0,-0.68978,9,1.8
1999,REG,NYG,00-0003344,G.Comella,1,0.0,0.0,-0.39664,1,0.0
1999,REG,NYG,00-0006212,K.Graham,35,132.0,1.0,-0.1208,8,3.77143
1999,REG,NYG,00-0007468,I.Hilliard,3,16.0,0.0,-0.21647,3,5.33333
1999,REG,NYG,00-0008570,L.Johnson,61,143.0,2.0,-0.32505,8,2.34426
1999,REG,NYG,00-0011506,J.Montgomery,116,348.0,3.0,-0.19407,6,3.0
1999,REG,NYG,00-0012642,D.Patten,1,27.0,0.0,1.98348,1,27.0
1999,REG,NYG,00-0016550,A.Toomer,1,4.0,0.0,0.00215,1,4.0
1999,REG,NYG,00-0017337,C.Way,49,141.0,2.0,-0.1394,10,2.87755
1999,REG,NYJ,00-0000339,R.Anderson,16,84.0,0.0,-0.01575,9,5.25
1999,REG,NYJ,00-0008561,K.Johnson,5,6.0,0.0,-0.47168,5,1.2
1999,REG,NYJ,00-0008568,L.Johnson,1,2.0,0.0,2.695,1,2.0
1999,REG,NYJ,00-0010137,R.Lucas,42,144.0,1.0,-0.33261,9,3.42857
1999,REG,NYJ,00-0010442,C.Martin,367,1464.0,5.0,-0.06714,16,3.9891
1999,REG,NYJ,00-0011378,R.Mirer,21,89.0,1.0,-0.27039,6,4.2381
1999,REG,NYJ,00-0012603,B.Parmalee,27,133.0,0.0,-0.09415,10,4.92593
1999,REG,NYJ,00-0015420,J.Sowell,3,5.0,0.0,-0.89271,1,1.66667
1999,REG,NYJ,00-0015759,D.Stone,2,27.0,0.0,0.37661,2,13.5
1999,REG,NYJ,00-0016683,T.Tupa,2,8.0,0.0,-1.26021,1,4.0
1999,REG,NYJ,00-0017160,D.Ward,1,-1.0,0.0,0.0,1,-1.0
1999,REG,PHI,00-0001233,E.Bieniemy,12,75.0,1.0,0.50967,5,6.25
1999,REG,PHI,00-0001525,J.Bostic,5,19.0,0.0,-0.7666,4,3.8
1999,REG,PHI,00-0004229,K.Detmer,2,-2.0,0.0,-0.06973,1,-1.0
1999,REG,PHI,00-0010436,C.Martin,3,3.0,0.0,-0.40033,3,1.0
1999,REG,PHI,00-0011022,D.McNabb,48,313.0,0.0,0.13174,10,6.52083
1999,REG,PHI,00-0012726,D.Pederson,20,33.0,0.0,-0.62861,10,1.65
1999,REG,PHI,00-0015523,D.Staley,325,1273.0,4.0,-0.13157,16,3.91692
1999,REG,PHI,00-0016723,K.Turner,6,15.0,0.0,-0.05863,3,2.5
1999,REG,PHI,00-0017301,E.Watson,4,17.0,0.0,-0.25388,2,4.25
1999,REG,PIT,00-0001215,J.Bettis,299,1091.0,7.0,-0.06061,16,3.64883
1999,REG,PIT,00-0005620,C.Fuamatu-Ma'afala,1,4.0,0.0,-0.33066,1,4.0
1999,REG,PIT,00-0006100,P.Gonzalez,2,-3.0,0.0,-1.39741,1,-1.5
1999,REG,PIT,00-0007969,R.Huntley,93,567.0,5.0,0.14683,16,6.09677
1999,REG,PIT,00-0011279,J.Miller,2,-9.0,0.0,-1.55231,2,-4.5
1999,REG,PIT,00-0015700,K.Stewart,57,258.0,2.0,-0.05293,11,4.52632
1999,REG,PIT,00-0016538,M.Tomczak,16,19.0,0.0,-0.40643,8,1.1875
1999,REG,PIT,00-0017162,H.Ward,2,-2.0,0.0,-0.65398,2,-1.0
1999,REG,PIT,00-0018141,J.Witman,6,18.0,0.0,-0.04721,4,3.0
1999,REG,PIT,00-0018501,A.Zereoue,18,48.0,0.0,-0.12123,2,2.66667
1999,REG,SEA,00-0001582,F.Bownes,1,-14.0,0.0,-2.47064,1,-14.0
1999,REG,SEA,00-0002027,R.Brown,14,38.0,0.0,-0.74846,10,2.71429
1999,REG,SEA,00-0005113,J.Feagles,2,0.0,0.0,-1.06658,2,0.0
1999,REG,SEA,00-0005379,G.Foley,3,-1.0,0.0,-1.80372,1,-0.33333
1999,REG,SEA,00-0005720,J.Galloway,1,-1.0,0.0,-0.84981,1,-1.0
1999,REG,SEA,00-0006305,A.Green,26,120.0,0.0,0.0473,8,4.61538
1999,REG,SEA,00-0009311,J.Kitna,35,56.0,0.0,-0.47474,14,1.6
1999,REG,SEA,00-0015830,M.Strong,1,0.0,0.0,-0.55131,1,0.0
1999,REG,SEA,00-0017322,R.Watters,325,1210.0,5.0,-0.16612,16,3.72308
1999,REG,SF,00-0000942,F.Beasley,58,276.0,4.0,-0.02529,12,4.75862
1999,REG,SF,00-0005755,J.Garcia,45,231.0,2.0,0.32279,12,5.13333
1999,REG,SF,00-0005779,C.Garner,241,1229.0,4.0,-0.00129,16,5.09959
1999,REG,SF,00-0008196,T.Jackson,15,75.0,0.0,-0.19411,3,5.0
1999,REG,SF,00-0008391,T.Jervey,6,49.0,1.0,0.19831,2,8.16667
1999,REG,SF,00-0012931,L.Phillips,30,144.0,2.0,-0.02605,8,4.8
1999,REG,SF,00-0013639,J.Rice,2,13.0,0.0,0.01277,2,6.5
1999,REG,SF,00-0015550,C.Stanley,1,0.0,0.0,-3.17254,1,0.0
1999,REG,SF,00-0015627,S.Stenstrom,3,15.0,0.0,-0.30247,3,5.0
1999,REG,SF,00-0016842,T.Vardell,6,6.0,1.0,-0.21222,2,1.0
1999,REG,SF,00-0018441,S.Young,11,57.0,0.0,-0.14012,3,5.18182
1999,REG,TB,00-0000007,R.Abdullah,5,12.0,0.0,-0.4462,2,2.4
1999,REG,TB,00-0000251,M.Alstott,242,949.0,7.0,-0.15006,16,3.92149
1999,REG,TB,00-0000387,R.Anthony,1,2.0,0.0,-1.0164,1,2.0
1999,REG,TB,00-0004293,T.Dilfer,35,144.0,0.0,0.17281,10,4.11429
1999,REG,TB,00-0004640,W.Dunn,195,616.0,0.0,-0.2529,15,3.15897
1999,REG,TB,00-0006331,J.Green,3,8.0,0.0,0.0262,3,2.66667
1999,REG,TB,00-0009266,S.King,18,38.0,0.0,-0.5693,6,2.11111
1999,REG,TB,00-0014115,M.Royals,1,0.0,0.0,-0.947,1,0.0
1999,REG,TB,00-0018483,E.Zeier,3,7.0,0.0,0.12529,1,2.33333
1999,REG,TEN,00-0004694,K.Dyson,1,3.0,0.0,0.03758,1,3.0
1999,REG,TEN,00-0005883,E.George,321,1304.0,9.0,-0.08157,16,4.06231
1999,REG,TEN,00-0007308,C.Hentrich,2,1.0,0.0,-1.98183,2,0.5
1999,REG,TEN,00-0011024,S.McNair,72,337.0,8.0,0.24095,11,4.68056
1999,REG,TEN,00-0011958,L.Neal,2,1.0,1.0,0.64622,2,0.5
1999,REG,TEN,00-0012261,N.O'Donnell,19,1.0,0.0,-0.35061,7,0.05263
1999,REG,TEN,00-0016321,R.Thomas,43,164.0,1.0,-0.1037,11,3.81395
1999,REG,TEN,00-0018343,F.Wycheck,1,0.0,0.0,-0.947,1,0.0
1999,REG,WAS,00-0002846,L.Centers,13,51.0,0.0,-0.08617,9,3.92308
1999,REG,WAS,00-0003378,A.Connell,1,8.0,0.0,0.64636,1,8.0
1999,REG,WAS,00-0004052,S.Davis,292,1405.0,17.0,0.17563,14,4.81164
1999,REG,WAS,00-0007389,S.Hicks,78,257.0,3.0,-0.18819,9,3.29487
1999,REG,WAS,00-0008442,B.Johnson,26,31.0,2.0,-0.26988,13,1.19231
1999,REG,WAS,00-0011399,B.Mitchell,40,220.0,1.0,-0.113,13,5.5
1999,REG,WAS,00-0012732,R.Peete,2,-1.0,0.0,-0.59804,1,-0.5
1999,REG,WAS,00-0016440,J.Thrash,1,37.0,0.0,2.2882,1,37.0
1999,REG,WAS,00-0017415,C.Weldon,5,-4.0,0.0,-0.28517,2,-0.8
1999,REG,WAS,00-0017470,M.Westbrook,7,35.0,0.0,-0.17077,6,5.0
2000,POST,BAL,00-0000722,T.Banks,1,-1.0,0.0,-0.74667,1,-1.0
2000,POST,BAL,00-0004293,T.Dilfer,13,7.0,0.0,-0.37341,4,0.53846
2000,POST,BAL,00-0005822,S.Gash,1,0.0,0.0,-0.68478,1,0.0
2000,POST,BAL,00-0007661,P.Holmes,18,45.0,0.0,-0.34885,3,2.5
2000,POST,BAL,00-0008059,Q.Ismail,1,-4.0,0.0,1.05497,1,-4.0
2000,POST,BAL,00-0009869,J.Lewis,3,7.0,0.0,-0.5815,3,2.33333
2000,POST,BAL,00-0019693,J.Lewis,103,338.0,4.0,-0.1537,4,3.28155
2000,POST,DEN,00-0005589,G.Frerotte,1,-1.0,0.0,-0.03575,1,-1.0
2000,POST,DEN,00-0015290,R.Smith,2,3.0,0.0,-0.58795,1,1.5
2000,POST,DEN,00-0019594,M.Anderson,15,40.0,0.0,-0.4016,1,2.66667
2000,POST,IND,00-0008241,E.James,21,107.0,0.0,0.06765,1,5.09524
2000,POST,IND,00-0010346,P.Manning,1,-2.0,0.0,-1.19798,1,-2.0
2000,POST,IND,00-0015194,H.Smith,1,-6.0,0.0,-3.02453,1,-6.0
2000,POST,LA,00-0005092,M.Faulk,15,24.0,0.0,-0.37549,1,1.6
2000,POST,LA,00-0017200,K.Warner,1,5.0,1.0,2.36892,1,5.0
2000,POST,LA,00-0017303,J.Watson,1,5.0,0.0,-0.09341,1,5.0
2000,POST,LV,00-0003663,Z.Crockett,1,3.0,0.0,0.11446,1,3.0
2000,POST,LV,00-0005741,R.Gannon,6,33.0,0.0,0.60189,2,5.5
2000,POST,LV,00-0007832,B.Hoying,5,11.0,0.0,-0.53672,2,2.2
2000,POST,LV,00-0008400,J.Jett,1,-4.0,0.0,-1.15175,1,-4.0
2000,POST,LV,00-0008921,R.Jordan,6,17.0,0.0,-0.21776,2,2.83333
2000,POST,LV,00-0009038,N.Kaufman,1,4.0,0.0,0.05799,1,4.0
2000,POST,LV,00-0009288,T.Kirby,11,37.0,0.0,-0.17078,1,3.36364
2000,POST,LV,00-0017486,T.Wheatley,31,63.0,1.0,-0.25607,2,2.03226
2000,POST,MIA,00-0004200,A.Denson,3,12.0,0.0,-0.17835,1,4.0
2000,POST,MIA,00-0005180,J.Fiedler,10,55.0,0.0,0.51793,2,5.5
2000,POST,MIA,00-0008529,J.Johnson,3,12.0,0.0,-0.24545,1,4.0
2000,POST,MIA,00-0010477,T.Martin,1,6.0,0.0,0.19955,1,6.0
2000,POST,MIA,00-0015242,L.Smith,48,214.0,2.0,-0.10782,2,4.45833
2000,POST,MIN,00-0003739,D.Culpepper,6,61.0,0.0,0.56952,2,10.16667
2000,POST,MIN,00-0011718,H.Morrow,3,2.0,0.0,-0.54338,1,0.66667
2000,POST,MIN,00-0015286,R.Smith,32,118.0,1.0,-0.07712,2,3.6875
2000,POST,NO,00-0000232,T.Allen,17,22.0,0.0,-0.46684,2,1.29412
2000,POST,NO,00-0001823,A.Brooks,15,55.0,0.0,-0.12462,2,3.66667
2000,POST,NO,00-0008210,W.Jackson,1,-3.0,0.0,-1.27555,1,-3.0
2000,POST,NO,00-0011573,J.Moore,3,1.0,0.0,-0.57965,1,0.33333
2000,POST,NO,00-0017915,R.Williams,6,14.0,0.0,-0.51852,1,2.33333
2000,POST,NO,00-0019590,C.Morton,7,30.0,0.0,-0.05283,2,4.28571
2000,POST,NYG,00-0000745,T.Barber,38,153.0,0.0,-0.23541,3,4.02632
2000,POST,NYG,00-0003292,K.Collins,11,29.0,0.0,-0.10638,2,2.63636
2000,POST,NYG,00-0003344,G.Comella,1,2.0,0.0,-0.40781,1,2.0
2000,POST,NYG,00-0005794,J.Garrett,3,-3.0,0.0,-1.20378,1,-1.0
2000,POST,NYG,00-0007468,I.Hilliard,1,-1.0,0.0,-1.53491,1,-1.0
2000,POST,NYG,00-0011506,J.Montgomery,18,48.0,0.0,0.01046,2,2.66667
2000,POST,NYG,00-0016550,A.Toomer,1,6.0,0.0,1.68041,1,6.0
2000,POST,NYG,00-0019643,R.Dayne,27,82.0,0.0,-0.33377,2,3.03704
2000,POST,PHI,00-0011022,D.McNabb,13,49.0,1.0,0.46282,2,3.76923
2000,POST,PHI,00-0011399,B.Mitchell,6,27.0,0.0,-0.0866,2,4.5
2000,POST,PHI,00-0017209,C.Warren,28,96.0,0.0,-0.01294,2,3.42857
2000,POST,TB,00-0000251,M.Alstott,7,42.0,0.0,0.13574,1,6.0
2000,POST,TB,00-0004640,W.Dunn,8,1.0,0.0,-0.50076,1,0.125
2000,POST,TB,00-0009266,S.King,4,7.0,0.0,-0.25542,1,1.75
2000,POST,TEN,00-0005883,E.George,27,91.0,1.0,-0.04638,1,3.37037
2000,POST,TEN,00-0011024,S.McNair,5,31.0,0.0,0.266,1,6.2
2000,POST,TEN,00-0016321,R.Thomas,1,4.0,0.0,0.65989,1,4.0
2000,REG,ARI,00-0001532,D.Boston,3,9.0,0.0,-1.63515,3,3.0
2000,REG,ARI,00-0001907,D.Brown,1,0.0,0.0,-4.36151,1,0.0
2000,REG,ARI,00-0006410,C.Greisen,1,1.0,0.0,-0.28285,1,1.0
2000,REG,ARI,00-0008357,M.Jenkins,1,-4.0,0.0,-1.04019,1,-4.0
2000,REG,ARI,00-0010292,J.Makovicka,3,8.0,0.0,-0.34761,3,2.66667
2000,REG,ARI,00-0013013,M.Pittman,184,719.0,4.0,-0.12783,16,3.90761
2000,REG,ARI,00-0013028,S.Player,2,-11.0,0.0,-2.21673,2,-5.5
2000,REG,ARI,00-0013042,J.Plummer,38,183.0,0.0,-0.15348,12,4.81579
2000,REG,ARI,00-0019641,T.Jones,113,373.0,2.0,-0.22425,14,3.30088
2000,REG,ATL,00-0000316,J.Anderson,283,1024.0,6.0,-0.16401,16,3.61837
2000,REG,ATL,00-0002876,C.Chandler,21,60.0,0.0,-0.32085,8,2.85714
2000,REG,ATL,00-0002970,B.Christian,9,19.0,0.0,-0.37132,5,2.11111
2000,REG,ATL,00-0004673,T.Dwight,5,8.0,0.0,-0.53377,3,1.6
2000,REG,ATL,00-0008313,S.Jefferson,1,1.0,0.0,-0.4703,1,1.0
2000,REG,ATL,00-0009007,D.Kanell,1,0.0,0.0,-0.95999,1,0.0
2000,REG,ATL,00-0010539,T.Mathis,1,-5.0,0.0,-0.95747,1,-5.0
2000,REG,ATL,00-0013785,R.Rivers,8,27.0,0.0,-0.1917,2,3.375
2000,REG,ATL,00-0018977,M.Smith,19,69.0,0.0,-0.28863,5,3.63158
2000,REG,ATL,00-0019087,D.Johnson,3,11.0,0.0,0.01517,2,3.66667
2000,REG,BAL,00-0000552,O.Ayanbadejo,15,37.0,1.0,-0.06951,7,2.46667
2000,REG,BAL,00-0000722,T.Banks,19,57.0,0.0,-0.57693,9,3.0
2000,REG,BAL,00-0004293,T.Dilfer,20,75.0,0.0,-0.40352,8,3.75
2000,REG,BAL,00-0005822,S.Gash,2,2.0,0.0,-0.33712,2,1.0
2000,REG,BAL,00-0007661,P.Holmes,137,588.0,2.0,-0.00141,16,4.29197
2000,REG,BAL,00-0008598,P.Johnson,2,21.0,0.0,0.56391,2,10.5
2000,REG,BAL,00-0009869,J.Lewis,3,38.0,0.0,0.93468,3,12.66667
2000,REG,BAL,00-0015754,B.Stokley,1,6.0,0.0,1.17514,1,6.0
2000,REG,BAL,00-0019693,J.Lewis,310,1364.0,6.0,-0.00224,16,4.4
2000,REG,BAL,00-0019709,C.Redman,1,0.0,0.0,0.0,1,0.0
2000,REG,BAL,00-0019721,T.Taylor,2,11.0,0.0,-0.52802,2,5.5
2000,REG,BUF,00-0002159,S.Bryson,157,587.0,0.0,-0.15798,15,3.73885
2000,REG,BUF,00-0005363,D.Flutie,36,161.0,1.0,-0.0759,8,4.47222
2000,REG,BUF,00-0008612,R.Johnson,38,263.0,1.0,0.09456,10,6.92105
2000,REG,BUF,00-0009960,J.Linton,31,101.0,0.0,-0.12619,4,3.25806
2000,REG,BUF,00-0011463,C.Mohr,1,0.0,0.0,-0.947,1,0.0
2000,REG,BUF,00-0011770,E.Moulds,2,24.0,0.0,0.79236,2,12.0
2000,REG,BUF,00-0013232,P.Price,2,32.0,0.0,1.14374,2,16.0
2000,REG,BUF,00-0015091,A.Smith,102,354.0,4.0,-0.2873,10,3.47059
2000,REG,BUF,00-0019484,S.Morris,88,324.0,4.0,-0.05434,11,3.68182
2000,REG,CAR,00-0000872,M.Bates,5,13.0,0.0,-0.42735,3,2.6
2000,REG,CAR,00-0001218,S.Beuerlein,45,106.0,1.0,-0.21691,16,2.35556
2000,REG,CAR,00-0001224,T.Biakabutuka,173,627.0,2.0,-0.10643,12,3.62428
2000,REG,CAR,00-0003600,D.Craig,2,4.0,0.0,0.08023,2,2.0
2000,REG,CAR,00-0005361,W.Floyd,16,33.0,1.0,-0.22507,7,2.0625
2000,REG,CAR,00-0007357,C.Hetherington,23,65.0,2.0,-0.15161,9,2.82609
2000,REG,CAR,00-0009868,J.Lewis,8,36.0,0.0,0.20438,4,4.5
2000,REG,CAR,00-0011795,M.Muhammad,2,12.0,0.0,0.53276,2,6.0
2000,REG,CAR,00-0017127,K.Walter,1,0.0,0.0,-0.2088,1,0.0
2000,REG,CAR,00-0019100,B.Hoover,89,290.0,1.0,-0.1066,11,3.25843
2000,REG,CHI,00-0000210,J.Allen,290,1120.0,2.0,-0.13917,16,3.86207
2000,REG,CHI,00-0000781,M.Barnes,15,81.0,0.0,-0.16519,6,5.4
2000,REG,CHI,00-0000838,B.Bartholomew,1,0.0,0.0,-0.947,1,0.0
2000,REG,CHI,00-0000869,D.Bates,1,-2.0,0.0,-0.95628,1,-2.0
2000,REG,CHI,00-0001477,M.Booker,2,-1.0,0.0,-0.56288,2,-0.5
2000,REG,CHI,00-0004915,B.Engram,1,1.0,0.0,-0.43957,1,1.0
2000,REG,CHI,00-0004916,C.Enis,36,84.0,1.0,-0.2164,9,2.33333
2000,REG,CHI,00-0009163,E.Kennison,3,72.0,0.0,1.71372,3,24.0
2000,REG,CHI,00-0010560,S.Matthews,10,35.0,0.0,0.35819,5,3.5
2000,REG,CHI,00-0011044,C.McNown,50,326.0,3.0,0.15861,10,6.52
2000,REG,CHI,00-0011213,G.Milburn,1,6.0,0.0,-0.31108,1,6.0
2000,REG,CHI,00-0011276,J.Miller,7,5.0,0.0,-0.33143,3,0.71429
2000,REG,CHI,00-0013888,M.Robinson,1,9.0,0.0,0.96068,1,9.0
2000,REG,CIN,00-0001098,B.Bennett,90,324.0,3.0,-0.21382,15,3.6
2000,REG,CIN,00-0004304,C.Dillon,315,1435.0,7.0,-0.07222,16,4.55556
2000,REG,CIN,00-0006482,C.Groce,3,4.0,0.0,-0.56514,3,1.33333
2000,REG,CIN,00-0011434,S.Mitchell,10,61.0,1.0,0.72082,7,6.1
2000,REG,CIN,00-0013108,D.Pope,2,22.0,0.0,0.37845,2,11.0
2000,REG,CIN,00-0015082,A.Smith,41,219.0,0.0,0.07724,10,5.34146
2000,REG,CIN,00-0017896,N.Luchey,10,54.0,0.0,0.02312,5,5.4
2000,REG,CIN,00-0018382,C.Yeast,1,15.0,0.0,1.04316,1,15.0
2000,REG,CIN,00-0019455,P.Warrick,16,148.0,2.0,0.48167,10,9.25
2000,REG,CIN,00-0019466,C.Keaton,6,24.0,0.0,0.07045,3,4.0
2000,REG,CIN,00-0019676,N.Rackers,1,-5.0,0.0,-3.09461,1,-5.0
2000,REG,CLE,00-0003535,T.Couch,12,45.0,0.0,0.13372,6,3.75
2000,REG,CLE,00-0004768,M.Edwards,2,9.0,0.0,-2.59623,1,4.5
2000,REG,CLE,00-0012726,D.Pederson,18,68.0,0.0,-0.34163,8,3.77778
2000,REG,CLE,00-0013622,E.Rhett,71,258.0,0.0,-0.24474,5,3.6338
2000,REG,CLE,00-0019057,J.White,47,145.0,0.0,-0.24197,10,3.08511
2000,REG,CLE,00-0019278,K.Thompson,1,0.0,0.0,-0.39942,1,0.0
2000,REG,CLE,00-0019553,S.Wynn,3,15.0,0.0,-0.02441,2,5.0
2000,REG,CLE,00-0019609,T.Prentice,173,512.0,7.0,-0.16795,15,2.95954
2000,REG,CLE,00-0019650,D.Northcutt,9,33.0,0.0,0.03964,3,3.66667
2000,REG,DAL,00-0000104,T.Aikman,10,13.0,0.0,-0.21189,6,1.3
2000,REG,DAL,00-0003140,D.Coakley,1,26.0,0.0,3.97008,1,26.0
2000,REG,DAL,00-0003761,R.Cunningham,23,89.0,1.0,0.5721,6,3.86957
2000,REG,DAL,00-0008060,R.Ismail,8,73.0,0.0,-0.30309,6,9.125
2000,REG,DAL,00-0010843,W.McGarity,6,49.0,1.0,0.5809,5,8.16667
2000,REG,DAL,00-0015165,E.Smith,294,1203.0,9.0,-0.06993,16,4.09184
2000,REG,DAL,00-0016316,R.Thomas,15,51.0,0.0,-0.19242,9,3.4
2000,REG,DAL,00-0016654,J.Tucker,4,42.0,1.0,0.96833,3,10.5
2000,REG,DAL,00-0017209,C.Warren,60,254.0,2.0,-0.05787,11,4.23333
2000,REG,DAL,00-0018272,A.Wright,12,36.0,0.0,-1.1661,3,3.0
2000,REG,DAL,00-0018949,T.Seder,1,1.0,1.0,3.14984,1,1.0
2000,REG,DAL,00-0019516,T.Hambrick,6,28.0,0.0,-0.08305,1,4.66667
2000,REG,DAL,00-0019614,M.Wiley,24,88.0,0.0,-0.17872,5,3.66667
2000,REG,DEN,00-0004054,T.Davis,78,282.0,2.0,-0.04291,5,3.61538
2000,REG,DEN,00-0005589,G.Frerotte,22,64.0,1.0,-0.00574,8,2.90909
2000,REG,DEN,00-0005816,O.Gary,14,80.0,0.0,0.021,1,5.71429
2000,REG,DEN,00-0006423,B.Griese,29,102.0,1.0,-0.22931,9,3.51724
2000,REG,DEN,00-0006456,H.Griffith,5,4.0,0.0,-0.71874,4,0.8
2000,REG,DEN,00-0006989,R.Harris,10,22.0,0.0,-0.45042,2,2.2
2000,REG,DEN,00-0014083,T.Rouen,1,-11.0,0.0,-2.64997,1,-11.0
2000,REG,DEN,00-0015290,R.Smith,6,99.0,1.0,1.20445,4,16.5
2000,REG,DEN,00-0019382,K.Coleman,54,183.0,1.0,-0.00374,7,3.38889
2000,REG,DEN,00-0019594,M.Anderson,299,1500.0,15.0,0.05852,14,5.01672
2000,REG,DEN,00-0019682,J.Jackson,1,-1.0,0.0,-2.06538,1,-1.0
2000,REG,DET,00-0000865,C.Batch,44,199.0,2.0,0.01163,14,4.52273
2000,REG,DET,00-0000871,M.Bates,31,127.0,2.0,0.11122,11,4.09677
2000,REG,DET,00-0002787,S.Case,16,117.0,1.0,0.52599,4,7.3125
2000,REG,DET,00-0003700,G.Crowell,1,12.0,0.0,0.69567,1,12.0
2000,REG,DET,00-0008046,S.Irvin,9,49.0,0.0,-0.78492,4,5.44444
2000,REG,DET,00-0008401,J.Jett,1,0.0,0.0,-3.30069,1,0.0
2000,REG,DET,00-0011727,J.Morton,4,25.0,0.0,-0.20564,4,6.25
2000,REG,DET,00-0014450,C.Schlesinger,1,3.0,0.0,-0.06209,1,3.0
2000,REG,DET,00-0015698,J.Stewart,342,1184.0,10.0,-0.09982,16,3.46199
2000,REG,DET,00-0019231,L.Foster,2,31.0,0.0,-1.52053,2,15.5
2000,REG,GB,00-0004541,D.Driver,1,4.0,0.0,-0.10839,1,4.0
2000,REG,GB,00-0005106,B.Favre,27,108.0,0.0,-0.14314,10,4.0
2000,REG,GB,00-0005562,A.Freeman,2,5.0,0.0,0.24211,2,2.5
2000,REG,GB,00-0006305,A.Green,263,1175.0,10.0,0.02767,16,4.46768
2000,REG,GB,00-0007091,M.Hasselbeck,4,-5.0,0.0,-0.55294,3,-1.25
2000,REG,GB,00-0007254,W.Henderson,2,16.0,0.0,0.28501,2,8.0
2000,REG,GB,00-0009829,D.Levens,77,224.0,3.0,-0.13211,5,2.90909
2000,REG,GB,00-0011392,B.Mitchell,2,8.0,0.0,-0.13985,1,4.0
2000,REG,GB,00-0012556,D.Parker,18,85.0,0.0,-0.07008,8,4.72222
2000,REG,GB,00-0014071,A.Rossum,1,16.0,0.0,1.57672,1,16.0
2000,REG,GB,00-0014489,B.Schroeder,2,11.0,0.0,-0.15335,2,5.5
2000,REG,GB,00-0018333,D.Wuerffel,2,-2.0,0.0,-0.0544,1,-1.0
2000,REG,GB,00-0019028,H.Goodman,3,-2.0,0.0,-1.89449,2,-0.66667
2000,REG,IND,00-0000003,A.al-Jabbar,1,-2.0,0.0,-0.54994,1,-2.0
2000,REG,IND,00-0005229,J.Finn,1,1.0,0.0,-4.84215,1,1.0
2000,REG,IND,00-0006155,L.Gordon,4,13.0,0.0,-0.01468,2,3.25
2000,REG,IND,00-0008241,E.James,389,1709.0,13.0,-0.01649,16,4.39332
2000,REG,IND,00-0010346,P.Manning,37,116.0,1.0,-0.07156,13,3.13514
2000,REG,IND,00-0012637,J.Pathon,1,3.0,0.0,-0.2029,1,3.0
2000,REG,IND,00-0015194,H.Smith,1,11.0,0.0,2.19101,1,11.0
2000,REG,IND,00-0017697,T.Wilkins,3,8.0,0.0,-0.23287,3,2.66667
2000,REG,JAX,00-0002110,M.Brunell,48,236.0,2.0,-0.17141,15,4.91667
2000,REG,JAX,00-0004595,C.Dukes,2,2.0,0.0,-1.70449,1,1.0
2000,REG,JAX,00-0007795,C.Howard,21,52.0,1.0,-0.18361,2,2.47619
2000,REG,JAX,00-0008430,A.Johnson,28,112.0,1.0,0.08794,9,4.0
2000,REG,JAX,00-0010240,S.Mack,54,145.0,1.0,-0.26843,3,2.68519
2000,REG,JAX,00-0010455,J.Martin,7,-6.0,0.0,-0.74122,3,-0.85714
2000,REG,JAX,00-0013338,J.Quinn,2,-2.0,0.0,-0.19012,1,-1.0
2000,REG,JAX,00-0014775,D.Shelton,2,3.0,0.0,-0.32683,2,1.5
2000,REG,JAX,00-0016098,F.Taylor,292,1399.0,12.0,0.03567,13,4.7911
2000,REG,JAX,00-0017829,J.Williams,2,8.0,0.0,0.62882,1,4.0
2000,REG,JAX,00-0018971,S.Stith,20,55.0,1.0,-0.10663,7,2.75
2000,REG,JAX,00-0019604,R.Soward,3,28.0,0.0,0.29616,3,9.33333
2000,REG,KC,00-0000145,D.Alexander,3,45.0,0.0,0.5062,3,15.0
2000,REG,KC,00-0000279,K.Anders,76,331.0,2.0,-0.13721,10,4.35526
2000,REG,KC,00-0001102,D.Bennett,27,24.0,1.0,-0.30805,6,0.88889
2000,REG,KC,00-0003136,M.Cloud,22,63.0,1.0,-0.19965,5,2.86364
2000,REG,KC,00-0006300,E.Grbac,28,112.0,1.0,-0.08439,11,4.0
2000,REG,KC,00-0011524,W.Moon,2,2.0,0.0,-0.85043,1,1.0
2000,REG,KC,00-0012569,L.Parker,1,-7.0,0.0,-1.22126,1,-7.0
2000,REG,KC,00-0013694,T.Richardson,141,657.0,3.0,-0.06058,15,4.65957
2000,REG,KC,00-0019471,F.Moreau,49,121.0,3.0,-0.18439,9,2.46939
2000,REG,LA,00-0002099,I.Bruce,1,11.0,0.0,1.01769,1,11.0
2000,REG,LA,00-0003400,E.Conwell,2,23.0,0.0,1.20232,2,11.5
2000,REG,LA,00-0005092,M.Faulk,257,1359.0,18.0,0.17136,14,5.28794
2000,REG,LA,00-0006355,T.Green,20,69.0,1.0,-0.1437,8,3.45
2000,REG,LA,00-0006627,A.Hakim,5,19.0,0.0,-1.25824,4,3.8
2000,REG,LA,00-0007546,J.Hodgins,1,3.0,0.0,-0.86469,1,3.0
2000,REG,LA,00-0007579,R.Holcombe,21,70.0,3.0,0.10672,10,3.33333
2000,REG,LA,00-0007681,T.Holt,2,7.0,0.0,0.47901,2,3.5
2000,REG,LA,00-0007749,T.Horne,2,6.0,0.0,-0.15516,2,3.0
2000,REG,LA,00-0010174,K.Lyle,1,4.0,0.0,1.96927,1,4.0
2000,REG,LA,00-0017200,K.Warner,18,17.0,0.0,-0.80996,9,0.94444
2000,REG,LA,00-0017303,J.Watson,54,249.0,4.0,0.04552,8,4.61111
2000,REG,LA,00-0019649,T.Canidate,3,6.0,0.0,-0.28175,2,2.0
2000,REG,LAC,00-0002459,K.Bynum,3,9.0,0.0,-0.27583,1,3.0
2000,REG,LAC,00-0002873,R.Chancey,38,133.0,2.0,-0.07387,2,3.5
2000,REG,LAC,00-0003396,C.Conway,3,31.0,0.0,1.11935,3,10.33333
2000,REG,LAC,00-0005110,J.Fazande,120,368.0,2.0,-0.16434,11,3.06667
2000,REG,LAC,00-0005324,T.Fletcher,114,380.0,3.0,-0.18842,14,3.33333
2000,REG,LAC,00-0006808,J.Harbaugh,17,24.0,0.0,-0.94193,6,1.41176
2000,REG,LAC,00-0009715,R.Leaf,28,54.0,0.0,-0.79372,10,1.92857
2000,REG,LAC,00-0010747,F.McCrary,7,8.0,0.0,-0.75353,2,1.14286
2000,REG,LAC,00-0011640,M.Moreno,1,0.0,0.0,-4.34258,1,0.0
2000,REG,LAC,00-0019025,R.Jenkins,8,6.0,0.0,-0.13299,4,0.75
2000,REG,LV,00-0002058,T.Brown,3,12.0,0.0,-0.09411,3,4.0
2000,REG,LV,00-0003663,Z.Crockett,43,130.0,7.0,0.11483,10,3.02326
2000,REG,LV,00-0004574,R.Dudley,1,-7.0,0.0,-1.34211,1,-7.0
2000,REG,LV,00-0005741,R.Gannon,90,529.0,4.0,0.23347,16,5.87778
2000,REG,LV,00-0007832,B.Hoying,2,-3.0,0.0,-1.98193,1,-1.5
2000,REG,LV,00-0008921,R.Jordan,46,213.0,3.0,0.03412,9,4.63043
2000,REG,LV,00-0009038,N.Kaufman,93,499.0,0.0,0.00684,14,5.36559
2000,REG,LV,00-0009288,T.Kirby,11,51.0,0.0,-0.22641,1,4.63636
2000,REG,LV,00-0017486,T.Wheatley,232,1046.0,9.0,-0.08012,14,4.50862
2000,REG,MIA,00-0004200,A.Denson,30,103.0,0.0,-0.18056,8,3.43333
2000,REG,MIA,00-0004888,B.Emanuel,3,-2.0,0.0,-2.31352,3,-0.66667
2000,REG,MIA,00-0005180,J.Fiedler,49,238.0,1.0,-0.00163,13,4.85714
2000,REG,MIA,00-0008075,L.Izzo,1,39.0,0.0,0.0,1,39.0
2000,REG,MIA,00-0008529,J.Johnson,50,168.0,1.0,-0.06677,7,3.36
2000,REG,MIA,00-0009417,R.Konrad,15,39.0,0.0,-0.21672,3,2.6
2000,REG,MIA,00-0010824,O.McDuffie,1,-3.0,0.0,-0.71839,1,-3.0
2000,REG,MIA,00-0014790,L.Shepherd,4,3.0,0.0,-0.54694,3,0.75
2000,REG,MIA,00-0015242,L.Smith,285,1077.0,14.0,-0.09226,14,3.77895
2000,REG,MIA,00-0016331,T.Thomas,21,112.0,0.0,-0.23648,7,5.33333
2000,REG,MIN,00-0001785,B.Brister,5,20.0,0.0,-0.12344,2,4.0
2000,REG,MIN,00-0003739,D.Culpepper,89,470.0,7.0,0.20824,15,5.2809
2000,REG,MIN,00-0009323,J.Kleinsasser,12,43.0,0.0,-0.14428,9,3.58333
2000,REG,MIN,00-0011754,R.Moss,3,5.0,0.0,-0.43093,3,1.66667
2000,REG,MIN,00-0015286,R.Smith,295,1521.0,7.0,0.0605,16,5.15593
2000,REG,MIN,00-0017892,M.Williams,23,67.0,0.0,-0.30641,10,2.91304
2000,REG,MIN,00-0019552,T.Walters,1,3.0,0.0,-0.52636,1,3.0
2000,REG,NE,00-0001272,M.Bishop,7,-1.0,0.0,-0.29346,4,-0.14286
2000,REG,NE,00-0001361,D.Bledsoe,47,158.0,2.0,-0.1407,15,3.3617
2000,REG,NE,00-0002068,T.Brown,6,46.0,0.0,-0.33612,4,7.66667
2000,REG,NE,00-0002713,T.Carter,37,90.0,2.0,-0.18175,13,2.43243
2000,REG,NE,00-0005091,K.Faulk,166,570.0,4.0,-0.17298,15,3.43373
2000,REG,NE,00-0005348,C.Floyd,2,-1.0,0.0,-0.6029,2,-0.5
2000,REG,NE,00-0006043,T.Glenn,4,39.0,0.0,0.22219,3,9.75
2000,REG,NE,00-0006989,R.Harris,3,14.0,0.0,0.24169,1,4.66667
2000,REG,NE,00-0008566,L.Johnson,3,-1.0,0.0,-1.07408,3,-0.33333
2000,REG,NE,00-0014733,H.Shaw,9,12.0,0.0,-0.36256,4,1.33333
2000,REG,NE,00-0019533,P.Pass,18,58.0,0.0,-0.10576,4,3.22222
2000,REG,NE,00-0019722,J.Redmond,125,406.0,1.0,-0.15099,11,3.248
2000,REG,NO,00-0000232,T.Allen,47,179.0,2.0,-0.04677,4,3.80851
2000,REG,NO,00-0001335,J.Blake,57,243.0,1.0,0.06762,10,4.26316
2000,REG,NO,00-0001823,A.Brooks,41,170.0,2.0,-0.02376,8,4.14634
2000,REG,NO,00-0006181,T.Gowin,1,5.0,0.0,2.33419,1,5.0
2000,REG,NO,00-0007744,J.Horn,6,10.0,0.0,-0.15329,6,1.66667
2000,REG,NO,00-0010632,F.McAfee,2,37.0,0.0,0.67912,2,18.5
2000,REG,NO,00-0011341,B.Milne,2,1.0,0.0,-0.52467,2,0.5
2000,REG,NO,00-0011573,J.Moore,37,156.0,1.0,0.04922,5,4.21622
2000,REG,NO,00-0017915,R.Williams,248,1000.0,8.0,-0.0804,10,4.03226
2000,REG,NO,00-0019587,T.Smith,29,131.0,0.0,-0.0524,9,4.51724
2000,REG,NO,00-0019590,C.Morton,36,136.0,0.0,-0.10096,11,3.77778
2000,REG,NYG,00-0000745,T.Barber,214,1006.0,8.0,-0.09961,16,4.70093
2000,REG,NYG,00-0003292,K.Collins,41,65.0,1.0,-0.24004,12,1.58537
2000,REG,NYG,00-0003344,G.Comella,10,45.0,0.0,-0.18797,6,4.5
2000,REG,NYG,00-0005794,J.Garrett,4,-4.0,0.0,-0.38203,2,-1.0
2000,REG,NYG,00-0007468,I.Hilliard,3,19.0,0.0,0.18281,3,6.33333
2000,REG,NYG,00-0011506,J.Montgomery,1,4.0,1.0,2.06328,1,4.0
2000,REG,NYG,00-0016550,A.Toomer,5,91.0,1.0,1.42833,4,18.2
2000,REG,NYG,00-0019643,R.Dayne,229,770.0,5.0,-0.14221,16,3.36245
2000,REG,NYG,00-0019662,R.Dixon,2,13.0,0.0,0.04011,2,6.5
2000,REG,NYJ,00-0000339,R.Anderson,27,63.0,0.0,-0.25128,12,2.33333
2000,REG,NYJ,00-0002962,W.Chrebet,3,-3.0,0.0,-0.70452,2,-1.0
2000,REG,NYJ,00-0009886,M.Lewis,1,3.0,0.0,1.6464,1,3.0
2000,REG,NYJ,00-0010137,R.Lucas,6,42.0,0.0,0.26137,4,7.0
2000,REG,NYJ,00-0010442,C.Martin,317,1204.0,9.0,-0.10649,16,3.79811
2000,REG,NYJ,00-0012603,B.Parmalee,27,87.0,2.0,0.09846,4,3.22222
2000,REG,NYJ,00-0015420,J.Sowell,2,0.0,0.0,-0.96666,2,0.0
2000,REG,NYJ,00-0015759,D.Stone,3,3.0,0.0,0.0113,3,1.0
2000,REG,NYJ,00-0016193,V.Testaverde,25,32.0,0.0,-0.98733,12,1.28
2000,REG,NYJ,00-0017160,D.Ward,4,23.0,0.0,-0.32004,3,5.75
2000,REG,NYJ,00-0018958,L.Coles,2,15.0,0.0,0.38521,2,7.5
2000,REG,NYJ,00-0019481,W.Hayes,1,2.0,0.0,-0.40555,1,2.0
2000,REG,NYJ,00-0019559,C.Pennington,1,0.0,0.0,-1.13097,1,0.0
2000,REG,PHI,00-0000108,D.Akers,1,15.0,0.0,2.94721,1,15.0
2000,REG,PHI,00-0000534,D.Autry,112,334.0,3.0,-0.15325,10,2.98214
2000,REG,PHI,00-0004229,K.Detmer,1,8.0,0.0,0.45455,1,8.0
2000,REG,PHI,00-0008454,C.Johnson,5,18.0,0.0,-0.11661,5,3.6
2000,REG,PHI,00-0009738,A.Lee,1,2.0,0.0,-0.42618,1,2.0
2000,REG,PHI,00-0010436,C.Martin,13,77.0,0.0,-0.27657,8,5.92308
2000,REG,PHI,00-0011022,D.McNabb,86,639.0,6.0,0.46517,16,7.43023
2000,REG,PHI,00-0011399,B.Mitchell,25,187.0,2.0,0.4292,10,7.48
2000,REG,PHI,00-0013262,S.Pritchett,58,225.0,1.0,-0.19542,12,3.87931
2000,REG,PHI,00-0015063,T.Small,1,1.0,0.0,-0.62985,1,1.0
2000,REG,PHI,00-0015523,D.Staley,79,344.0,1.0,-0.12275,5,4.35443
2000,REG,PHI,00-0017209,C.Warren,15,42.0,0.0,-0.75372,1,2.8
2000,REG,PIT,00-0001215,J.Bettis,355,1341.0,8.0,-0.02354,16,3.77746
2000,REG,PIT,00-0004780,T.Edwards,3,4.0,0.0,-0.95566,3,1.33333
2000,REG,PIT,00-0005620,C.Fuamatu-Ma'afala,21,149.0,1.0,0.2009,5,7.09524
2000,REG,PIT,00-0006212,K.Graham,8,7.0,0.0,-1.12873,4,0.875
2000,REG,PIT,00-0007969,R.Huntley,47,215.0,3.0,-0.09309,12,4.57447
2000,REG,PIT,00-0011279,J.Miller,1,0.0,0.0,-3.6202,1,0.0
2000,REG,PIT,00-0015700,K.Stewart,78,436.0,7.0,0.15286,14,5.58974
2000,REG,PIT,00-0017162,H.Ward,4,53.0,0.0,0.97586,3,13.25
2000,REG,PIT,00-0018141,J.Witman,3,5.0,0.0,-1.44678,2,1.66667
2000,REG,PIT,00-0018501,A.Zereoue,6,14.0,0.0,0.03057,2,2.33333
2000,REG,PIT,00-0019135,D.Kreider,2,24.0,0.0,0.41964,1,12.0
2000,REG,SEA,00-0002027,R.Brown,3,6.0,0.0,-0.06121,2,2.0
2000,REG,SEA,00-0007834,B.Huard,5,29.0,0.0,0.50445,3,5.8
2000,REG,SEA,00-0009311,J.Kitna,48,127.0,1.0,-0.24108,12,2.64583
2000,REG,SEA,00-0015830,M.Strong,3,9.0,0.0,-0.03247,3,3.0
2000,REG,SEA,00-0017322,R.Watters,278,1242.0,7.0,-0.02467,16,4.46763
2000,REG,SEA,00-0019491,J.Williams,1,-5.0,0.0,-0.92894,1,-5.0
2000,REG,SEA,00-0019647,S.Alexander,64,313.0,2.0,-0.07331,16,4.89062
2000,REG,SEA,00-0019663,D.Jackson,1,-1.0,0.0,-0.62267,1,-1.0
2000,REG,SF,00-0000942,F.Beasley,50,147.0,3.0,0.01492,15,2.94
2000,REG,SF,00-0005755,J.Garcia,72,414.0,4.0,0.13734,16,5.75
2000,REG,SF,00-0005779,C.Garner,258,1142.0,7.0,-0.05975,16,4.42636
2000,REG,SF,00-0008196,T.Jackson,6,6.0,1.0,0.12596,5,1.0
2000,REG,SF,00-0008391,T.Jervey,1,0.0,0.0,-0.3151,1,0.0
2000,REG,SF,00-0011378,R.Mirer,3,0.0,0.0,0.03907,1,0.0
2000,REG,SF,00-0012478,T.Owens,3,11.0,0.0,-1.51678,3,3.66667
2000,REG,SF,00-0013639,J.Rice,1,-2.0,0.0,-1.22526,1,-2.0
2000,REG,SF,00-0013699,W.Richey,1,0.0,0.0,-0.947,1,0.0
2000,REG,SF,00-0015751,J.Stokes,1,6.0,0.0,0.25347,1,6.0
2000,REG,SF,00-0015811,T.Streets,1,0.0,0.0,0.0,1,0.0
2000,REG,SF,00-0019238,J.Lewis,1,6.0,0.0,0.36757,1,6.0
2000,REG,SF,00-0019623,T.Rattay,2,-1.0,0.0,-1.94418,1,-0.5
2000,REG,SF,00-0019673,P.Smith,18,72.0,0.0,-0.23713,8,4.0
2000,REG,TB,00-0000007,R.Abdullah,16,70.0,0.0,-0.17678,3,4.375
2000,REG,TB,00-0000251,M.Alstott,131,465.0,5.0,-0.1196,13,3.54962
2000,REG,TB,00-0004640,W.Dunn,248,1122.0,8.0,-0.03289,16,4.52419
2000,REG,TB,00-0006331,J.Green,5,13.0,0.0,-0.32627,4,2.6
2000,REG,TB,00-0008561,K.Johnson,2,5.0,0.0,-0.69956,2,2.5
2000,REG,TB,00-0009266,S.King,74,353.0,5.0,0.25552,16,4.77027
2000,REG,TB,00-0015601,A.Stecker,12,31.0,0.0,-0.38096,5,2.58333
2000,REG,TB,00-0018483,E.Zeier,2,-2.0,0.0,-0.85777,2,-1.0
2000,REG,TB,00-0019579,J.Hamilton,1,-2.0,0.0,-0.48056,1,-2.0
2000,REG,TEN,00-0005883,E.George,403,1509.0,14.0,-0.07562,16,3.74442
2000,REG,TEN,00-0010500,D.Mason,1,1.0,0.0,-0.68424,1,1.0
2000,REG,TEN,00-0011024,S.McNair,72,403.0,0.0,-0.05869,16,5.59722
2000,REG,TEN,00-0011958,L.Neal,1,-2.0,0.0,-0.80986,1,-2.0
2000,REG,TEN,00-0012261,N.O'Donnell,9,-2.0,0.0,-0.39096,4,-0.22222
2000,REG,TEN,00-0016321,R.Thomas,61,175.0,0.0,-0.30337,12,2.86885
2000,REG,WAS,00-0000585,C.Bailey,1,7.0,1.0,3.05246,1,7.0
2000,REG,WAS,00-0000811,T.Barnhardt,1,11.0,0.0,-6.54199,1,11.0
2000,REG,WAS,00-0002846,L.Centers,19,103.0,0.0,-0.19051,9,5.42105
2000,REG,WAS,00-0004052,S.Davis,332,1318.0,11.0,-0.09263,15,3.96988
2000,REG,WAS,00-0005616,I.Fryar,2,16.0,0.0,0.32686,1,8.0
2000,REG,WAS,00-0005885,J.George,7,24.0,0.0,-0.46538,3,3.42857
2000,REG,WAS,00-0007389,S.Hicks,29,78.0,1.0,-0.14105,6,2.68966
2000,REG,WAS,00-0008442,B.Johnson,22,58.0,1.0,-0.16866,10,2.63636
2000,REG,WAS,00-0011869,A.Murrell,20,50.0,0.0,-0.56654,9,2.5
2000,REG,WAS,00-0014655,M.Sellers,1,2.0,0.0,0.12428,1,2.0
2000,REG,WAS,00-0016440,J.Thrash,10,82.0,0.0,0.30245,7,8.2
2000,REG,WAS,00-0019440,K.Heppner,1,0.0,0.0,-0.947,1,0.0
2000,REG,WAS,00-0019622,T.Husak,1,-1.0,0.0,-0.51444,1,-1.0
2001,POST,BAL,00-0000232,T.Allen,29,120.0,1.0,-0.01035,2,4.13793
2001,POST,BAL,00-0000552,O.Ayanbadejo,2,8.0,0.0,-0.02588,1,4.0
2001,POST,BAL,00-0006300,E.Grbac,2,3.0,0.0,0.06095,1,1.5
2001,POST,BAL,00-0009869,J.Lewis,2,4.0,0.0,0.09323,1,2.0
2001,POST,BAL,00-0017892,M.Williams,9,29.0,0.0,-0.11349,2,3.22222
2001,POST,BAL,00-0019423,J.Brookins,14,71.0,0.0,0.08501,2,5.07143
2001,POST,BAL,00-0019709,C.Redman,2,-2.0,0.0,-0.88725,1,-1.0
2001,POST,BAL,00-0019721,T.Taylor,1,15.0,0.0,1.38739,1,15.0
2001,POST,CHI,00-0000210,J. Allen,2,7.0,0.0,-0.30545,1,3.5
2001,POST,CHI,00-0008568,L.Johnson,3,7.0,0.0,0.58891,1,2.33333
2001,POST,CHI,00-0010560,S. Matthews,1,-1.0,0.0,0.00253,1,-1.0
2001,POST,CHI,00-0019510,A.Merritt,1,47.0,1.0,4.70773,1,47.0
2001,POST,CHI,00-0019660,D. White,1,15.0,0.0,0.95202,1,15.0
2001,POST,CHI,00-0020403,A. Thomas,15,36.0,0.0,-0.30945,1,2.4
2001,POST,GB,00-0004541,D.Driver,2,25.0,0.0,0.83914,2,12.5
2001,POST,GB,00-0005106,B.Favre,7,6.0,0.0,-0.6034,2,0.85714
2001,POST,GB,00-0006305,A.Green,37,180.0,1.0,-0.1387,2,4.86486
2001,POST,GB,00-0007254,W.Henderson,1,7.0,0.0,0.90987,1,7.0
2001,POST,GB,00-0009829,D.Levens,2,7.0,0.0,-0.06242,2,3.5
2001,POST,GB,00-0012726,D.Pederson,1,-1.0,0.0,-0.41467,1,-1.0
2001,POST,LA,00-0003400,E.Conwell,1,0.0,0.0,-1.70613,1,0.0
2001,POST,LA,00-0005092,M.Faulk,64,317.0,3.0,0.11942,3,4.95312
2001,POST,LA,00-0006627,A.Hakim,2,14.0,0.0,1.01282,2,7.0
2001,POST,LA,00-0007546,J.Hodgins,1,3.0,0.0,0.1137,1,3.0
2001,POST,LA,00-0017200,K.Warner,9,8.0,1.0,-0.3638,3,0.88889
2001,POST,LV,00-0002058,T. Brown,1,6.0,0.0,0.67794,1,6.0
2001,POST,LV,00-0003663,Z. Crockett,5,8.0,1.0,0.07782,2,1.6
2001,POST,LV,00-0005741,R. Gannon,6,11.0,0.0,-0.05577,2,1.83333
2001,POST,LV,00-0005779,C. Garner,33,222.0,1.0,0.23922,2,6.72727
2001,POST,LV,00-0009288,T. Kirby,2,3.0,0.0,-0.36697,2,1.5
2001,POST,LV,00-0017486,T. Wheatley,15,42.0,0.0,-0.13371,2,2.8
2001,POST,MIA,00-0005180,J.Fiedler,3,16.0,0.0,-0.62165,1,5.33333
2001,POST,MIA,00-0010137,R.Lucas,1,10.0,0.0,1.04503,1,10.0
2001,POST,MIA,00-0015242,L.Smith,6,6.0,0.0,-0.5957,1,1.0
2001,POST,MIA,00-0020448,T.Minor,5,14.0,0.0,-0.81524,1,2.8
2001,POST,NE,00-0001361,D.Bledsoe,4,1.0,0.0,-0.38982,1,0.25
2001,POST,NE,00-0002068,T.Brown,1,-9.0,0.0,-1.3447,1,-9.0
2001,POST,NE,00-0004768,M.Edwards,3,8.0,0.0,0.0434,2,2.66667
2001,POST,NE,00-0005091,K.Faulk,3,14.0,0.0,-0.2346,2,4.66667
2001,POST,NE,00-0012642,D.Patten,1,22.0,0.0,1.45529,1,22.0
2001,POST,NE,00-0015091,A.Smith,53,204.0,0.0,-0.06911,3,3.84906
2001,POST,NE,00-0019596,T.Brady,8,22.0,1.0,-0.22795,3,2.75
2001,POST,NE,00-0019722,J.Redmond,7,6.0,0.0,-0.675,3,0.85714
2001,POST,NYJ,00-0010442,C.Martin,16,106.0,0.0,0.2851,1,6.625
2001,POST,NYJ,00-0016193,V.Testaverde,1,1.0,0.0,-0.37189,1,1.0
2001,POST,NYJ,00-0018958,L.Coles,1,7.0,0.0,0.28896,1,7.0
2001,POST,NYJ,00-0020462,L.Jordan,5,31.0,0.0,0.73243,1,6.2
2001,POST,PHI,00-0009584,S.Landeta,1,-20.0,0.0,-1.87463,1,-20.0
2001,POST,PHI,00-0011022,D.McNabb,16,120.0,2.0,0.78853,3,7.5
2001,POST,PHI,00-0013467,J.Reader,1,-1.0,0.0,-0.73224,1,-1.0
2001,POST,PHI,00-0015523,D.Staley,44,139.0,1.0,-0.11734,3,3.15909
2001,POST,PHI,00-0016440,J.Thrash,2,-3.0,0.0,-0.18964,2,-1.5
2001,POST,PHI,00-0020270,C.Buckhalter,18,110.0,1.0,0.0888,3,6.11111
2001,POST,PIT,00-0001215,J.Bettis,9,8.0,1.0,-0.3588,1,0.88889
2001,POST,PIT,00-0004780,T.Edwards,1,23.0,0.0,3.10017,1,23.0
2001,POST,PIT,00-0005620,C.Fuamatu-Ma'afala,12,30.0,0.0,-0.2285,1,2.5
2001,POST,PIT,00-0015700,K.Stewart,18,71.0,0.0,-0.3837,2,3.94444
2001,POST,PIT,00-0017162,H.Ward,2,4.0,0.0,-0.66502,2,2.0
2001,POST,PIT,00-0018141,J.Witman,1,2.0,0.0,-0.51574,1,2.0
2001,POST,PIT,00-0018501,A.Zereoue,28,74.0,3.0,0.02371,2,2.64286
2001,POST,SF,00-0005755,J.Garcia,2,3.0,0.0,0.19981,1,1.5
2001,POST,SF,00-0007180,G.Hearst,13,42.0,1.0,0.03736,1,3.23077
2001,POST,SF,00-0015811,T.Streets,1,9.0,0.0,0.98069,1,9.0
2001,POST,SF,00-0020474,K.Barlow,5,17.0,0.0,-0.1875,1,3.4
2001,POST,TB,00-0000251,M.Alstott,12,32.0,0.0,-0.2773,1,2.66667
2001,POST,TB,00-0004640,W.Dunn,11,29.0,0.0,-0.34168,1,2.63636
2001,POST,TB,00-0008442,B.Johnson,1,2.0,0.0,0.67165,1,2.0
2001,REG,ARI,00-0001532,D.Boston,5,35.0,0.0,0.23598,5,7.0
2001,REG,ARI,00-0006516,M.Gruttadauria,1,1.0,0.0,-0.37832,1,1.0
2001,REG,ARI,00-0008357,M.Jenkins,3,4.0,0.0,-0.25264,2,1.33333
2001,REG,ARI,00-0010292,J.Makovicka,1,19.0,0.0,1.55152,1,19.0
2001,REG,ARI,00-0010951,D.McKinley,1,1.0,0.0,-0.3789,1,1.0
2001,REG,ARI,00-0013013,M.Pittman,241,846.0,5.0,-0.17644,15,3.51037
2001,REG,ARI,00-0013028,S.Player,1,0.0,0.0,-5.82501,1,0.0
2001,REG,ARI,00-0013042,J.Plummer,36,163.0,0.0,-0.17778,15,4.52778
2001,REG,ARI,00-0019641,T.Jones,112,380.0,5.0,-0.08515,16,3.39286
2001,REG,ATL,00-0000316,J.Anderson,55,190.0,1.0,-0.1876,3,3.45455
2001,REG,ATL,00-0002876,C.Chandler,25,84.0,0.0,-0.15911,11,3.36
2001,REG,ATL,00-0002970,B.Christian,44,284.0,2.0,0.36581,12,6.45455
2001,REG,ATL,00-0008391,T.Jervey,3,6.0,0.0,-0.4639,1,2.0
2001,REG,ATL,00-0016321,R.Thomas,37,126.0,0.0,-0.19059,7,3.40541
2001,REG,ATL,00-0018977,M.Smith,237,760.0,5.0,-0.23682,14,3.20675
2001,REG,ATL,00-0019087,D.Johnson,5,12.0,0.0,0.08238,2,2.4
2001,REG,ATL,00-0020245,M.Vick,31,289.0,1.0,0.83833,8,9.32258
2001,REG,ATL,00-0020340,Q.McCord,2,11.0,0.0,-0.22654,1,5.5
2001,REG,BAL,00-0000232,T.Allen,168,658.0,3.0,-0.10695,11,3.91667
2001,REG,BAL,00-0000552,O.Ayanbadejo,46,173.0,1.0,-0.12585,13,3.76087
2001,REG,BAL,00-0003761,R.Cunningham,14,40.0,1.0,0.03439,4,2.85714
2001,REG,BAL,00-0005822,S.Gash,2,-1.0,0.0,-0.69698,1,-0.5
2001,REG,BAL,00-0006300,E.Grbac,21,18.0,1.0,-0.81002,9,0.85714
2001,REG,BAL,00-0009869,J.Lewis,9,33.0,0.0,-0.47473,6,3.66667
2001,REG,BAL,00-0013682,K.Richardson,1,0.0,0.0,-3.70026,1,0.0
2001,REG,BAL,00-0015754,B.Stokley,1,1.0,0.0,-1.16014,1,1.0
2001,REG,BAL,00-0017892,M.Williams,65,291.0,0.0,-0.16415,11,4.47692
2001,REG,BAL,00-0019423,J.Brookins,151,551.0,5.0,-0.11762,11,3.64901
2001,REG,BAL,00-0019721,T.Taylor,5,46.0,0.0,0.51928,5,9.2
2001,REG,BUF,00-0002159,S.Bryson,80,341.0,2.0,-0.1166,8,4.2625
2001,REG,BUF,00-0002846,L.Centers,34,160.0,2.0,0.10042,13,4.70588
2001,REG,BUF,00-0008612,R.Johnson,36,241.0,1.0,0.24891,8,6.69444
2001,REG,BUF,00-0011626,B.Moorman,1,0.0,0.0,-1.38494,1,0.0
2001,REG,BUF,00-0011770,E.Moulds,3,3.0,0.0,-0.4274,3,1.0
2001,REG,BUF,00-0013232,P.Price,6,97.0,0.0,0.79889,6,16.16667
2001,REG,BUF,00-0016838,A.Van Pelt,12,33.0,0.0,-0.09922,7,2.75
2001,REG,BUF,00-0019192,T.Brown,1,10.0,0.0,0.01008,1,10.0
2001,REG,BUF,00-0019484,S.Morris,20,72.0,0.0,-0.28054,10,3.6
2001,REG,BUF,00-0020471,T.Henry,213,729.0,4.0,-0.15675,13,3.42254
2001,REG,CAR,00-0001224,T.Biakabutuka,53,230.0,1.0,-0.11567,5,4.33962
2001,REG,CAR,00-0002469,I.Byrd,1,-2.0,0.0,-1.3482,1,-2.0
2001,REG,CAR,00-0003600,D.Craig,3,20.0,0.0,-0.35981,1,6.66667
2001,REG,CAR,00-0007357,C.Hetherington,5,12.0,0.0,0.01883,4,2.4
2001,REG,CAR,00-0007969,R.Huntley,165,665.0,2.0,-0.15858,13,4.0303
2001,REG,CAR,00-0010206,M.Lytle,2,8.0,0.0,-0.09757,1,4.0
2001,REG,CAR,00-0014377,T.Sauerbrun,1,0.0,0.0,-8.43307,1,0.0
2001,REG,CAR,00-0019100,B.Hoover,17,71.0,0.0,-0.15496,8,4.17647
2001,REG,CAR,00-0019831,N.Goings,66,197.0,0.0,-0.28851,8,2.98485
2001,REG,CAR,00-0020337,S.Smith,4,43.0,0.0,0.5281,4,10.75
2001,REG,CAR,00-0020434,C.Weinke,37,128.0,6.0,-0.17126,14,3.45946
2001,REG,CHI,00-0000210,J. Allen,135,469.0,1.0,-0.09121,14,3.47407
2001,REG,CHI,00-0001477,M. Booker,4,8.0,0.0,-0.80113,4,2.0
2001,REG,CHI,00-0004200,A.Denson,1,4.0,0.0,-0.10979,1,4.0
2001,REG,CHI,00-0008568,L.Johnson,20,99.0,4.0,0.10796,6,4.95
2001,REG,CHI,00-0010560,S. Matthews,4,5.0,0.0,-0.14523,3,1.25
2001,REG,CHI,00-0010609,B. Maynard,1,-10.0,0.0,-1.36996,1,-10.0
2001,REG,CHI,00-0011213,G. Milburn,3,3.0,0.0,-0.55218,2,1.0
2001,REG,CHI,00-0011276,J. Miller,29,-19.0,0.0,-0.85778,12,-0.65517
2001,REG,CHI,00-0020403,A. Thomas,279,1183.0,7.0,-0.00887,13,4.24014
2001,REG,CIN,00-0001098,B.Bennett,50,232.0,0.0,0.0122,15,4.64
2001,REG,CIN,00-0004304,C.Dillon,340,1315.0,10.0,-0.09975,16,3.86765
2001,REG,CIN,00-0009311,J.Kitna,27,73.0,1.0,-0.3198,13,2.7037
2001,REG,CIN,00-0011958,L.Neal,5,10.0,0.0,-0.66377,3,2.0
2001,REG,CIN,00-0015082,A.Smith,6,20.0,0.0,-0.16746,2,3.33333
2001,REG,CIN,00-0019455,P.Warrick,8,14.0,0.0,-0.07389,7,1.75
2001,REG,CIN,00-0019466,C.Keaton,5,48.0,0.0,0.38154,3,9.6
2001,REG,CLE,00-0003535,T.Couch,38,128.0,0.0,-0.26307,16,3.36842
2001,REG,CLE,00-0005609,S.Frost,1,1.0,0.0,-0.05541,1,1.0
2001,REG,CLE,00-0007576,K.Holcomb,1,0.0,0.0,-2.72641,1,0.0
2001,REG,CLE,00-0019057,J.White,127,443.0,5.0,-0.04827,15,3.48819
2001,REG,CLE,00-0019650,D.Northcutt,3,26.0,0.0,0.9242,3,8.66667
2001,REG,CLE,00-0020417,B.Gay,51,172.0,1.0,-0.21,6,3.37255
2001,REG,CLE,00-0020427,Q.Morgan,2,27.0,0.0,0.77144,2,13.5
2001,REG,CLE,00-0020430,J.Jackson,195,554.0,2.0,-0.18376,11,2.84103
2001,REG,DAL,00-0002942,D.Chiaverini,1,3.0,0.0,-0.52359,1,3.0
2001,REG,DAL,00-0005720,J.Galloway,3,32.0,0.0,0.32434,2,10.66667
2001,REG,DAL,00-0008060,R.Ismail,8,31.0,0.0,-0.3895,6,3.875
2001,REG,DAL,00-0009715,R.Leaf,4,-7.0,0.0,-1.80524,2,-1.75
2001,REG,DAL,00-0015165,E.Smith,261,1021.0,3.0,-0.12598,14,3.91188
2001,REG,DAL,00-0015980,R.Swinton,1,-4.0,0.0,-1.00285,1,-4.0
2001,REG,DAL,00-0016316,R.Thomas,6,40.0,0.0,0.23749,5,6.66667
2001,REG,DAL,00-0018272,A.Wright,17,57.0,0.0,-0.45678,4,3.35294
2001,REG,DAL,00-0018949,T.Seder,1,8.0,1.0,4.1327,1,8.0
2001,REG,DAL,00-0019019,M.Knorr,1,0.0,0.0,-5.35712,1,0.0
2001,REG,DAL,00-0019442,C.Stoerner,9,27.0,1.0,-0.34649,3,3.0
2001,REG,DAL,00-0019516,T.Hambrick,113,579.0,2.0,-0.01513,16,5.12389
2001,REG,DAL,00-0019614,M.Wiley,34,247.0,0.0,0.42046,13,7.26471
2001,REG,DAL,00-0020112,T.Taylor,1,0.0,0.0,-0.39552,1,0.0
2001,REG,DAL,00-0020404,Q.Carter,45,150.0,1.0,-0.11756,8,3.33333
2001,REG,DEN,00-0002713,A.Carter,1,4.0,0.0,0.31892,1,4.0
2001,REG,DEN,00-0004054,T.Davis,167,701.0,0.0,-0.04392,8,4.1976
2001,REG,DEN,00-0005589,G.Frerotte,10,9.0,1.0,-0.27907,3,0.9
2001,REG,DEN,00-0005816,O.Gary,57,228.0,1.0,0.05607,8,4.0
2001,REG,DEN,00-0006423,B.Griese,50,173.0,1.0,-0.17568,13,3.46
2001,REG,DEN,00-0006804,P.Hape,2,0.0,0.0,-2.0956,1,0.0
2001,REG,DEN,00-0009163,E.Kennison,3,9.0,0.0,-0.56434,3,3.0
2001,REG,DEN,00-0015290,R.Smith,3,27.0,0.0,0.71411,2,9.0
2001,REG,DEN,00-0019109,S.Montgomery,1,5.0,0.0,-0.81932,1,5.0
2001,REG,DEN,00-0019382,K.Coleman,4,17.0,0.0,-0.34008,2,4.25
2001,REG,DEN,00-0019594,M.Anderson,176,678.0,4.0,-0.06246,16,3.85227
2001,REG,DEN,00-0019682,J.Jackson,5,7.0,0.0,-0.14803,1,1.4
2001,REG,DEN,00-0020256,K.Kasper,3,19.0,0.0,-0.22493,2,6.33333
2001,REG,DET,00-0000865,C.Batch,12,45.0,0.0,-0.33275,8,3.75
2001,REG,DET,00-0003700,G.Crowell,1,6.0,0.0,0.17669,1,6.0
2001,REG,DET,00-0004230,T.Detmer,9,26.0,0.0,-0.13421,4,2.88889
2001,REG,DET,00-0007798,D.Howard,5,25.0,0.0,-0.04968,4,5.0
2001,REG,DET,00-0008401,J.Jett,1,0.0,0.0,-2.95122,1,0.0
2001,REG,DET,00-0011727,J.Morton,1,6.0,0.0,0.11599,1,6.0
2001,REG,DET,00-0012370,B.Olivo,1,6.0,0.0,0.94614,1,6.0
2001,REG,DET,00-0014450,C.Schlesinger,47,154.0,3.0,0.09438,13,3.2766
2001,REG,DET,00-0015698,J.Stewart,143,685.0,1.0,-0.1478,11,4.79021
2001,REG,DET,00-0017218,L.Warren,61,191.0,3.0,-0.1264,12,3.13115
2001,REG,DET,00-0019231,L.Foster,2,6.0,0.0,-0.17373,2,3.0
2001,REG,DET,00-0019610,R.Droughns,30,72.0,0.0,-0.29942,4,2.4
2001,REG,DET,00-0019794,A.Cason,11,31.0,0.0,-1.17121,5,2.81818
2001,REG,DET,00-0020308,M.McMahon,28,145.0,1.0,0.15396,7,5.17857
2001,REG,GB,00-0004541,D.Driver,3,38.0,1.0,1.21754,3,12.66667
2001,REG,GB,00-0005106,B.Favre,38,56.0,1.0,-0.69828,16,1.47368
2001,REG,GB,00-0005562,A.Freeman,1,-5.0,0.0,-2.15369,1,-5.0
2001,REG,GB,00-0006305,A.Green,304,1387.0,9.0,-0.05164,16,4.5625
2001,REG,GB,00-0007254,W.Henderson,6,11.0,0.0,-0.01727,4,1.83333
2001,REG,GB,00-0009829,D.Levens,44,165.0,0.0,-0.23132,13,3.75
2001,REG,GB,00-0012726,D.Pederson,1,-1.0,0.0,-0.12185,1,-1.0
2001,REG,GB,00-0014489,B.Schroeder,1,6.0,0.0,0.05709,1,6.0
2001,REG,GB,00-0019028,H.Goodman,1,-1.0,0.0,-1.04811,1,-1.0
2001,REG,GB,00-0019534,R.Mealey,11,37.0,0.0,-0.05437,2,3.36364
2001,REG,IND,00-0007024,M.Harrison,1,3.0,0.0,-0.36427,1,3.0
2001,REG,IND,00-0008241,E.James,152,662.0,3.0,-0.00304,6,4.35526
2001,REG,IND,00-0010346,P.Manning,35,157.0,4.0,0.10348,16,4.48571
2001,REG,IND,00-0012637,J.Pathon,1,-8.0,0.0,-1.31397,1,-8.0
2001,REG,IND,00-0019268,K.McDougal,18,48.0,0.0,-0.15179,5,2.66667
2001,REG,IND,00-0019863,D.Rhodes,233,1104.0,9.0,-0.08629,13,4.7382
2001,REG,JAX,00-0002110,M.Brunell,39,224.0,1.0,-0.19181,13,5.74359
2001,REG,JAX,00-0005932,D.Gibson,2,19.0,0.0,0.45356,2,9.5
2001,REG,JAX,00-0006799,C.Hanson,2,0.0,0.0,-4.41824,2,0.0
2001,REG,JAX,00-0010240,S.Mack,213,877.0,9.0,-0.44067,16,4.11737
2001,REG,JAX,00-0013338,J.Quinn,8,42.0,0.0,0.00965,4,5.25
2001,REG,JAX,00-0015218,Ji.Smith,1,-3.0,0.0,-0.81635,1,-3.0
2001,REG,JAX,00-0016098,F.Taylor,30,116.0,0.0,-0.3424,2,3.86667
2001,REG,JAX,00-0017611,A.Whitted,1,4.0,0.0,0.08336,1,4.0
2001,REG,JAX,00-0019471,F.Moreau,8,27.0,1.0,0.00357,3,3.375
2001,REG,JAX,00-0019889,E.Joseph,69,294.0,0.0,-0.08997,12,4.26087
2001,REG,KC,00-0000145,D. Alexander,2,16.0,0.0,0.3659,2,8.0
2001,REG,KC,00-0003136,M. Cloud,7,54.0,1.0,0.56789,3,7.71429
2001,REG,KC,00-0003315,T. Collins,2,6.0,0.0,0.52786,1,3.0
2001,REG,KC,00-0006101,T. Gonzalez,1,9.0,0.0,0.83168,1,9.0
2001,REG,KC,00-0006355,T. Green,37,158.0,0.0,-0.29554,14,4.27027
2001,REG,KC,00-0007661,P. Holmes,327,1555.0,8.0,0.05478,16,4.75535
2001,REG,KC,00-0009163,E.Kennison,2,13.0,0.0,0.0629,2,6.5
2001,REG,KC,00-0012569,L. Parker,3,6.0,0.0,-0.2411,3,2.0
2001,REG,KC,00-0013694,T. Richardson,66,191.0,7.0,0.0639,13,2.89394
2001,REG,KC,00-0015842,D. Stryzinski,1,-10.0,0.0,2.47243,1,-10.0
2001,REG,KC,00-0019539,D. Hall,2,10.0,0.0,0.0935,2,5.0
2001,REG,LA,00-0002099,I.Bruce,4,23.0,0.0,-0.82256,4,5.75
2001,REG,LA,00-0003400,E.Conwell,7,28.0,1.0,0.10688,6,4.0
2001,REG,LA,00-0005092,M.Faulk,261,1382.0,12.0,0.08623,14,5.29502
2001,REG,LA,00-0006627,A.Hakim,11,50.0,1.0,0.39132,7,4.54545
2001,REG,LA,00-0007546,J.Hodgins,2,5.0,0.0,-0.25784,2,2.5
2001,REG,LA,00-0007579,R.Holcombe,13,42.0,1.0,-0.33491,5,3.23077
2001,REG,LA,00-0007681,T.Holt,2,0.0,0.0,-0.74605,2,0.0
2001,REG,LA,00-0010455,J.Martin,8,-9.0,0.0,-0.5943,3,-1.125
2001,REG,LA,00-0013268,R.Proehl,1,5.0,0.0,0.46425,1,5.0
2001,REG,LA,00-0017200,K.Warner,28,60.0,0.0,-0.60151,11,2.14286
2001,REG,LA,00-0017303,J.Watson,1,0.0,0.0,-0.48472,1,0.0
2001,REG,LA,00-0019052,J.Baker,1,0.0,0.0,-3.1058,1,0.0
2001,REG,LA,00-0019649,T.Canidate,78,397.0,5.0,0.12653,12,5.08974
2001,REG,LAC,00-0001101,D.Bennett,1,0.0,0.0,-0.947,1,0.0
2001,REG,LAC,00-0003396,C.Conway,7,116.0,1.0,1.09831,6,16.57143
2001,REG,LAC,00-0004673,T.Dwight,2,24.0,1.0,1.39216,2,12.0
2001,REG,LAC,00-0005324,T.Fletcher,30,107.0,0.0,-0.08218,11,3.56667
2001,REG,LAC,00-0005363,D.Flutie,53,192.0,1.0,-0.11609,16,3.62264
2001,REG,LAC,00-0010747,F.McCrary,2,3.0,0.0,-0.10359,2,1.5
2001,REG,LAC,00-0019025,R.Jenkins,1,-1.0,0.0,-0.85339,1,-1.0
2001,REG,LAC,00-0020531,D.Brees,2,18.0,0.0,-0.31826,1,9.0
2001,REG,LAC,00-0020536,L.Tomlinson,339,1236.0,10.0,-0.14241,16,3.64602
2001,REG,LV,00-0002058,T. Brown,4,39.0,0.0,0.61751,4,9.75
2001,REG,LV,00-0003663,Z. Crockett,57,145.0,6.0,0.06005,12,2.54386
2001,REG,LV,00-0005741,R. Gannon,64,231.0,2.0,-0.02538,15,3.60938
2001,REG,LV,00-0005779,C. Garner,211,839.0,1.0,-0.09987,16,3.9763
2001,REG,LV,00-0008921,R. Jordan,13,59.0,0.0,-0.12229,6,4.53846
2001,REG,LV,00-0009288,T. Kirby,10,49.0,0.0,0.06781,6,4.9
2001,REG,LV,00-0017486,T. Wheatley,89,276.0,5.0,-0.08251,11,3.10112
2001,REG,LV,00-0019703,J. Porter,2,13.0,0.0,0.30535,1,6.5
2001,REG,LV,00-0019714,S. Lechler,1,2.0,0.0,-1.38277,1,2.0
2001,REG,LV,00-0020405,M. Tuiasosopo,1,1.0,0.0,-1.09672,1,1.0
2001,REG,MIA,00-0005180,J.Fiedler,73,321.0,4.0,0.41377,16,4.39726
2001,REG,MIA,00-0008529,J.Johnson,5,22.0,0.0,-0.31878,3,4.4
2001,REG,MIA,00-0009417,R.Konrad,5,22.0,1.0,0.70136,3,4.4
2001,REG,MIA,00-0010137,R.Lucas,8,6.0,1.0,-0.20191,6,0.75
2001,REG,MIA,00-0010373,O.Mare,1,-5.0,0.0,-3.0039,1,-5.0
2001,REG,MIA,00-0010974,J.McKnight,7,39.0,0.0,0.41732,6,5.57143
2001,REG,MIA,00-0015242,L.Smith,313,968.0,6.0,-0.20806,16,3.09265
2001,REG,MIA,00-0017160,D.Ward,2,21.0,0.0,0.60373,2,10.5
2001,REG,MIA,00-0020446,C.Chambers,1,-11.0,0.0,-1.46769,1,-11.0
2001,REG,MIA,00-0020448,T.Minor,59,281.0,2.0,0.05308,14,4.76271
2001,REG,MIN,00-0001545,T.Bouman,9,61.0,0.0,0.34572,4,6.77778
2001,REG,MIN,00-0002721,C.Carter,1,4.0,0.0,0.02166,1,4.0
2001,REG,MIN,00-0003739,D.Culpepper,73,416.0,5.0,0.18835,10,5.69863
2001,REG,MIN,00-0009323,J.Kleinsasser,23,72.0,1.0,-0.22062,10,3.13043
2001,REG,MIN,00-0011718,H.Morrow,12,67.0,0.0,0.08094,6,5.58333
2001,REG,MIN,00-0011754,R.Moss,3,38.0,0.0,1.34681,3,12.66667
2001,REG,MIN,00-0019553,S.Wynn,8,61.0,0.0,0.37253,3,7.625
2001,REG,MIN,00-0019609,T.Prentice,14,13.0,2.0,-0.49992,10,0.92857
2001,REG,MIN,00-0019712,D.Chapman,63,195.0,0.0,-0.19492,13,3.09524
2001,REG,MIN,00-0020514,M.Bennett,172,682.0,2.0,-0.07556,13,3.96512
2001,REG,NE,00-0001361,D.Bledsoe,5,18.0,0.0,-0.59699,2,3.6
2001,REG,NE,00-0002068,T.Brown,11,91.0,0.0,0.37989,9,8.27273
2001,REG,NE,00-0004768,M.Edwards,51,141.0,1.0,-0.20755,16,2.76471
2001,REG,NE,00-0005091,K.Faulk,41,169.0,1.0,-0.01471,14,4.12195
2001,REG,NE,00-0008566,L.Johnson,1,-19.0,0.0,-5.86971,1,-19.0
2001,REG,NE,00-0012642,D.Patten,5,67.0,1.0,1.04347,5,13.4
2001,REG,NE,00-0015091,A.Smith,287,1157.0,12.0,-0.04296,16,4.03136
2001,REG,NE,00-0019533,P.Pass,1,7.0,0.0,0.87378,1,7.0
2001,REG,NE,00-0019596,T.Brady,36,43.0,0.0,-0.47052,15,1.19444
2001,REG,NE,00-0019722,J.Redmond,35,119.0,0.0,-0.21508,8,3.4
2001,REG,NO,00-0001335,J.Blake,1,-1.0,0.0,-0.03895,1,-1.0
2001,REG,NO,00-0001823,A.Brooks,80,358.0,1.0,-0.17436,16,4.475
2001,REG,NO,00-0002655,J.Carney,1,-1.0,0.0,-1.75682,1,-1.0
2001,REG,NO,00-0003378,A.Connell,1,6.0,0.0,0.11458,1,6.0
2001,REG,NO,00-0007744,J.Horn,1,4.0,0.0,0.08793,1,4.0
2001,REG,NO,00-0010632,F.McAfee,1,2.0,0.0,-0.42686,1,2.0
2001,REG,NO,00-0017915,R.Williams,314,1245.0,6.0,-0.1591,16,3.96497
2001,REG,NO,00-0019587,T.Smith,5,8.0,0.0,-0.21108,3,1.6
2001,REG,NO,00-0020527,D.McAllister,17,91.0,1.0,0.15855,10,5.35294
2001,REG,NYG,00-0000745,T. Barber,131,701.0,3.0,0.09885,11,5.35115
2001,REG,NYG,00-0000745,T.Barber,36,164.0,1.0,-0.10103,3,4.55556
2001,REG,NYG,00-0003292,K. Collins,32,69.0,0.0,-0.41791,13,2.15625
2001,REG,NYG,00-0003292,K.Collins,7,4.0,0.0,-0.77136,3,0.57143
2001,REG,NYG,00-0003344,G. Comella,4,15.0,0.0,-0.45073,3,3.75
2001,REG,NYG,00-0007468,I. Hilliard,1,21.0,0.0,2.00919,1,21.0
2001,REG,NYG,00-0016550,A. Toomer,3,8.0,0.0,-0.23764,3,2.66667
2001,REG,NYG,00-0017239,D. Washington,28,89.0,0.0,-0.17794,3,3.17857
2001,REG,NYG,00-0017923,R. Williams,2,16.0,0.0,-1.55124,2,8.0
2001,REG,NYG,00-0019643,R. Dayne,156,520.0,5.0,-0.18798,13,3.33333
2001,REG,NYG,00-0019643,R.Dayne,25,170.0,2.0,0.28479,3,6.8
2001,REG,NYG,00-0019662,R. Dixon,1,0.0,0.0,-0.56601,1,0.0
2001,REG,NYJ,00-0000339,R.Anderson,26,102.0,0.0,-0.02909,15,3.92308
2001,REG,NYJ,00-0010442,C.Martin,333,1502.0,10.0,-0.04215,16,4.51051
2001,REG,NYJ,00-0015420,J.Sowell,4,9.0,0.0,-0.42202,3,2.25
2001,REG,NYJ,00-0016193,V.Testaverde,31,25.0,0.0,-1.21279,12,0.80645
2001,REG,NYJ,00-0018958,L.Coles,10,108.0,0.0,0.61194,9,10.8
2001,REG,NYJ,00-0019559,C.Pennington,1,11.0,0.0,0.00282,1,11.0
2001,REG,NYJ,00-0020462,L.Jordan,39,292.0,1.0,0.39225,13,7.48718
2001,REG,NYJ,00-0020494,S.Moss,1,-6.0,0.0,-0.78744,1,-6.0
2001,REG,PHI,00-0004229,K.Detmer,8,6.0,0.0,-0.46932,5,0.75
2001,REG,PHI,00-0010436,C.Martin,9,27.0,0.0,-0.28089,4,3.0
2001,REG,PHI,00-0011022,D.McNabb,82,482.0,2.0,0.09442,15,5.87805
2001,REG,PHI,00-0011399,B.Mitchell,7,9.0,0.0,-0.55298,3,1.28571
2001,REG,PHI,00-0015523,D.Staley,166,604.0,2.0,-0.13279,13,3.63855
2001,REG,PHI,00-0016440,J.Thrash,6,57.0,0.0,0.40723,4,9.5
2001,REG,PHI,00-0019453,R.Smart,2,6.0,0.0,-0.1926,1,3.0
2001,REG,PHI,00-0019606,T.Pinkston,1,5.0,0.0,0.23428,1,5.0
2001,REG,PHI,00-0020270,C.Buckhalter,129,586.0,2.0,-0.0785,14,4.54264
2001,REG,PHI,00-0020497,F.Mitchell,2,-4.0,0.0,-0.57287,2,-2.0
2001,REG,PIT,00-0001215,J.Bettis,225,1072.0,4.0,-0.02479,11,4.76444
2001,REG,PIT,00-0001980,K.Brown,1,6.0,0.0,1.32619,1,6.0
2001,REG,PIT,00-0004780,T.Edwards,5,28.0,1.0,0.36093,5,5.6
2001,REG,PIT,00-0005620,C.Fuamatu-Ma'afala,120,453.0,3.0,-0.05504,12,3.775
2001,REG,PIT,00-0010261,T.Maddox,6,9.0,1.0,-0.09118,3,1.5
2001,REG,PIT,00-0015700,K.Stewart,96,537.0,5.0,0.11842,15,5.59375
2001,REG,PIT,00-0017162,H.Ward,10,83.0,0.0,0.45241,8,8.3
2001,REG,PIT,00-0018141,J.Witman,5,24.0,0.0,-0.22075,4,4.8
2001,REG,PIT,00-0018501,A.Zereoue,85,441.0,1.0,-0.04032,13,5.18824
2001,REG,PIT,00-0019135,D.Kreider,7,29.0,1.0,0.73758,5,4.14286
2001,REG,PIT,00-0019633,T.Martin,1,8.0,0.0,0.34935,1,8.0
2001,REG,PIT,00-0019826,R.Bowers,18,84.0,1.0,0.11749,2,4.66667
2001,REG,SEA,00-0004293,T.Dilfer,11,17.0,0.0,-0.17559,4,1.54545
2001,REG,SEA,00-0006208,J.Graham,12,43.0,0.0,-0.12829,4,3.58333
2001,REG,SEA,00-0007091,M.Hasselbeck,40,141.0,0.0,0.07724,12,3.525
2001,REG,SEA,00-0007834,B.Huard,1,11.0,0.0,0.43557,1,11.0
2001,REG,SEA,00-0015830,M.Strong,17,55.0,0.0,0.01603,9,3.23529
2001,REG,SEA,00-0017322,R.Watters,72,318.0,1.0,-0.11813,5,4.41667
2001,REG,SEA,00-0019647,S.Alexander,309,1318.0,14.0,-0.06314,16,4.26537
2001,REG,SEA,00-0019663,D.Jackson,1,9.0,0.0,0.65124,1,9.0
2001,REG,SEA,00-0020490,K.Robinson,4,13.0,0.0,-0.28936,3,3.25
2001,REG,SEA,00-0020507,H.Evans,2,11.0,0.0,-0.43239,1,5.5
2001,REG,SF,00-0000942,F.Beasley,23,73.0,1.0,0.03906,11,3.17391
2001,REG,SF,00-0005755,J.Garcia,73,254.0,5.0,-0.10128,15,3.47945
2001,REG,SF,00-0007180,G.Hearst,252,1206.0,4.0,0.06888,16,4.78571
2001,REG,SF,00-0008196,T.Jackson,22,138.0,1.0,0.0941,9,6.27273
2001,REG,SF,00-0012478,T.Owens,4,21.0,0.0,-0.14897,4,5.25
2001,REG,SF,00-0019623,T.Rattay,5,-3.0,0.0,-0.87671,2,-0.6
2001,REG,SF,00-0019673,P.Smith,4,27.0,1.0,0.83683,1,6.75
2001,REG,SF,00-0019921,J.Baker,1,0.0,0.0,-0.7031,1,0.0
2001,REG,SF,00-0020273,V.Sutherland,1,16.0,0.0,1.02016,1,16.0
2001,REG,SF,00-0020474,K.Barlow,125,512.0,4.0,-0.00231,15,4.096
2001,REG,TB,00-0000007,R.Abdullah,11,40.0,0.0,-0.07613,2,3.63636
2001,REG,TB,00-0000251,M.Alstott,165,680.0,10.0,0.04758,16,4.12121
2001,REG,TB,00-0000387,R.Anthony,3,22.0,0.0,0.20303,3,7.33333
2001,REG,TB,00-0004640,W.Dunn,158,447.0,3.0,-0.2675,13,2.82911
2001,REG,TB,00-0008442,B.Johnson,39,120.0,3.0,0.36061,14,3.07692
2001,REG,TB,00-0009266,S.King,6,-12.0,0.0,-1.05107,3,-2.0
2001,REG,TB,00-0015601,A.Stecker,24,72.0,1.0,-0.17169,4,3.0
2001,REG,TB,00-0020391,J.Cook,2,2.0,0.0,-0.43118,1,1.0
2001,REG,TEN,00-0005883,E.George,315,939.0,5.0,-0.23157,16,2.98095
2001,REG,TEN,00-0007389,S.Hicks,56,341.0,1.0,0.05114,9,6.08929
2001,REG,TEN,00-0011024,S.McNair,75,414.0,5.0,0.12715,15,5.52
2001,REG,TEN,00-0012261,N.O'Donnell,6,28.0,0.0,-0.20459,2,4.66667
2001,REG,TEN,00-0018343,F.Wycheck,1,1.0,0.0,-0.49613,1,1.0
2001,REG,TEN,00-0019576,M.Green,15,71.0,1.0,0.12472,5,4.73333
2001,REG,WAS,00-0000722,T.Banks,47,152.0,2.0,-0.21274,15,3.23404
2001,REG,WAS,00-0001102,D.Bennett,10,39.0,0.0,-0.14971,6,3.9
2001,REG,WAS,00-0002743,K.Carter,63,308.0,3.0,0.10343,11,4.88889
2001,REG,WAS,00-0004052,S.Davis,357,1432.0,5.0,-0.07861,16,4.0112
2001,REG,WAS,00-0005885,J.George,4,0.0,0.0,-0.91699,2,0.0
2001,REG,WAS,00-0006212,K.Graham,7,-7.0,0.0,-0.71593,2,-1.0
2001,REG,WAS,00-0017470,M.Westbrook,2,8.0,0.0,0.15233,2,4.0
2001,REG,WAS,00-0020525,R.Gardner,1,16.0,0.0,1.12525,1,16.0
2002,POST,ATL,00-0004640,W.Dunn,29,109.0,0.0,-0.19945,2,3.75862
2002,POST,ATL,00-0020245,M.Vick,16,94.0,0.0,0.25153,2,5.875
2002,POST,ATL,00-0020340,Q.McCord,4,32.0,0.0,0.41729,2,8.0
2002,POST,ATL,00-0021376,T.Duckett,19,50.0,1.0,-0.10797,2,2.63158
2002,POST,CLE,00-0007576,K.Holcomb,2,3.0,0.0,-0.21961,1,1.5
2002,POST,CLE,00-0019650,D.Northcutt,1,5.0,0.0,0.49351,1,5.0
2002,POST,CLE,00-0021150,W.Green,25,30.0,1.0,-0.53387,1,1.2
2002,POST,GB,00-0005106,B.Favre,2,-1.0,0.0,-2.39971,1,-0.5
2002,POST,GB,00-0006305,A.Green,11,34.0,0.0,-0.329,1,3.09091
2002,POST,GB,00-0020964,T.Fisher,6,23.0,0.0,0.05626,1,3.83333
2002,POST,IND,00-0008241,E.James,9,14.0,0.0,-0.4262,1,1.55556
2002,POST,IND,00-0010346,P.Manning,1,2.0,0.0,-0.34002,1,2.0
2002,POST,IND,00-0020700,J.Mungro,4,36.0,0.0,0.59316,1,9.0
2002,POST,LV,00-0003663,Z. Crockett,3,14.0,2.0,1.38104,2,4.66667
2002,POST,LV,00-0003663,Z.Crockett,2,6.0,0.0,-0.31135,1,3.0
2002,POST,LV,00-0005741,R. Gannon,11,38.0,1.0,0.25097,2,3.45455
2002,POST,LV,00-0005741,R.Gannon,2,3.0,0.0,-0.49882,1,1.5
2002,POST,LV,00-0005779,C. Garner,28,129.0,0.0,0.07797,2,4.60714
2002,POST,LV,00-0005779,C.Garner,7,10.0,0.0,-0.31693,1,1.42857
2002,POST,LV,00-0017486,T. Wheatley,5,35.0,0.0,0.13756,2,7.0
2002,POST,NYG,00-0000745,T.Barber,26,115.0,1.0,0.14834,1,4.42308
2002,POST,NYG,00-0019643,R.Dayne,3,4.0,0.0,-0.3853,1,1.33333
2002,POST,NYJ,00-0000339,R.Anderson,3,14.0,0.0,0.03005,2,4.66667
2002,POST,NYJ,00-0010442,C.Martin,31,141.0,0.0,-0.04699,2,4.54839
2002,POST,NYJ,00-0015420,J.Sowell,1,2.0,0.0,0.08898,1,2.0
2002,POST,NYJ,00-0016193,V.Testaverde,2,-2.0,0.0,0.0,1,-1.0
2002,POST,NYJ,00-0018958,L.Coles,1,-1.0,0.0,-0.96053,1,-1.0
2002,POST,NYJ,00-0019559,C.Pennington,3,6.0,0.0,-1.48745,2,2.0
2002,POST,NYJ,00-0019590,C.Morton,1,3.0,0.0,-0.16095,1,3.0
2002,POST,NYJ,00-0020462,L.Jordan,22,105.0,2.0,0.30784,2,4.77273
2002,POST,NYJ,00-0020494,S.Moss,2,32.0,0.0,0.69271,1,16.0
2002,POST,PHI,00-0009829,D.Levens,4,0.0,0.0,-0.91057,2,0.0
2002,POST,PHI,00-0011022,D.McNabb,7,41.0,0.0,0.08764,2,5.85714
2002,POST,PHI,00-0015523,D.Staley,31,121.0,1.0,-0.05215,2,3.90323
2002,POST,PHI,00-0016440,J.Thrash,2,4.0,0.0,-0.18104,1,2.0
2002,POST,PHI,00-0021216,B.Westbrook,3,5.0,0.0,-0.16537,2,1.66667
2002,POST,PIT,00-0001215,J.Bettis,4,4.0,0.0,-0.81365,2,1.0
2002,POST,PIT,00-0005620,C.Fuamatu-Ma'afala,2,4.0,1.0,0.79577,1,2.0
2002,POST,PIT,00-0010261,T.Maddox,2,7.0,0.0,0.03747,1,3.5
2002,POST,PIT,00-0017162,H.Ward,3,5.0,0.0,-0.00597,2,1.66667
2002,POST,PIT,00-0018501,A.Zereoue,27,122.0,1.0,-0.00808,2,4.51852
2002,POST,PIT,00-0021190,A.Randle El,2,14.0,0.0,0.19895,2,7.0
2002,POST,SF,00-0000942,F.Beasley,3,3.0,0.0,-1.29358,1,1.0
2002,POST,SF,00-0005755,J.Garcia,7,60.0,1.0,0.73758,1,8.57143
2002,POST,SF,00-0007180,G.Hearst,16,70.0,0.0,-0.08416,2,4.375
2002,POST,SF,00-0020474,K.Barlow,7,19.0,1.0,0.01672,2,2.71429
2002,POST,TB,00-0000251,M.Alstott,44,100.0,4.0,-0.02685,3,2.27273
2002,POST,TB,00-0008442,B.Johnson,8,13.0,0.0,0.11242,3,1.625
2002,POST,TB,00-0008612,R.Johnson,1,7.0,0.0,-1.02493,1,7.0
2002,POST,TB,00-0013013,M.Pittman,54,182.0,0.0,-0.21442,3,3.37037
2002,POST,TB,00-0015601,A.Stecker,4,18.0,0.0,-0.0268,3,4.5
2002,POST,TB,00-0016683,T.Tupa,1,0.0,0.0,-3.05197,1,0.0
2002,POST,TEN,00-0005883,E.George,30,100.0,1.0,-0.36289,2,3.33333
2002,POST,TEN,00-0007308,C.Hentrich,1,-6.0,0.0,-2.50207,1,-6.0
2002,POST,TEN,00-0007579,R.Holcombe,20,41.0,0.0,-0.38236,2,2.05
2002,POST,TEN,00-0010500,D.Mason,2,20.0,0.0,0.21472,1,10.0
2002,POST,TEN,00-0011024,S.McNair,13,82.0,3.0,1.13794,2,6.30769
2002,REG,ARI,00-0001532,D.Boston,2,29.0,0.0,1.25201,2,14.5
2002,REG,ARI,00-0008357,M.Jenkins,3,6.0,0.0,-0.19511,3,2.0
2002,REG,ARI,00-0010292,J. Makovicka,3,44.0,0.0,0.79281,2,14.66667
2002,REG,ARI,00-0010292,J.Makovicka,2,10.0,0.0,-0.56904,1,5.0
2002,REG,ARI,00-0013028,S. Player,1,0.0,0.0,-3.79698,1,0.0
2002,REG,ARI,00-0013042,J. Plummer,10,65.0,0.0,0.61735,4,6.5
2002,REG,ARI,00-0013042,J.Plummer,36,218.0,2.0,-0.06597,11,6.05556
2002,REG,ARI,00-0014328,F.Sanders,3,2.0,0.0,-0.37893,3,0.66667
2002,REG,ARI,00-0019641,T.Jones,138,511.0,2.0,-0.11148,9,3.7029
2002,REG,ARI,00-0020022,M. Shipp,102,332.0,2.0,-0.17094,5,3.2549
2002,REG,ARI,00-0020022,M.Shipp,86,502.0,4.0,0.01173,8,5.83721
2002,REG,ARI,00-0020256,K.Kasper,3,19.0,0.0,0.41203,2,6.33333
2002,REG,ARI,00-0021048,D.Anderson,24,65.0,0.0,-0.24442,2,2.70833
2002,REG,ARI,00-0021206,J. McCown,1,20.0,0.0,1.33989,1,20.0
2002,REG,ATL,00-0002970,B.Christian,31,119.0,3.0,0.06496,11,3.83871
2002,REG,ATL,00-0004640,W.Dunn,230,927.0,7.0,-0.08827,15,4.03043
2002,REG,ATL,00-0008391,T.Jervey,10,17.0,0.0,-0.39384,2,1.7
2002,REG,ATL,00-0019087,D.Johnson,8,16.0,1.0,0.4914,5,2.0
2002,REG,ATL,00-0020245,M.Vick,113,777.0,8.0,0.20797,15,6.87611
2002,REG,ATL,00-0020479,G.Layne,1,5.0,0.0,1.0179,1,5.0
2002,REG,ATL,00-0021376,T.Duckett,130,507.0,4.0,-0.06949,12,3.9
2002,REG,BAL,00-0001335,J.Blake,39,106.0,1.0,-0.1249,10,2.71795
2002,REG,BAL,00-0015754,B.Stokley,6,31.0,0.0,-0.36825,5,5.16667
2002,REG,BAL,00-0018588,A.Ricard,14,58.0,2.0,0.22403,8,4.14286
2002,REG,BAL,00-0019693,J.Lewis,308,1327.0,6.0,-0.09168,16,4.30844
2002,REG,BAL,00-0019709,C.Redman,10,8.0,0.0,-0.34252,6,0.8
2002,REG,BAL,00-0019721,T.Taylor,11,105.0,0.0,0.27353,7,9.54545
2002,REG,BAL,00-0020516,T.Heap,4,38.0,0.0,0.47402,4,9.5
2002,REG,BAL,00-0021235,D.Zastudil,1,-12.0,0.0,-0.77047,1,-12.0
2002,REG,BAL,00-0021313,J.Hunter,1,9.0,0.0,0.86813,1,9.0
2002,REG,BAL,00-0021314,C.Taylor,34,122.0,0.0,0.01366,14,3.58824
2002,REG,BUF,00-0001361,D. Bledsoe,5,20.0,1.0,0.74464,3,4.0
2002,REG,BUF,00-0001361,D.Bledsoe,22,47.0,1.0,0.06001,10,2.13636
2002,REG,BUF,00-0002159,S.Bryson,13,35.0,0.0,-0.30517,2,2.69231
2002,REG,BUF,00-0002846,L. Centers,3,14.0,0.0,-0.52861,3,4.66667
2002,REG,BUF,00-0002846,L.Centers,8,42.0,2.0,0.68193,7,5.25
2002,REG,BUF,00-0011626,B.Moorman,1,-6.0,0.0,-2.75073,1,-6.0
2002,REG,BUF,00-0011770,E.Moulds,1,7.0,0.0,0.41547,1,7.0
2002,REG,BUF,00-0013232,P. Price,1,1.0,0.0,-0.57512,1,1.0
2002,REG,BUF,00-0013232,P.Price,2,-14.0,0.0,-1.64749,2,-7.0
2002,REG,BUF,00-0019484,S. Morris,1,5.0,0.0,0.0161,1,5.0
2002,REG,BUF,00-0019484,S.Morris,1,0.0,0.0,-0.59606,1,0.0
2002,REG,BUF,00-0020471,T. Henry,91,420.0,2.0,0.07899,4,4.61538
2002,REG,BUF,00-0020471,T.Henry,234,1018.0,11.0,-0.16934,12,4.35043
2002,REG,BUF,00-0020917,J.Burns,5,7.0,0.0,-0.61588,2,1.4
2002,REG,CAR,00-0002469,I.Byrd,1,0.0,0.0,-0.43993,1,0.0
2002,REG,CAR,00-0006777,K.Hankton,2,-4.0,0.0,-1.70612,2,-2.0
2002,REG,CAR,00-0011506,J.Montgomery,7,20.0,0.0,-0.52407,1,2.85714
2002,REG,CAR,00-0011795,M.Muhammad,3,40.0,0.0,1.01013,3,13.33333
2002,REG,CAR,00-0012732,R.Peete,22,14.0,0.0,-1.02756,12,0.63636
2002,REG,CAR,00-0015242,L.Smith,209,737.0,7.0,-0.14181,11,3.52632
2002,REG,CAR,00-0019100,B.Hoover,31,129.0,0.0,-0.11064,11,4.16129
2002,REG,CAR,00-0019453,R.Smart,1,2.0,0.0,1.52662,1,2.0
2002,REG,CAR,00-0019831,N.Goings,51,188.0,0.0,-0.31253,11,3.68627
2002,REG,CAR,00-0020337,S.Smith,1,-4.0,0.0,-1.31208,1,-4.0
2002,REG,CAR,00-0020376,D.Brown,102,360.0,4.0,-0.19737,12,3.52941
2002,REG,CAR,00-0020434,C.Weinke,5,9.0,0.0,0.00288,3,1.8
2002,REG,CAR,00-0021254,R.Fasani,17,79.0,0.0,-0.04674,3,4.64706
2002,REG,CAR,00-0021254,R.Fasani (3rd QB),1,16.0,0.0,0.92149,1,16.0
2002,REG,CHI,00-0002876,C.Chandler,10,32.0,0.0,0.01111,7,3.2
2002,REG,CHI,00-0008568,L.Johnson,103,329.0,1.0,-0.1561,15,3.19417
2002,REG,CHI,00-0010609,B.Maynard,1,20.0,0.0,4.14375,1,20.0
2002,REG,CHI,00-0011276,J.Miller,13,11.0,0.0,-1.39479,8,0.84615
2002,REG,CHI,00-0013262,S.Pritchett,1,2.0,0.0,0.0851,1,2.0
2002,REG,CHI,00-0014384,C.Sauter,2,8.0,0.0,-0.22424,1,4.0
2002,REG,CHI,00-0019510,A.Merritt,1,5.0,0.0,0.00662,1,5.0
2002,REG,CHI,00-0019660,D.White,3,11.0,0.0,-0.16246,3,3.66667
2002,REG,CHI,00-0019764,H.Burris,15,104.0,0.0,0.29515,5,6.93333
2002,REG,CHI,00-0020403,A.Thomas,214,721.0,6.0,-0.17257,12,3.36916
2002,REG,CHI,00-0021306,A.Peterson,19,101.0,1.0,0.13492,4,5.31579
2002,REG,CIN,00-0001098,B.Bennett,33,155.0,0.0,-0.05068,8,4.69697
2002,REG,CIN,00-0004304,C.Dillon,315,1311.0,7.0,-0.02974,16,4.1619
2002,REG,CIN,00-0005589,G.Frerotte,4,22.0,0.0,0.66571,2,5.5
2002,REG,CIN,00-0009311,J.Kitna,24,57.0,4.0,0.07728,11,2.375
2002,REG,CIN,00-0011958,L.Neal,9,31.0,0.0,-0.07194,7,3.44444
2002,REG,CIN,00-0015082,A.Smith,4,5.0,0.0,-0.09338,1,1.25
2002,REG,CIN,00-0017470,M.Westbrook,1,1.0,0.0,-0.61477,1,1.0
2002,REG,CIN,00-0017896,N.Luchey,12,59.0,2.0,0.56547,1,4.91667
2002,REG,CIN,00-0019455,P.Warrick,8,22.0,0.0,-0.31789,6,2.75
2002,REG,CIN,00-0020407,Ru.Johnson,17,67.0,0.0,0.09795,4,3.94118
2002,REG,CLE,00-0003535,T.Couch,23,77.0,0.0,-0.03499,10,3.34783
2002,REG,CLE,00-0007576,K.Holcomb,8,9.0,0.0,0.42669,3,1.125
2002,REG,CLE,00-0019057,J.White,108,470.0,3.0,0.0233,14,4.35185
2002,REG,CLE,00-0019650,D.Northcutt,8,104.0,1.0,0.97829,6,13.0
2002,REG,CLE,00-0020427,Q.Morgan,4,7.0,0.0,-0.08038,3,1.75
2002,REG,CLE,00-0020430,J.Jackson,12,54.0,0.0,-0.02424,4,4.5
2002,REG,CLE,00-0021150,W.Green,243,887.0,6.0,-0.1277,16,3.65021
2002,REG,CLE,00-0021175,Andre' Davis,3,7.0,0.0,-0.21895,3,2.33333
2002,REG,DAL,00-0005720,J.Galloway,4,31.0,0.0,0.17818,4,7.75
2002,REG,DAL,00-0014544,D.Scott,1,14.0,0.0,1.52357,1,14.0
2002,REG,DAL,00-0015165,E.Smith,254,975.0,5.0,-0.13409,16,3.83858
2002,REG,DAL,00-0015980,R.Swinton,1,23.0,0.0,1.52621,1,23.0
2002,REG,DAL,00-0016316,R.Thomas,10,31.0,0.0,-0.12575,7,3.1
2002,REG,DAL,00-0019019,M.Knorr,1,-10.0,0.0,-3.35656,1,-10.0
2002,REG,DAL,00-0019516,T.Hambrick,79,317.0,1.0,-0.19535,16,4.01266
2002,REG,DAL,00-0019614,M.Wiley,22,168.0,1.0,0.1725,12,7.63636
2002,REG,DAL,00-0020404,Q.Carter,27,91.0,0.0,-0.37893,7,3.37037
2002,REG,DAL,00-0020562,C.Hutchinson,18,74.0,0.0,-0.23727,9,4.11111
2002,REG,DAL,00-0021191,A.Bryant,6,40.0,0.0,-0.71002,6,6.66667
2002,REG,DEN,00-0001218,S. Beuerlein,2,0.0,0.0,-0.38007,1,0.0
2002,REG,DEN,00-0001218,S.Beuerlein,3,9.0,1.0,0.23312,2,3.0
2002,REG,DEN,00-0005816,O. Gary,4,23.0,0.0,-0.76976,4,5.75
2002,REG,DEN,00-0005816,O.Gary,33,124.0,1.0,-0.05096,5,3.75758
2002,REG,DEN,00-0006423,B. Griese,15,48.0,0.0,-0.18386,6,3.2
2002,REG,DEN,00-0006423,B.Griese,23,59.0,1.0,-0.1505,6,2.56522
2002,REG,DEN,00-0010650,E.McCaffrey,2,22.0,0.0,-1.82356,1,11.0
2002,REG,DEN,00-0014083,T.Rouen,1,0.0,0.0,-3.68591,1,0.0
2002,REG,DEN,00-0015290,R. Smith,3,12.0,0.0,0.06298,2,4.0
2002,REG,DEN,00-0015290,R.Smith,3,-3.0,0.0,-0.91677,1,-1.0
2002,REG,DEN,00-0019109,S. Montgomery,2,-5.0,0.0,-0.90934,2,-2.5
2002,REG,DEN,00-0019109,S.Montgomery,2,32.0,0.0,0.84733,2,16.0
2002,REG,DEN,00-0019594,M. Anderson,40,159.0,2.0,0.18933,8,3.975
2002,REG,DEN,00-0019594,M.Anderson,44,227.0,0.0,-0.1141,7,5.15909
2002,REG,DEN,00-0019610,R. Droughns,2,9.0,0.0,0.14136,2,4.5
2002,REG,DEN,00-0019610,R.Droughns,2,2.0,1.0,0.50921,2,1.0
2002,REG,DEN,00-0021152,A. Lelie,4,40.0,0.0,0.58876,3,10.0
2002,REG,DEN,00-0021179,C. Portis,164,847.0,11.0,0.12014,8,5.16463
2002,REG,DEN,00-0021179,C.Portis,109,661.0,4.0,0.21562,8,6.06422
2002,REG,DET,00-0006627,A.Hakim,4,3.0,0.0,-0.51155,3,0.75
2002,REG,DET,00-0007969,R.Huntley,3,4.0,0.0,-0.58902,1,1.33333
2002,REG,DET,00-0008401,J.Jett,1,0.0,0.0,-3.64483,1,0.0
2002,REG,DET,00-0014450,C.Schlesinger,49,139.0,2.0,-0.35026,13,2.83673
2002,REG,DET,00-0015698,J.Stewart,231,1021.0,4.0,-0.06652,14,4.41991
2002,REG,DET,00-0017218,L.Warren,6,8.0,0.0,-0.32669,2,1.33333
2002,REG,DET,00-0019725,R.Cooper,12,57.0,0.0,-0.09578,4,4.75
2002,REG,DET,00-0019794,A.Cason,26,107.0,0.0,-0.03101,8,4.11538
2002,REG,DET,00-0020094,S.Trejo,1,0.0,0.0,-0.41656,1,0.0
2002,REG,DET,00-0020308,M.McMahon,14,96.0,3.0,0.57889,7,6.85714
2002,REG,DET,00-0020692,E.Drummond,4,38.0,0.0,0.78276,3,9.5
2002,REG,DET,00-0021141,J.Harrington,7,4.0,0.0,-1.253,5,0.57143
2002,REG,GB,00-0004541,D.Driver,8,70.0,0.0,0.40861,8,8.75
2002,REG,GB,00-0005106,B.Favre,26,73.0,0.0,-0.165,14,2.80769
2002,REG,GB,00-0006208,J.Graham,1,3.0,0.0,-0.22692,1,3.0
2002,REG,GB,00-0006305,A.Green,286,1240.0,7.0,-0.06696,14,4.33566
2002,REG,GB,00-0007254,W.Henderson,7,27.0,1.0,0.44177,2,3.85714
2002,REG,GB,00-0011151,E.Metcalf,2,7.0,0.0,-0.24308,1,3.5
2002,REG,GB,00-0012726,D.Pederson,1,-1.0,0.0,0.0,1,-1.0
2002,REG,GB,00-0019534,R.Mealey,11,36.0,1.0,-0.0362,3,3.27273
2002,REG,GB,00-0020964,T.Fisher,70,283.0,2.0,-0.02677,10,4.04286
2002,REG,GB,00-0021153,J.Walker,1,11.0,0.0,0.63132,1,11.0
2002,REG,GB,00-0021252,N.Davenport,39,184.0,1.0,-0.15786,6,4.71795
2002,REG,HOU,00-0000210,J.Allen,155,519.0,0.0,-0.22757,16,3.34839
2002,REG,HOU,00-0001627,C.Bradford,2,-11.0,0.0,-1.0129,2,-5.5
2002,REG,HOU,00-0009869,J.Lewis,3,8.0,0.0,-0.23883,3,2.66667
2002,REG,HOU,00-0015550,C.Stanley,1,0.0,0.0,-1.57053,1,0.0
2002,REG,HOU,00-0020608,D.Carr,59,282.0,3.0,-0.1517,16,4.77966
2002,REG,HOU,00-0021223,J.Wells,197,529.0,3.0,-0.28491,16,2.68528
2002,REG,HOU,00-0021253,J.Baxter,7,14.0,0.0,-0.48157,5,2.0
2002,REG,IND,00-0004200,A.Denson,2,2.0,0.0,-1.09764,1,1.0
2002,REG,IND,00-0005229,J.Finn,5,8.0,0.0,-0.37122,2,1.6
2002,REG,IND,00-0007024,M.Harrison,2,10.0,0.0,0.13859,2,5.0
2002,REG,IND,00-0008241,E.James,278,989.0,2.0,-0.11409,14,3.55755
2002,REG,IND,00-0010346,P.Manning,38,148.0,2.0,0.14291,15,3.89474
2002,REG,IND,00-0019552,T.Walters,2,33.0,0.0,0.94207,2,16.5
2002,REG,IND,00-0020700,J.Mungro,99,336.0,8.0,-0.2061,9,3.39394
2002,REG,IND,00-0020739,R.Williams,11,35.0,0.0,-0.16447,3,3.18182
2002,REG,JAX,00-0002110,M. Brunell,39,188.0,0.0,-0.08854,13,4.82051
2002,REG,JAX,00-0002110,M.Brunell,4,19.0,0.0,0.71211,1,4.75
2002,REG,JAX,00-0008598,P. Johnson,1,-9.0,0.0,-1.38958,1,-9.0
2002,REG,JAX,00-0010240,S. Mack,94,420.0,9.0,-0.72205,14,4.46809
2002,REG,JAX,00-0010240,S.Mack,4,16.0,0.0,-0.02972,1,4.0
2002,REG,JAX,00-0015218,J. Smith,1,2.0,0.0,-0.49791,1,2.0
2002,REG,JAX,00-0016098,F. Taylor,264,1231.0,7.0,-0.27338,15,4.66288
2002,REG,JAX,00-0016098,F.Taylor,24,83.0,1.0,-0.61425,1,3.45833
2002,REG,JAX,00-0021231,D. Garrard,25,139.0,2.0,0.21721,4,5.56
2002,REG,KC,00-0003136,M. Cloud,49,115.0,2.0,-0.21042,9,2.34694
2002,REG,KC,00-0003315,T. Collins,1,7.0,0.0,-0.46574,1,7.0
2002,REG,KC,00-0006355,T. Green,33,225.0,1.0,0.44062,14,6.81818
2002,REG,KC,00-0007661,P. Holmes,313,1615.0,21.0,0.15008,14,5.15974
2002,REG,KC,00-0009163,E. Kennison,7,58.0,0.0,0.20949,6,8.28571
2002,REG,KC,00-0011727,J. Morton,10,124.0,0.0,0.71966,9,12.4
2002,REG,KC,00-0013338,J. Quinn (3rd QB),1,-1.0,0.0,-0.40518,1,-1.0
2002,REG,KC,00-0013694,T. Richardson,22,81.0,2.0,-0.00726,11,3.68182
2002,REG,KC,00-0016021,J. Tait,1,28.0,0.0,2.55253,1,28.0
2002,REG,KC,00-0019539,D. Hall,11,54.0,0.0,0.15681,9,4.90909
2002,REG,KC,00-0020315,D. Blaylock,16,72.0,0.0,-0.15044,5,4.5
2002,REG,LA,00-0002099,I. Bruce,3,18.0,0.0,0.21874,3,6.0
2002,REG,LA,00-0003400,E. Conwell,6,30.0,1.0,0.35451,6,5.0
2002,REG,LA,00-0004780,T. Edwards,1,-8.0,0.0,-1.61272,1,-8.0
2002,REG,LA,00-0004780,T.Edwards,2,29.0,0.0,0.91381,2,14.5
2002,REG,LA,00-0005092,M. Faulk,212,953.0,8.0,-0.02761,14,4.49528
2002,REG,LA,00-0007357,C. Hetherington,1,0.0,0.0,-0.47703,1,0.0
2002,REG,LA,00-0007546,J. Hodgins,3,7.0,0.0,-0.15366,3,2.33333
2002,REG,LA,00-0007681,T. Holt,2,18.0,0.0,0.46828,2,9.0
2002,REG,LA,00-0010455,J. Martin,5,6.0,0.0,-0.95437,4,1.2
2002,REG,LA,00-0017200,K. Warner,8,33.0,0.0,-1.81416,5,4.125
2002,REG,LA,00-0017697,T. Wilkins,6,56.0,0.0,0.59567,4,9.33333
2002,REG,LA,00-0019599,M. Bulger,12,-13.0,1.0,-1.07741,6,-1.08333
2002,REG,LA,00-0019649,T. Canidate,17,48.0,0.0,-0.42272,6,2.82353
2002,REG,LA,00-0021209,L. Gordon,65,228.0,1.0,-0.31097,10,3.50769
2002,REG,LAC,00-0003396,C.Conway,7,53.0,2.0,0.90206,7,7.57143
2002,REG,LAC,00-0004673,T. Dwight,1,8.0,0.0,0.5044,1,8.0
2002,REG,LAC,00-0004673,T.Dwight,11,100.0,1.0,0.32804,9,9.09091
2002,REG,LAC,00-0005324,T.Fletcher,26,128.0,1.0,0.17694,7,4.92308
2002,REG,LAC,00-0005363,D.Flutie,1,6.0,0.0,-0.11208,1,6.0
2002,REG,LAC,00-0010747,F.McCrary,2,1.0,0.0,-1.23593,2,0.5
2002,REG,LAC,00-0020531,D. Brees,3,27.0,0.0,-0.17383,2,9.0
2002,REG,LAC,00-0020531,D.Brees,35,103.0,1.0,0.18544,12,2.94286
2002,REG,LAC,00-0020536,L. Tomlinson,41,198.0,0.0,-0.07991,2,4.82927
2002,REG,LAC,00-0020536,L.Tomlinson,331,1485.0,14.0,0.00615,14,4.4864
2002,REG,LAC,00-0020820,J.Chatman,6,19.0,0.0,-0.57864,3,3.16667
2002,REG,LAC,00-0021176,R. Caldwell,1,3.0,0.0,-0.32558,1,3.0
2002,REG,LAC,00-0021176,R.Caldwell,1,6.0,0.0,-0.18623,1,6.0
2002,REG,LV,00-0002058,T. Brown,5,21.0,0.0,-0.01166,4,4.2
2002,REG,LV,00-0002058,T.Brown,1,-2.0,0.0,-1.02374,1,-2.0
2002,REG,LV,00-0003663,Z. Crockett,35,111.0,7.0,0.51351,9,3.17143
2002,REG,LV,00-0003663,Z.Crockett,5,7.0,1.0,-0.25966,3,1.4
2002,REG,LV,00-0005741,R. Gannon,30,99.0,2.0,0.053,10,3.3
2002,REG,LV,00-0005741,R.Gannon,20,57.0,1.0,0.02806,4,2.85
2002,REG,LV,00-0005779,C. Garner,125,543.0,4.0,0.02658,10,4.344
2002,REG,LV,00-0005779,C.Garner,57,419.0,3.0,0.36336,6,7.35088
2002,REG,LV,00-0008921,R. Jordan,1,0.0,0.0,-0.39261,1,0.0
2002,REG,LV,00-0008921,R.Jordan,2,14.0,1.0,-0.11455,1,7.0
2002,REG,LV,00-0009288,T.Kirby,16,51.0,0.0,-0.68397,6,3.1875
2002,REG,LV,00-0013639,J. Rice,2,13.0,0.0,0.26151,2,6.5
2002,REG,LV,00-0013639,J.Rice,1,7.0,0.0,0.31285,1,7.0
2002,REG,LV,00-0017486,T. Wheatley,79,323.0,2.0,-0.05042,9,4.08861
2002,REG,LV,00-0017486,T.Wheatley,29,96.0,0.0,0.04265,5,3.31034
2002,REG,LV,00-0019703,J. Porter,3,2.0,0.0,-0.67633,3,0.66667
2002,REG,LV,00-0019703,J.Porter,1,4.0,0.0,-0.24327,1,4.0
2002,REG,LV,00-0020405,M.Tuiasosopo,2,-3.0,0.0,-1.05764,1,-1.5
2002,REG,MIA,00-0004774,R. Edwards,14,71.0,0.0,-0.07812,7,5.07143
2002,REG,MIA,00-0004774,R.Edwards,6,36.0,1.0,0.26963,2,6.0
2002,REG,MIA,00-0005180,J. Fiedler,16,55.0,2.0,0.50434,7,3.4375
2002,REG,MIA,00-0005180,J.Fiedler,12,44.0,1.0,0.15206,3,3.66667
2002,REG,MIA,00-0009417,R. Konrad,2,3.0,0.0,-2.52243,2,1.5
2002,REG,MIA,00-0009417,R.Konrad,1,-1.0,0.0,-0.64789,1,-1.0
2002,REG,MIA,00-0010137,R. Lucas,34,128.0,2.0,-0.16216,6,3.76471
2002,REG,MIA,00-0010137,R.Lucas,2,-2.0,0.0,-1.28472,1,-1.0
2002,REG,MIA,00-0010974,J. McKnight,5,46.0,0.0,0.42057,5,9.2
2002,REG,MIA,00-0010974,J.McKnight,2,12.0,0.0,0.24994,1,6.0
2002,REG,MIA,00-0017915,R. Williams,315,1459.0,13.0,-0.05992,13,4.63175
2002,REG,MIA,00-0017915,R.Williams,68,394.0,3.0,0.08871,3,5.79412
2002,REG,MIA,00-0020446,C. Chambers,5,72.0,0.0,0.68792,3,14.4
2002,REG,MIA,00-0020446,C.Chambers,1,6.0,0.0,0.98005,1,6.0
2002,REG,MIA,00-0020448,T. Minor,26,113.0,1.0,-0.03694,7,4.34615
2002,REG,MIA,00-0020448,T.Minor,18,67.0,1.0,0.06767,3,3.72222
2002,REG,MIA,00-0020480,S. Rosenfels,2,-9.0,0.0,-2.24379,1,-4.5
2002,REG,MIA,00-0021236,R. McMichael,1,8.0,0.0,0.1204,1,8.0
2002,REG,MIN,00-0001545,T.Bouman,1,9.0,0.0,0.72884,1,9.0
2002,REG,MIN,00-0003739,D.Culpepper,108,609.0,10.0,0.2786,16,5.63889
2002,REG,MIN,00-0009323,J.Kleinsasser,6,17.0,0.0,-0.09673,5,2.83333
2002,REG,MIN,00-0011754,R.Moss,6,51.0,0.0,0.43028,5,8.5
2002,REG,MIN,00-0013682,K.Richardson,1,0.0,0.0,-4.23813,1,0.0
2002,REG,MIN,00-0017892,M.Williams,84,414.0,11.0,0.29512,16,4.92857
2002,REG,MIN,00-0019712,D.Chapman,12,89.0,0.0,0.25886,5,7.41667
2002,REG,MIN,00-0020514,M.Bennett,255,1296.0,5.0,-0.00281,16,5.08235
2002,REG,MIN,00-0020676,N.Davis,1,11.0,0.0,1.20073,1,11.0
2002,REG,MIN,00-0020754,K.Campbell,1,11.0,0.0,0.82571,1,11.0
2002,REG,NE,00-0002068,T.Brown,3,14.0,0.0,-0.4917,3,4.66667
2002,REG,NE,00-0004768,M.Edwards,31,96.0,0.0,-0.04947,12,3.09677
2002,REG,NE,00-0005091,K.Faulk,53,271.0,2.0,0.07704,14,5.11321
2002,REG,NE,00-0007835,D.Huard,1,4.0,0.0,2.0787,1,4.0
2002,REG,NE,00-0012642,D.Patten,2,6.0,0.0,-0.21066,2,3.0
2002,REG,NE,00-0015091,A.Smith,253,982.0,6.0,-0.05035,16,3.88142
2002,REG,NE,00-0017127,K.Walter,1,0.0,0.0,-0.947,1,0.0
2002,REG,NE,00-0019533,P.Pass,4,27.0,0.0,0.50985,1,6.75
2002,REG,NE,00-0019596,T.Brady,42,110.0,1.0,-0.23801,15,2.61905
2002,REG,NE,00-0019722,J.Redmond,4,2.0,0.0,-0.32779,2,0.5
2002,REG,NE,00-0021192,D.Branch,2,0.0,0.0,-0.3068,2,0.0
2002,REG,NE,00-0021238,R.Davey,2,-4.0,0.0,0.0,1,-2.0
2002,REG,NO,00-0001823,A.Brooks,65,253.0,2.0,-0.00034,16,3.89231
2002,REG,NO,00-0004161,J.Delhomme,4,-2.0,0.0,-0.175,2,-0.5
2002,REG,NO,00-0007744,J.Horn,1,2.0,0.0,-0.38084,1,2.0
2002,REG,NO,00-0010632,F.McAfee,1,11.0,0.0,3.12669,1,11.0
2002,REG,NO,00-0019466,C.Keaton,12,19.0,0.0,-0.43072,3,1.58333
2002,REG,NO,00-0019587,T.Smith,5,11.0,0.0,-0.36941,2,2.2
2002,REG,NO,00-0019600,M.Lewis,1,15.0,0.0,1.76914,1,15.0
2002,REG,NO,00-0020173,J.Fenderson,13,65.0,1.0,-0.07572,6,5.0
2002,REG,NO,00-0020527,D.McAllister,329,1388.0,13.0,-0.04532,15,4.21884
2002,REG,NO,00-0021147,D.Stallworth,2,2.0,0.0,-0.39653,2,1.0
2002,REG,NYG,00-0000745,T.Barber,304,1387.0,11.0,-0.12127,16,4.5625
2002,REG,NYG,00-0003292,K.Collins,44,-3.0,0.0,-0.71883,13,-0.06818
2002,REG,NYG,00-0007468,I.Hilliard,1,7.0,0.0,0.36395,1,7.0
2002,REG,NYG,00-0014083,T.Rouen,2,0.0,0.0,-2.49054,1,0.0
2002,REG,NYG,00-0016550,A.Toomer,1,2.0,0.0,-0.43504,1,2.0
2002,REG,NYG,00-0019643,R.Dayne,125,428.0,3.0,-0.13708,16,3.424
2002,REG,NYG,00-0020214,M.Allen,3,23.0,0.0,-0.01975,3,7.66667
2002,REG,NYG,00-0020483,J.Palmer,1,-3.0,0.0,-0.04083,1,-3.0
2002,REG,NYG,00-0020564,D.Joyce,2,2.0,0.0,-0.65303,2,1.0
2002,REG,NYG,00-0021174,T.Carter,3,28.0,0.0,0.95185,3,9.33333
2002,REG,NYG,00-0021330,Daryl Jones,1,4.0,0.0,0.07889,1,4.0
2002,REG,NYJ,00-0000339,R.Anderson,5,27.0,0.0,0.01821,5,5.4
2002,REG,NYJ,00-0010442,C.Martin,262,1094.0,7.0,-0.01983,16,4.17557
2002,REG,NYJ,00-0015420,J.Sowell,1,0.0,0.0,-1.61598,1,0.0
2002,REG,NYJ,00-0016193,V.Testaverde,2,23.0,0.0,-0.07781,2,11.5
2002,REG,NYJ,00-0016689,M.Turk,1,14.0,0.0,3.2568,1,14.0
2002,REG,NYJ,00-0018958,L.Coles,6,39.0,0.0,0.2091,6,6.5
2002,REG,NYJ,00-0019559,C.Pennington,29,49.0,2.0,-0.05793,12,1.68966
2002,REG,NYJ,00-0019590,C.Morton,4,8.0,0.0,-0.58294,4,2.0
2002,REG,NYJ,00-0020462,L.Jordan,84,316.0,3.0,-0.21663,13,3.7619
2002,REG,NYJ,00-0020494,S.Moss,7,48.0,0.0,0.20765,7,6.85714
2002,REG,PHI,00-0000108,D.Akers,1,10.0,0.0,2.61475,1,10.0
2002,REG,PHI,00-0004229,K.Detmer,2,4.0,1.0,0.28358,2,2.0
2002,REG,PHI,00-0009584,S.Landeta,1,0.0,0.0,-1.98225,1,0.0
2002,REG,PHI,00-0009829,D.Levens,75,411.0,1.0,0.0009,16,5.48
2002,REG,PHI,00-0010436,C.Martin,1,-4.0,0.0,-1.72232,1,-4.0
2002,REG,PHI,00-0011022,D.McNabb,63,460.0,6.0,0.41077,9,7.30159
2002,REG,PHI,00-0015523,D.Staley,270,1029.0,5.0,-0.08508,16,3.81111
2002,REG,PHI,00-0016440,J.Thrash,18,126.0,2.0,0.27395,10,7.0
2002,REG,PHI,00-0019606,T.Pinkston,1,-15.0,0.0,-1.90547,1,-15.0
2002,REG,PHI,00-0020305,A.Feeley,12,6.0,0.0,-0.89075,6,0.5
2002,REG,PHI,00-0021216,B.Westbrook,46,193.0,0.0,-0.09652,14,4.19565
2002,REG,PIT,00-0001215,J.Bettis,187,666.0,9.0,-0.02453,12,3.5615
2002,REG,PIT,00-0005620,C.Fuamatu-Ma'afala,23,115.0,0.0,0.15724,4,5.0
2002,REG,PIT,00-0010261,T.Maddox,19,43.0,0.0,-0.84109,9,2.26316
2002,REG,PIT,00-0015700,K.Stewart,43,191.0,2.0,0.01563,7,4.44186
2002,REG,PIT,00-0017162,H.Ward,12,142.0,0.0,0.65169,10,11.83333
2002,REG,PIT,00-0018501,A.Zereoue,194,762.0,4.0,-0.12689,15,3.92784
2002,REG,PIT,00-0019135,D.Kreider,6,16.0,0.0,-0.10244,5,2.66667
2002,REG,PIT,00-0021190,A.Randle El,19,134.0,0.0,0.29956,14,7.05263
2002,REG,PIT,00-0021279,V.Haynes,10,51.0,0.0,0.1621,4,5.1
2002,REG,SEA,00-0004293,T.Dilfer,10,27.0,0.0,0.03069,4,2.7
2002,REG,SEA,00-0005113,J.Feagles,2,-23.0,0.0,-3.0583,2,-11.5
2002,REG,SEA,00-0007091,M.Hasselbeck,41,202.0,1.0,0.13488,13,4.92683
2002,REG,SEA,00-0015830,M.Strong,23,94.0,0.0,0.32369,11,4.08696
2002,REG,SEA,00-0019647,S.Alexander,295,1175.0,16.0,-0.05524,16,3.98305
2002,REG,SEA,00-0019663,D.Jackson,3,3.0,0.0,-0.52324,2,1.0
2002,REG,SEA,00-0020490,K.Robinson,8,56.0,0.0,0.209,8,7.0
2002,REG,SEA,00-0020507,H.Evans,17,53.0,0.0,-0.50949,7,3.11765
2002,REG,SEA,00-0021182,M.Morris,32,153.0,0.0,-0.0182,6,4.78125
2002,REG,SF,00-0000942,F.Beasley,26,75.0,0.0,0.22683,11,2.88462
2002,REG,SF,00-0005755,J.Garcia,74,353.0,3.0,0.15334,16,4.77027
2002,REG,SF,00-0007180,G.Hearst,215,972.0,8.0,0.01388,16,4.52093
2002,REG,SF,00-0012478,T.Owens,7,79.0,1.0,0.79993,6,11.28571
2002,REG,SF,00-0019623,T.Rattay,5,0.0,0.0,-0.72389,3,0.0
2002,REG,SF,00-0019673,P.Smith,18,90.0,0.0,0.03829,3,5.0
2002,REG,SF,00-0020474,K.Barlow,145,675.0,4.0,0.01463,14,4.65517
2002,REG,TB,00-0000251,M.Alstott,146,548.0,5.0,-0.11242,16,3.75342
2002,REG,TB,00-0008442,B.Johnson,13,30.0,0.0,-0.11762,7,2.30769
2002,REG,TB,00-0008612,R.Johnson,14,73.0,0.0,0.15509,6,5.21429
2002,REG,TB,00-0009266,S.King,4,25.0,0.0,0.21401,2,6.25
2002,REG,TB,00-0010668,K.McCardell,1,3.0,0.0,-0.07941,1,3.0
2002,REG,TB,00-0013013,M.Pittman,204,718.0,1.0,-0.15571,16,3.51961
2002,REG,TB,00-0015601,A.Stecker,28,174.0,0.0,0.03497,11,6.21429
2002,REG,TB,00-0016683,T.Tupa,1,-9.0,0.0,-2.8827,1,-9.0
2002,REG,TB,00-0017847,K.Williams,3,-5.0,0.0,-0.8299,2,-1.66667
2002,REG,TEN,00-0003344,G.Comella,1,0.0,0.0,-0.39513,1,0.0
2002,REG,TEN,00-0004694,K.Dyson,2,-4.0,0.0,-0.46683,2,-2.0
2002,REG,TEN,00-0005883,E.George,345,1165.0,12.0,-0.07581,16,3.37681
2002,REG,TEN,00-0007308,C.Hentrich,1,5.0,0.0,1.49113,1,5.0
2002,REG,TEN,00-0007579,R.Holcombe,47,242.0,0.0,-0.099,8,5.14894
2002,REG,TEN,00-0011024,S.McNair,84,440.0,3.0,0.12338,16,5.2381
2002,REG,TEN,00-0012261,N.O'Donnell,3,-3.0,0.0,-0.18274,2,-1.0
2002,REG,TEN,00-0019576,M.Green,21,71.0,0.0,-0.12863,8,3.38095
2002,REG,TEN,00-0020381,J.McCareins,2,18.0,0.0,0.33214,2,9.0
2002,REG,TEN,00-0021031,J.Simon,9,18.0,1.0,-0.10931,5,2.0
2002,REG,WAS,00-0000585,C.Bailey,1,4.0,0.0,-3.94466,1,4.0
2002,REG,WAS,00-0004052,S.Davis,207,820.0,7.0,-0.06165,12,3.96135
2002,REG,WAS,00-0006331,J.Green,2,9.0,0.0,0.0267,2,4.5
2002,REG,WAS,00-0010560,S.Matthews,12,31.0,0.0,-0.10323,6,2.58333
2002,REG,WAS,00-0016373,D.Thompson,10,77.0,0.0,0.47506,7,7.7
2002,REG,WAS,00-0018333,D.Wuerffel,10,76.0,0.0,0.32867,4,7.6
2002,REG,WAS,00-0019172,B.Johnson,1,0.0,0.0,-0.5107,1,0.0
2002,REG,WAS,00-0019808,K.Watson,116,534.0,1.0,0.05778,14,4.60345
2002,REG,WAS,00-0020464,D.McCants,1,9.0,0.0,0.66198,1,9.0
2002,REG,WAS,00-0020525,R.Gardner,1,1.0,0.0,-0.37587,1,1.0
2002,REG,WAS,00-0021184,L.Betts,65,307.0,1.0,-0.14666,9,4.72308
2002,REG,WAS,00-0021357,R.Cartwright,3,22.0,0.0,0.21732,2,7.33333
2002,REG,WAS,00-0021379,P.Ramsey,13,-1.0,1.0,-1.33219,6,-0.07692
2003,POST,BAL,00-0018272,A.Wright,2,19.0,0.0,0.25035,1,9.5
2003,POST,BAL,00-0019693,J.Lewis,14,35.0,0.0,-0.4606,1,2.5
2003,POST,CAR,00-0004052,S.Davis,64,315.0,1.0,-0.07346,4,4.92188
2003,POST,CAR,00-0004161,J.Delhomme,10,-1.0,0.0,0.05745,3,-0.1
2003,POST,CAR,00-0011795,M.Muhammad,3,14.0,0.0,-0.18287,3,4.66667
2003,POST,CAR,00-0019100,B.Hoover,4,12.0,1.0,-0.05909,3,3.0
2003,POST,CAR,00-0019453,R.Smart,1,5.0,0.0,0.29396,1,5.0
2003,POST,CAR,00-0019831,N.Goings,6,22.0,0.0,-0.17297,1,3.66667
2003,POST,CAR,00-0020337,S.Smith,1,7.0,0.0,0.328,1,7.0
2003,POST,CAR,00-0021164,D.Foster,42,196.0,2.0,0.11801,4,4.66667
2003,POST,DAL,00-0000339,R.Anderson,6,18.0,0.0,-0.82862,1,3.0
2003,POST,DAL,00-0019516,T.Hambrick,8,29.0,0.0,-0.16578,1,3.625
2003,POST,DAL,00-0020404,Q.Carter,4,25.0,1.0,0.79129,1,6.25
2003,POST,DEN,00-0013042,J.Plummer,3,18.0,0.0,1.80885,1,6.0
2003,POST,DEN,00-0021179,C.Portis,17,68.0,0.0,-0.07231,1,4.0
2003,POST,DEN,00-0022095,Q.Griffin,6,60.0,0.0,-0.06213,1,10.0
2003,POST,GB,00-0005106,B.Favre,2,2.0,0.0,-0.46093,2,1.0
2003,POST,GB,00-0006305,A.Green,48,222.0,2.0,0.12189,2,4.625
2003,POST,GB,00-0020964,T.Fisher,2,9.0,0.0,0.50216,1,4.5
2003,POST,GB,00-0021153,J.Walker,1,-8.0,0.0,-2.05409,1,-8.0
2003,POST,GB,00-0021252,N.Davenport,16,63.0,0.0,-0.078,2,3.9375
2003,POST,IND,00-0008241,E. James,45,203.0,3.0,0.33052,2,4.51111
2003,POST,IND,00-0008241,E.James,17,78.0,0.0,-0.20612,1,4.58824
2003,POST,IND,00-0010346,P. Manning,3,3.0,0.0,-0.17866,2,1.0
2003,POST,IND,00-0010346,P.Manning,1,0.0,0.0,-0.78229,1,0.0
2003,POST,IND,00-0015194,H. Smith,1,0.0,0.0,-1.08608,1,0.0
2003,POST,IND,00-0019863,D. Rhodes,8,34.0,0.0,-0.0858,2,4.25
2003,POST,IND,00-0019863,D.Rhodes,4,8.0,0.0,-0.32832,1,2.0
2003,POST,IND,00-0020739,R.Williams,1,-1.0,0.0,-0.87899,1,-1.0
2003,POST,KC,00-0006355,T. Green,3,18.0,0.0,0.96067,1,6.0
2003,POST,KC,00-0007661,P. Holmes,24,176.0,2.0,0.17742,1,7.33333
2003,POST,KC,00-0011727,J. Morton,1,5.0,0.0,0.00788,1,5.0
2003,POST,KC,00-0020315,D. Blaylock,2,-3.0,0.0,-0.92406,1,-1.5
2003,POST,LA,00-0005092,M.Faulk,19,53.0,1.0,-0.17723,1,2.78947
2003,POST,LA,00-0019599,M.Bulger,4,11.0,0.0,-0.80412,1,2.75
2003,POST,NE,00-0002068,T.Brown,1,-10.0,0.0,-3.4156,1,-10.0
2003,POST,NE,00-0002846,L.Centers,2,0.0,0.0,-1.40673,2,0.0
2003,POST,NE,00-0005091,K.Faulk,15,72.0,0.0,-0.00789,3,4.8
2003,POST,NE,00-0015091,A.Smith,64,252.0,2.0,-0.06667,3,3.9375
2003,POST,NE,00-0019596,T.Brady,12,18.0,0.0,0.26475,3,1.5
2003,POST,NE,00-0021993,B.Johnson,1,3.0,0.0,-0.27768,1,3.0
2003,POST,PHI,00-0011022,D.McNabb,13,117.0,0.0,0.406,2,9.0
2003,POST,PHI,00-0015523,D.Staley,18,124.0,0.0,0.36299,2,6.88889
2003,POST,PHI,00-0020270,C.Buckhalter,20,60.0,0.0,-0.1843,2,3.0
2003,POST,SEA,00-0019647,S.Alexander,20,45.0,3.0,0.02831,1,2.25
2003,POST,SEA,00-0021182,M.Morris,1,4.0,0.0,0.05319,1,4.0
2003,POST,TEN,00-0005883,E.George,41,136.0,0.0,-0.09707,2,3.31707
2003,POST,TEN,00-0011024,S.McNair,6,27.0,0.0,0.67385,2,4.5
2003,POST,TEN,00-0018343,F.Wycheck,1,-10.0,0.0,-1.49786,1,-10.0
2003,POST,TEN,00-0022092,C.Brown,18,96.0,2.0,0.36636,2,5.33333
2003,REG,ARI,00-0001335,J.Blake,31,177.0,2.0,0.15417,11,5.70968
2003,REG,ARI,00-0007546,J.Hodgins,2,6.0,0.0,-0.07189,2,3.0
2003,REG,ARI,00-0015165,E.Smith,90,256.0,2.0,-0.15741,10,2.84444
2003,REG,ARI,00-0019302,B.Gilmore,1,0.0,0.0,-0.6611,1,0.0
2003,REG,ARI,00-0020022,M.Shipp,228,830.0,0.0,-0.20521,15,3.64035
2003,REG,ARI,00-0020256,K.Kasper,1,-4.0,0.0,-1.06263,1,-4.0
2003,REG,ARI,00-0021048,D.Anderson,18,68.0,0.0,-0.16081,9,3.77778
2003,REG,ARI,00-0021206,J.McCown,30,164.0,1.0,-0.28731,7,5.46667
2003,REG,ARI,00-0022084,A.Boldin,5,40.0,0.0,0.26027,4,8.0
2003,REG,ATL,00-0004640,W.Dunn,125,672.0,3.0,0.06874,11,5.376
2003,REG,ATL,00-0013232,P.Price,2,3.0,0.0,-0.26395,2,1.5
2003,REG,ATL,00-0019087,D.Johnson,14,21.0,1.0,-0.03112,7,1.5
2003,REG,ATL,00-0020245,M.Vick,40,255.0,1.0,0.46773,5,6.375
2003,REG,ATL,00-0020340,Q.McCord,2,2.0,0.0,-0.47497,1,1.0
2003,REG,ATL,00-0020479,G.Layne,1,15.0,0.0,1.0345,1,15.0
2003,REG,ATL,00-0020973,W.Dantzler,8,21.0,1.0,-0.06668,4,2.625
2003,REG,ATL,00-0021271,K.Kittner,8,13.0,0.0,0.11587,4,1.625
2003,REG,ATL,00-0021376,T.Duckett,197,779.0,11.0,-0.05244,16,3.95431
2003,REG,ATL,00-0022011,J.Griffith,38,168.0,0.0,0.06431,11,4.42105
2003,REG,BAL,00-0018272,A.Wright,27,75.0,0.0,-0.50603,7,2.77778
2003,REG,BAL,00-0018588,A.Ricard,19,79.0,0.0,0.00486,10,4.15789
2003,REG,BAL,00-0019693,J.Lewis,388,2063.0,14.0,-0.00921,16,5.31701
2003,REG,BAL,00-0019709,C.Redman,2,4.0,0.0,-0.57895,1,2.0
2003,REG,BAL,00-0019721,T.Taylor,11,62.0,0.0,0.03028,9,5.63636
2003,REG,BAL,00-0020516,T.Heap,3,21.0,0.0,0.32784,3,7.0
2003,REG,BAL,00-0021314,C.Taylor,64,276.0,2.0,-0.10798,16,4.3125
2003,REG,BAL,00-0022130,M.Smith,9,31.0,2.0,0.5642,2,3.44444
2003,REG,BAL,00-0022164,K.Boller,30,52.0,0.0,-0.54029,9,1.73333
2003,REG,BUF,00-0001361,D. Bledsoe,1,0.0,0.0,-1.81679,1,0.0
2003,REG,BUF,00-0001361,D.Bledsoe,22,29.0,2.0,-0.70554,13,1.31818
2003,REG,BUF,00-0005822,S.Gash,1,3.0,0.0,-0.06532,1,3.0
2003,REG,BUF,00-0011626,B.Moorman,1,21.0,0.0,4.34856,1,21.0
2003,REG,BUF,00-0016838,A.Van Pelt,4,-6.0,0.0,-1.30532,3,-1.5
2003,REG,BUF,00-0018578,R.Neufeld,1,14.0,0.0,2.90127,1,14.0
2003,REG,BUF,00-0019192,Tr.Brown,1,5.0,0.0,0.02356,1,5.0
2003,REG,BUF,00-0019484,S. Morris,6,21.0,0.0,-0.26233,2,3.5
2003,REG,BUF,00-0019484,S.Morris,13,49.0,1.0,0.11658,7,3.76923
2003,REG,BUF,00-0020471,T. Henry,43,204.0,0.0,0.12698,2,4.74419
2003,REG,BUF,00-0020471,T.Henry,289,1149.0,10.0,-0.08122,13,3.97578
2003,REG,BUF,00-0020786,K.Simonton,2,4.0,0.0,-0.12616,1,2.0
2003,REG,BUF,00-0020917,J.Burns,39,113.0,0.0,-0.19853,9,2.89744
2003,REG,BUF,00-0021166,J. Reed,1,8.0,0.0,0.32107,1,8.0
2003,REG,BUF,00-0021166,J.Reed,2,30.0,0.0,1.13196,2,15.0
2003,REG,BUF,00-0021425,A.Brown,1,17.0,0.0,2.00195,1,17.0
2003,REG,CAR,00-0004052,S.Davis,318,1444.0,8.0,-0.03666,14,4.54088
2003,REG,CAR,00-0004161,J.Delhomme,42,43.0,1.0,-0.5852,15,1.02381
2003,REG,CAR,00-0011795,M.Muhammad,2,-2.0,0.0,-1.19248,2,-1.0
2003,REG,CAR,00-0019100,B.Hoover,6,21.0,0.0,-0.18337,6,3.5
2003,REG,CAR,00-0019453,R.Smart,20,49.0,0.0,-0.26129,5,2.45
2003,REG,CAR,00-0019831,N.Goings,11,69.0,0.0,0.04205,7,6.27273
2003,REG,CAR,00-0020337,S.Smith,11,42.0,0.0,-0.1141,10,3.81818
2003,REG,CAR,00-0021164,D.Foster,113,429.0,0.0,-0.16681,14,3.79646
2003,REG,CHI,00-0000007,R. Abdullah,2,8.0,0.0,0.049,1,4.0
2003,REG,CHI,00-0000007,R.Abdullah,16,29.0,0.0,-0.30388,11,1.8125
2003,REG,CHI,00-0001477,M.Booker,3,-7.0,0.0,-0.71282,3,-2.33333
2003,REG,CHI,00-0002876,C. Chandler,1,4.0,0.0,1.66501,1,4.0
2003,REG,CHI,00-0002876,C.Chandler,14,31.0,0.0,0.12608,6,2.21429
2003,REG,CHI,00-0010609,B.Maynard,1,0.0,0.0,-3.63883,1,0.0
2003,REG,CHI,00-0013262,S.Pritchett,21,93.0,2.0,0.15118,9,4.42857
2003,REG,CHI,00-0015700,K. Stewart,1,2.0,0.0,2.16771,1,2.0
2003,REG,CHI,00-0015700,K.Stewart,59,288.0,3.0,0.24688,8,4.88136
2003,REG,CHI,00-0019660,D.White,2,13.0,0.0,1.28943,2,6.5
2003,REG,CHI,00-0020403,A. Thomas,16,61.0,0.0,-0.23632,1,3.8125
2003,REG,CHI,00-0020403,A.Thomas,228,963.0,6.0,-0.0029,12,4.22368
2003,REG,CHI,00-0020513,D. Terrell,1,4.0,0.0,-0.00134,1,4.0
2003,REG,CHI,00-0021306,A.Peterson,22,70.0,0.0,-0.12677,3,3.18182
2003,REG,CHI,00-0021938,B.Forsey,50,191.0,2.0,0.03065,4,3.82
2003,REG,CHI,00-0022121,R.Grossman,3,-1.0,0.0,-0.79544,2,-0.33333
2003,REG,CHI,00-0022144,B. Wade,1,5.0,0.0,0.10175,1,5.0
2003,REG,CHI,00-0022144,B.Wade,4,9.0,0.0,0.35696,4,2.25
2003,REG,CIN,00-0001098,B.Bennett,56,173.0,0.0,-0.26443,13,3.08929
2003,REG,CIN,00-0004304,C.Dillon,138,541.0,2.0,-0.06593,13,3.92029
2003,REG,CIN,00-0009311,J.Kitna,38,117.0,0.0,-0.05791,13,3.07895
2003,REG,CIN,00-0019455,P.Warrick,17,143.0,0.0,0.41698,11,8.41176
2003,REG,CIN,00-0020407,Ru.Johnson,214,967.0,9.0,0.01771,13,4.51869
2003,REG,CIN,00-0022141,J.Johnson,15,41.0,1.0,-0.04675,8,2.73333
2003,REG,CIN,00-0022171,K.Washington,1,5.0,0.0,0.16758,1,5.0
2003,REG,CLE,00-0001611,B.Boyer,1,7.0,0.0,2.42924,1,7.0
2003,REG,CLE,00-0003535,T. Couch,3,24.0,0.0,0.3906,3,8.0
2003,REG,CLE,00-0003535,T.Couch,8,15.0,1.0,0.33372,3,1.875
2003,REG,CLE,00-0004091,P.Dawson,1,14.0,0.0,3.21018,1,14.0
2003,REG,CLE,00-0007576,K. Holcomb,4,0.0,0.0,-1.12817,2,0.0
2003,REG,CLE,00-0007576,K.Holcomb,4,7.0,0.0,-0.64656,2,1.75
2003,REG,CLE,00-0019057,J. White,59,249.0,1.0,-0.20789,8,4.22034
2003,REG,CLE,00-0019057,J.White,11,17.0,0.0,-0.33481,7,1.54545
2003,REG,CLE,00-0019650,D. Northcutt,10,76.0,0.0,0.22813,5,7.6
2003,REG,CLE,00-0019650,D.Northcutt,2,7.0,0.0,0.20412,2,3.5
2003,REG,CLE,00-0020427,Q. Morgan,1,-7.0,0.0,-1.4415,1,-7.0
2003,REG,CLE,00-0020427,Q.Morgan,2,3.0,0.0,-0.96786,2,1.5
2003,REG,CLE,00-0020430,J. Jackson,77,267.0,3.0,-0.21545,5,3.46753
2003,REG,CLE,00-0020430,J.Jackson,25,115.0,0.0,0.02454,5,4.6
2003,REG,CLE,00-0021150,W.Green,142,559.0,1.0,-0.16792,7,3.93662
2003,REG,CLE,00-0021175,A.Davis,3,14.0,0.0,-0.37175,2,4.66667
2003,REG,CLE,00-0021175,An. Davis,2,14.0,0.0,-0.12634,2,7.0
2003,REG,CLE,00-0022157,J.Faine,1,0.0,0.0,-1.37945,1,0.0
2003,REG,CLE,00-0022180,L.Suggs,56,289.0,2.0,0.06396,4,5.16071
2003,REG,DAL,00-0000339,R.Anderson,70,306.0,1.0,-0.01621,15,4.37143
2003,REG,DAL,00-0005720,J.Galloway,4,22.0,0.0,0.1761,4,5.5
2003,REG,DAL,00-0006043,T.Glenn,3,55.0,0.0,0.88141,3,18.33333
2003,REG,DAL,00-0011869,A.Murrell,28,107.0,0.0,-0.00208,3,3.82143
2003,REG,DAL,00-0019516,T.Hambrick,275,972.0,5.0,-0.13265,16,3.53455
2003,REG,DAL,00-0019794,A.Cason,40,220.0,2.0,-0.06999,10,5.5
2003,REG,DAL,00-0020404,Q.Carter,68,257.0,2.0,-0.06686,16,3.77941
2003,REG,DAL,00-0020562,C.Hutchinson,2,-3.0,0.0,0.0,1,-1.5
2003,REG,DAL,00-0021191,A.Bryant,2,0.0,0.0,-0.73576,2,0.0
2003,REG,DAL,00-0021387,J.Martin,4,7.0,0.0,-0.03727,4,1.75
2003,REG,DAL,00-0022174,E.Bickerstaff,19,56.0,1.0,-0.15643,4,2.94737
2003,REG,DEN,00-0001218,S. Beuerlein,1,5.0,0.0,0.085,1,5.0
2003,REG,DEN,00-0001218,S.Beuerlein,4,8.0,0.0,0.10883,2,2.0
2003,REG,DEN,00-0009007,D.Kanell,6,5.0,0.0,-0.296,2,0.83333
2003,REG,DEN,00-0013042,J. Plummer,3,22.0,0.0,0.0182,1,7.33333
2003,REG,DEN,00-0013042,J.Plummer,34,183.0,3.0,0.43373,10,5.38235
2003,REG,DEN,00-0015290,R. Smith,1,26.0,0.0,1.51524,1,26.0
2003,REG,DEN,00-0015290,R.Smith,9,72.0,0.0,0.35218,5,8.0
2003,REG,DEN,00-0019594,M. Anderson,5,27.0,0.0,0.08226,2,5.4
2003,REG,DEN,00-0019594,M.Anderson,65,230.0,3.0,-0.06494,7,3.53846
2003,REG,DEN,00-0019610,R. Droughns,2,-2.0,0.0,-0.70277,2,-1.0
2003,REG,DEN,00-0019610,R.Droughns,4,16.0,0.0,-0.052,1,4.0
2003,REG,DEN,00-0019645,D.O'Neal,1,0.0,0.0,-0.97012,1,0.0
2003,REG,DEN,00-0019661,C. Cole,1,8.0,0.0,0.39794,1,8.0
2003,REG,DEN,00-0019661,C.Cole,1,0.0,0.0,-0.70594,1,0.0
2003,REG,DEN,00-0019682,J.Jackson,1,9.0,0.0,0.39914,1,9.0
2003,REG,DEN,00-0021152,A.Lelie,8,43.0,0.0,-0.07854,5,5.375
2003,REG,DEN,00-0021179,C. Portis,63,305.0,2.0,-0.01797,3,4.84127
2003,REG,DEN,00-0021179,C.Portis,228,1286.0,12.0,0.16748,10,5.64035
2003,REG,DEN,00-0021845,C.Sapp,12,31.0,0.0,-0.37999,1,2.58333
2003,REG,DEN,00-0021921,A.Madise,1,10.0,0.0,-0.71759,1,10.0
2003,REG,DEN,00-0022095,Q.Griffin,94,345.0,0.0,-0.06554,9,3.67021
2003,REG,DET,00-0002159,S. Bryson,27,131.0,1.0,0.07688,3,4.85185
2003,REG,DET,00-0002159,S.Bryson,131,475.0,2.0,-0.13455,13,3.62595
2003,REG,DET,00-0005816,O.Gary,113,384.0,2.0,-0.18274,13,3.39823
2003,REG,DET,00-0006627,A. Hakim,2,43.0,0.0,1.61339,1,21.5
2003,REG,DET,00-0006627,A.Hakim,1,8.0,0.0,0.61741,1,8.0
2003,REG,DET,00-0008313,S.Jefferson,1,3.0,0.0,-0.2066,1,3.0
2003,REG,DET,00-0014450,C. Schlesinger,4,8.0,0.0,0.2808,3,2.0
2003,REG,DET,00-0014450,C.Schlesinger,5,8.0,0.0,0.06362,4,1.6
2003,REG,DET,00-0015980,R. Swinton,2,2.0,0.0,-0.58012,2,1.0
2003,REG,DET,00-0015980,R.Swinton,1,9.0,0.0,0.68603,1,9.0
2003,REG,DET,00-0019673,P. Smith,2,5.0,0.0,-0.82257,1,2.5
2003,REG,DET,00-0020308,M. McMahon,2,14.0,0.0,0.20398,1,7.0
2003,REG,DET,00-0020308,M.McMahon,3,18.0,0.0,-1.05092,1,6.0
2003,REG,DET,00-0020692,E.Drummond,1,1.0,0.0,-0.57666,1,1.0
2003,REG,DET,00-0021141,J. Harrington,2,0.0,0.0,-1.23767,1,0.0
2003,REG,DET,00-0021141,J.Harrington,26,98.0,0.0,-0.08105,9,3.76923
2003,REG,DET,00-0021528,A.Cobourne,10,27.0,0.0,-0.65451,3,2.7
2003,REG,DET,00-0022006,A. Pinner,39,99.0,0.0,-0.28013,3,2.53846
2003,REG,DET,00-0022072,C.Rogers,2,17.0,0.0,0.38041,2,8.5
2003,REG,GB,00-0004541,D.Driver,5,51.0,0.0,0.45795,5,10.2
2003,REG,GB,00-0005106,B.Favre,18,15.0,0.0,-0.35195,7,0.83333
2003,REG,GB,00-0006305,A.Green,355,1883.0,15.0,0.05461,16,5.30423
2003,REG,GB,00-0012726,D.Pederson,8,-7.0,0.0,0.01386,4,-0.875
2003,REG,GB,00-0017896,N.Luchey,1,3.0,0.0,-0.29369,1,3.0
2003,REG,GB,00-0020428,R.Ferguson,1,-8.0,0.0,-1.72338,1,-8.0
2003,REG,GB,00-0020964,T.Fisher,40,200.0,1.0,-0.01549,11,5.0
2003,REG,GB,00-0021153,J.Walker,2,1.0,0.0,-0.42593,2,0.5
2003,REG,GB,00-0021252,N.Davenport,77,420.0,2.0,0.01809,14,5.45455
2003,REG,HOU,00-0000722,T.Banks,6,27.0,0.0,0.61184,4,4.5
2003,REG,HOU,00-0010240,S.Mack,94,253.0,4.0,-0.21186,8,2.69149
2003,REG,HOU,00-0014902,J.Simmons,1,7.0,0.0,3.16206,1,7.0
2003,REG,HOU,00-0015550,C.Stanley,1,12.0,0.0,3.11003,1,12.0
2003,REG,HOU,00-0018168,K.Wong,1,0.0,0.0,-0.947,1,0.0
2003,REG,HOU,00-0020608,D.Carr,27,151.0,2.0,0.53467,10,5.59259
2003,REG,HOU,00-0021163,J.Gaffney,1,13.0,0.0,1.43924,1,13.0
2003,REG,HOU,00-0021223,J.Wells,5,14.0,0.0,-0.65328,2,2.8
2003,REG,HOU,00-0021979,D.Davis,238,1031.0,8.0,-0.07368,14,4.33193
2003,REG,HOU,00-0022044,A.Johnson,5,-10.0,0.0,-0.35253,4,-2.0
2003,REG,HOU,00-0022091,D.Ragone,6,51.0,0.0,0.21842,2,8.5
2003,REG,HOU,00-0022116,T.Hollings,38,102.0,0.0,-0.34121,9,2.68421
2003,REG,IND,00-0007024,M.Harrison,1,3.0,0.0,-0.27706,1,3.0
2003,REG,IND,00-0007834,B.Huard,2,9.0,0.0,-0.42645,2,4.5
2003,REG,IND,00-0008241,E.James,309,1257.0,11.0,-0.02773,13,4.06796
2003,REG,IND,00-0010346,P.Manning,27,29.0,0.0,-0.43341,12,1.07407
2003,REG,IND,00-0015194,H.Smith,1,21.0,1.0,4.44081,1,21.0
2003,REG,IND,00-0019552,T.Walters,1,6.0,0.0,0.16538,1,6.0
2003,REG,IND,00-0019863,D.Rhodes,38,157.0,0.0,-0.11255,10,4.13158
2003,REG,IND,00-0020700,J.Mungro,24,60.0,2.0,-0.13737,3,2.5
2003,REG,IND,00-0020739,R.Williams,48,155.0,2.0,-0.1403,6,3.22917
2003,REG,JAX,00-0002110,M.Brunell,9,19.0,1.0,-0.59658,3,2.11111
2003,REG,JAX,00-0004768,M.Edwards,7,13.0,1.0,-0.24772,5,1.85714
2003,REG,JAX,00-0004780,T.Edwards,3,-9.0,0.0,-0.75847,3,-3.0
2003,REG,JAX,00-0005620,C.Fuamatu-Ma'afala,35,144.0,1.0,0.09731,9,4.11429
2003,REG,JAX,00-0009869,J.Lewis,1,6.0,0.0,0.6167,1,6.0
2003,REG,JAX,00-0016098,F.Taylor,345,1572.0,6.0,-0.03495,16,4.55652
2003,REG,JAX,00-0020058,D.Allen,4,8.0,0.0,-0.26463,2,2.0
2003,REG,JAX,00-0022057,L.Toefield,53,212.0,2.0,-0.00554,13,4.0
2003,REG,JAX,00-0022177,B.Leftwich,25,108.0,2.0,-0.21333,10,4.32
2003,REG,KC,00-0003315,T. Collins,8,-7.0,0.0,-0.60593,3,-0.875
2003,REG,KC,00-0006355,T. Green,26,83.0,2.0,-0.00133,12,3.19231
2003,REG,KC,00-0007661,P. Holmes,320,1420.0,27.0,0.12367,16,4.4375
2003,REG,KC,00-0009163,E. Kennison,2,9.0,0.0,-0.08202,2,4.5
2003,REG,KC,00-0011727,J. Morton,8,94.0,0.0,0.39144,7,11.75
2003,REG,KC,00-0013694,T. Richardson,24,59.0,0.0,-0.19542,8,2.45833
2003,REG,KC,00-0019539,D. Hall,17,66.0,0.0,-0.27134,8,3.88235
2003,REG,KC,00-0020315,D. Blaylock,22,112.0,2.0,0.02468,7,5.09091
2003,REG,KC,00-0021976,L. Johnson,20,85.0,1.0,0.01618,5,4.25
2003,REG,LA,00-0002099,I.Bruce,2,17.0,0.0,-0.02762,2,8.5
2003,REG,LA,00-0003103,C.Cleeland,2,-5.0,0.0,-1.36398,2,-2.5
2003,REG,LA,00-0005092,M.Faulk,209,818.0,10.0,-0.06291,11,3.91388
2003,REG,LA,00-0007681,T.Holt,1,5.0,0.0,0.06392,1,5.0
2003,REG,LA,00-0017200,K.Warner,1,0.0,0.0,-1.69037,1,0.0
2003,REG,LA,00-0017693,J.Wilkins,1,7.0,0.0,2.15265,1,7.0
2003,REG,LA,00-0019281,M.Furrey,3,5.0,0.0,0.66019,2,1.66667
2003,REG,LA,00-0019599,M.Bulger,29,75.0,4.0,-0.10708,11,2.58621
2003,REG,LA,00-0020342,B.Manumaleuna,4,15.0,0.0,0.02437,3,3.75
2003,REG,LA,00-0021209,L.Gordon,71,298.0,1.0,-0.00744,9,4.19718
2003,REG,LA,00-0021345,C.Massey,1,-1.0,0.0,0.38623,1,-1.0
2003,REG,LA,00-0021750,A.Harris,86,255.0,4.0,-0.1115,8,2.96512
2003,REG,LA,00-0021981,S.McDonald,2,7.0,0.0,0.20002,1,3.5
2003,REG,LAC,00-0001532,D. Boston,1,5.0,0.0,0.63273,1,5.0
2003,REG,LAC,00-0001532,D.Boston,2,13.0,0.0,-0.14734,2,6.5
2003,REG,LAC,00-0004673,T. Dwight,9,88.0,0.0,0.49991,6,9.77778
2003,REG,LAC,00-0005363,D. Flutie,33,168.0,2.0,0.00455,7,5.09091
2003,REG,LAC,00-0008568,L. Johnson,4,26.0,0.0,0.08831,3,6.5
2003,REG,LAC,00-0011958,L. Neal,18,40.0,1.0,0.12145,6,2.22222
2003,REG,LAC,00-0020531,D. Brees,21,84.0,0.0,0.04182,9,4.0
2003,REG,LAC,00-0020536,L. Tomlinson,313,1645.0,13.0,0.0725,16,5.25559
2003,REG,LAC,00-0020820,J. Chatman,8,17.0,0.0,-0.44933,5,2.125
2003,REG,LAC,00-0020904,E. Parker,3,21.0,0.0,0.12481,1,7.0
2003,REG,LAC,00-0021176,R. Caldwell,5,39.0,0.0,-0.01609,5,7.8
2003,REG,LV,00-0002058,T.Brown,1,4.0,0.0,-0.08009,1,4.0
2003,REG,LV,00-0003663,Z. Crockett,22,60.0,1.0,-0.02732,5,2.72727
2003,REG,LV,00-0003663,Z.Crockett,26,85.0,6.0,0.20915,8,3.26923
2003,REG,LV,00-0005741,R.Gannon,6,18.0,0.0,-0.01005,6,3.0
2003,REG,LV,00-0005779,C. Garner,34,162.0,1.0,-0.11476,5,4.76471
2003,REG,LV,00-0005779,C.Garner,86,391.0,2.0,0.04443,9,4.54651
2003,REG,LV,00-0008612,R. Johnson,2,15.0,0.0,0.51324,1,7.5
2003,REG,LV,00-0011378,R. Mirer,17,77.0,1.0,-0.01411,4,4.52941
2003,REG,LV,00-0011378,R.Mirer,3,6.0,0.0,-0.11298,2,2.0
2003,REG,LV,00-0017486,T. Wheatley,69,357.0,2.0,-0.00478,6,5.17391
2003,REG,LV,00-0017486,T.Wheatley,90,321.0,2.0,-0.07696,9,3.56667
2003,REG,LV,00-0017611,A. Whitted,1,-7.0,0.0,-1.42851,1,-7.0
2003,REG,LV,00-0017611,A.Whitted,5,44.0,0.0,0.44806,5,8.8
2003,REG,LV,00-0019633,T. Martin,5,28.0,0.0,-0.00448,2,5.6
2003,REG,LV,00-0019703,J. Porter,1,10.0,0.0,-5e-05,1,10.0
2003,REG,LV,00-0019722,J. Redmond,9,30.0,0.0,-0.15056,1,3.33333
2003,REG,LV,00-0020405,M.Tuiasosopo,6,22.0,0.0,-0.26801,3,3.66667
2003,REG,LV,00-0021337,R.Curry,1,0.0,0.0,-1.56469,1,0.0
2003,REG,LV,00-0022093,J.Fargas,40,203.0,0.0,-0.13095,9,5.075
2003,REG,MIA,00-0000552,O.Ayanbadejo,1,-2.0,0.0,-1.456,1,-2.0
2003,REG,MIA,00-0005180,J.Fiedler,33,95.0,3.0,0.29094,11,2.87879
2003,REG,MIA,00-0006423,B.Griese,5,15.0,0.0,-0.183,3,3.0
2003,REG,MIA,00-0009417,R.Konrad,4,17.0,0.0,-0.01363,2,4.25
2003,REG,MIA,00-0010974,J.McKnight,2,75.0,1.0,3.17752,2,37.5
2003,REG,MIA,00-0016689,M.Turk,3,30.0,0.0,0.782,3,10.0
2003,REG,MIA,00-0017915,R.Williams,392,1372.0,9.0,-0.14935,16,3.5
2003,REG,MIA,00-0020446,C.Chambers,4,30.0,0.0,0.47287,4,7.5
2003,REG,MIA,00-0020448,T.Minor,41,193.0,1.0,-0.00169,11,4.70732
2003,REG,MIA,00-0020480,S.Rosenfels,1,-1.0,0.0,0.09093,1,-1.0
2003,REG,MIN,00-0000541,J. Avery,1,0.0,0.0,-0.51146,1,0.0
2003,REG,MIN,00-0003739,D. Culpepper,72,422.0,4.0,0.20685,14,5.86111
2003,REG,MIN,00-0005589,G. Frerotte,12,-2.0,0.0,-0.28143,4,-0.16667
2003,REG,MIN,00-0009323,J. Kleinsasser,2,15.0,0.0,0.67397,2,7.5
2003,REG,MIN,00-0011754,R. Moss,6,18.0,0.0,-0.01625,5,3.0
2003,REG,MIN,00-0017892,M. Williams,174,745.0,5.0,-0.04978,16,4.28161
2003,REG,MIN,00-0019712,D. Chapman,15,33.0,0.0,-0.36015,3,2.2
2003,REG,MIN,00-0020514,M.Bennett,90,447.0,1.0,0.00208,8,4.96667
2003,REG,MIN,00-0020754,K. Campbell,10,71.0,0.0,0.32874,9,7.1
2003,REG,MIN,00-0020849,C.Stackhouse,1,0.0,0.0,-1.64517,1,0.0
2003,REG,MIN,00-0022105,E. Johnson,2,15.0,0.0,0.45829,2,7.5
2003,REG,MIN,00-0022138,O. Smith,107,579.0,5.0,0.10905,10,5.41121
2003,REG,NE,00-0002068,T.Brown,6,27.0,0.0,-0.1361,5,4.5
2003,REG,NE,00-0002846,L.Centers,21,82.0,0.0,-0.23778,9,3.90476
2003,REG,NE,00-0003136,M.Cloud,27,118.0,5.0,0.10514,5,4.37037
2003,REG,NE,00-0005091,K.Faulk,178,638.0,0.0,-0.1878,15,3.58427
2003,REG,NE,00-0007835,D.Huard,1,-1.0,0.0,0.0,1,-1.0
2003,REG,NE,00-0010747,F.McCrary,3,3.0,0.0,-0.70606,2,1.0
2003,REG,NE,00-0012642,D.Patten,1,4.0,0.0,-0.06167,1,4.0
2003,REG,NE,00-0015091,A.Smith,182,642.0,3.0,-0.13433,13,3.52747
2003,REG,NE,00-0017127,K.Walter,2,0.0,0.0,-2.03292,2,0.0
2003,REG,NE,00-0019533,P.Pass,6,27.0,0.0,-0.00605,3,4.5
2003,REG,NE,00-0019596,T.Brady,42,63.0,1.0,-0.25557,15,1.5
2003,REG,NE,00-0021192,D.Branch,1,11.0,0.0,0.97718,1,11.0
2003,REG,NE,00-0021955,D.Klecko,2,5.0,0.0,-0.30777,2,2.5
2003,REG,NE,00-0021993,B.Johnson,1,-12.0,0.0,-1.53167,1,-12.0
2003,REG,NO,00-0001545,T.Bouman,4,1.0,0.0,-0.85441,2,0.25
2003,REG,NO,00-0001823,A.Brooks,52,183.0,2.0,-0.19204,16,3.51923
2003,REG,NO,00-0002655,J.Carney,1,3.0,0.0,-2.01114,1,3.0
2003,REG,NO,00-0002743,K.Carter,19,72.0,1.0,0.05632,6,3.78947
2003,REG,NO,00-0007744,J.Horn,2,15.0,0.0,0.24137,2,7.5
2003,REG,NO,00-0010632,F.McAfee,1,13.0,0.0,3.21078,1,13.0
2003,REG,NO,00-0015242,L.Smith,11,61.0,0.0,0.00295,4,5.54545
2003,REG,NO,00-0019600,M.Lewis,1,2.0,0.0,-4.43227,1,2.0
2003,REG,NO,00-0020173,J.Fenderson,4,14.0,0.0,-0.4113,2,3.5
2003,REG,NO,00-0020527,D.McAllister,351,1641.0,8.0,-0.06423,16,4.67521
2003,REG,NO,00-0021147,D.Stallworth,1,3.0,0.0,-0.21915,1,3.0
2003,REG,NYG,00-0000745,T.Barber,279,1215.0,2.0,-0.1273,16,4.35484
2003,REG,NYG,00-0003292,K.Collins,18,49.0,0.0,-0.3818,9,2.72222
2003,REG,NYG,00-0007468,I.Hilliard,2,19.0,0.0,0.5781,2,9.5
2003,REG,NYG,00-0009829,D.Levens,68,197.0,3.0,-0.11908,11,2.89706
2003,REG,NYG,00-0011399,B.Mitchell,4,20.0,1.0,0.33163,2,5.0
2003,REG,NYG,00-0016550,A.Toomer,1,5.0,0.0,0.01818,1,5.0
2003,REG,NYG,00-0020483,J.Palmer,4,23.0,0.0,-0.03704,2,5.75
2003,REG,NYG,00-0020564,D.Joyce,11,39.0,0.0,-0.42807,5,3.54545
2003,REG,NYG,00-0021918,C.Dach,1,0.0,0.0,-0.85477,1,0.0
2003,REG,NYG,00-0021927,D.Tyree,1,-9.0,0.0,-3.29049,1,-9.0
2003,REG,NYJ,00-0010442,C.Martin,323,1308.0,2.0,-0.08973,16,4.04954
2003,REG,NYJ,00-0015420,J.Sowell,1,2.0,0.0,-0.39014,1,2.0
2003,REG,NYJ,00-0016193,V.Testaverde,6,13.0,0.0,-0.00765,4,2.16667
2003,REG,NYJ,00-0019559,C.Pennington,21,42.0,2.0,-0.23288,7,2.0
2003,REG,NYJ,00-0020462,L.Jordan,46,190.0,4.0,0.03936,10,4.13043
2003,REG,NYJ,00-0020494,S.Moss,10,67.0,0.0,0.26126,8,6.7
2003,REG,NYJ,00-0022003,B.Askew,2,9.0,0.0,0.49792,1,4.5
2003,REG,PHI,00-0011022,D.McNabb,70,359.0,3.0,0.18681,16,5.12857
2003,REG,PHI,00-0013773,J.Ritchie,1,1.0,0.0,-0.26469,1,1.0
2003,REG,PHI,00-0015523,D.Staley,97,457.0,5.0,0.0136,16,4.71134
2003,REG,PHI,00-0016440,J.Thrash,5,53.0,0.0,0.18851,5,10.6
2003,REG,PHI,00-0019606,T.Pinkston,1,-11.0,0.0,-2.0239,1,-11.0
2003,REG,PHI,00-0020270,C.Buckhalter,126,542.0,8.0,-0.01898,14,4.30159
2003,REG,PHI,00-0021216,B.Westbrook,116,605.0,7.0,0.1354,15,5.21552
2003,REG,PIT,00-0000865,C. Batch,1,11.0,0.0,0.75004,1,11.0
2003,REG,PIT,00-0001215,J. Bettis,172,560.0,6.0,-0.13466,12,3.25581
2003,REG,PIT,00-0001215,J.Bettis,75,251.0,1.0,-0.09788,4,3.34667
2003,REG,PIT,00-0010261,T. Maddox,12,13.0,0.0,-1.12325,7,1.08333
2003,REG,PIT,00-0010261,T.Maddox,1,-1.0,0.0,0.0,1,-1.0
2003,REG,PIT,00-0017162,H. Ward,8,29.0,0.0,-0.0137,5,3.625
2003,REG,PIT,00-0017162,H.Ward,3,32.0,0.0,0.64608,1,10.66667
2003,REG,PIT,00-0018501,A. Zereoue,101,323.0,1.0,-0.26385,12,3.19802
2003,REG,PIT,00-0018501,A.Zereoue,31,110.0,1.0,0.02298,4,3.54839
2003,REG,PIT,00-0019135,D. Kreider,5,18.0,1.0,0.2568,3,3.6
2003,REG,PIT,00-0019135,D.Kreider,2,11.0,0.0,0.26765,2,5.5
2003,REG,PIT,00-0019642,P. Burress,1,-7.0,0.0,-1.56611,1,-7.0
2003,REG,PIT,00-0021190,A. Randle El,10,77.0,0.0,-0.01536,7,7.7
2003,REG,PIT,00-0021190,A.Randle El,4,8.0,0.0,-0.57498,3,2.0
2003,REG,PIT,00-0021279,V. Haynes,9,45.0,0.0,-0.10544,6,5.0
2003,REG,PIT,00-0021279,V.Haynes,11,18.0,0.0,-0.81026,1,1.63636
2003,REG,SEA,00-0004293,T.Dilfer,2,-1.0,0.0,-1.92628,2,-0.5
2003,REG,SEA,00-0007091,M.Hasselbeck,36,125.0,2.0,-0.06874,13,3.47222
2003,REG,SEA,00-0015830,M.Strong,37,174.0,1.0,0.15069,13,4.7027
2003,REG,SEA,00-0019647,S.Alexander,326,1435.0,14.0,-0.02087,16,4.40184
2003,REG,SEA,00-0020490,K.Robinson,4,15.0,0.0,-0.04273,4,3.75
2003,REG,SEA,00-0020507,H.Evans,7,24.0,0.0,-0.0973,4,3.42857
2003,REG,SEA,00-0021182,M.Morris,38,239.0,0.0,0.0691,12,6.28947
2003,REG,SEA,00-0021747,K.Carter,3,-2.0,0.0,-0.38673,1,-0.66667
2003,REG,SF,00-0000942,F.Beasley,17,24.0,0.0,-0.54582,11,1.41176
2003,REG,SF,00-0005755,J.Garcia,54,325.0,7.0,0.39969,12,6.01852
2003,REG,SF,00-0007180,G.Hearst,178,768.0,3.0,-0.08188,12,4.31461
2003,REG,SF,00-0012478,T.Owens,3,-2.0,0.0,-1.10882,3,-0.66667
2003,REG,SF,00-0019084,B.LaFleur,1,0.0,0.0,-3.74767,1,0.0
2003,REG,SF,00-0019623,T.Rattay,8,0.0,0.0,-0.35233,3,0.0
2003,REG,SF,00-0020452,C.Wilson,1,-4.0,0.0,-1.32791,1,-4.0
2003,REG,SF,00-0020474,K.Barlow,201,1024.0,6.0,-0.03051,16,5.09453
2003,REG,SF,00-0020587,J.Robertson,32,136.0,0.0,-0.2455,6,4.25
2003,REG,SF,00-0022064,A.Battle,2,14.0,0.0,0.46068,2,7.0
2003,REG,TB,00-0000251,M.Alstott,27,77.0,2.0,-0.02366,4,2.85185
2003,REG,TB,00-0008442,B.Johnson,25,33.0,0.0,-0.28724,13,1.32
2003,REG,TB,00-0009266,S.King,4,20.0,0.0,0.45091,2,5.0
2003,REG,TB,00-0013013,M.Pittman,187,751.0,0.0,-0.1093,16,4.01604
2003,REG,TB,00-0015601,A.Stecker,37,125.0,0.0,-0.38497,11,3.37838
2003,REG,TB,00-0017847,K.Williams,1,2.0,0.0,-0.43907,1,2.0
2003,REG,TB,00-0019505,C.Lee,2,14.0,0.0,0.84077,2,7.0
2003,REG,TB,00-0019641,T.Jones,137,627.0,3.0,-0.09551,14,4.57664
2003,REG,TB,00-0020391,J.Cook,1,-1.0,0.0,-0.65893,1,-1.0
2003,REG,TEN,00-0005883,E.George,312,1031.0,5.0,-0.13949,16,3.30449
2003,REG,TEN,00-0007579,R.Holcombe,64,201.0,1.0,-0.26824,15,3.14062
2003,REG,TEN,00-0010500,D.Mason,3,11.0,0.0,0.48936,3,3.66667
2003,REG,TEN,00-0011024,S.McNair,38,138.0,4.0,0.0162,12,3.63158
2003,REG,TEN,00-0012261,N.O'Donnell,1,-1.0,0.0,0.0,1,-1.0
2003,REG,TEN,00-0019041,B.Volek,11,4.0,1.0,-0.67192,5,0.36364
2003,REG,TEN,00-0020381,J.McCareins,1,13.0,0.0,0.81216,1,13.0
2003,REG,TEN,00-0022087,T.Calico,1,5.0,0.0,0.07238,1,5.0
2003,REG,TEN,00-0022092,C.Brown,56,221.0,0.0,-0.19754,11,3.94643
2003,REG,WAS,00-0008612,R.Johnson,1,6.0,0.0,-0.41535,1,6.0
2003,REG,WAS,00-0018958,L.Coles,10,39.0,0.0,-0.13487,9,3.9
2003,REG,WAS,00-0019172,B.Johnson,2,5.0,0.0,-0.44418,2,2.5
2003,REG,WAS,00-0019590,C.Morton,47,213.0,0.0,-0.04406,11,4.53191
2003,REG,WAS,00-0019649,T.Canidate,142,597.0,1.0,-0.01302,11,4.20423
2003,REG,WAS,00-0019816,T.Hasselbeck,15,41.0,0.0,-0.61927,7,2.73333
2003,REG,WAS,00-0021031,J.Simon,3,9.0,0.0,-0.0406,2,3.0
2003,REG,WAS,00-0021184,L.Betts,77,255.0,2.0,-0.06438,9,3.31169
2003,REG,WAS,00-0021357,R.Cartwright,107,411.0,4.0,0.02089,15,3.84112
2003,REG,WAS,00-0021379,P.Ramsey,15,62.0,1.0,-0.34361,7,4.13333
2003,REG,WAS,00-0021581,S.McCullough,1,9.0,0.0,-0.24162,1,9.0
2004,POST,ATL,00-0004640,W.Dunn,32,201.0,3.0,0.17166,2,6.28125
2004,POST,ATL,00-0020245,M.Vick,12,145.0,0.0,0.3517,2,12.08333
2004,POST,ATL,00-0021376,T.Duckett,22,80.0,1.0,0.30471,2,3.63636
2004,POST,DEN,00-0013042,J.Plummer,1,0.0,0.0,-1.2889,1,0.0
2004,POST,DEN,00-0019610,R.Droughns,8,29.0,0.0,-0.13879,1,3.625
2004,POST,DEN,00-0022893,T.Bell,12,49.0,1.0,0.11427,1,4.08333
2004,POST,GB,00-0005106,B.Favre,3,7.0,0.0,-0.54534,1,2.33333
2004,POST,GB,00-0006305,A.Green,20,80.0,0.0,0.02321,1,4.0
2004,POST,GB,00-0020964,T.Fisher,1,4.0,0.0,-0.76477,1,4.0
2004,POST,GB,00-0021252,N.Davenport,5,14.0,1.0,0.11437,1,2.8
2004,POST,IND,00-0008241,E.James,32,102.0,1.0,-0.13525,2,3.1875
2004,POST,IND,00-0010346,P.Manning,2,8.0,1.0,1.40712,2,4.0
2004,POST,IND,00-0019863,D.Rhodes,5,12.0,1.0,0.11926,1,2.4
2004,POST,LA,00-0002099,I.Bruce,1,1.0,0.0,-0.52883,1,1.0
2004,POST,LA,00-0005092,M.Faulk,20,85.0,1.0,0.11582,2,4.25
2004,POST,LA,00-0019242,D.Looker,1,11.0,0.0,0.81404,1,11.0
2004,POST,LA,00-0019599,M.Bulger,4,14.0,0.0,0.09419,2,3.5
2004,POST,LA,00-0022736,S.Jackson,19,68.0,0.0,-0.15854,2,3.57895
2004,POST,LAC,00-0011958,L.Neal,1,3.0,0.0,-0.0347,1,3.0
2004,POST,LAC,00-0020531,D.Brees,5,17.0,0.0,0.23845,1,3.4
2004,POST,LAC,00-0020536,L.Tomlinson,26,80.0,0.0,-0.17348,1,3.07692
2004,POST,LAC,00-0020904,E.Parker,1,0.0,0.0,-0.5081,1,0.0
2004,POST,MIN,00-0003739,D.Culpepper,11,79.0,1.0,0.70354,2,7.18182
2004,POST,MIN,00-0020514,M.Bennett,17,68.0,0.0,-0.02629,2,4.0
2004,POST,MIN,00-0022138,O.Smith,18,73.0,0.0,-0.06811,2,4.05556
2004,POST,MIN,00-0022217,M.Moore,1,0.0,0.0,-0.61067,1,0.0
2004,POST,NE,00-0004304,C.Dillon,65,292.0,2.0,0.03181,3,4.49231
2004,POST,NE,00-0005091,K.Faulk,22,114.0,0.0,0.01521,3,5.18182
2004,POST,NE,00-0019533,P.Pass,1,0.0,0.0,-0.43591,1,0.0
2004,POST,NE,00-0019596,T.Brady,7,3.0,1.0,-0.38325,3,0.42857
2004,POST,NE,00-0021192,D.Branch,3,41.0,1.0,1.99991,2,13.66667
2004,POST,NE,00-0021353,D.Givens,1,-2.0,0.0,-0.8605,1,-2.0
2004,POST,NYJ,00-0010442,C.Martin,37,143.0,0.0,-0.10958,2,3.86486
2004,POST,NYJ,00-0019559,C.Pennington,5,13.0,0.0,0.01127,2,2.6
2004,POST,NYJ,00-0020462,L.Jordan,12,80.0,0.0,0.15049,2,6.66667
2004,POST,NYJ,00-0022811,J.Cotchery,1,0.0,0.0,-0.54708,1,0.0
2004,POST,PHI,00-0009829,D.Levens,17,55.0,1.0,-0.13608,3,3.23529
2004,POST,PHI,00-0011022,D.McNabb,14,35.0,0.0,-0.05741,3,2.5
2004,POST,PHI,00-0021216,B.Westbrook,43,210.0,0.0,-0.07208,3,4.88372
2004,POST,PHI,00-0021508,G.Lewis,1,10.0,0.0,1.75453,1,10.0
2004,POST,PIT,00-0001215,J.Bettis,44,165.0,2.0,-0.20202,2,3.75
2004,POST,PIT,00-0015523,D.Staley,21,80.0,0.0,-0.04428,2,3.80952
2004,POST,PIT,00-0021279,V.Haynes,6,36.0,0.0,0.50555,2,6.0
2004,POST,PIT,00-0022924,B.Roethlisberger,9,75.0,0.0,0.18642,2,8.33333
2004,POST,SEA,00-0007091,M.Hasselbeck,2,26.0,0.0,0.90396,1,13.0
2004,POST,SEA,00-0015830,M.Strong,1,6.0,0.0,-0.00106,1,6.0
2004,POST,SEA,00-0019647,S.Alexander,15,40.0,0.0,-0.18613,1,2.66667
2004,POST,SEA,00-0021182,M.Morris,2,9.0,0.0,0.33559,1,4.5
2004,REG,ARI,00-0000552,O.Ayanbadejo,30,122.0,3.0,0.06393,11,4.06667
2004,REG,ARI,00-0009266,S.King,9,30.0,0.0,-0.42966,2,3.33333
2004,REG,ARI,00-0015165,E.Smith,267,937.0,9.0,-0.10655,15,3.50936
2004,REG,ARI,00-0017847,K.Williams,2,6.0,0.0,-2.41036,2,3.0
2004,REG,ARI,00-0019516,T.Hambrick,63,283.0,1.0,-0.01534,9,4.49206
2004,REG,ARI,00-0021048,D.Anderson,1,2.0,0.0,-0.81646,1,2.0
2004,REG,ARI,00-0021098,J.Scobey,27,89.0,0.0,-0.1333,7,3.2963
2004,REG,ARI,00-0021206,J.McCown,37,112.0,2.0,0.0936,13,3.02703
2004,REG,ARI,00-0022084,A.Boldin,1,3.0,0.0,-0.29342,1,3.0
2004,REG,ARI,00-0022156,B.Johnson,2,-6.0,0.0,-0.87465,2,-3.0
2004,REG,ARI,00-0022384,L.Croom,29,76.0,0.0,-0.28261,3,2.62069
2004,REG,ARI,00-0022921,L.Fitzgerald,8,14.0,0.0,-0.19564,5,1.75
2004,REG,ATL,00-0004640,W.Dunn,266,1106.0,9.0,-0.05181,16,4.15789
2004,REG,ATL,00-0013232,P.Price,3,34.0,0.0,1.70766,3,11.33333
2004,REG,ATL,00-0013262,S.Pritchett,6,18.0,0.0,-0.38644,1,3.0
2004,REG,ATL,00-0014071,A.Rossum,1,0.0,0.0,-0.47778,1,0.0
2004,REG,ATL,00-0019660,D.White,3,14.0,0.0,-0.56024,3,4.66667
2004,REG,ATL,00-0020245,M.Vick,121,902.0,3.0,0.36178,15,7.45455
2004,REG,ATL,00-0020479,G.Layne,1,12.0,0.0,0.77681,1,12.0
2004,REG,ATL,00-0021376,T.Duckett,104,509.0,8.0,0.07035,12,4.89423
2004,REG,ATL,00-0022011,J.Griffith,9,39.0,0.0,-0.07589,6,4.33333
2004,REG,ATL,00-0022288,J.Wright,3,10.0,0.0,-0.27408,2,3.33333
2004,REG,ATL,00-0022781,M.Jenkins,1,2.0,0.0,-0.31018,1,2.0
2004,REG,ATL,00-0022787,M.Schaub,8,26.0,0.0,0.19605,3,3.25
2004,REG,BAL,00-0008560,K.Johnson,1,0.0,0.0,-0.45827,1,0.0
2004,REG,BAL,00-0014324,D.Sanders,1,-10.0,0.0,-1.41201,1,-10.0
2004,REG,BAL,00-0015700,K.Stewart,1,-1.0,0.0,0.0,1,-1.0
2004,REG,BAL,00-0018588,A.Ricard,10,36.0,0.0,-0.01674,6,3.6
2004,REG,BAL,00-0019057,J.White,14,62.0,0.0,-0.15383,5,4.42857
2004,REG,BAL,00-0019693,J.Lewis,235,1006.0,7.0,-0.02907,12,4.28085
2004,REG,BAL,00-0021314,C.Taylor,160,714.0,2.0,-0.12037,15,4.4625
2004,REG,BAL,00-0022130,M.Smith,12,48.0,0.0,-0.03237,3,4.0
2004,REG,BAL,00-0022164,K.Boller,53,189.0,1.0,-0.17882,16,3.56604
2004,REG,BAL,00-0022449,B.Sams,4,19.0,1.0,0.65263,4,4.75
2004,REG,BUF,00-0001361,D.Bledsoe,20,52.0,0.0,-0.98523,11,2.6
2004,REG,BUF,00-0010560,S.Matthews,2,-3.0,0.0,-1.05544,1,-1.5
2004,REG,BUF,00-0011626,B.Moorman,2,-11.0,0.0,0.38741,2,-5.5
2004,REG,BUF,00-0011770,E.Moulds,5,19.0,0.0,-0.0955,5,3.8
2004,REG,BUF,00-0019807,R.Tucker,1,0.0,0.0,-1.75058,1,0.0
2004,REG,BUF,00-0020471,T.Henry,94,326.0,0.0,-0.20541,8,3.46809
2004,REG,BUF,00-0020917,J.Burns,20,73.0,0.0,-0.30515,6,3.65
2004,REG,BUF,00-0021166,J.Reed,2,-1.0,0.0,-0.4549,2,-0.5
2004,REG,BUF,00-0022178,W.McGahee,285,1128.0,13.0,-0.06818,15,3.95789
2004,REG,BUF,00-0022527,J.Greer,1,-6.0,0.0,-1.08772,1,-6.0
2004,REG,BUF,00-0022538,S.Williams,42,167.0,2.0,-0.0042,4,3.97619
2004,REG,BUF,00-0022664,J.Smith,2,11.0,0.0,0.51529,2,5.5
2004,REG,BUF,00-0022910,L.Evans,5,85.0,0.0,1.18742,5,17.0
2004,REG,BUF,00-0022912,J.Losman,2,15.0,0.0,0.49924,2,7.5
2004,REG,CAR,00-0001098,B.Bennett,6,17.0,1.0,-0.06368,3,2.83333
2004,REG,CAR,00-0004052,S.Davis,24,92.0,0.0,-0.0785,2,3.83333
2004,REG,CAR,00-0004161,J.Delhomme,25,71.0,1.0,-0.33135,14,2.84
2004,REG,CAR,00-0011795,M.Muhammad,3,15.0,0.0,-1.30098,3,5.0
2004,REG,CAR,00-0012732,R.Peete,1,-1.0,0.0,0.0,1,-1.0
2004,REG,CAR,00-0013268,R.Proehl,1,9.0,0.0,0.84547,1,9.0
2004,REG,CAR,00-0019100,B.Hoover,68,246.0,0.0,-0.07576,10,3.61765
2004,REG,CAR,00-0019453,R.Smart,3,4.0,0.0,-0.26083,1,1.33333
2004,REG,CAR,00-0019831,N.Goings,217,821.0,6.0,-0.09942,14,3.78341
2004,REG,CAR,00-0021164,D.Foster,59,255.0,2.0,0.00661,4,4.32203
2004,REG,CAR,00-0022363,J.Harris,15,53.0,0.0,-0.15211,3,3.53333
2004,REG,CHI,00-0013338,J.Quinn,3,35.0,0.0,0.80004,2,11.66667
2004,REG,CHI,00-0019641,T.Jones,241,948.0,7.0,-0.0734,14,3.93361
2004,REG,CHI,00-0020403,A.Thomas,122,404.0,2.0,-0.19878,11,3.31148
2004,REG,CHI,00-0020513,D.Terrell,3,10.0,0.0,-1.50355,3,3.33333
2004,REG,CHI,00-0020562,C.Hutchinson,6,14.0,0.0,-1.22417,2,2.33333
2004,REG,CHI,00-0020805,J.McKie,1,1.0,0.0,-0.44045,1,1.0
2004,REG,CHI,00-0021306,A.Peterson,6,19.0,0.0,0.0059,2,3.16667
2004,REG,CHI,00-0022121,R.Grossman,11,48.0,1.0,0.25614,3,4.36364
2004,REG,CHI,00-0022144,B.Wade,12,76.0,0.0,0.29619,8,6.33333
2004,REG,CHI,00-0022807,B.Berrian,8,28.0,0.0,-0.32144,6,3.5
2004,REG,CHI,00-0022818,C.Krenzel,19,41.0,0.0,-1.07283,6,2.15789
2004,REG,CIN,00-0009311,J.Kitna,10,42.0,0.0,-0.3332,4,4.2
2004,REG,CIN,00-0019455,P.Warrick,2,14.0,0.0,0.35828,2,7.0
2004,REG,CIN,00-0019808,K.Watson,25,158.0,0.0,0.09652,12,6.32
2004,REG,CIN,00-0020397,C.Johnson,4,39.0,0.0,0.58084,4,9.75
2004,REG,CIN,00-0020407,R.Johnson,362,1457.0,12.0,-0.12142,16,4.02486
2004,REG,CIN,00-0020438,T.Houshmandzadeh,6,51.0,0.0,0.52452,5,8.5
2004,REG,CIN,00-0021212,C.Russell,3,15.0,0.0,-0.07151,3,5.0
2004,REG,CIN,00-0021429,C.Palmer,18,47.0,1.0,0.03069,9,2.61111
2004,REG,CIN,00-0022141,J.Johnson,3,5.0,0.0,-2.7157,3,1.66667
2004,REG,CIN,00-0022171,K.Washington,1,-1.0,0.0,-0.80103,1,-1.0
2004,REG,CIN,00-0022589,K.Larson,1,11.0,1.0,4.21503,1,11.0
2004,REG,CIN,00-0022926,C.Perry,2,1.0,0.0,-0.61441,1,0.5
2004,REG,CLE,00-0005755,J.Garcia,34,169.0,2.0,0.00087,9,4.97059
2004,REG,CLE,00-0007576,K.Holcomb,3,-2.0,0.0,-1.33061,2,-0.66667
2004,REG,CLE,00-0019587,T.Smith,4,9.0,0.0,0.27107,4,2.25
2004,REG,CLE,00-0019650,D.Northcutt,8,19.0,0.0,-0.14319,6,2.375
2004,REG,CLE,00-0020430,J.Jackson,12,81.0,0.0,0.07664,3,6.75
2004,REG,CLE,00-0020780,F.Jackson,1,4.0,0.0,0.9521,1,4.0
2004,REG,CLE,00-0021150,W.Green,163,585.0,2.0,-0.24515,14,3.58896
2004,REG,CLE,00-0021175,Andre' Davis,1,-3.0,0.0,-0.99311,1,-3.0
2004,REG,CLE,00-0021500,D.Frost,1,1.0,0.0,-1.70447,1,1.0
2004,REG,CLE,00-0022180,L.Suggs,199,744.0,2.0,-0.18931,10,3.73869
2004,REG,CLE,00-0022864,L.McCown,5,25.0,0.0,0.00934,4,5.0
2004,REG,CLE,00-0022883,A.Echemandu,8,25.0,0.0,-0.69255,2,3.125
2004,REG,DAL,00-0000339,R.Anderson,57,246.0,1.0,-0.14806,10,4.31579
2004,REG,DAL,00-0003140,D.Coakley,1,33.0,0.0,3.53241,1,33.0
2004,REG,DAL,00-0005883,E.George,132,432.0,4.0,-0.13046,13,3.27273
2004,REG,DAL,00-0006043,T.Glenn,1,-3.0,0.0,-1.32399,1,-3.0
2004,REG,DAL,00-0008561,K.Johnson,2,13.0,0.0,0.26871,2,6.5
2004,REG,DAL,00-0016193,V.Testaverde,20,42.0,1.0,-0.19092,11,2.1
2004,REG,DAL,00-0017160,D.Ward,1,11.0,0.0,0.7278,1,11.0
2004,REG,DAL,00-0019919,Ra.Williams,1,13.0,0.0,1.35636,1,13.0
2004,REG,DAL,00-0020427,Q.Morgan,2,23.0,0.0,0.3879,2,11.5
2004,REG,DAL,00-0021371,D.Barnes,5,10.0,0.0,0.26368,4,2.0
2004,REG,DAL,00-0021673,R.Lee,27,128.0,1.0,-0.02273,7,4.74074
2004,REG,DAL,00-0022181,D.Henson,1,7.0,0.0,2.08812,1,7.0
2004,REG,DAL,00-0022388,T.Copper,1,-1.0,0.0,-0.47813,1,-1.0
2004,REG,DAL,00-0022766,P.Crayton,1,0.0,0.0,-0.947,1,0.0
2004,REG,DAL,00-0022840,J.Jones,197,819.0,7.0,-0.06233,8,4.15736
2004,REG,DEN,00-0007180,G.Hearst,20,81.0,1.0,0.10596,6,4.05
2004,REG,DEN,00-0013042,J.Plummer,60,215.0,1.0,-0.17254,16,3.58333
2004,REG,DEN,00-0015290,R.Smith,5,33.0,0.0,0.16276,4,6.6
2004,REG,DEN,00-0019610,R.Droughns,275,1240.0,6.0,-0.02371,14,4.50909
2004,REG,DEN,00-0021152,A.Lelie,3,5.0,0.0,-0.57046,2,1.66667
2004,REG,DEN,00-0021845,C.Sapp,4,32.0,0.0,0.07586,1,8.0
2004,REG,DEN,00-0022095,Q.Griffin,85,311.0,2.0,-0.23416,5,3.65882
2004,REG,DEN,00-0022751,D.Watts,5,33.0,0.0,0.40148,5,6.6
2004,REG,DEN,00-0022893,T.Bell,75,396.0,3.0,0.13677,9,5.28
2004,REG,DET,00-0002159,S.Bryson,50,264.0,0.0,0.04669,14,5.28
2004,REG,DET,00-0006627,A.Hakim,1,0.0,0.0,-0.48049,1,0.0
2004,REG,DET,00-0014450,C.Schlesinger,4,7.0,0.0,0.30849,4,1.75
2004,REG,DET,00-0015980,R.Swinton,1,3.0,0.0,-0.26791,1,3.0
2004,REG,DET,00-0020267,N.Harris,1,-7.0,0.0,-0.5047,1,-7.0
2004,REG,DET,00-0020308,M.McMahon,2,18.0,0.0,-0.21934,1,9.0
2004,REG,DET,00-0020692,E.Drummond,1,9.0,0.0,0.808,1,9.0
2004,REG,DET,00-0021141,J.Harrington,49,175.0,0.0,0.08336,14,3.57143
2004,REG,DET,00-0022006,A.Pinner,57,174.0,2.0,-0.07425,7,3.05263
2004,REG,DET,00-0022782,K.Jones,241,1133.0,5.0,-0.04199,15,4.70124
2004,REG,DET,00-0022909,R.Williams,1,1.0,0.0,-0.53264,1,1.0
2004,REG,GB,00-0004541,D.Driver,3,4.0,0.0,-2.40684,3,1.33333
2004,REG,GB,00-0005106,B.Favre,16,36.0,0.0,-0.5745,10,2.25
2004,REG,GB,00-0006305,A.Green,259,1163.0,7.0,-0.05295,15,4.49035
2004,REG,GB,00-0012726,D.Pederson,2,15.0,0.0,0.63951,1,7.5
2004,REG,GB,00-0017896,N.Luchey,10,24.0,0.0,-0.1969,6,2.4
2004,REG,GB,00-0019997,A.Chatman,4,36.0,0.0,0.5747,4,9.0
2004,REG,GB,00-0020046,W.Williams,6,42.0,0.0,0.0609,1,7.0
2004,REG,GB,00-0020964,T.Fisher,65,224.0,0.0,-0.09675,11,3.44615
2004,REG,GB,00-0021252,N.Davenport,71,359.0,2.0,0.05886,10,5.05634
2004,REG,GB,00-0021277,C.Nall,3,7.0,0.0,-0.03237,2,2.33333
2004,REG,GB,00-0021296,J.O'Sullivan,2,-2.0,0.0,-1.19183,1,-1.0
2004,REG,HOU,00-0014902,J.Simmons,1,1.0,0.0,1.54422,1,1.0
2004,REG,HOU,00-0015550,C.Stanley,1,5.0,0.0,2.88672,1,5.0
2004,REG,HOU,00-0020508,M.Norris,1,0.0,0.0,-0.48497,1,0.0
2004,REG,HOU,00-0020608,D.Carr,72,303.0,0.0,-0.04442,16,4.20833
2004,REG,HOU,00-0021163,J.Gaffney,4,30.0,0.0,-0.84916,2,7.5
2004,REG,HOU,00-0021223,J.Wells,83,299.0,3.0,-0.16379,13,3.60241
2004,REG,HOU,00-0021253,J.Baxter,2,1.0,0.0,-0.61764,1,0.5
2004,REG,HOU,00-0021979,D.Davis,301,1180.0,13.0,-0.09218,15,3.92027
2004,REG,HOU,00-0022044,A.Johnson,4,12.0,0.0,-0.14913,4,3.0
2004,REG,HOU,00-0022116,T.Hollings,11,47.0,0.0,-0.11942,3,4.27273
2004,REG,IND,00-0008241,E.James,335,1548.0,9.0,0.03112,16,4.6209
2004,REG,IND,00-0010346,P.Manning,25,38.0,0.0,-0.39442,12,1.52
2004,REG,IND,00-0015194,H.Smith,1,2.0,0.0,-1.62991,1,2.0
2004,REG,IND,00-0019863,D.Rhodes,53,254.0,1.0,-0.13355,11,4.79245
2004,REG,IND,00-0020498,R.Wayne,1,-4.0,0.0,-1.22378,1,-4.0
2004,REG,IND,00-0020700,J.Mungro,5,19.0,0.0,0.10266,2,3.8
2004,REG,IND,00-0022744,J.Sorgi,8,-5.0,0.0,-0.15557,3,-0.625
2004,REG,JAX,00-0004780,T.Edwards,2,2.0,0.0,-1.77868,2,1.0
2004,REG,JAX,00-0005620,C.Fuamatu-Ma'afala,20,69.0,1.0,0.1883,6,3.45
2004,REG,JAX,00-0016098,F.Taylor,260,1224.0,2.0,-0.07154,14,4.70769
2004,REG,JAX,00-0021231,D.Garrard,12,76.0,1.0,0.39805,2,6.33333
2004,REG,JAX,00-0022057,L.Toefield,51,169.0,0.0,-0.25922,12,3.31373
2004,REG,JAX,00-0022177,B.Leftwich,39,148.0,2.0,-0.14391,12,3.79487
2004,REG,JAX,00-0022897,G.Jones,62,162.0,3.0,-0.07786,13,2.6129
2004,REG,KC,00-0003315,T.Collins,1,4.0,0.0,-1.0485,1,4.0
2004,REG,KC,00-0006101,T.Gonzalez,1,5.0,0.0,0.21184,1,5.0
2004,REG,KC,00-0006355,T.Green,25,85.0,0.0,-0.0874,12,3.4
2004,REG,KC,00-0007661,P.Holmes,196,892.0,14.0,0.11991,8,4.55102
2004,REG,KC,00-0009163,E.Kennison,2,15.0,0.0,-0.29397,2,7.5
2004,REG,KC,00-0011727,J.Morton,7,43.0,0.0,0.19522,6,6.14286
2004,REG,KC,00-0013694,T.Richardson,12,56.0,0.0,0.08707,6,4.66667
2004,REG,KC,00-0019539,D.Hall,8,56.0,0.0,0.17151,4,7.0
2004,REG,KC,00-0019790,S.Cheek,1,0.0,0.0,-2.71652,1,0.0
2004,REG,KC,00-0020315,D.Blaylock,118,539.0,8.0,0.09644,10,4.5678
2004,REG,KC,00-0021087,O.Easy,4,1.0,0.0,-0.92051,1,0.25
2004,REG,KC,00-0021424,C.Horn,1,12.0,0.0,1.32031,1,12.0
2004,REG,KC,00-0021976,L.Johnson,120,581.0,9.0,0.13699,8,4.84167
2004,REG,LA,00-0002876,C.Chandler,1,2.0,0.0,-0.4427,1,2.0
2004,REG,LA,00-0003103,C.Cleeland,1,-2.0,0.0,-2.1678,1,-2.0
2004,REG,LA,00-0005092,M.Faulk,197,774.0,3.0,-0.07347,14,3.92893
2004,REG,LA,00-0017693,J.Wilkins,1,-5.0,0.0,-3.76332,1,-5.0
2004,REG,LA,00-0019134,J.Goodspeed,3,6.0,1.0,1.00301,2,2.0
2004,REG,LA,00-0019599,M.Bulger,19,89.0,3.0,0.52167,11,4.68421
2004,REG,LA,00-0021750,A.Harris,20,63.0,0.0,-0.29043,2,3.15
2004,REG,LA,00-0021981,S.McDonald,4,0.0,0.0,-0.91447,3,0.0
2004,REG,LA,00-0022001,K.Curtis,3,24.0,0.0,0.7383,3,8.0
2004,REG,LA,00-0022736,S.Jackson,135,673.0,4.0,0.05788,14,4.98519
2004,REG,LAC,00-0004673,T.Dwight,4,54.0,0.0,0.23152,3,13.5
2004,REG,LAC,00-0005363,D.Flutie,5,39.0,2.0,1.23935,2,7.8
2004,REG,LAC,00-0010668,K.McCardell,1,3.0,0.0,0.08172,1,3.0
2004,REG,LAC,00-0011958,L.Neal,16,53.0,0.0,-0.31776,9,3.3125
2004,REG,LAC,00-0014729,B.Shaw,1,1.0,0.0,-0.45277,1,1.0
2004,REG,LAC,00-0020531,D.Brees,53,85.0,2.0,-0.15414,15,1.60377
2004,REG,LAC,00-0020536,L.Tomlinson,339,1335.0,17.0,-0.01683,15,3.93805
2004,REG,LAC,00-0020820,J.Chatman,65,392.0,3.0,0.18663,10,6.03077
2004,REG,LAC,00-0020904,E.Parker,4,53.0,0.0,0.63198,3,13.25
2004,REG,LAC,00-0021176,R.Caldwell,4,45.0,0.0,0.5853,3,11.25
2004,REG,LAC,00-0021936,A.Pinnock,9,26.0,0.0,-0.04355,1,2.88889
2004,REG,LAC,00-0022821,M.Turner,20,104.0,0.0,0.06311,2,5.2
2004,REG,LAC,00-0022942,P.Rivers,5,-5.0,0.0,-0.96406,2,-1.0
2004,REG,LV,00-0003292,K.Collins,17,35.0,0.0,-0.50808,9,2.05882
2004,REG,LV,00-0003663,Z.Crockett,49,232.0,2.0,0.07524,6,4.73469
2004,REG,LV,00-0005741,R.Gannon,5,26.0,0.0,-0.56442,2,5.2
2004,REG,LV,00-0007357,C.Hetherington,1,4.0,0.0,0.03655,1,4.0
2004,REG,LV,00-0017486,T.Wheatley,85,327.0,4.0,-0.04886,8,3.84706
2004,REG,LV,00-0018501,A.Zereoue,112,425.0,3.0,-0.13394,14,3.79464
2004,REG,LV,00-0019703,J.Porter,1,-4.0,0.0,-0.94289,1,-4.0
2004,REG,LV,00-0019722,J.Redmond,21,119.0,0.0,-0.16764,11,5.66667
2004,REG,LV,00-0021337,R.Curry,1,-3.0,0.0,-1.46925,1,-3.0
2004,REG,LV,00-0022093,J.Fargas,35,126.0,1.0,-0.0063,10,3.6
2004,REG,LV,00-0022102,D.Gabriel,2,7.0,0.0,-0.18808,2,3.5
2004,REG,MIA,00-0001477,M.Booker,1,-8.0,0.0,-1.54611,1,-8.0
2004,REG,MIA,00-0005180,J.Fiedler,12,59.0,0.0,-0.11398,7,4.91667
2004,REG,MIA,00-0009417,R.Konrad,2,18.0,0.0,0.65986,1,9.0
2004,REG,MIA,00-0016689,M.Turk,1,3.0,0.0,-1.72857,1,3.0
2004,REG,MIA,00-0019484,S.Morris,132,523.0,6.0,0.01497,12,3.96212
2004,REG,MIA,00-0020305,A.Feeley,14,13.0,1.0,-1.14546,6,0.92857
2004,REG,MIA,00-0020446,C.Chambers,9,76.0,0.0,-0.29632,9,8.44444
2004,REG,MIA,00-0020448,T.Minor,110,395.0,3.0,-0.0952,11,3.59091
2004,REG,MIA,00-0021209,L.Gordon,35,64.0,0.0,-0.24464,3,1.82857
2004,REG,MIA,00-0021343,L.Henry,45,134.0,0.0,-0.38166,4,2.97778
2004,REG,MIA,00-0021938,B.Forsey,19,53.0,0.0,-0.18809,3,2.78947
2004,REG,MIA,00-0022224,V.King,4,9.0,0.0,-0.18949,2,2.25
2004,REG,MIN,00-0003739,D.Culpepper,90,406.0,2.0,-0.14638,16,4.51111
2004,REG,MIN,00-0017892,M.Williams,30,161.0,3.0,0.34235,12,5.36667
2004,REG,MIN,00-0020199,B.Russell,1,4.0,0.0,-1.95852,1,4.0
2004,REG,MIN,00-0020514,M.Bennett,70,276.0,1.0,-0.13097,9,3.94286
2004,REG,MIN,00-0020754,K.Campbell,3,4.0,0.0,-2.1958,3,1.33333
2004,REG,MIN,00-0021999,N.Burleson,6,49.0,0.0,0.69399,5,8.16667
2004,REG,MIN,00-0022138,O.Smith,124,544.0,2.0,-0.05153,11,4.3871
2004,REG,MIN,00-0022217,M.Moore,65,379.0,0.0,0.06995,6,5.83077
2004,REG,NE,00-0000007,R.Abdullah,13,13.0,1.0,-0.43518,5,1.0
2004,REG,NE,00-0004304,C.Dillon,346,1635.0,12.0,0.03235,15,4.72543
2004,REG,NE,00-0005091,K.Faulk,54,255.0,2.0,0.10602,11,4.72222
2004,REG,NE,00-0008075,L.Izzo,1,0.0,0.0,-2.65862,1,0.0
2004,REG,NE,00-0012642,D.Patten,1,5.0,0.0,0.03772,1,5.0
2004,REG,NE,00-0019533,P.Pass,39,141.0,0.0,-0.18202,9,3.61538
2004,REG,NE,00-0019596,T.Brady,43,28.0,0.0,-0.23382,15,0.65116
2004,REG,NE,00-0021238,R.Davey,4,-1.0,0.0,-1.34585,4,-0.25
2004,REG,NE,00-0021993,B.Johnson,2,8.0,0.0,-0.37137,2,4.0
2004,REG,NE,00-0022872,C.Cobbs,22,50.0,0.0,-0.39295,3,2.27273
2004,REG,NO,00-0001823,A.Brooks,57,199.0,4.0,-0.0123,16,3.49123
2004,REG,NO,00-0002743,K.Carter,10,17.0,0.0,-0.57964,2,1.7
2004,REG,NO,00-0010632,F.McAfee,2,54.0,0.0,1.64813,2,27.0
2004,REG,NO,00-0015601,A.Stecker,58,244.0,2.0,-0.22266,12,4.2069
2004,REG,NO,00-0020527,D.McAllister,269,1074.0,9.0,-0.13882,14,3.99257
2004,REG,NO,00-0021147,D.Stallworth,6,37.0,0.0,-0.04524,6,6.16667
2004,REG,NO,00-0022796,M.Karney,3,7.0,0.0,-0.01184,2,2.33333
2004,REG,NYG,00-0000745,T.Barber,322,1518.0,13.0,-0.00378,16,4.71429
2004,REG,NYG,00-0003136,M.Cloud,21,90.0,3.0,0.28857,5,4.28571
2004,REG,NYG,00-0005229,J.Finn,3,7.0,0.0,-0.53506,1,2.33333
2004,REG,NYG,00-0007468,I.Hilliard,3,34.0,0.0,0.41082,3,11.33333
2004,REG,NYG,00-0017200,K.Warner,13,30.0,1.0,-0.49474,7,2.30769
2004,REG,NYG,00-0019643,R.Dayne,52,179.0,1.0,-0.14897,10,3.44231
2004,REG,NYG,00-0021174,T.Carter,2,23.0,0.0,0.8028,2,11.5
2004,REG,NYG,00-0021923,W.Ponder,1,-4.0,0.0,-1.15907,1,-4.0
2004,REG,NYG,00-0022679,J.Taylor,1,-8.0,0.0,-1.38785,1,-8.0
2004,REG,NYG,00-0022803,E.Manning,6,35.0,0.0,-0.27636,4,5.83333
2004,REG,NYJ,00-0010442,C.Martin,371,1697.0,12.0,0.05081,16,4.57412
2004,REG,NYJ,00-0015420,J.Sowell,2,28.0,0.0,0.59047,2,14.0
2004,REG,NYJ,00-0019559,C.Pennington,34,126.0,1.0,0.00179,12,3.70588
2004,REG,NYJ,00-0020381,J.McCareins,2,-5.0,0.0,-0.97137,2,-2.5
2004,REG,NYJ,00-0020404,Q.Carter,12,20.0,0.0,-0.24729,5,1.66667
2004,REG,NYJ,00-0020462,L.Jordan,94,479.0,2.0,0.08376,13,5.09574
2004,REG,NYJ,00-0020494,S.Moss,6,18.0,0.0,-0.07623,6,3.0
2004,REG,NYJ,00-0022003,B.Askew,6,23.0,0.0,-0.51788,1,3.83333
2004,REG,NYJ,00-0022026,B.Bollinger,1,2.0,0.0,-0.39432,1,2.0
2004,REG,PHI,00-0001335,J.Blake,3,6.0,0.0,-0.03064,2,2.0
2004,REG,PHI,00-0004229,K.Detmer,10,-7.0,0.0,-0.88989,3,-0.7
2004,REG,PHI,00-0009829,D.Levens,94,410.0,4.0,0.06671,13,4.3617
2004,REG,PHI,00-0011022,D.McNabb,42,221.0,3.0,-0.13537,12,5.2619
2004,REG,PHI,00-0012478,T.Owens,3,-5.0,0.0,-0.33601,3,-1.66667
2004,REG,PHI,00-0020793,E.McCoo,9,54.0,0.0,0.32537,1,6.0
2004,REG,PHI,00-0021216,B.Westbrook,178,808.0,3.0,-0.00469,13,4.53933
2004,REG,PHI,00-0021508,G.Lewis,4,16.0,0.0,-0.18892,4,4.0
2004,REG,PHI,00-0021509,R.Mahe,23,91.0,0.0,-0.30801,6,3.95652
2004,REG,PHI,00-0022797,T.Tapeh,12,42.0,0.0,-0.17906,4,3.5
2004,REG,PIT,00-0001215,J.Bettis,250,941.0,13.0,-0.01806,14,3.764
2004,REG,PIT,00-0010261,T.Maddox,9,15.0,0.0,-0.36193,4,1.66667
2004,REG,PIT,00-0015523,D.Staley,192,830.0,1.0,-0.07228,10,4.32292
2004,REG,PIT,00-0017162,H.Ward,7,25.0,1.0,0.0374,6,3.57143
2004,REG,PIT,00-0019135,D.Kreider,4,18.0,0.0,-0.0523,2,4.5
2004,REG,PIT,00-0021190,A.Randle El,8,34.0,0.0,-0.08565,5,4.25
2004,REG,PIT,00-0021279,V.Haynes,55,272.0,0.0,0.027,12,4.94545
2004,REG,PIT,00-0021434,D.Brown,1,2.0,0.0,0.68502,1,2.0
2004,REG,PIT,00-0022101,B.St. Pierre,4,-3.0,0.0,-0.07949,1,-0.75
2004,REG,PIT,00-0022250,W.Parker,32,186.0,0.0,0.16966,5,5.8125
2004,REG,PIT,00-0022924,B.Roethlisberger,56,144.0,1.0,-0.31032,13,2.57143
2004,REG,SEA,00-0004293,T.Dilfer,10,14.0,0.0,-0.71358,3,1.4
2004,REG,SEA,00-0007091,M.Hasselbeck,28,94.0,1.0,-0.12427,13,3.35714
2004,REG,SEA,00-0015830,M.Strong,36,131.0,0.0,-0.39962,14,3.63889
2004,REG,SEA,00-0019647,S.Alexander,353,1688.0,16.0,0.00531,16,4.78187
2004,REG,SEA,00-0020490,K.Robinson,1,3.0,0.0,-0.30824,1,3.0
2004,REG,SEA,00-0020507,H.Evans,7,20.0,0.0,0.16805,2,2.85714
2004,REG,SEA,00-0021182,M.Morris,30,126.0,0.0,0.01352,12,4.2
2004,REG,SEA,00-0021747,K.Carter,4,15.0,0.0,0.22653,1,3.75
2004,REG,SF,00-0000942,F.Beasley,9,15.0,0.0,-0.26647,5,1.66667
2004,REG,SF,00-0008196,T.Jackson,26,101.0,0.0,-0.19172,9,3.88462
2004,REG,SF,00-0019623,T.Rattay,13,55.0,0.0,0.05281,7,4.23077
2004,REG,SF,00-0020073,J.Isom,1,0.0,0.0,-1.58586,1,0.0
2004,REG,SF,00-0020452,C.Wilson,1,6.0,0.0,0.59757,1,6.0
2004,REG,SF,00-0020474,K.Barlow,244,822.0,7.0,-0.16082,15,3.36885
2004,REG,SF,00-0020587,J.Robertson,16,71.0,1.0,-0.32608,3,4.4375
2004,REG,SF,00-0020797,M.Hicks,96,362.0,2.0,-0.27099,8,3.77083
2004,REG,SF,00-0022039,K.Dorsey,5,7.0,0.0,-0.03407,3,1.4
2004,REG,SF,00-0022064,A.Battle,2,5.0,0.0,-0.24954,2,2.5
2004,REG,SF,00-0022731,C.Pickett,1,5.0,0.0,-0.86676,1,5.0
2004,REG,TB,00-0000251,M.Alstott,67,230.0,2.0,-0.16262,14,3.43284
2004,REG,TB,00-0005720,J.Galloway,2,19.0,0.0,0.93079,1,9.5
2004,REG,TB,00-0005779,C.Garner,30,111.0,0.0,-0.15637,3,3.7
2004,REG,TB,00-0006423,B.Griese,30,17.0,0.0,-0.78933,11,0.56667
2004,REG,TB,00-0008442,B.Johnson,5,23.0,0.0,0.44038,3,4.6
2004,REG,TB,00-0013013,M.Pittman,219,926.0,7.0,-0.17847,13,4.22831
2004,REG,TB,00-0019057,J.White,13,20.0,0.0,-0.40268,4,1.53846
2004,REG,TB,00-0021755,E.Graham,13,73.0,0.0,0.12947,7,5.61538
2004,REG,TB,00-0021810,I.Smart,2,26.0,0.0,0.4618,2,13.0
2004,REG,TB,00-0022005,C.Simms,7,14.0,0.0,-0.899,2,2.0
2004,REG,TB,00-0022725,M.Clayton,5,30.0,0.0,0.5122,4,6.0
2004,REG,TEN,00-0007308,C.Hentrich,1,8.0,0.0,2.51003,1,8.0
2004,REG,TEN,00-0007579,R.Holcombe,17,62.0,0.0,-0.29791,7,3.64706
2004,REG,TEN,00-0010500,D.Mason,1,-3.0,0.0,-0.92676,1,-3.0
2004,REG,TEN,00-0011024,S.McNair,24,128.0,1.0,0.20297,7,5.33333
2004,REG,TEN,00-0015091,A.Smith,137,509.0,4.0,-0.13567,11,3.71533
2004,REG,TEN,00-0019041,B.Volek,11,50.0,1.0,0.70197,6,4.54545
2004,REG,TEN,00-0019087,D.Johnson,2,-2.0,0.0,0.0,1,-1.0
2004,REG,TEN,00-0019976,D.Bennett,1,12.0,0.0,1.12116,1,12.0
2004,REG,TEN,00-0022092,C.Brown,220,1067.0,6.0,-0.08344,11,4.85
2004,REG,TEN,00-0022825,T.Fleming,7,40.0,0.0,0.20568,4,5.71429
2004,REG,WAS,00-0002110,M.Brunell,19,62.0,0.0,-0.68117,7,3.26316
2004,REG,WAS,00-0018958,L.Coles,3,-3.0,0.0,-0.34121,3,-1.0
2004,REG,WAS,00-0020525,R.Gardner,3,7.0,0.0,-0.21361,3,2.33333
2004,REG,WAS,00-0021179,C.Portis,343,1315.0,5.0,-0.1261,15,3.83382
2004,REG,WAS,00-0021184,L.Betts,90,371.0,1.0,-0.03163,13,4.12222
2004,REG,WAS,00-0021357,R.Cartwright,2,0.0,0.0,-0.58994,1,0.0
2004,REG,WAS,00-0021379,P.Ramsey,10,19.0,0.0,-0.41494,7,1.9
2004,REG,WAS,00-0022124,T.Jacobs,1,-6.0,0.0,-1.21395,1,-6.0
2005,POST,CAR,00-0004161,J.Delhomme,5,24.0,0.0,-0.34169,2,4.8
2005,POST,CAR,00-0019100,B.Hoover,2,0.0,0.0,-0.48101,1,0.0
2005,POST,CAR,00-0019831,N.Goings,27,99.0,0.0,-0.14593,3,3.66667
2005,POST,CAR,00-0020337,S.Smith,4,38.0,1.0,0.67524,2,9.5
2005,POST,CAR,00-0020434,C.Weinke,3,-3.0,0.0,-0.56681,1,-1.0
2005,POST,CAR,00-0020587,J.Robertson,4,19.0,0.0,-0.10993,1,4.75
2005,POST,CAR,00-0021164,D.Foster,43,205.0,0.0,0.07069,2,4.76744
2005,POST,CHI,00-0019641,T.Jones,20,80.0,0.0,-0.01105,1,4.0
2005,POST,CHI,00-0020805,J.McKie,1,3.0,1.0,1.03455,1,3.0
2005,POST,CHI,00-0021306,A.Peterson,5,9.0,1.0,0.67985,1,1.8
2005,POST,CHI,00-0022121,R.Grossman,1,5.0,0.0,0.00432,1,5.0
2005,POST,CIN,00-0009311,J.Kitna,4,25.0,0.0,0.42192,1,6.25
2005,POST,CIN,00-0020407,R.Johnson,13,56.0,1.0,-0.01382,1,4.30769
2005,POST,CIN,00-0022589,K.Larson,1,0.0,0.0,-3.63306,1,0.0
2005,POST,CIN,00-0022926,C.Perry,2,3.0,0.0,-0.37807,1,1.5
2005,POST,DEN,00-0013042,J.Plummer,14,38.0,0.0,-0.50356,2,2.71429
2005,POST,DEN,00-0019594,M.Anderson,28,105.0,3.0,0.12833,2,3.75
2005,POST,DEN,00-0022893,T.Bell,11,50.0,0.0,0.30249,2,4.54545
2005,POST,IND,00-0008241,E.James,13,56.0,1.0,-0.04544,1,4.30769
2005,POST,IND,00-0019863,D.Rhodes,1,2.0,0.0,-0.41194,1,2.0
2005,POST,JAX,00-0016098,F.Taylor,8,24.0,0.0,-0.30492,1,3.0
2005,POST,JAX,00-0021231,D.Garrard,2,14.0,0.0,0.24945,1,7.0
2005,POST,JAX,00-0022177,B.Leftwich,3,26.0,0.0,0.18736,1,8.66667
2005,POST,JAX,00-0022897,G.Jones,2,15.0,0.0,0.03221,1,7.5
2005,POST,JAX,00-0023561,A.Pearman,2,8.0,0.0,-2.53408,1,4.0
2005,POST,NE,00-0004304,C.Dillon,30,97.0,0.0,-0.19286,2,3.23333
2005,POST,NE,00-0005091,K.Faulk,13,74.0,0.0,-0.09139,2,5.69231
2005,POST,NE,00-0019533,P.Pass,1,6.0,0.0,0.80503,1,6.0
2005,POST,NE,00-0019596,T.Brady,3,8.0,0.0,-0.21201,2,2.66667
2005,POST,NE,00-0021175,A.Davis,1,13.0,0.0,1.34424,1,13.0
2005,POST,NE,00-0023662,M.Cassel,1,-1.0,0.0,-2.65591,1,-1.0
2005,POST,NYG,00-0000745,T.Barber,13,41.0,0.0,-0.23511,1,3.15385
2005,POST,PIT,00-0001215,J.Bettis,56,180.0,3.0,-0.15778,4,3.21429
2005,POST,PIT,00-0017162,H.Ward,2,22.0,0.0,0.46148,2,11.0
2005,POST,PIT,00-0019135,D.Kreider,1,2.0,0.0,-0.15112,1,2.0
2005,POST,PIT,00-0021190,A.Randle El,1,5.0,0.0,1.47051,1,5.0
2005,POST,PIT,00-0021279,V.Haynes,6,56.0,0.0,0.31923,3,9.33333
2005,POST,PIT,00-0022250,W.Parker,57,225.0,1.0,-0.12282,4,3.94737
2005,POST,PIT,00-0022924,B.Roethlisberger,19,37.0,2.0,0.30938,4,1.94737
2005,POST,SEA,00-0007091,M.Hasselbeck,15,83.0,1.0,0.36941,3,5.53333
2005,POST,SEA,00-0015830,M.Strong,9,54.0,0.0,0.21073,3,6.0
2005,POST,SEA,00-0019647,S.Alexander,60,236.0,2.0,-0.10121,3,3.93333
2005,POST,SEA,00-0021182,M.Morris,25,73.0,0.0,-0.14006,2,2.92
2005,POST,TB,00-0000251,M.Alstott,4,15.0,0.0,-0.09534,1,3.75
2005,POST,TB,00-0022005,C.Simms,3,11.0,1.0,1.5901,1,3.66667
2005,POST,TB,00-0023440,C.Williams,18,49.0,0.0,-0.74498,1,2.72222
2005,POST,WAS,00-0002110,M.Brunell,8,18.0,0.0,-0.13551,2,2.25
2005,POST,WAS,00-0020494,S.Moss,2,12.0,0.0,0.09216,2,6.0
2005,POST,WAS,00-0021179,C.Portis,33,94.0,1.0,-0.08041,2,2.84848
2005,POST,WAS,00-0021184,L.Betts,13,30.0,0.0,-0.46425,2,2.30769
2005,REG,ARI,00-0000552,O.Ayanbadejo,24,46.0,0.0,-0.33459,10,1.91667
2005,REG,ARI,00-0017200,K.Warner,13,28.0,0.0,-0.06466,8,2.15385
2005,REG,ARI,00-0020022,M.Shipp,157,451.0,0.0,-0.29198,15,2.87261
2005,REG,ARI,00-0020430,J.Jackson,4,11.0,0.0,-0.30002,4,2.75
2005,REG,ARI,00-0021048,D.Anderson,2,7.0,0.0,-0.38473,1,3.5
2005,REG,ARI,00-0021206,J.McCown,29,139.0,0.0,-0.05268,7,4.7931
2005,REG,ARI,00-0022084,A.Boldin,12,45.0,0.0,-0.11688,8,3.75
2005,REG,ARI,00-0022156,B.Johnson,1,0.0,0.0,-0.48102,1,0.0
2005,REG,ARI,00-0022921,L.Fitzgerald,8,41.0,0.0,0.13465,6,5.125
2005,REG,ARI,00-0023479,J.Arrington,112,370.0,2.0,-0.23236,15,3.30357
2005,REG,ATL,00-0004640,W.Dunn,280,1416.0,3.0,0.04199,16,5.05714
2005,REG,ATL,00-0020245,M.Vick,101,610.0,6.0,0.34641,15,6.0396
2005,REG,ATL,00-0021376,T.Duckett,121,380.0,8.0,-0.30991,14,3.1405
2005,REG,ATL,00-0022011,J.Griffith,15,65.0,0.0,-0.02186,5,4.33333
2005,REG,ATL,00-0022787,M.Schaub,9,76.0,0.0,0.05278,4,8.44444
2005,REG,ATL,00-0023462,R.White,4,12.0,0.0,-0.2244,4,3.0
2005,REG,BAL,00-0014324,D.Sanders,1,0.0,0.0,-0.47501,1,0.0
2005,REG,BAL,00-0015700,K.Stewart,3,30.0,0.0,1.06722,1,10.0
2005,REG,BAL,00-0018272,A.Wright,18,68.0,0.0,0.27194,6,3.77778
2005,REG,BAL,00-0019057,J.White,6,17.0,0.0,-0.38585,1,2.83333
2005,REG,BAL,00-0019693,J.Lewis,269,906.0,3.0,-0.19539,15,3.36803
2005,REG,BAL,00-0021235,D.Zastudil,1,0.0,0.0,-3.42975,1,0.0
2005,REG,BAL,00-0021314,C.Taylor,117,487.0,0.0,-0.08555,14,4.16239
2005,REG,BAL,00-0022164,K.Boller,23,66.0,1.0,-0.22559,9,2.86957
2005,REG,BAL,00-0023457,M.Clayton,8,33.0,1.0,0.14597,6,4.125
2005,REG,BAL,00-0023591,J.Green,6,4.0,0.0,-0.2788,1,0.66667
2005,REG,BUF,00-0007576,K.Holcomb,18,11.0,1.0,-0.75542,9,0.61111
2005,REG,BUF,00-0014775,D.Shelton,1,0.0,0.0,-3.36775,1,0.0
2005,REG,BUF,00-0021166,J.Reed,1,-3.0,0.0,-1.06092,1,-3.0
2005,REG,BUF,00-0022178,W.McGahee,325,1247.0,5.0,-0.06491,16,3.83692
2005,REG,BUF,00-0022538,S.Williams,45,161.0,0.0,-0.27308,13,3.57778
2005,REG,BUF,00-0022664,J.Smith,1,1.0,0.0,-1.60498,1,1.0
2005,REG,BUF,00-0022910,L.Evans,4,38.0,0.0,0.50092,4,9.5
2005,REG,BUF,00-0022912,J.Losman,32,152.0,0.0,-0.08103,9,4.75
2005,REG,BUF,00-0023490,R.Parrish,2,-2.0,0.0,-1.14749,1,-1.0
2005,REG,CAR,00-0004052,S.Davis,179,546.0,12.0,-0.1154,13,3.05028
2005,REG,CAR,00-0004161,J.Delhomme,24,31.0,1.0,-0.24659,14,1.29167
2005,REG,CAR,00-0013268,R.Proehl,1,-8.0,0.0,-1.86581,1,-8.0
2005,REG,CAR,00-0019100,B.Hoover,10,22.0,0.0,0.1426,6,2.2
2005,REG,CAR,00-0019453,R.Smart,3,6.0,0.0,-0.50682,1,2.0
2005,REG,CAR,00-0019831,N.Goings,37,133.0,0.0,-0.23542,11,3.59459
2005,REG,CAR,00-0020337,S.Smith,4,25.0,1.0,0.44668,3,6.25
2005,REG,CAR,00-0020434,C.Weinke,8,-5.0,0.0,-0.61142,3,-0.625
2005,REG,CAR,00-0020587,J.Robertson,14,41.0,1.0,-0.07989,2,2.92857
2005,REG,CAR,00-0021164,D.Foster,206,882.0,2.0,-0.06512,15,4.28155
2005,REG,CAR,00-0022726,K.Colbert,1,6.0,0.0,0.10588,1,6.0
2005,REG,CHI,00-0001335,J.Blake,1,-1.0,0.0,-2.57031,1,-1.0
2005,REG,CHI,00-0019172,B.Johnson,1,5.0,0.0,0.20317,1,5.0
2005,REG,CHI,00-0019641,T.Jones,314,1335.0,9.0,-0.11323,15,4.25159
2005,REG,CHI,00-0020805,J.McKie,3,22.0,0.0,0.38897,1,7.33333
2005,REG,CHI,00-0021306,A.Peterson,76,391.0,2.0,0.03287,11,5.14474
2005,REG,CHI,00-0022807,B.Berrian,2,31.0,0.0,0.82346,1,15.5
2005,REG,CHI,00-0023439,C.Benson,67,272.0,0.0,-0.26202,9,4.0597
2005,REG,CHI,00-0023541,K. Orton,13,22.0,0.0,-0.51465,6,1.69231
2005,REG,CHI,00-0023541,K.Orton,11,22.0,0.0,-0.7969,5,2.0
2005,REG,CIN,00-0009311,J.Kitna,2,14.0,0.0,1.31971,2,7.0
2005,REG,CIN,00-0017896,N.Luchey,1,0.0,0.0,-0.37619,1,0.0
2005,REG,CIN,00-0020397,C.Johnson,5,33.0,0.0,0.36324,5,6.6
2005,REG,CIN,00-0020407,R.Johnson,337,1458.0,12.0,0.03473,16,4.32641
2005,REG,CIN,00-0020438,T.Houshmandzadeh,8,62.0,1.0,0.4593,7,7.75
2005,REG,CIN,00-0021429,C.Palmer,33,44.0,1.0,-0.39068,13,1.33333
2005,REG,CIN,00-0022141,J.Johnson,8,14.0,0.0,-0.38068,3,1.75
2005,REG,CIN,00-0022926,C.Perry,61,279.0,0.0,-0.0013,13,4.57377
2005,REG,CIN,00-0023623,T.Perry,3,9.0,1.0,0.32857,3,3.0
2005,REG,CLE,00-0004293,T.Dilfer,20,46.0,0.0,-0.85469,10,2.3
2005,REG,CLE,00-0019587,T.Smith,6,9.0,0.0,-0.56738,5,1.5
2005,REG,CLE,00-0019610,R.Droughns,310,1232.0,2.0,-0.12116,16,3.97419
2005,REG,CLE,00-0019650,D.Northcutt,2,33.0,0.0,0.82944,2,16.5
2005,REG,CLE,00-0021150,W.Green,20,78.0,0.0,-0.1588,6,3.9
2005,REG,CLE,00-0021191,A.Bryant,1,3.0,0.0,-0.09724,1,3.0
2005,REG,CLE,00-0022180,L.Suggs,8,15.0,0.0,-0.28514,4,1.875
2005,REG,CLE,00-0022288,J.Wright,11,27.0,1.0,-0.23909,2,2.45455
2005,REG,CLE,00-0023502,C.Frye,17,53.0,1.0,-0.09896,5,3.11765
2005,REG,DAL,00-0001361,D.Bledsoe,34,50.0,2.0,-0.49536,14,1.47059
2005,REG,DAL,00-0006043,T.Glenn,2,-4.0,1.0,0.16215,2,-2.0
2005,REG,DAL,00-0008561,K.Johnson,1,3.0,0.0,-0.0865,1,3.0
2005,REG,DAL,00-0013232,P.Price,1,9.0,0.0,0.75721,1,9.0
2005,REG,DAL,00-0020403,A.Thomas,36,80.0,0.0,-0.27056,5,2.22222
2005,REG,DAL,00-0021678,T.Romo,2,-2.0,0.0,-0.76134,1,-1.0
2005,REG,DAL,00-0022045,T.Newman,1,4.0,0.0,-0.07014,1,4.0
2005,REG,DAL,00-0022405,L.Polite,2,8.0,0.0,0.36601,2,4.0
2005,REG,DAL,00-0022766,P.Crayton,1,0.0,0.0,-2.72052,1,0.0
2005,REG,DAL,00-0022840,J.Jones,257,993.0,5.0,-0.11408,13,3.86381
2005,REG,DAL,00-0023192,T.Thompson,46,182.0,0.0,-0.04002,8,3.95652
2005,REG,DAL,00-0023544,M.Barber,138,538.0,5.0,-0.0572,12,3.89855
2005,REG,DEN,00-0013042,J.Plummer,45,156.0,2.0,-0.09393,15,3.46667
2005,REG,DEN,00-0015290,R.Smith,1,7.0,0.0,0.29633,1,7.0
2005,REG,DEN,00-0019594,M.Anderson,239,1014.0,12.0,0.08756,15,4.24268
2005,REG,DEN,00-0019643,R.Dayne,53,270.0,1.0,-0.02818,8,5.09434
2005,REG,DEN,00-0021006,C.Adams,5,14.0,0.0,-0.14771,4,2.8
2005,REG,DEN,00-0021152,A.Lelie,5,84.0,0.0,1.02495,4,16.8
2005,REG,DEN,00-0021260,K.Johnson,4,9.0,1.0,0.2286,3,2.25
2005,REG,DEN,00-0021845,C.Sapp,5,21.0,0.0,0.02555,1,4.2
2005,REG,DEN,00-0022774,B.Van Pelt,11,48.0,1.0,0.83531,2,4.36364
2005,REG,DEN,00-0022893,T.Bell,173,921.0,8.0,0.05922,14,5.3237
2005,REG,DET,00-0002159,S.Bryson,64,306.0,1.0,-0.06077,16,4.78125
2005,REG,DET,00-0005755,J.Garcia,17,51.0,1.0,0.01721,6,3.0
2005,REG,DET,00-0014450,C.Schlesinger,1,1.0,0.0,1.67306,1,1.0
2005,REG,DET,00-0019673,P.Smith,4,16.0,0.0,0.19519,2,4.0
2005,REG,DET,00-0020692,E.Drummond,1,-3.0,0.0,-1.08369,1,-3.0
2005,REG,DET,00-0021141,J.Harrington,25,80.0,0.0,-0.42885,9,3.2
2005,REG,DET,00-0021530,S.Vines,1,7.0,0.0,0.33344,1,7.0
2005,REG,DET,00-0022006,A.Pinner,106,349.0,3.0,-0.10861,13,3.29245
2005,REG,DET,00-0022782,K.Jones,186,664.0,5.0,-0.06403,13,3.56989
2005,REG,GB,00-0004541,D.Driver,2,13.0,0.0,0.34731,2,6.5
2005,REG,GB,00-0005106,B.Favre,18,62.0,0.0,-0.47958,13,3.44444
2005,REG,GB,00-0006305,A.Green,77,255.0,0.0,-0.13319,5,3.31169
2005,REG,GB,00-0007254,W.Henderson,1,-5.0,0.0,-5.14457,1,-5.0
2005,REG,GB,00-0019997,A.Chatman,8,34.0,0.0,-0.09545,8,4.25
2005,REG,GB,00-0020964,T.Fisher,60,173.0,1.0,-0.19976,11,2.88333
2005,REG,GB,00-0021252,N.Davenport,30,105.0,2.0,-0.03692,5,3.5
2005,REG,GB,00-0021673,R.Lee,11,16.0,0.0,-0.67221,4,1.45455
2005,REG,GB,00-0022857,B.Sander,1,-11.0,0.0,-3.62342,1,-11.0
2005,REG,GB,00-0023074,S.Gado,143,582.0,6.0,0.01407,8,4.06993
2005,REG,GB,00-0023459,A.Rodgers,2,7.0,0.0,0.05833,2,3.5
2005,REG,GB,00-0023676,N.Herron,45,121.0,2.0,-0.13629,3,2.68889
2005,REG,HOU,00-0000722,T.Banks,2,-2.0,0.0,0.0,1,-1.0
2005,REG,HOU,00-0001627,C.Bradford,1,-2.0,0.0,-0.9428,1,-2.0
2005,REG,HOU,00-0001980,K.Brown,1,4.0,0.0,2.46918,1,4.0
2005,REG,HOU,00-0015550,C.Stanley,1,0.0,0.0,-2.73928,1,0.0
2005,REG,HOU,00-0020608,D.Carr,56,308.0,1.0,0.33991,15,5.5
2005,REG,HOU,00-0021163,J.Gaffney,4,13.0,0.0,-0.46878,4,3.25
2005,REG,HOU,00-0021223,J.Wells,90,325.0,4.0,-0.07683,11,3.61111
2005,REG,HOU,00-0021979,D.Davis,230,976.0,2.0,-0.09539,11,4.24348
2005,REG,HOU,00-0022044,A.Johnson,6,10.0,0.0,-0.79778,5,1.66667
2005,REG,HOU,00-0023508,V.Morency,46,184.0,2.0,-0.03197,6,4.0
2005,REG,IND,00-0008241,E.James,360,1506.0,13.0,0.03952,15,4.18333
2005,REG,IND,00-0010346,P.Manning,33,45.0,0.0,-0.56668,11,1.36364
2005,REG,IND,00-0019863,D.Rhodes,40,118.0,4.0,0.00803,9,2.95
2005,REG,IND,00-0020700,J.Mungro,7,15.0,0.0,-0.85477,5,2.14286
2005,REG,IND,00-0022431,R.Carthon,13,18.0,1.0,-0.27159,3,1.38462
2005,REG,IND,00-0022744,J.Sorgi,12,1.0,0.0,-0.40584,5,0.08333
2005,REG,JAX,00-0016098,F.Taylor,194,787.0,3.0,-0.08798,11,4.0567
2005,REG,JAX,00-0020613,Q.Gray,3,1.0,0.0,-0.59234,1,0.33333
2005,REG,JAX,00-0021231,D.Garrard,30,185.0,3.0,0.38746,6,6.16667
2005,REG,JAX,00-0022057,L.Toefield,36,142.0,4.0,0.02687,5,3.94444
2005,REG,JAX,00-0022177,B.Leftwich,31,67.0,2.0,0.01675,10,2.16129
2005,REG,JAX,00-0022889,R.Williams,2,3.0,0.0,-0.26582,2,1.5
2005,REG,JAX,00-0022897,G.Jones,151,575.0,4.0,-0.111,13,3.80795
2005,REG,JAX,00-0022970,D.Wimbush,3,12.0,1.0,0.50615,2,4.0
2005,REG,JAX,00-0023456,M.Jones,12,51.0,0.0,-0.16668,9,4.25
2005,REG,JAX,00-0023561,A.Pearman,39,149.0,1.0,-0.13007,12,3.82051
2005,REG,KC,00-0003315,T.Collins,2,-2.0,0.0,-1.65651,1,-1.0
2005,REG,KC,00-0006355,T.Green,35,82.0,0.0,0.01631,14,2.34286
2005,REG,KC,00-0007661,P.Holmes,119,451.0,6.0,0.02434,7,3.78992
2005,REG,KC,00-0009163,E.Kennison,7,43.0,0.0,0.02242,6,6.14286
2005,REG,KC,00-0013694,T.Richardson,6,20.0,0.0,-0.27178,5,3.33333
2005,REG,KC,00-0019539,D.Hall,7,11.0,0.0,-0.45542,6,1.57143
2005,REG,KC,00-0020376,D.Brown,7,21.0,0.0,-0.18149,5,3.0
2005,REG,KC,00-0021976,L.Johnson,336,1750.0,20.0,0.10059,16,5.20833
2005,REG,KC,00-0022714,K.Wilson,1,6.0,0.0,-0.01376,1,6.0
2005,REG,LA,00-0005092,M.Faulk,66,292.0,0.0,-0.15075,14,4.42424
2005,REG,LA,00-0007681,T.Holt,1,2.0,0.0,-0.13074,1,2.0
2005,REG,LA,00-0010455,J.Martin,9,6.0,0.0,-0.87602,4,0.66667
2005,REG,LA,00-0017693,J.Wilkins,1,-4.0,0.0,-3.17456,1,-4.0
2005,REG,LA,00-0019599,M.Bulger,9,29.0,0.0,-0.66618,5,3.22222
2005,REG,LA,00-0019794,A.Cason,10,65.0,1.0,0.40904,1,6.5
2005,REG,LA,00-0020342,B.Manumaleuna,1,2.0,0.0,1.46703,1,2.0
2005,REG,LA,00-0021750,A.Harris,13,21.0,1.0,-0.36669,2,1.61538
2005,REG,LA,00-0021981,S.McDonald,1,7.0,0.0,0.42833,1,7.0
2005,REG,LA,00-0022001,K.Curtis,1,5.0,1.0,1.36068,1,5.0
2005,REG,LA,00-0022736,S.Jackson,255,1046.0,8.0,-0.12681,15,4.10196
2005,REG,LA,00-0023682,R.Fitzpatrick,14,64.0,2.0,-0.19502,4,4.57143
2005,REG,LA,00-0023683,M.Hedgecock,1,0.0,0.0,-1.13056,1,0.0
2005,REG,LAC,00-0010668,K.McCardell,3,2.0,0.0,-0.55767,2,0.66667
2005,REG,LAC,00-0011958,L.Neal,28,96.0,0.0,0.08533,12,3.42857
2005,REG,LAC,00-0020531,D.Brees,21,49.0,1.0,0.35099,13,2.33333
2005,REG,LAC,00-0020536,L.Tomlinson,341,1464.0,18.0,0.04061,16,4.29326
2005,REG,LAC,00-0020904,E.Parker,4,55.0,0.0,0.8406,4,13.75
2005,REG,LAC,00-0021176,R.Caldwell,2,10.0,0.0,0.3281,2,5.0
2005,REG,LAC,00-0021570,K.Osgood,1,4.0,0.0,-0.08805,1,4.0
2005,REG,LAC,00-0021936,A.Pinnock,1,4.0,0.0,-0.03458,1,4.0
2005,REG,LAC,00-0022821,M.Turner,57,335.0,3.0,0.16623,11,5.87719
2005,REG,LAC,00-0022942,P.Rivers,1,-1.0,0.0,0.03829,1,-1.0
2005,REG,LAC,00-0023564,D.Sproles,8,50.0,0.0,0.16386,6,6.25
2005,REG,LV,00-0003292,K.Collins,18,38.0,1.0,-0.39831,11,2.11111
2005,REG,LV,00-0003663,Z.Crockett,60,208.0,1.0,-0.17645,13,3.46667
2005,REG,LV,00-0017611,A.Whitted,2,51.0,0.0,1.53731,2,25.5
2005,REG,LV,00-0019703,J.Porter,1,-8.0,0.0,-1.29346,1,-8.0
2005,REG,LV,00-0019714,S.Lechler,1,2.0,0.0,-2.09663,1,2.0
2005,REG,LV,00-0020405,M.Tuiasosopo,2,19.0,0.0,0.51972,1,9.5
2005,REG,LV,00-0020462,L.Jordan,273,1025.0,9.0,-0.03132,14,3.75458
2005,REG,LV,00-0022093,J.Fargas,5,28.0,0.0,-0.19864,4,5.6
2005,REG,LV,00-0022102,D.Gabriel,1,5.0,0.0,0.11109,1,5.0
2005,REG,MIA,00-0005589,G.Frerotte,27,61.0,0.0,-0.4879,10,2.25926
2005,REG,MIA,00-0017915,R.Williams,168,743.0,6.0,-0.01107,12,4.42262
2005,REG,MIA,00-0019484,S.Morris,16,58.0,1.0,0.03018,4,3.625
2005,REG,MIA,00-0020446,C.Chambers,12,92.0,0.0,0.066,7,7.66667
2005,REG,MIA,00-0020448,T.Minor,5,17.0,0.0,-0.18464,1,3.4
2005,REG,MIA,00-0020480,S.Rosenfels,6,15.0,0.0,-0.19941,2,2.5
2005,REG,MIA,00-0020507,H.Evans,1,0.0,0.0,-0.5544,1,0.0
2005,REG,MIA,00-0022427,W.Welker,1,5.0,0.0,0.11891,1,5.0
2005,REG,MIA,00-0022684,D.Jones,1,0.0,0.0,-2.36293,1,0.0
2005,REG,MIA,00-0023437,R.Brown,207,907.0,4.0,-0.07139,15,4.38164
2005,REG,MIN,00-0003739,D.Culpepper,24,141.0,1.0,-0.01989,7,5.875
2005,REG,MIN,00-0008442,B.Johnson,18,53.0,0.0,-0.19969,7,2.94444
2005,REG,MIN,00-0017892,M.Williams,14,20.0,0.0,-0.3287,5,1.42857
2005,REG,MIN,00-0019721,T.Taylor,2,3.0,0.0,-0.37616,2,1.5
2005,REG,MIN,00-0020490,K.Robinson,4,27.0,1.0,0.53317,3,6.75
2005,REG,MIN,00-0020514,M.Bennett,126,473.0,3.0,-0.25769,16,3.75397
2005,REG,MIN,00-0020679,S.Hill,2,-2.0,0.0,0.0,1,-1.0
2005,REG,MIN,00-0021999,N.Burleson,2,-6.0,0.0,-0.76728,2,-3.0
2005,REG,MIN,00-0022217,M.Moore,155,662.0,1.0,-0.04467,14,4.27097
2005,REG,MIN,00-0023442,T.Williamson,3,28.0,0.0,0.51929,3,9.33333
2005,REG,MIN,00-0023547,C.Fason,32,62.0,4.0,-0.20626,9,1.9375
2005,REG,NE,00-0003136,M.Cloud,23,59.0,0.0,-0.37588,5,2.56522
2005,REG,NE,00-0004304,C.Dillon,209,733.0,12.0,-0.05514,11,3.50718
2005,REG,NE,00-0004673,T.Dwight,4,11.0,0.0,0.10654,3,2.75
2005,REG,NE,00-0005091,K.Faulk,51,144.0,0.0,-0.32109,8,2.82353
2005,REG,NE,00-0005363,D.Flutie,5,-1.0,0.0,-1.88202,3,-0.2
2005,REG,NE,00-0018501,A.Zereoue,7,14.0,0.0,-0.23924,1,2.0
2005,REG,NE,00-0019533,P.Pass,54,245.0,3.0,-0.03881,9,4.53704
2005,REG,NE,00-0019596,T.Brady,27,89.0,1.0,0.54954,14,3.2963
2005,REG,NE,00-0020507,H.Evans,52,192.0,0.0,-0.00062,5,3.69231
2005,REG,NE,00-0021353,D.Givens,2,13.0,0.0,0.16961,1,6.5
2005,REG,NE,00-0023662,M.Cassel,6,13.0,0.0,0.01608,2,2.16667
2005,REG,NO,00-0001545,T.Bouman,8,15.0,0.0,-0.59442,4,1.875
2005,REG,NO,00-0001823,A.Brooks,45,281.0,2.0,0.27084,13,6.24444
2005,REG,NO,00-0015091,A.Smith,166,659.0,3.0,-0.19828,16,3.96988
2005,REG,NO,00-0015601,A.Stecker,95,363.0,0.0,-0.15564,13,3.82105
2005,REG,NO,00-0020403,A.Thomas,7,12.0,0.0,-0.3902,4,1.71429
2005,REG,NO,00-0020527,D.McAllister,93,335.0,3.0,-0.10649,5,3.60215
2005,REG,NO,00-0021147,D.Stallworth,2,2.0,0.0,-2.20256,2,1.0
2005,REG,NO,00-0022796,M.Karney,6,12.0,0.0,-0.18839,4,2.0
2005,REG,NO,00-0022929,D.Henderson,1,9.0,0.0,0.83612,1,9.0
2005,REG,NYG,00-0000745,T.Barber,358,1860.0,9.0,0.02889,16,5.19553
2005,REG,NYG,00-0003136,M.Cloud,1,0.0,0.0,-0.49613,1,0.0
2005,REG,NYG,00-0019816,T.Hasselbeck,2,-3.0,0.0,-1.60119,1,-1.5
2005,REG,NYG,00-0021174,T.Carter,6,46.0,0.0,0.27562,6,7.66667
2005,REG,NYG,00-0021923,W.Ponder,1,4.0,0.0,-0.06663,1,4.0
2005,REG,NYG,00-0022770,D.Ward,35,123.0,0.0,-0.14782,10,3.51429
2005,REG,NYG,00-0022803,E.Manning,30,80.0,1.0,0.08036,12,2.66667
2005,REG,NYG,00-0023545,B.Jacobs,38,99.0,7.0,-0.11373,13,2.60526
2005,REG,NYJ,00-0005180,J.Fiedler,1,0.0,0.0,-0.89283,1,0.0
2005,REG,NYJ,00-0010442,C.Martin,220,735.0,5.0,-0.12234,12,3.34091
2005,REG,NYJ,00-0015420,J.Sowell,1,1.0,1.0,1.55676,1,1.0
2005,REG,NYJ,00-0016193,V.Testaverde,7,4.0,2.0,-1.94629,4,0.57143
2005,REG,NYJ,00-0019559,C.Pennington,6,27.0,0.0,-0.4712,3,4.5
2005,REG,NYJ,00-0020315,D.Blaylock,17,53.0,0.0,-0.11676,6,3.11765
2005,REG,NYJ,00-0020381,J.McCareins,1,8.0,0.0,0.76803,1,8.0
2005,REG,NYJ,00-0022003,B.Askew,13,59.0,0.0,0.01995,2,4.53846
2005,REG,NYJ,00-0022026,B.Bollinger,34,138.0,0.0,0.19866,10,4.05882
2005,REG,NYJ,00-0022811,J.Cotchery,1,4.0,0.0,-0.2273,1,4.0
2005,REG,NYJ,00-0022954,B.Graham,1,-9.0,0.0,-3.87962,1,-9.0
2005,REG,NYJ,00-0023615,C.Houston,81,302.0,2.0,-0.05788,7,3.7284
2005,REG,PHI,00-0004229,K.Detmer,1,1.0,0.0,1.75684,1,1.0
2005,REG,PHI,00-0011022,D.McNabb,25,55.0,1.0,-0.22369,8,2.2
2005,REG,PHI,00-0012478,T.Owens,1,2.0,0.0,-0.45159,1,2.0
2005,REG,PHI,00-0020308,M.McMahon,32,125.0,3.0,-0.00817,9,3.90625
2005,REG,PHI,00-0021209,L.Gordon,54,182.0,1.0,-0.17717,12,3.37037
2005,REG,PHI,00-0021216,B.Westbrook,157,614.0,3.0,-0.12894,12,3.91083
2005,REG,PHI,00-0021508,G.Lewis,2,13.0,0.0,-0.39664,2,6.5
2005,REG,PHI,00-0021509,R.Mahe,20,87.0,0.0,-0.0521,6,4.35
2005,REG,PHI,00-0022733,B.Perry,16,74.0,0.0,0.00783,2,4.625
2005,REG,PHI,00-0023470,R.Brown,1,5.0,0.0,-0.58274,1,5.0
2005,REG,PHI,00-0023512,R.Moats,55,278.0,3.0,-0.16321,6,5.05455
2005,REG,PIT,00-0000865,C.Batch,11,30.0,1.0,-0.0797,2,2.72727
2005,REG,PIT,00-0001215,J.Bettis,110,368.0,9.0,0.04206,12,3.34545
2005,REG,PIT,00-0010261,T.Maddox,8,26.0,0.0,-0.48305,3,3.25
2005,REG,PIT,00-0015523,D.Staley,38,148.0,1.0,-0.04007,4,3.89474
2005,REG,PIT,00-0017162,H.Ward,3,10.0,0.0,-1.339,3,3.33333
2005,REG,PIT,00-0019135,D.Kreider,3,21.0,0.0,0.11321,3,7.0
2005,REG,PIT,00-0020452,C.Wilson,1,0.0,0.0,-0.67791,1,0.0
2005,REG,PIT,00-0021190,A.Randle El,12,73.0,0.0,-0.05552,9,6.08333
2005,REG,PIT,00-0021279,V.Haynes,74,274.0,3.0,-0.17237,13,3.7027
2005,REG,PIT,00-0022250,W.Parker,255,1202.0,4.0,-0.00341,15,4.71373
2005,REG,PIT,00-0022924,B.Roethlisberger,31,69.0,3.0,0.14492,10,2.22581
2005,REG,PIT,00-0023676,N.Herron,3,2.0,0.0,-0.56793,1,0.66667
2005,REG,SEA,00-0007091,M.Hasselbeck,36,124.0,1.0,-0.09807,12,3.44444
2005,REG,SEA,00-0015830,M.Strong,17,78.0,0.0,0.01594,11,4.58824
2005,REG,SEA,00-0019455,P.Warrick,1,5.0,0.0,0.12295,1,5.0
2005,REG,SEA,00-0019647,S.Alexander,370,1880.0,27.0,0.13982,16,5.08108
2005,REG,SEA,00-0019663,D.Jackson,1,7.0,0.0,0.30689,1,7.0
2005,REG,SEA,00-0021182,M.Morris,71,288.0,1.0,-0.07179,11,4.05634
2005,REG,SEA,00-0022055,S.Wallace,6,-5.0,0.0,-1.44082,4,-0.83333
2005,REG,SEA,00-0023063,L.Weaver,17,80.0,0.0,0.02542,4,4.70588
2005,REG,SF,00-0007357,C.Hetherington,1,3.0,0.0,-0.0606,1,3.0
2005,REG,SF,00-0008196,T.Jackson,2,11.0,0.0,-0.40436,2,5.5
2005,REG,SF,00-0019623,T.Rattay,7,18.0,0.0,0.00534,3,2.57143
2005,REG,SF,00-0020474,K.Barlow,176,581.0,3.0,-0.19546,12,3.30114
2005,REG,SF,00-0020797,M.Hicks,59,308.0,3.0,0.1308,7,5.22034
2005,REG,SF,00-0022039,K.Dorsey,4,11.0,0.0,-0.80787,2,2.75
2005,REG,SF,00-0022064,A.Battle,8,11.0,0.0,-0.34991,5,1.375
2005,REG,SF,00-0022731,C.Pickett,13,42.0,0.0,-0.01137,3,3.23077
2005,REG,SF,00-0023436,A.Smith,30,103.0,0.0,-0.39928,8,3.43333
2005,REG,SF,00-0023500,F.Gore,127,608.0,3.0,-0.01365,14,4.7874
2005,REG,SF,00-0023607,R.Marshall,1,-7.0,0.0,-1.29614,1,-7.0
2005,REG,TB,00-0000251,M.Alstott,35,80.0,6.0,0.02446,11,2.28571
2005,REG,TB,00-0005720,J.Galloway,2,4.0,0.0,-0.83563,2,2.0
2005,REG,TB,00-0006423,B.Griese,13,12.0,0.0,-0.46973,6,0.92308
2005,REG,TB,00-0013013,M.Pittman,70,436.0,1.0,0.00421,15,6.22857
2005,REG,TB,00-0021755,E.Graham,28,83.0,0.0,-0.27744,3,2.96429
2005,REG,TB,00-0022005,C.Simms,20,31.0,0.0,-0.14205,10,1.55
2005,REG,TB,00-0022725,M.Clayton,1,2.0,0.0,-0.47675,1,2.0
2005,REG,TB,00-0023440,C.Williams,290,1178.0,6.0,-0.05145,14,4.06207
2005,REG,TEN,00-0007308,C.Hentrich,1,0.0,0.0,-3.38849,1,0.0
2005,REG,TEN,00-0011024,S.McNair,32,139.0,1.0,0.11698,14,4.34375
2005,REG,TEN,00-0019041,B.Volek,1,3.0,0.0,-0.13826,1,3.0
2005,REG,TEN,00-0019976,D.Bennett,1,3.0,0.0,-0.37037,1,3.0
2005,REG,TEN,00-0020471,T.Henry,88,335.0,0.0,-0.16261,9,3.80682
2005,REG,TEN,00-0022092,C.Brown,224,851.0,5.0,-0.14624,15,3.79911
2005,REG,TEN,00-0022144,B.Wade,1,1.0,0.0,-0.44844,1,1.0
2005,REG,TEN,00-0022255,J.Payton,33,105.0,2.0,-0.22282,8,3.18182
2005,REG,TEN,00-0022768,M.Mauck,7,39.0,0.0,-0.33025,2,5.57143
2005,REG,TEN,00-0023441,A.Jones,1,-13.0,0.0,-2.35021,1,-13.0
2005,REG,TEN,00-0023503,C.Roby,2,16.0,0.0,0.61205,1,8.0
2005,REG,TEN,00-0023531,B.Jones,1,1.0,0.0,-0.77412,1,1.0
2005,REG,TEN,00-0023576,D.Nash,6,32.0,0.0,0.28444,1,5.33333
2005,REG,WAS,00-0002110,M.Brunell,42,111.0,0.0,-0.27218,15,2.64286
2005,REG,WAS,00-0014655,M.Sellers,1,1.0,1.0,0.67346,1,1.0
2005,REG,WAS,00-0016440,J.Thrash,1,8.0,0.0,0.56717,1,8.0
2005,REG,WAS,00-0020494,S.Moss,3,-3.0,0.0,-0.77074,3,-1.0
2005,REG,WAS,00-0021179,C.Portis,352,1516.0,11.0,-0.00167,16,4.30682
2005,REG,WAS,00-0021184,L.Betts,89,338.0,1.0,-0.16398,12,3.79775
2005,REG,WAS,00-0021357,R.Cartwright,27,199.0,2.0,-0.16351,7,7.37037
2005,REG,WAS,00-0021379,P.Ramsey,7,3.0,0.0,-0.17926,3,0.42857
2005,REG,WAS,00-0021425,A.Brown,2,7.0,0.0,-0.23008,2,3.5
2005,REG,WAS,00-0023654,N.Broughton,1,3.0,0.0,-0.57458,1,3.0
2006,POST,BAL,00-0011024,S.McNair,1,6.0,0.0,0.33439,1,6.0
2006,POST,BAL,00-0019594,M.Anderson,4,18.0,0.0,-0.09264,1,4.5
2006,POST,BAL,00-0019693,J.Lewis,13,53.0,0.0,-0.13608,1,4.07692
2006,POST,BAL,00-0022143,O.Mughelli,2,6.0,0.0,0.3011,1,3.0
2006,POST,CHI,00-0019641,T.Jones,55,301.0,4.0,0.18893,3,5.47273
2006,POST,CHI,00-0022121,R.Grossman,4,-3.0,0.0,-2.25241,2,-0.75
2006,POST,CHI,00-0023429,R.Davis,2,25.0,0.0,1.13965,2,12.5
2006,POST,CHI,00-0023439,C.Benson,38,104.0,1.0,-0.16782,3,2.73684
2006,POST,DAL,00-0021678,T.Romo,1,0.0,0.0,-3.12733,1,0.0
2006,POST,DAL,00-0022840,J.Jones,22,112.0,0.0,0.03108,1,5.09091
2006,POST,DAL,00-0023544,M.Barber,3,4.0,0.0,-0.85256,1,1.33333
2006,POST,IND,00-0010346,P.Manning,8,3.0,1.0,-0.87281,4,0.375
2006,POST,IND,00-0019863,D.Rhodes,62,306.0,1.0,0.00335,4,4.93548
2006,POST,IND,00-0022165,D.Clark,1,1.0,0.0,-0.77105,1,1.0
2006,POST,IND,00-0024245,J.Addai,76,294.0,2.0,0.02483,4,3.86842
2006,POST,KC,00-0006355,T.Green,1,-3.0,0.0,-1.99342,1,-3.0
2006,POST,KC,00-0019539,D.Hall,2,14.0,0.0,0.42084,1,7.0
2006,POST,KC,00-0020514,M.Bennett,1,1.0,0.0,-0.42168,1,1.0
2006,POST,KC,00-0021976,L.Johnson,13,32.0,0.0,-0.26123,1,2.46154
2006,POST,LAC,00-0011958,L.Neal,3,5.0,0.0,-0.4485,1,1.66667
2006,POST,LAC,00-0020536,L.Tomlinson,23,123.0,2.0,0.16442,1,5.34783
2006,POST,LAC,00-0020904,E.Parker,1,-7.0,0.0,-1.40574,1,-7.0
2006,POST,LAC,00-0022821,M.Turner,3,24.0,1.0,1.48094,1,8.0
2006,POST,LAC,00-0022942,P.Rivers,3,3.0,0.0,0.21717,1,1.0
2006,POST,NE,00-0004304,C.Dillon,25,119.0,2.0,-0.05265,3,4.76
2006,POST,NE,00-0005091,K.Faulk,17,75.0,0.0,0.12818,3,4.41176
2006,POST,NE,00-0016193,V.Testaverde,1,-1.0,0.0,-2.04935,1,-1.0
2006,POST,NE,00-0019596,T.Brady,8,18.0,0.0,0.48163,3,2.25
2006,POST,NE,00-0020507,H.Evans,2,4.0,0.0,-0.6175,2,2.0
2006,POST,NE,00-0024236,L.Maroney,31,87.0,0.0,-0.16574,3,2.80645
2006,POST,NO,00-0020527,D.McAllister,27,161.0,1.0,0.16207,2,5.96296
2006,POST,NO,00-0020531,D.Brees,4,6.0,0.0,-0.91593,2,1.5
2006,POST,NO,00-0022796,M.Karney,1,11.0,0.0,0.92816,1,11.0
2006,POST,NO,00-0024110,S.Weatherford,1,15.0,0.0,1.05495,1,15.0
2006,POST,NO,00-0024217,R.Bush,16,71.0,1.0,-0.02026,2,4.4375
2006,POST,NYG,00-0000745,T.Barber,26,137.0,0.0,0.0668,1,5.26923
2006,POST,NYG,00-0022590,J.Lorenzen,1,2.0,0.0,0.73968,1,2.0
2006,POST,NYG,00-0022803,E.Manning,2,4.0,0.0,0.17342,1,2.0
2006,POST,NYG,00-0023545,B.Jacobs,2,8.0,0.0,0.3808,1,4.0
2006,POST,NYJ,00-0019559,C.Pennington,2,1.0,0.0,-3.46015,1,0.5
2006,POST,NYJ,00-0022811,J.Cotchery,2,19.0,0.0,0.40429,1,9.5
2006,POST,NYJ,00-0023615,C.Houston,1,0.0,0.0,-0.41451,1,0.0
2006,POST,NYJ,00-0024332,L.Washington,11,50.0,0.0,0.2548,1,4.54545
2006,POST,PHI,00-0005755,J.Garcia,8,23.0,0.0,-0.26596,2,2.875
2006,POST,PHI,00-0020270,C.Buckhalter,9,15.0,0.0,-0.30995,2,1.66667
2006,POST,PHI,00-0021216,B.Westbrook,33,257.0,3.0,0.28921,2,7.78788
2006,POST,PHI,00-0023470,R.Brown,1,13.0,0.0,0.77228,1,13.0
2006,POST,SEA,00-0007091,M.Hasselbeck,3,11.0,0.0,0.62183,2,3.66667
2006,POST,SEA,00-0015830,M.Strong,3,8.0,0.0,-0.66969,1,2.66667
2006,POST,SEA,00-0019647,S.Alexander,50,177.0,2.0,-0.051,2,3.54
2006,POST,SEA,00-0021182,M.Morris,7,23.0,0.0,-0.1089,2,3.28571
2006,REG,ARI,00-0000552,O.Ayanbadejo,9,37.0,0.0,0.41252,6,4.11111
2006,REG,ARI,00-0008241,E.James,337,1159.0,6.0,-0.13007,16,3.43917
2006,REG,ARI,00-0017200,K.Warner,13,3.0,0.0,-0.39498,5,0.23077
2006,REG,ARI,00-0020022,M.Shipp,17,41.0,4.0,0.03364,6,2.41176
2006,REG,ARI,00-0022084,A.Boldin,5,28.0,0.0,0.20767,4,5.6
2006,REG,ARI,00-0022156,Bry.Johnson,1,-3.0,0.0,-1.0851,1,-3.0
2006,REG,ARI,00-0022921,L.Fitzgerald,1,5.0,0.0,0.09608,1,5.0
2006,REG,ARI,00-0023479,J.Arrington,14,19.0,0.0,-0.76019,8,1.35714
2006,REG,ARI,00-0023950,A.Schable,1,5.0,0.0,0.03966,1,5.0
2006,REG,ARI,00-0024225,M.Leinart,23,44.0,2.0,-0.31902,9,1.91304
2006,REG,ATL,00-0004640,W.Dunn,286,1140.0,4.0,-0.11905,16,3.98601
2006,REG,ATL,00-0019153,M.Jackson,1,2.0,0.0,-0.44575,1,2.0
2006,REG,ATL,00-0020245,M.Vick,123,1039.0,2.0,0.43063,16,8.44715
2006,REG,ATL,00-0022011,J.Griffith,19,106.0,1.0,0.09979,6,5.57895
2006,REG,ATL,00-0022781,M.Jenkins,1,2.0,0.0,-0.35479,1,2.0
2006,REG,ATL,00-0022787,M.Schaub,7,21.0,0.0,-0.68472,3,3.0
2006,REG,ATL,00-0024294,J.Norwood,99,633.0,2.0,0.09797,14,6.39394
2006,REG,ATL,00-0024398,A.Jennings,1,-4.0,0.0,-1.35924,1,-4.0
2006,REG,BAL,00-0010500,D.Mason,1,-4.0,0.0,-1.43424,1,-4.0
2006,REG,BAL,00-0011024,S.McNair,45,119.0,1.0,-0.18335,13,2.64444
2006,REG,BAL,00-0019594,M.Anderson,39,183.0,1.0,0.00974,12,4.69231
2006,REG,BAL,00-0019693,J.Lewis,314,1132.0,9.0,-0.13358,16,3.6051
2006,REG,BAL,00-0022130,Mu.Smith,36,153.0,0.0,-0.32545,10,4.25
2006,REG,BAL,00-0022143,O.Mughelli,12,50.0,0.0,0.04833,5,4.16667
2006,REG,BAL,00-0022164,K.Boller,22,34.0,0.0,-0.35269,4,1.54545
2006,REG,BAL,00-0023457,M.Clayton,7,-30.0,0.0,-1.34213,6,-4.28571
2006,REG,BUF,00-0011626,B.Moorman,2,2.0,0.0,-0.32474,2,1.0
2006,REG,BUF,00-0013232,P.Price,5,18.0,0.0,0.1809,5,3.6
2006,REG,BUF,00-0020403,A.Thomas,107,378.0,2.0,-0.24111,14,3.53271
2006,REG,BUF,00-0021166,J.Reed,4,13.0,0.0,0.01447,4,3.25
2006,REG,BUF,00-0021273,R.Royal,1,-9.0,0.0,-1.97737,1,-9.0
2006,REG,BUF,00-0022178,W.McGahee,259,990.0,6.0,-0.1002,14,3.82239
2006,REG,BUF,00-0022538,S.Williams,2,2.0,0.0,-0.6383,2,1.0
2006,REG,BUF,00-0022912,J.Losman,38,140.0,1.0,-0.19764,15,3.68421
2006,REG,BUF,00-0023490,R.Parrish,2,18.0,0.0,0.80981,2,9.0
2006,REG,CAR,00-0004161,J.Delhomme,18,12.0,0.0,-0.32667,8,0.66667
2006,REG,CAR,00-0008561,K.Johnson,1,4.0,1.0,1.74056,1,4.0
2006,REG,CAR,00-0019100,B.Hoover,22,73.0,1.0,-0.17525,8,3.31818
2006,REG,CAR,00-0019831,N.Goings,11,52.0,0.0,-0.13401,6,4.72727
2006,REG,CAR,00-0020337,S.Smith,8,61.0,1.0,0.25484,7,7.625
2006,REG,CAR,00-0020434,C.Weinke,4,16.0,0.0,0.05518,2,4.0
2006,REG,CAR,00-0021164,D.Foster,227,897.0,3.0,-0.15919,14,3.95154
2006,REG,CAR,00-0022879,D.Carter,2,18.0,0.0,0.62528,2,9.0
2006,REG,CAR,00-0023489,E.Shelton,8,23.0,0.0,-0.2308,4,2.875
2006,REG,CAR,00-0023859,B.Basanez,1,2.0,0.0,-0.19039,1,2.0
2006,REG,CAR,00-0024242,D.Williams,121,501.0,1.0,-0.04422,12,4.1405
2006,REG,CHI,00-0006423,B.Griese,6,-5.0,0.0,-1.86253,3,-0.83333
2006,REG,CHI,00-0019641,T.Jones,297,1205.0,6.0,-0.046,16,4.05724
2006,REG,CHI,00-0020805,J.McKie,8,18.0,0.0,-0.21648,6,2.25
2006,REG,CHI,00-0021306,A.Peterson,10,41.0,2.0,0.3503,5,4.1
2006,REG,CHI,00-0022121,R.Grossman,24,2.0,0.0,-0.18389,11,0.08333
2006,REG,CHI,00-0022807,B.Berrian,2,5.0,0.0,-0.17181,2,2.5
2006,REG,CHI,00-0023439,C.Benson,157,647.0,6.0,-0.01116,15,4.12102
2006,REG,CIN,00-0018272,A.Wright,3,-3.0,0.0,-1.84855,1,-1.0
2006,REG,CIN,00-0019808,K.Watson,25,138.0,1.0,-0.16528,10,5.52
2006,REG,CIN,00-0020397,C.Johnson,6,24.0,0.0,0.00402,5,4.0
2006,REG,CIN,00-0020407,R.Johnson,341,1308.0,12.0,-0.07458,16,3.83578
2006,REG,CIN,00-0020438,T.Houshmandzadeh,3,6.0,0.0,-0.48145,2,2.0
2006,REG,CIN,00-0021429,C.Palmer,26,35.0,0.0,-0.06672,14,1.34615
2006,REG,CIN,00-0022141,J.Johnson,15,56.0,1.0,-0.03683,8,3.73333
2006,REG,CIN,00-0022801,Q.Wilson,2,2.0,0.0,-0.84324,1,1.0
2006,REG,CIN,00-0022926,C.Perry,10,57.0,0.0,0.10134,5,5.7
2006,REG,CIN,00-0023623,T.Perry,2,4.0,0.0,-0.22541,1,2.0
2006,REG,CIN,00-0024407,R.McNeal,1,8.0,0.0,1.41625,1,8.0
2006,REG,CLE,00-0019587,T.Smith,8,14.0,0.0,-0.37145,7,1.75
2006,REG,CLE,00-0019610,R.Droughns,220,758.0,4.0,-0.21125,14,3.44545
2006,REG,CLE,00-0019650,D.Northcutt,3,32.0,0.0,-0.16916,3,10.66667
2006,REG,CLE,00-0022288,J.Wright,62,189.0,0.0,-0.34786,8,3.04839
2006,REG,CLE,00-0023176,J.Cribbs,2,11.0,0.0,0.11569,2,5.5
2006,REG,CLE,00-0023438,B.Edwards,4,12.0,0.0,-0.07792,3,3.0
2006,REG,CLE,00-0023502,C.Frye,47,215.0,3.0,0.11516,13,4.57447
2006,REG,CLE,00-0023645,D.Anderson,4,47.0,0.0,-0.06554,3,11.75
2006,REG,CLE,00-0024359,J.Harrison,20,60.0,0.0,-0.24112,8,3.0
2006,REG,CLE,00-0024394,L.Vickers,3,2.0,0.0,-1.18829,2,0.66667
2006,REG,DAL,00-0001361,D.Bledsoe,8,28.0,2.0,0.64892,3,3.5
2006,REG,DAL,00-0006043,T.Glenn,3,11.0,0.0,-0.29833,3,3.66667
2006,REG,DAL,00-0021488,M.McBriar,1,0.0,0.0,-4.18123,1,0.0
2006,REG,DAL,00-0021678,T.Romo,35,102.0,0.0,-0.17191,12,2.91429
2006,REG,DAL,00-0022405,L.Polite,7,18.0,0.0,-0.29116,1,2.57143
2006,REG,DAL,00-0022840,J.Jones,267,1084.0,4.0,-0.05822,16,4.05993
2006,REG,DAL,00-0023192,T.Thompson,13,30.0,1.0,-0.20085,3,2.30769
2006,REG,DAL,00-0023426,K.Kincade,4,9.0,0.0,-0.82334,1,2.25
2006,REG,DAL,00-0023544,M.Barber,136,654.0,14.0,0.15472,16,4.80882
2006,REG,DEN,00-0004811,J.Elam,1,2.0,0.0,0.1593,1,2.0
2006,REG,DEN,00-0013042,J.Plummer,36,112.0,1.0,0.01676,11,3.11111
2006,REG,DEN,00-0015290,R.Smith,1,-5.0,0.0,-1.29619,1,-5.0
2006,REG,DEN,00-0021153,J.Walker,9,123.0,1.0,1.11465,5,13.66667
2006,REG,DEN,00-0021260,K.Johnson,5,30.0,0.0,0.04466,3,6.0
2006,REG,DEN,00-0021845,C.Sapp,10,80.0,0.0,0.40916,5,8.0
2006,REG,DEN,00-0022872,C.Cobbs,3,9.0,0.0,-0.28969,1,3.0
2006,REG,DEN,00-0022893,T.Bell,233,1025.0,2.0,-0.10609,13,4.39914
2006,REG,DEN,00-0023576,D.Nash,18,66.0,0.0,-0.25111,3,3.66667
2006,REG,DEN,00-0024011,M.Bell,157,677.0,8.0,0.05051,14,4.3121
2006,REG,DEN,00-0024226,J.Cutler,12,18.0,0.0,-0.56012,5,1.5
2006,REG,DEN,00-0024276,T.Scheffler,1,3.0,0.0,-0.10899,1,3.0
2006,REG,DEN,00-0024334,B.Marshall,2,12.0,0.0,0.23516,2,6.0
2006,REG,DET,00-0002159,S.Bryson,2,1.0,0.0,-0.72021,2,0.5
2006,REG,DET,00-0006627,A.Hakim,1,1.0,0.0,0.2218,1,1.0
2006,REG,DET,00-0009311,J.Kitna,34,156.0,2.0,0.00318,13,4.58824
2006,REG,DET,00-0019794,A.Cason,24,94.0,0.0,-0.17829,5,3.91667
2006,REG,DET,00-0020692,E.Drummond,1,4.0,0.0,-0.21167,1,4.0
2006,REG,DET,00-0021209,L.Gordon,1,2.0,0.0,-0.53604,1,2.0
2006,REG,DET,00-0021750,A.Harris,49,158.0,1.0,-0.18928,7,3.22449
2006,REG,DET,00-0022782,K.Jones,181,689.0,6.0,-0.22824,12,3.80663
2006,REG,DET,00-0022909,R.Williams,2,2.0,0.0,-0.37257,2,1.0
2006,REG,DET,00-0024044,D.Ellis,2,3.0,0.0,-0.5367,2,1.5
2006,REG,DET,00-0024289,B.Calhoun,7,14.0,0.0,-0.33156,3,2.0
2006,REG,GB,00-0004541,D.Driver,7,16.0,0.0,-0.19409,6,2.28571
2006,REG,GB,00-0005106,B.Favre,23,28.0,1.0,-1.45889,13,1.21739
2006,REG,GB,00-0006305,A.Green,266,1059.0,5.0,-0.07389,14,3.9812
2006,REG,GB,00-0023074,S.Gado,2,-7.0,0.0,-1.48861,1,-3.5
2006,REG,GB,00-0023459,A.Rodgers,2,11.0,0.0,0.48121,1,5.5
2006,REG,GB,00-0023508,V.Morency,91,421.0,2.0,-0.04896,12,4.62637
2006,REG,GB,00-0023676,N.Herron,37,150.0,1.0,-0.13496,9,4.05405
2006,REG,GB,00-0023742,J.Ryan,1,-11.0,0.0,-4.19766,1,-11.0
2006,REG,GB,00-0024362,I.Martin,2,-5.0,0.0,-2.12406,1,-2.5
2006,REG,HOU,00-0011770,E.Moulds,1,6.0,0.0,0.48603,1,6.0
2006,REG,HOU,00-0014902,J.Simmons,1,0.0,0.0,-2.83382,1,0.0
2006,REG,HOU,00-0015550,C.Stanley,1,0.0,0.0,-2.54868,1,0.0
2006,REG,HOU,00-0019643,R.Dayne,152,612.0,5.0,0.06152,9,4.02632
2006,REG,HOU,00-0020391,J.Cook,3,18.0,0.0,0.25236,3,6.0
2006,REG,HOU,00-0020480,S.Rosenfels,4,5.0,0.0,-0.17932,2,1.25
2006,REG,HOU,00-0020608,D.Carr,54,193.0,2.0,-0.13574,15,3.57407
2006,REG,HOU,00-0020794,E.Shepherd,2,5.0,0.0,-0.30299,2,2.5
2006,REG,HOU,00-0021931,K.Walter,1,3.0,0.0,1.91545,1,3.0
2006,REG,HOU,00-0022044,A.Johnson,3,14.0,0.0,-0.15275,2,4.66667
2006,REG,HOU,00-0023074,S.Gado,54,217.0,1.0,-0.07082,8,4.01852
2006,REG,HOU,00-0023508,V.Morency,5,13.0,0.0,-0.38242,1,2.6
2006,REG,HOU,00-0023844,C.Taylor,28,123.0,1.0,-0.06048,2,4.39286
2006,REG,HOU,00-0024384,W.Lundy,124,476.0,4.0,-0.09783,12,3.83871
2006,REG,IND,00-0010346,P.Manning,23,36.0,4.0,0.12757,15,1.56522
2006,REG,IND,00-0019863,D.Rhodes,187,641.0,5.0,-0.14112,16,3.42781
2006,REG,IND,00-0022431,R.Carthon,3,4.0,1.0,0.00104,1,1.33333
2006,REG,IND,00-0024245,J.Addai,226,1076.0,7.0,0.03299,16,4.76106
2006,REG,JAX,00-0016098,F.Taylor,231,1146.0,5.0,0.01276,15,4.96104
2006,REG,JAX,00-0020613,Q.Gray,3,26.0,2.0,1.35329,1,8.66667
2006,REG,JAX,00-0021231,D.Garrard,47,250.0,0.0,0.2019,10,5.31915
2006,REG,JAX,00-0022057,L.Toefield,10,22.0,0.0,-0.41989,3,2.2
2006,REG,JAX,00-0022177,B.Leftwich,25,41.0,2.0,-0.237,5,1.64
2006,REG,JAX,00-0022228,R.Alexis,3,5.0,0.0,-0.48393,1,1.66667
2006,REG,JAX,00-0022889,R.Williams,6,34.0,0.0,0.31569,6,5.66667
2006,REG,JAX,00-0022970,D.Wimbush,1,3.0,0.0,-0.33926,1,3.0
2006,REG,JAX,00-0023456,M.Jones,1,-6.0,0.0,-1.26662,1,-6.0
2006,REG,JAX,00-0023561,A.Pearman,19,89.0,1.0,0.10969,5,4.68421
2006,REG,JAX,00-0024275,M.Jones-Drew,166,941.0,13.0,0.14998,16,5.66867
2006,REG,KC,00-0006355,T.Green,19,59.0,0.0,-0.30558,8,3.10526
2006,REG,KC,00-0007835,D.Huard,9,9.0,0.0,-0.97182,6,1.0
2006,REG,KC,00-0009163,E.Kennison,4,16.0,0.0,-0.00334,4,4.0
2006,REG,KC,00-0019539,D.Hall,3,11.0,0.0,-0.13953,3,3.66667
2006,REG,KC,00-0020376,D.Brown,10,24.0,0.0,-0.36311,4,2.4
2006,REG,KC,00-0020514,M.Bennett,36,200.0,0.0,0.02145,8,5.55556
2006,REG,KC,00-0021976,L.Johnson,416,1789.0,17.0,0.0082,16,4.30048
2006,REG,KC,00-0022564,R.Cruz,5,19.0,0.0,-0.16295,2,3.8
2006,REG,KC,00-0022754,S.Parker,3,7.0,0.0,-0.17859,3,2.33333
2006,REG,KC,00-0023534,D.Colquitt,1,0.0,0.0,-9.55763,1,0.0
2006,REG,KC,00-0024189,D.Ross,3,8.0,0.0,-0.30076,1,2.66667
2006,REG,KC,00-0024300,B.Croyle,3,-3.0,0.0,-1.11882,1,-1.0
2006,REG,KC,00-0024442,J.Page,1,4.0,0.0,2.40437,1,4.0
2006,REG,LA,00-0004052,S.Davis,40,177.0,0.0,-0.22036,13,4.425
2006,REG,LA,00-0016689,M.Turk,2,19.0,0.0,0.27615,1,9.5
2006,REG,LA,00-0019242,D.Looker,1,13.0,0.0,1.01952,1,13.0
2006,REG,LA,00-0019599,M.Bulger,18,44.0,0.0,-0.41262,10,2.44444
2006,REG,LA,00-0020964,To.Fisher,6,9.0,0.0,-0.29239,4,1.5
2006,REG,LA,00-0022001,K.Curtis,4,4.0,0.0,-0.44015,4,1.0
2006,REG,LA,00-0022736,S.Jackson,346,1528.0,13.0,-0.00367,16,4.41618
2006,REG,LA,00-0023159,K.Harris,3,9.0,0.0,-0.65522,1,3.0
2006,REG,LA,00-0023682,R.Fitzpatrick,3,0.0,0.0,-0.24569,1,0.0
2006,REG,LA,00-0023683,M.Hedgecock,1,2.0,0.0,0.55832,1,2.0
2006,REG,LAC,00-0010668,K.McCardell,1,8.0,0.0,0.59408,1,8.0
2006,REG,LAC,00-0011958,L.Neal,29,140.0,1.0,0.31439,11,4.82759
2006,REG,LAC,00-0019041,B.Volek,3,-3.0,0.0,-1.25971,1,-1.0
2006,REG,LAC,00-0020342,B.Manumaleuna,1,1.0,0.0,-0.42573,1,1.0
2006,REG,LAC,00-0020536,L.Tomlinson,349,1815.0,28.0,0.12158,16,5.20057
2006,REG,LAC,00-0020904,E.Parker,2,19.0,0.0,0.53606,2,9.5
2006,REG,LAC,00-0021936,A.Pinnock,4,25.0,0.0,0.01331,3,6.25
2006,REG,LAC,00-0022017,M.Scifres,1,-7.0,0.0,-0.26995,1,-7.0
2006,REG,LAC,00-0022821,M.Turner,80,502.0,2.0,0.1679,13,6.275
2006,REG,LAC,00-0022942,P.Rivers,47,53.0,0.0,-0.31313,16,1.12766
2006,REG,LAC,00-0023496,V.Jackson,3,16.0,0.0,0.27952,2,5.33333
2006,REG,LAC,00-0024296,C.Whitehurst,2,13.0,1.0,1.62003,2,6.5
2006,REG,LV,00-0001823,A.Brooks,22,124.0,0.0,-0.42797,8,5.63636
2006,REG,LV,00-0003663,Z.Crockett,39,163.0,0.0,-0.18495,11,4.17949
2006,REG,LV,00-0017611,A.Whitted,1,4.0,0.0,-0.12412,1,4.0
2006,REG,LV,00-0020405,M.Tuiasosopo,4,29.0,0.0,0.95438,2,7.25
2006,REG,LV,00-0020462,L.Jordan,114,434.0,2.0,-0.17038,9,3.80702
2006,REG,LV,00-0021337,R.Curry,1,4.0,0.0,-0.12096,1,4.0
2006,REG,LV,00-0021673,R.Lee,21,72.0,2.0,-0.58762,10,3.42857
2006,REG,LV,00-0022093,J.Fargas,178,659.0,1.0,-0.10899,16,3.70225
2006,REG,LV,00-0023504,A.Walter,14,30.0,0.0,-1.27904,8,2.14286
2006,REG,MIA,00-0001477,M.Booker,3,19.0,0.0,-0.07265,3,6.33333
2006,REG,MIA,00-0003739,D.Culpepper,11,20.0,1.0,0.02546,3,1.81818
2006,REG,MIA,00-0019484,S.Morris,92,400.0,1.0,-0.16082,11,4.34783
2006,REG,MIA,00-0020446,C.Chambers,8,95.0,0.0,0.56002,8,11.875
2006,REG,MIA,00-0020448,T.Minor,19,74.0,0.0,-0.19259,4,3.89474
2006,REG,MIA,00-0020565,C.Lemon,3,7.0,0.0,-1.48337,2,2.33333
2006,REG,MIA,00-0021141,J.Harrington,19,17.0,0.0,-0.4551,9,0.89474
2006,REG,MIA,00-0022180,L.Suggs,6,26.0,0.0,-0.01753,3,4.33333
2006,REG,MIA,00-0022684,D.Jones,1,0.0,0.0,-3.45416,1,0.0
2006,REG,MIA,00-0023437,R.Brown,242,1005.0,5.0,-0.11921,13,4.15289
2006,REG,MIN,00-0008442,B.Johnson,30,82.0,1.0,0.00294,12,2.73333
2006,REG,MIN,00-0013694,T.Richardson,5,12.0,0.0,-0.2588,2,2.4
2006,REG,MIN,00-0019721,T.Taylor,1,5.0,0.0,0.29905,1,5.0
2006,REG,MIN,00-0021314,C.Taylor,304,1214.0,6.0,-0.14697,15,3.99342
2006,REG,MIN,00-0021993,Be.Johnson,4,8.0,0.0,-0.3601,4,2.0
2006,REG,MIN,00-0022006,A.Pinner,42,192.0,3.0,0.10915,8,4.57143
2006,REG,MIN,00-0022217,M.Moore,24,131.0,0.0,0.06597,12,5.45833
2006,REG,MIN,00-0023060,C.Kluwe,1,0.0,0.0,-0.947,1,0.0
2006,REG,MIN,00-0023547,C.Fason,18,99.0,1.0,0.04552,3,5.5
2006,REG,MIN,00-0024279,T.Jackson,16,79.0,1.0,-0.03724,4,4.9375
2006,REG,NE,00-0002068,T.Brown,1,16.0,0.0,0.82537,1,16.0
2006,REG,NE,00-0004304,C.Dillon,199,812.0,13.0,0.01445,16,4.0804
2006,REG,NE,00-0005091,K.Faulk,25,123.0,1.0,-0.04061,12,4.92
2006,REG,NE,00-0016193,V.Testaverde,8,-8.0,0.0,-0.83737,3,-1.0
2006,REG,NE,00-0019533,P.Pass,6,21.0,0.0,-0.71746,2,3.5
2006,REG,NE,00-0019596,T.Brady,49,102.0,0.0,-0.07169,14,2.08163
2006,REG,NE,00-0020507,H.Evans,27,117.0,0.0,0.0469,13,4.33333
2006,REG,NE,00-0021176,R.Caldwell,1,5.0,0.0,0.18167,1,5.0
2006,REG,NE,00-0022308,K.Kight,1,8.0,0.0,0.64879,1,8.0
2006,REG,NE,00-0023662,M.Cassel,2,4.0,0.0,-1.30917,2,2.0
2006,REG,NE,00-0024236,L.Maroney,175,745.0,6.0,-0.04169,14,4.25714
2006,REG,NE,00-0024251,C.Jackson,4,22.0,0.0,0.32293,4,5.5
2006,REG,NO,00-0010632,F.McAfee,3,12.0,1.0,0.79561,1,4.0
2006,REG,NO,00-0015601,A.Stecker,4,11.0,0.0,-0.34535,2,2.75
2006,REG,NO,00-0020527,D.McAllister,245,1057.0,11.0,0.00321,15,4.31429
2006,REG,NO,00-0020531,D.Brees,41,32.0,0.0,-0.49353,14,0.78049
2006,REG,NO,00-0022388,T.Copper,1,8.0,0.0,0.89123,1,8.0
2006,REG,NO,00-0022796,M.Karney,11,33.0,1.0,0.22396,7,3.0
2006,REG,NO,00-0022929,D.Henderson,2,14.0,1.0,2.15969,2,7.0
2006,REG,NO,00-0024202,J.Branch,10,29.0,0.0,-0.12125,1,2.9
2006,REG,NO,00-0024217,R.Bush,154,558.0,6.0,-0.14208,16,3.62338
2006,REG,NYG,00-0000745,T.Barber,328,1662.0,5.0,0.0292,16,5.06707
2006,REG,NYG,00-0005229,J.Finn,2,14.0,0.0,-0.88517,2,7.0
2006,REG,NYG,00-0016550,A.Toomer,1,0.0,0.0,-0.67903,1,0.0
2006,REG,NYG,00-0019590,C.Morton,1,22.0,0.0,1.37661,1,22.0
2006,REG,NYG,00-0021129,M.Jennings,2,12.0,0.0,-0.12882,2,6.0
2006,REG,NYG,00-0022590,J.Lorenzen,1,2.0,0.0,0.32844,1,2.0
2006,REG,NYG,00-0022803,E.Manning,25,21.0,0.0,-0.80794,12,0.84
2006,REG,NYG,00-0023545,B.Jacobs,96,423.0,9.0,0.04523,15,4.40625
2006,REG,NYJ,00-0004673,T.Dwight,2,28.0,0.0,1.11936,2,14.0
2006,REG,NYJ,00-0018958,L.Coles,2,14.0,0.0,0.09515,2,7.0
2006,REG,NYJ,00-0019559,C.Pennington,36,111.0,0.0,0.16949,14,3.08333
2006,REG,NYJ,00-0020315,D.Blaylock,25,43.0,0.0,-0.42482,2,1.72
2006,REG,NYJ,00-0020474,K.Barlow,131,370.0,6.0,-0.15052,12,2.82443
2006,REG,NYJ,00-0022003,B.Askew,6,11.0,0.0,-0.68199,5,1.83333
2006,REG,NYJ,00-0022811,J.Cotchery,5,25.0,0.0,0.16956,5,5.0
2006,REG,NYJ,00-0022954,B.Graham,1,0.0,0.0,-3.93097,1,0.0
2006,REG,NYJ,00-0023615,C.Houston,113,374.0,5.0,-0.14638,8,3.30973
2006,REG,NYJ,00-0024264,K.Clemens,2,10.0,0.0,0.01558,2,5.0
2006,REG,NYJ,00-0024318,B.Smith,18,103.0,0.0,0.44467,11,5.72222
2006,REG,NYJ,00-0024332,L.Washington,151,650.0,4.0,-0.07505,15,4.30464
2006,REG,PHI,00-0005755,J.Garcia,25,87.0,0.0,-0.44548,7,3.48
2006,REG,PHI,00-0008484,D.Johnson,1,0.0,0.0,-3.50049,1,0.0
2006,REG,PHI,00-0011022,D.McNabb,32,212.0,3.0,0.20838,8,6.625
2006,REG,PHI,00-0020270,C.Buckhalter,83,345.0,2.0,-0.11288,16,4.15663
2006,REG,PHI,00-0020305,A.Feeley,1,3.0,0.0,-0.21791,1,3.0
2006,REG,PHI,00-0021216,B.Westbrook,240,1217.0,7.0,0.04934,15,5.07083
2006,REG,PHI,00-0021509,R.Mahe,4,18.0,0.0,-0.21872,2,4.5
2006,REG,PHI,00-0022797,T.Tapeh,5,9.0,0.0,-0.28089,5,1.8
2006,REG,PHI,00-0023470,R.Brown,3,24.0,1.0,0.70158,3,8.0
2006,REG,PHI,00-0023512,R.Moats,22,69.0,0.0,-0.08638,5,3.13636
2006,REG,PIT,00-0000865,C.Batch,13,12.0,0.0,-0.83408,4,0.92308
2006,REG,PIT,00-0017162,H.Ward,2,30.0,0.0,0.72053,1,15.0
2006,REG,PIT,00-0019135,D.Kreider,1,5.0,0.0,0.02846,1,5.0
2006,REG,PIT,00-0020452,C.Wilson,2,14.0,0.0,-0.00413,2,7.0
2006,REG,PIT,00-0021252,N.Davenport,60,221.0,1.0,-0.15561,12,3.68333
2006,REG,PIT,00-0021279,V.Haynes,15,78.0,0.0,-0.32711,6,5.2
2006,REG,PIT,00-0022250,W.Parker,337,1494.0,13.0,-0.0493,16,4.43323
2006,REG,PIT,00-0022924,B.Roethlisberger,32,98.0,2.0,-0.01265,14,3.0625
2006,REG,PIT,00-0022999,J.Kuhn,2,18.0,0.0,0.1973,2,9.0
2006,REG,PIT,00-0023367,N.Washington,3,8.0,0.0,-0.12007,3,2.66667
2006,REG,PIT,00-0023497,B.McFadden,1,-2.0,0.0,-2.21354,1,-2.0
2006,REG,PIT,00-0024240,S.Holmes,1,13.0,0.0,1.1557,1,13.0
2006,REG,SEA,00-0004915,B.Engram,1,4.0,0.0,0.01331,1,4.0
2006,REG,SEA,00-0007091,M.Hasselbeck,18,110.0,0.0,0.35113,9,6.11111
2006,REG,SEA,00-0015830,M.Strong,33,149.0,1.0,-0.03794,13,4.51515
2006,REG,SEA,00-0019647,S.Alexander,252,896.0,7.0,-0.13723,10,3.55556
2006,REG,SEA,00-0021182,M.Morris,161,604.0,0.0,-0.17991,16,3.75155
2006,REG,SEA,00-0021192,D.Branch,4,30.0,0.0,0.05674,4,7.5
2006,REG,SEA,00-0022055,S.Wallace,13,119.0,0.0,0.58243,5,9.15385
2006,REG,SEA,00-0023064,M.Weeks,3,8.0,0.0,0.11577,1,2.66667
2006,REG,SF,00-0019302,B.Gilmore,7,94.0,0.0,0.5319,6,13.42857
2006,REG,SF,00-0020508,M.Norris,2,8.0,0.0,0.41792,1,4.0
2006,REG,SF,00-0020797,M.Hicks,29,82.0,0.0,-0.20412,9,2.82759
2006,REG,SF,00-0022064,A.Battle,4,28.0,0.0,0.06374,4,7.0
2006,REG,SF,00-0023436,A.Smith,41,151.0,2.0,0.10957,11,3.68293
2006,REG,SF,00-0023500,F.Gore,313,1695.0,8.0,-0.08029,16,5.41534
2006,REG,SF,00-0024221,V.Davis,2,5.0,0.0,-0.19928,2,2.5
2006,REG,SF,00-0024315,M.Robinson,38,116.0,2.0,-0.27135,12,3.05263
2006,REG,TB,00-0000251,M.Alstott,60,171.0,3.0,-0.18668,11,2.85
2006,REG,TB,00-0005720,J.Galloway,2,9.0,0.0,0.04585,2,4.5
2006,REG,TB,00-0013013,M.Pittman,50,245.0,1.0,0.07716,14,4.9
2006,REG,TB,00-0019623,T.Rattay,4,3.0,0.0,-1.25933,3,0.75
2006,REG,TB,00-0021755,E.Graham,11,59.0,0.0,0.01544,3,5.36364
2006,REG,TB,00-0022005,C.Simms,4,7.0,1.0,0.6563,3,1.75
2006,REG,TB,00-0022725,M.Clayton,5,41.0,0.0,0.2722,5,8.2
2006,REG,TB,00-0023440,C.Williams,225,798.0,1.0,-0.16761,14,3.54667
2006,REG,TB,00-0024305,M.Stovall,2,29.0,0.0,0.88923,1,14.5
2006,REG,TB,00-0024408,B.Gradkowski,41,161.0,0.0,-0.17536,10,3.92683
2006,REG,TEN,00-0020471,T.Henry,271,1211.0,7.0,-0.07394,14,4.46863
2006,REG,TEN,00-0021353,D.Givens,1,3.0,0.0,-0.15866,1,3.0
2006,REG,TEN,00-0022092,C.Brown,41,156.0,0.0,-0.1307,5,3.80488
2006,REG,TEN,00-0022100,D.Nickey,1,0.0,0.0,-2.74913,1,0.0
2006,REG,TEN,00-0023441,A.Jones,2,8.0,0.0,0.13776,2,4.0
2006,REG,TEN,00-0023503,C.Roby,1,3.0,0.0,-0.09537,1,3.0
2006,REG,TEN,00-0023531,B.Jones,1,3.0,0.0,-0.13224,1,3.0
2006,REG,TEN,00-0023612,B.Scaife,1,13.0,1.0,3.15154,1,13.0
2006,REG,TEN,00-0024218,V.Young,83,553.0,7.0,0.2688,14,6.66265
2006,REG,TEN,00-0024260,L.White,61,244.0,0.0,-0.08003,11,4.0
2006,REG,TEN,00-0024489,A.Hall,7,21.0,0.0,-0.29993,5,3.0
2006,REG,WAS,00-0002110,M.Brunell,13,34.0,0.0,-0.5656,7,2.61538
2006,REG,WAS,00-0014655,M.Sellers,12,51.0,0.0,0.36766,6,4.25
2006,REG,WAS,00-0020494,S.Moss,7,82.0,0.0,0.43642,4,11.71429
2006,REG,WAS,00-0021179,C.Portis,127,523.0,7.0,0.02553,8,4.11811
2006,REG,WAS,00-0021184,L.Betts,245,1154.0,4.0,-0.05509,16,4.7102
2006,REG,WAS,00-0021190,A.Randle El,19,118.0,0.0,0.12845,13,6.21053
2006,REG,WAS,00-0021357,R.Cartwright,5,15.0,0.0,-0.94112,1,3.0
2006,REG,WAS,00-0021376,T.Duckett,38,132.0,2.0,-0.12072,9,3.47368
2006,REG,WAS,00-0023460,J.Campbell,23,112.0,0.0,0.35594,7,4.86957
2007,POST,DAL,00-0021678,T.Romo,3,17.0,0.0,0.47547,1,5.66667
2007,POST,DAL,00-0022840,J.Jones,3,8.0,0.0,-0.16084,1,2.66667
2007,POST,DAL,00-0023544,M.Barber,27,129.0,1.0,0.16291,1,4.77778
2007,POST,GB,00-0005106,B.Favre,1,-1.0,0.0,0.0,1,-1.0
2007,POST,GB,00-0022984,R.Grant,40,230.0,3.0,-0.0086,2,5.75
2007,POST,GB,00-0025450,B.Jackson,8,34.0,0.0,-0.19196,1,4.25
2007,POST,IND,00-0010346,P.Manning,1,-6.0,0.0,-1.78729,1,-6.0
2007,POST,IND,00-0022206,K.Keith,4,7.0,0.0,-0.46592,1,1.75
2007,POST,IND,00-0024245,J.Addai,13,43.0,0.0,-0.0271,1,3.30769
2007,POST,JAX,00-0016098,F.Taylor,29,95.0,1.0,-0.04909,2,3.27586
2007,POST,JAX,00-0021231,D.Garrard,8,72.0,0.0,0.49526,2,9.0
2007,POST,JAX,00-0024275,M.Jones-Drew,14,48.0,1.0,-0.00893,2,3.42857
2007,POST,LAC,00-0019041,B.Volek,3,-1.0,1.0,-0.26864,1,-0.33333
2007,POST,LAC,00-0020536,L.Tomlinson,30,75.0,1.0,-0.17804,3,2.5
2007,POST,LAC,00-0022821,M.Turner,43,164.0,0.0,-0.08922,3,3.81395
2007,POST,LAC,00-0022942,P.Rivers,4,-2.0,0.0,-0.75771,2,-0.5
2007,POST,LAC,00-0023564,D.Sproles,4,35.0,0.0,0.23029,2,8.75
2007,POST,NE,00-0005091,K.Faulk,6,24.0,0.0,-0.31238,3,4.0
2007,POST,NE,00-0011754,R.Moss,1,14.0,0.0,0.78613,1,14.0
2007,POST,NE,00-0019596,T.Brady,4,-1.0,0.0,-0.85887,2,-0.25
2007,POST,NE,00-0020507,H.Evans,3,9.0,0.0,0.25799,2,3.0
2007,POST,NE,00-0022427,W.Welker,1,13.0,0.0,0.97644,1,13.0
2007,POST,NE,00-0024236,L.Maroney,61,280.0,3.0,0.08824,3,4.59016
2007,POST,NYG,00-0022803,E.Manning,8,10.0,0.0,-0.31004,3,1.25
2007,POST,NYG,00-0023545,B.Jacobs,62,197.0,3.0,-0.07534,4,3.17742
2007,POST,NYG,00-0025637,A.Bradshaw,48,208.0,1.0,0.00361,4,4.33333
2007,POST,PIT,00-0021252,N.Davenport,16,25.0,2.0,-0.16108,1,1.5625
2007,POST,PIT,00-0022434,C.Davis,3,3.0,0.0,-0.4239,1,1.0
2007,POST,PIT,00-0022924,B.Roethlisberger,5,13.0,0.0,-0.37988,1,2.6
2007,POST,PIT,00-0024846,G.Russell,3,2.0,0.0,-0.60349,1,0.66667
2007,POST,SEA,00-0007091,M.Hasselbeck,3,0.0,0.0,-0.86822,2,0.0
2007,POST,SEA,00-0019647,S.Alexander,24,66.0,1.0,-0.13192,2,2.75
2007,POST,SEA,00-0021182,M.Morris,7,12.0,0.0,-0.11933,2,1.71429
2007,POST,SEA,00-0023063,L.Weaver,5,27.0,1.0,0.23884,2,5.4
2007,POST,TB,00-0005720,J.Galloway,1,-4.0,0.0,-1.08811,1,-4.0
2007,POST,TB,00-0005755,J.Garcia,1,2.0,0.0,0.40743,1,2.0
2007,POST,TB,00-0013013,M.Pittman,1,5.0,0.0,0.27595,1,5.0
2007,POST,TB,00-0021755,E.Graham,18,63.0,1.0,0.07061,1,3.5
2007,POST,TB,00-0022003,B.Askew,1,3.0,0.0,0.58435,1,3.0
2007,POST,TEN,00-0022092,C.Brown,4,13.0,0.0,-1.07343,1,3.25
2007,POST,TEN,00-0024218,V.Young,2,12.0,0.0,0.82014,1,6.0
2007,POST,TEN,00-0024260,L.White,19,69.0,0.0,-0.03022,1,3.63158
2007,POST,TEN,00-0024489,A.Hall,3,14.0,0.0,0.44189,1,4.66667
2007,POST,TEN,00-0025437,C.Henry,1,0.0,0.0,-0.77424,1,0.0
2007,POST,TEN,00-0025515,Ch.Davis,1,11.0,0.0,0.81569,1,11.0
2007,POST,WAS,00-0003315,T.Collins,2,2.0,0.0,-0.45344,1,1.0
2007,POST,WAS,00-0014655,M.Sellers,3,4.0,0.0,-0.85734,1,1.33333
2007,POST,WAS,00-0021179,C.Portis,20,52.0,0.0,-0.33055,1,2.6
2007,POST,WAS,00-0021184,L.Betts,3,15.0,0.0,0.00512,1,5.0
2007,POST,WAS,00-0021190,A.Randle El,1,2.0,0.0,-0.50749,1,2.0
2007,REG,ARI,00-0001157,M.Berger,1,0.0,0.0,0.22618,1,0.0
2007,REG,ARI,00-0008241,E.James,324,1232.0,7.0,-0.04696,16,3.80247
2007,REG,ARI,00-0011641,S.Morey,1,13.0,0.0,3.2464,1,13.0
2007,REG,ARI,00-0017200,K.Warner,17,15.0,1.0,-1.3607,9,0.88235
2007,REG,ARI,00-0019587,T.Smith,1,3.0,0.0,-0.32155,1,3.0
2007,REG,ARI,00-0019623,T.Rattay,2,5.0,0.0,-0.72558,1,2.5
2007,REG,ARI,00-0019816,T.Hasselbeck,1,-1.0,0.0,-1.87573,1,-1.0
2007,REG,ARI,00-0020022,M.Shipp,15,41.0,1.0,-0.06491,8,2.73333
2007,REG,ARI,00-0022084,A.Boldin,1,14.0,0.0,0.97968,1,14.0
2007,REG,ARI,00-0023479,J.Arrington,26,78.0,0.0,-0.36329,12,3.0
2007,REG,ARI,00-0024225,M.Leinart,11,42.0,0.0,0.24093,4,3.81818
2007,REG,ARI,00-0025529,S.Breaston,2,8.0,0.0,-0.47638,2,4.0
2007,REG,ATL,00-0004640,W.Dunn,228,718.0,4.0,-0.24868,16,3.14912
2007,REG,ATL,00-0019709,C.Redman,8,16.0,0.0,-0.69433,4,2.0
2007,REG,ATL,00-0021141,J.Harrington,14,33.0,0.0,-0.49918,9,2.35714
2007,REG,ATL,00-0022006,A.Pinner,5,46.0,0.0,0.3388,4,9.2
2007,REG,ATL,00-0022143,O.Mughelli,6,7.0,1.0,-0.12417,5,1.16667
2007,REG,ATL,00-0022177,B.Leftwich,6,7.0,0.0,-0.60428,2,1.16667
2007,REG,ATL,00-0023234,M.Koenen,1,0.0,0.0,-2.95684,1,0.0
2007,REG,ATL,00-0023462,R.White,1,-2.0,0.0,-0.90059,1,-2.0
2007,REG,ATL,00-0023761,T.Williams,1,37.0,0.0,4.94238,1,37.0
2007,REG,ATL,00-0024294,J.Norwood,102,615.0,1.0,0.06899,15,6.02941
2007,REG,ATL,00-0025631,J.Snelling,13,43.0,1.0,0.08322,6,3.30769
2007,REG,BAL,00-0011024,S.McNair,10,32.0,0.0,-0.90226,5,3.2
2007,REG,BAL,00-0019594,M.Anderson,15,62.0,0.0,-0.46053,5,4.13333
2007,REG,BAL,00-0022130,M.Smith,75,264.0,2.0,-0.10009,15,3.52
2007,REG,BAL,00-0022164,K.Boller,19,89.0,0.0,0.19411,8,4.68421
2007,REG,BAL,00-0022178,W.McGahee,294,1207.0,7.0,-0.10157,15,4.10544
2007,REG,BAL,00-0024148,C.Ross,12,72.0,1.0,0.13274,1,6.0
2007,REG,BAL,00-0025461,Y.Figurs,1,-1.0,0.0,-1.02926,1,-1.0
2007,REG,BAL,00-0025524,L.McClain,8,18.0,0.0,-0.28046,7,2.25
2007,REG,BAL,00-0025561,T.Smith,12,54.0,1.0,0.04949,3,4.5
2007,REG,BUF,00-0011626,B.Moorman,4,14.0,0.0,0.33979,3,3.5
2007,REG,BUF,00-0020403,A.Thomas,10,12.0,0.0,-0.52388,4,1.2
2007,REG,BUF,00-0020403,An.Thomas,26,77.0,0.0,-0.12384,2,2.96154
2007,REG,BUF,00-0021166,J.Reed,4,10.0,0.0,-0.23849,4,2.5
2007,REG,BUF,00-0022912,J.Losman,20,110.0,0.0,0.13675,6,5.5
2007,REG,BUF,00-0023490,R.Parrish,3,19.0,1.0,-0.03764,3,6.33333
2007,REG,BUF,00-0024204,F.Jackson,58,300.0,0.0,-0.04005,8,5.17241
2007,REG,BUF,00-0025399,M.Lynch,281,1115.0,7.0,-0.09389,13,3.96797
2007,REG,BUF,00-0025479,T.Edwards,14,49.0,0.0,0.07933,9,3.5
2007,REG,BUF,00-0025498,D.Wright,29,94.0,0.0,-0.20303,10,3.24138
2007,REG,CAR,00-0004161,J.Delhomme,6,26.0,0.0,-0.02902,3,4.33333
2007,REG,CAR,00-0016193,V.Testaverde,9,22.0,0.0,-0.45027,6,2.44444
2007,REG,CAR,00-0019100,B.Hoover,12,39.0,0.0,-0.15761,8,3.25
2007,REG,CAR,00-0020337,S.Smith,9,66.0,0.0,0.41237,6,7.33333
2007,REG,CAR,00-0020608,D.Carr,17,59.0,0.0,-0.07349,6,3.47059
2007,REG,CAR,00-0021164,D.Foster,247,876.0,3.0,-0.21359,16,3.54656
2007,REG,CAR,00-0023714,A.Haynes,3,3.0,0.0,-0.26894,2,1.0
2007,REG,CAR,00-0024242,D.Williams,144,717.0,4.0,0.07574,16,4.97917
2007,REG,CAR,00-0025432,D.Jarrett,1,11.0,0.0,1.02178,1,11.0
2007,REG,CAR,00-0025708,M.Moore,3,5.0,0.0,-1.45579,2,1.66667
2007,REG,CHI,00-0006423,B.Griese,13,28.0,0.0,-0.33193,7,2.15385
2007,REG,CHI,00-0020805,J.McKie,6,17.0,1.0,0.43635,5,2.83333
2007,REG,CHI,00-0021306,A.Peterson,151,510.0,3.0,-0.12155,16,3.37748
2007,REG,CHI,00-0022121,R.Grossman,13,23.0,0.0,-0.19215,5,1.76923
2007,REG,CHI,00-0022807,B.Berrian,1,3.0,0.0,-0.14561,1,3.0
2007,REG,CHI,00-0023439,C.Benson,197,678.0,4.0,-0.18974,11,3.44162
2007,REG,CHI,00-0023541,K.Orton,5,-1.0,0.0,-0.11307,2,-0.2
2007,REG,CHI,00-0024272,D.Hester,7,-10.0,0.0,-0.91727,6,-1.42857
2007,REG,CHI,00-0025480,G.Wolfe,31,85.0,0.0,-0.28875,9,2.74194
2007,REG,CIN,00-0019808,K.Watson,179,763.0,7.0,0.00089,14,4.26257
2007,REG,CIN,00-0019997,A.Chatman,1,5.0,0.0,0.24455,1,5.0
2007,REG,CIN,00-0020397,C.Johnson,6,47.0,0.0,0.33315,6,7.83333
2007,REG,CIN,00-0020407,R.Johnson,171,497.0,3.0,-0.21532,11,2.90643
2007,REG,CIN,00-0020438,T.Houshmandzadeh,5,14.0,0.0,-0.17906,5,2.8
2007,REG,CIN,00-0021429,C.Palmer,24,10.0,0.0,-0.27776,12,0.41667
2007,REG,CIN,00-0022141,J.Johnson,7,25.0,0.0,-0.15659,6,3.57143
2007,REG,CIN,00-0023623,T.Perry,1,9.0,0.0,0.73446,1,9.0
2007,REG,CIN,00-0023806,D.Dorsey,21,183.0,0.0,0.469,7,8.71429
2007,REG,CIN,00-0024174,G.Holt,2,2.0,0.0,-0.52984,2,1.0
2007,REG,CIN,00-0024340,S.Green,1,1.0,0.0,-0.4557,1,1.0
2007,REG,CLE,00-0019693,J.Lewis,299,1303.0,9.0,-0.07608,15,4.35786
2007,REG,CLE,00-0021235,D.Zastudil,2,-3.0,0.0,-3.56963,2,-1.5
2007,REG,CLE,00-0022288,J.Wright,60,277.0,1.0,-0.0549,12,4.61667
2007,REG,CLE,00-0023176,J.Cribbs,9,61.0,0.0,0.29943,9,6.77778
2007,REG,CLE,00-0023502,C.Frye,1,1.0,0.0,-0.50882,1,1.0
2007,REG,CLE,00-0023645,D.Anderson,30,77.0,3.0,-0.17907,14,2.56667
2007,REG,CLE,00-0024359,J.Harrison,23,142.0,0.0,0.26322,4,6.17391
2007,REG,CLE,00-0024394,L.Vickers,15,43.0,0.0,-0.17737,11,2.86667
2007,REG,DAL,00-0008442,B.Johnson,5,-5.0,0.0,-1.00923,3,-1.0
2007,REG,DAL,00-0012478,T.Owens,1,5.0,0.0,0.17785,1,5.0
2007,REG,DAL,00-0021678,T.Romo,28,128.0,2.0,0.16447,13,4.57143
2007,REG,DAL,00-0022840,J.Jones,166,584.0,2.0,-0.19059,16,3.51807
2007,REG,DAL,00-0023192,T.Thompson,14,54.0,0.0,-0.25058,4,3.85714
2007,REG,DAL,00-0023544,M.Barber,203,973.0,10.0,0.09416,16,4.7931
2007,REG,DEN,00-0015754,B.Stokley,1,-6.0,0.0,-1.26684,1,-6.0
2007,REG,DEN,00-0020471,T.Henry,167,691.0,4.0,-0.06016,11,4.13772
2007,REG,DEN,00-0021153,J.Walker,2,-3.0,0.0,-0.76279,2,-1.5
2007,REG,DEN,00-0021379,P.Ramsey,2,6.0,0.0,0.57039,2,3.0
2007,REG,DEN,00-0021845,C.Sapp,18,59.0,2.0,-0.10133,8,3.27778
2007,REG,DEN,00-0023764,A.Hall,44,216.0,2.0,-0.05143,5,4.90909
2007,REG,DEN,00-0024011,M.Bell,6,3.0,0.0,-1.04853,3,0.5
2007,REG,DEN,00-0024226,J.Cutler,44,205.0,1.0,-0.04994,14,4.65909
2007,REG,DEN,00-0024334,B.Marshall,5,57.0,0.0,0.79998,4,11.4
2007,REG,DEN,00-0024549,S.Young,140,729.0,1.0,-0.02659,15,5.20714
2007,REG,DET,00-0009311,J.Kitna,27,63.0,0.0,-0.31622,11,2.33333
2007,REG,DET,00-0019794,A.Cason,11,38.0,0.0,-0.22186,5,3.45455
2007,REG,DET,00-0021296,J.O'Sullivan,4,-10.0,0.0,-2.40359,3,-2.5
2007,REG,DET,00-0021376,T.Duckett,65,335.0,3.0,0.02754,11,5.15385
2007,REG,DET,00-0021981,S.McDonald,4,2.0,0.0,-1.33817,4,0.5
2007,REG,DET,00-0022290,J.Bradley,5,9.0,0.0,-0.51934,4,1.8
2007,REG,DET,00-0022782,K.Jones,153,581.0,8.0,-0.08708,13,3.79739
2007,REG,DET,00-0022893,T.Bell,44,182.0,1.0,-0.17389,5,4.13636
2007,REG,DET,00-0022909,R.Williams,2,1.0,0.0,-0.45376,2,0.5
2007,REG,DET,00-0024289,B.Calhoun,7,35.0,0.0,-0.28361,2,5.0
2007,REG,DET,00-0025389,C.Johnson,4,52.0,1.0,1.36795,4,13.0
2007,REG,GB,00-0004541,D.Driver,2,4.0,0.0,-0.40097,2,2.0
2007,REG,GB,00-0005106,B.Favre,29,12.0,0.0,-0.68261,13,0.41379
2007,REG,GB,00-0020490,K.Robinson,1,5.0,0.0,-0.01267,1,5.0
2007,REG,GB,00-0021277,C.Nall,5,6.0,0.0,-1.18541,1,1.2
2007,REG,GB,00-0022984,R.Grant,188,956.0,8.0,0.02029,12,5.08511
2007,REG,GB,00-0023459,A.Rodgers,7,29.0,0.0,0.36111,2,4.14286
2007,REG,GB,00-0023508,V.Morency,29,108.0,0.0,-0.21835,7,3.72414
2007,REG,GB,00-0023742,J.Ryan,2,7.0,0.0,0.31479,2,3.5
2007,REG,GB,00-0025450,B.Jackson,75,267.0,1.0,-0.15276,9,3.56
2007,REG,GB,00-0025615,D.Wynn,50,203.0,4.0,-0.03287,7,4.06
2007,REG,HOU,00-0006305,A.Green,70,260.0,2.0,-0.06205,6,3.71429
2007,REG,HOU,00-0016689,M.Turk,1,0.0,0.0,-5.58799,1,0.0
2007,REG,HOU,00-0019643,R.Dayne,194,773.0,6.0,-0.05767,12,3.98454
2007,REG,HOU,00-0020391,J.Cook,8,24.0,0.0,-0.2687,3,3.0
2007,REG,HOU,00-0020480,S.Rosenfels,21,51.0,1.0,0.09079,8,2.42857
2007,REG,HOU,00-0021931,K.Walter,5,30.0,0.0,0.54568,4,6.0
2007,REG,HOU,00-0022397,V.Leach,2,2.0,1.0,0.48138,2,1.0
2007,REG,HOU,00-0022787,M.Schaub,17,52.0,0.0,0.10892,8,3.05882
2007,REG,HOU,00-0022883,A.Echemandu,10,23.0,0.0,-0.77228,4,2.3
2007,REG,HOU,00-0022883,J.Echemandu,10,62.0,0.0,0.20191,1,6.2
2007,REG,HOU,00-0023074,S.Gado,19,46.0,1.0,-0.1244,3,2.42105
2007,REG,HOU,00-0024850,D.Walker,59,264.0,1.0,0.10025,4,4.47458
2007,REG,HOU,00-0025460,J.Jones,3,-1.0,0.0,-0.22839,3,-0.33333
2007,REG,IND,00-0010346,P.Manning,20,-5.0,3.0,-0.00317,9,-0.25
2007,REG,IND,00-0020498,R.Wayne,1,4.0,0.0,-0.10755,1,4.0
2007,REG,IND,00-0022165,D.Clark,2,29.0,0.0,1.85716,2,14.5
2007,REG,IND,00-0022206,K.Keith,121,533.0,3.0,0.08254,16,4.40496
2007,REG,IND,00-0022529,L.Lawton,5,13.0,0.0,-0.39385,2,2.6
2007,REG,IND,00-0022744,J.Sorgi,6,-4.0,0.0,-0.31191,3,-0.66667
2007,REG,IND,00-0024245,J.Addai,263,1072.0,12.0,0.01982,15,4.07605
2007,REG,IND,00-0024698,C.Dawson,30,64.0,1.0,-0.24873,5,2.13333
2007,REG,JAX,00-0016098,F.Taylor,223,1202.0,5.0,0.01851,15,5.39013
2007,REG,JAX,00-0019650,D.Northcutt,6,27.0,0.0,-0.07002,5,4.5
2007,REG,JAX,00-0020613,Q.Gray,19,57.0,0.0,0.30649,8,3.0
2007,REG,JAX,00-0021231,D.Garrard,51,182.0,1.0,0.37322,11,3.56863
2007,REG,JAX,00-0022057,L.Toefield,13,27.0,1.0,-0.31596,2,2.07692
2007,REG,JAX,00-0022889,R.Williams,1,8.0,0.0,1.22734,1,8.0
2007,REG,JAX,00-0022897,G.Jones,42,119.0,2.0,-0.14629,13,2.83333
2007,REG,JAX,00-0024275,M.Jones-Drew,167,768.0,9.0,0.02806,15,4.5988
2007,REG,JAX,00-0025488,A.Podlesh,2,-2.0,0.0,-3.71891,1,-1.0
2007,REG,KC,00-0007661,P.Holmes,47,137.0,0.0,-0.20595,4,2.91489
2007,REG,KC,00-0007835,D.Huard,9,-1.0,0.0,-1.39831,6,-0.11111
2007,REG,KC,00-0009163,E.Kennison,2,5.0,0.0,-0.20899,2,2.5
2007,REG,KC,00-0020514,M.Bennett,20,52.0,0.0,-0.26712,6,2.6
2007,REG,KC,00-0020692,E.Drummond,1,-3.0,0.0,-0.91581,1,-3.0
2007,REG,KC,00-0021187,J.McGraw,1,4.0,0.0,2.93855,1,4.0
2007,REG,KC,00-0021976,L.Johnson,158,559.0,3.0,-0.20547,8,3.53797
2007,REG,KC,00-0022714,K.Wilson,3,7.0,0.0,-0.18068,3,2.33333
2007,REG,KC,00-0022754,S.Parker,1,2.0,0.0,-0.23167,1,2.0
2007,REG,KC,00-0024300,B.Croyle,7,18.0,0.0,0.14787,3,2.57143
2007,REG,KC,00-0024404,J.Webb,1,5.0,0.0,0.05101,1,5.0
2007,REG,KC,00-0025337,G.Harris,9,9.0,0.0,-0.2404,4,1.0
2007,REG,KC,00-0025535,K.Smith,112,407.0,2.0,-0.04011,8,3.63393
2007,REG,KC,00-0025701,J.Battle,14,47.0,1.0,-0.04702,2,3.35714
2007,REG,LA,00-0002099,I.Bruce,2,-4.0,0.0,-0.93171,2,-2.0
2007,REG,LA,00-0005589,G.Frerotte,6,3.0,0.0,-0.42078,4,0.5
2007,REG,LA,00-0019539,D.Hall,3,18.0,0.0,0.52754,3,6.0
2007,REG,LA,00-0019599,M.Bulger,9,13.0,0.0,-0.33426,6,1.44444
2007,REG,LA,00-0020448,T.Minor,17,68.0,0.0,-0.07188,6,4.0
2007,REG,LA,00-0022736,S.Jackson,237,1002.0,5.0,-0.10251,12,4.22785
2007,REG,LA,00-0023158,B.Berlin,3,-16.0,0.0,-2.74451,1,-5.33333
2007,REG,LA,00-0024358,M.Hagans,2,-4.0,0.0,0.0,1,-2.0
2007,REG,LA,00-0025439,B.Leonard,86,303.0,0.0,-0.15716,10,3.52326
2007,REG,LA,00-0025494,A.Pittman,38,139.0,0.0,-0.14724,9,3.65789
2007,REG,LA,00-0025636,D.Stanley,1,5.0,0.0,0.17757,1,5.0
2007,REG,LAC,00-0011958,L.Neal,13,32.0,0.0,-0.28678,7,2.46154
2007,REG,LAC,00-0019041,B.Volek,11,-7.0,0.0,-0.70508,5,-0.63636
2007,REG,LAC,00-0020446,C.Chambers,2,17.0,0.0,0.60423,2,8.5
2007,REG,LAC,00-0020536,L.Tomlinson,315,1474.0,15.0,0.03079,16,4.67937
2007,REG,LAC,00-0021936,A.Pinnock,4,1.0,0.0,-0.87975,1,0.25
2007,REG,LAC,00-0022821,M.Turner,71,316.0,1.0,-0.18064,14,4.4507
2007,REG,LAC,00-0022942,P.Rivers,29,33.0,1.0,-0.64563,13,1.13793
2007,REG,LAC,00-0023564,D.Sproles,37,164.0,2.0,-0.07031,6,4.43243
2007,REG,LAC,00-0025417,C.Davis,3,9.0,0.0,-0.2483,3,3.0
2007,REG,LV,00-0003739,D.Culpepper,20,46.0,3.0,0.23704,6,2.3
2007,REG,LV,00-0004673,T.Dwight,2,12.0,0.0,0.09066,2,6.0
2007,REG,LV,00-0019714,S.Lechler,1,-4.0,0.0,-2.40583,1,-4.0
2007,REG,LV,00-0019863,D.Rhodes,75,302.0,1.0,-0.17768,6,4.02667
2007,REG,LV,00-0020462,L.Jordan,144,549.0,3.0,-0.0931,11,3.8125
2007,REG,LV,00-0021206,J.McCown,28,149.0,0.0,-0.0932,8,5.32143
2007,REG,LV,00-0021337,R.Curry,1,1.0,0.0,-0.36082,1,1.0
2007,REG,LV,00-0022011,J.Griffith,7,27.0,0.0,-0.05866,3,3.85714
2007,REG,LV,00-0022093,J.Fargas,222,1009.0,4.0,-0.04916,14,4.54505
2007,REG,LV,00-0025388,J.Russell,5,4.0,0.0,-1.39045,2,0.8
2007,REG,LV,00-0025486,J.Higgins,2,3.0,0.0,-0.35453,2,1.5
2007,REG,MIA,00-0001477,M.Booker,2,12.0,0.0,-1.19341,2,6.0
2007,REG,MIA,00-0006355,T.Green,7,32.0,0.0,-0.44943,2,4.57143
2007,REG,MIA,00-0017915,R.Williams,6,15.0,0.0,-0.49626,1,2.5
2007,REG,MIA,00-0020446,C.Chambers,1,-5.0,0.0,-1.37502,1,-5.0
2007,REG,MIA,00-0020565,C.Lemon,33,92.0,4.0,0.22931,8,2.78788
2007,REG,MIA,00-0020820,J.Chatman,128,515.0,1.0,-0.17072,11,4.02344
2007,REG,MIA,00-0023074,S.Gado,35,104.0,3.0,-0.13892,5,2.97143
2007,REG,MIA,00-0023437,R.Brown,120,602.0,4.0,0.19659,7,5.01667
2007,REG,MIA,00-0024172,P.Cobbs,15,47.0,1.0,0.01106,5,3.13333
2007,REG,MIA,00-0025396,T.Ginn,4,3.0,0.0,-0.53209,4,0.75
2007,REG,MIA,00-0025427,J.Beck,9,12.0,1.0,-0.74792,5,1.33333
2007,REG,MIA,00-0025458,L.Booker,28,125.0,0.0,0.11632,5,4.46429
2007,REG,MIA,00-0025568,R.Mauia,4,5.0,0.0,-0.66548,3,1.25
2007,REG,MIN,00-0007576,K.Holcomb,1,0.0,0.0,-1.2376,1,0.0
2007,REG,MIN,00-0013694,T.Richardson,7,13.0,0.0,-0.11426,7,1.85714
2007,REG,MIN,00-0021314,C.Taylor,157,844.0,7.0,-0.05992,14,5.3758
2007,REG,MIN,00-0022026,B.Bollinger,6,18.0,0.0,-0.87998,5,3.0
2007,REG,MIN,00-0022144,B.Wade,1,-9.0,0.0,-1.66612,1,-9.0
2007,REG,MIN,00-0022217,M.Moore,20,113.0,0.0,-0.12399,6,5.65
2007,REG,MIN,00-0022746,J.Dugan,2,7.0,0.0,0.55681,2,3.5
2007,REG,MIN,00-0023442,T.Williamson,2,29.0,0.0,0.67092,2,14.5
2007,REG,MIN,00-0023774,N.Tahi,6,15.0,0.0,-0.47771,2,2.5
2007,REG,MIN,00-0024279,T.Jackson,56,260.0,3.0,0.20314,11,4.64286
2007,REG,MIN,00-0025394,A.Peterson,238,1341.0,12.0,0.04581,14,5.63445
2007,REG,MIN,00-0025533,A.Allison,2,3.0,0.0,-0.35253,2,1.5
2007,REG,NE,00-0005091,K.Faulk,63,268.0,0.0,-0.03481,14,4.25397
2007,REG,NE,00-0019484,S.Morris,85,384.0,3.0,0.05908,6,4.51765
2007,REG,NE,00-0019596,T.Brady,37,98.0,2.0,0.23891,14,2.64865
2007,REG,NE,00-0020507,H.Evans,34,121.0,3.0,0.12456,11,3.55882
2007,REG,NE,00-0021147,D.Stallworth,1,12.0,0.0,0.69173,1,12.0
2007,REG,NE,00-0022427,W.Welker,4,34.0,0.0,0.28721,4,8.5
2007,REG,NE,00-0022943,B.Watson,1,11.0,0.0,0.68739,1,11.0
2007,REG,NE,00-0023251,K.Eckel,32,87.0,2.0,-0.08883,6,2.71875
2007,REG,NE,00-0023662,M.Cassel,4,12.0,1.0,-0.70505,3,3.0
2007,REG,NE,00-0024236,L.Maroney,186,835.0,6.0,0.01527,13,4.48925
2007,REG,NE,00-0024824,M.Gutierrez,5,-13.0,0.0,-1.09609,3,-2.6
2007,REG,NO,00-0010455,J.Martin,3,-3.0,0.0,-0.43253,1,-1.0
2007,REG,NO,00-0012642,D.Patten,2,-5.0,0.0,-0.77664,2,-2.5
2007,REG,NO,00-0015601,A.Stecker,114,444.0,5.0,-0.11981,13,3.89474
2007,REG,NO,00-0020527,D.McAllister,24,92.0,0.0,-0.3545,3,3.83333
2007,REG,NO,00-0020531,D.Brees,24,52.0,1.0,-0.05072,13,2.16667
2007,REG,NO,00-0022796,M.Karney,11,17.0,2.0,-0.10186,9,1.54545
2007,REG,NO,00-0022929,D.Henderson,2,20.0,0.0,0.52954,2,10.0
2007,REG,NO,00-0023310,L.Moore,2,7.0,1.0,0.44395,2,3.5
2007,REG,NO,00-0024110,S.Weatherford,1,5.0,0.0,2.92434,1,5.0
2007,REG,NO,00-0024217,R.Bush,160,581.0,4.0,-0.11305,12,3.63125
2007,REG,NO,00-0024813,P.Thomas,51,251.0,1.0,0.11235,9,4.92157
2007,REG,NYG,00-0018272,A.Wright,1,-1.0,0.0,-1.30842,1,-1.0
2007,REG,NYG,00-0019610,R.Droughns,85,275.0,6.0,-0.09694,15,3.23529
2007,REG,NYG,00-0021148,J.Shockey,1,6.0,0.0,-0.04297,1,6.0
2007,REG,NYG,00-0022590,J.Lorenzen,1,2.0,0.0,-2.22667,1,2.0
2007,REG,NYG,00-0022770,D.Ward,125,602.0,3.0,0.04617,8,4.816
2007,REG,NYG,00-0022803,E.Manning,30,69.0,1.0,-0.15333,12,2.3
2007,REG,NYG,00-0023545,B.Jacobs,200,1011.0,4.0,0.03618,11,5.055
2007,REG,NYG,00-0024259,S.Moss,1,4.0,0.0,-0.23838,1,4.0
2007,REG,NYG,00-0024345,D.Hixon,1,-8.0,0.0,-1.40516,1,-8.0
2007,REG,NYG,00-0025637,A.Bradshaw,23,190.0,1.0,0.2762,4,8.26087
2007,REG,NYJ,00-0019559,C.Pennington,20,32.0,1.0,-0.08168,9,1.6
2007,REG,NYJ,00-0019641,T.Jones,310,1119.0,1.0,-0.11423,16,3.60968
2007,REG,NYJ,00-0022811,J.Cotchery,5,38.0,0.0,0.37626,5,7.6
2007,REG,NYJ,00-0024264,K.Clemens,27,111.0,1.0,0.25199,7,4.11111
2007,REG,NYJ,00-0024318,B.Smith,12,45.0,0.0,-0.29533,7,3.75
2007,REG,NYJ,00-0024332,L.Washington,71,353.0,3.0,-0.03652,15,4.97183
2007,REG,NYJ,00-0025794,C.Davis,1,3.0,0.0,-0.18647,1,3.0
2007,REG,PHI,00-0011022,D.McNabb,50,236.0,0.0,-0.07756,14,4.72
2007,REG,PHI,00-0020270,C.Buckhalter,62,313.0,4.0,0.10225,13,5.04839
2007,REG,PHI,00-0020305,A.Feeley,7,23.0,0.0,0.20721,3,3.28571
2007,REG,PHI,00-0021216,B.Westbrook,278,1333.0,7.0,0.01378,15,4.79496
2007,REG,PHI,00-0022797,T.Tapeh,5,18.0,0.0,-0.06299,3,3.6
2007,REG,PHI,00-0023470,R.Brown,5,36.0,0.0,0.25325,4,7.2
2007,REG,PHI,00-0024324,J.Avant,1,1.0,0.0,-0.39153,1,1.0
2007,REG,PHI,00-0025423,K.Kolb,3,-2.0,0.0,0.0,1,-0.66667
2007,REG,PHI,00-0025477,T.Hunt,10,16.0,1.0,-0.04052,5,1.6
2007,REG,PIT,00-0000865,C.Batch,12,-7.0,0.0,-0.80023,7,-0.58333
2007,REG,PIT,00-0017162,H.Ward,2,7.0,0.0,-1.21141,2,3.5
2007,REG,PIT,00-0019135,D.Kreider,1,2.0,0.0,-0.19675,1,2.0
2007,REG,PIT,00-0020452,C.Wilson,2,37.0,0.0,1.35194,2,18.5
2007,REG,PIT,00-0021252,N.Davenport,107,499.0,5.0,0.06655,15,4.66355
2007,REG,PIT,00-0022250,W.Parker,321,1316.0,2.0,-0.13628,15,4.09969
2007,REG,PIT,00-0022434,C.Davis,17,68.0,0.0,-0.17185,6,4.0
2007,REG,PIT,00-0022924,B.Roethlisberger,35,204.0,2.0,0.57215,14,5.82857
2007,REG,PIT,00-0023367,N.Washington,1,0.0,0.0,-0.7994,1,0.0
2007,REG,PIT,00-0024240,S.Holmes,5,17.0,0.0,-0.39937,5,3.4
2007,REG,PIT,00-0024846,G.Russell,7,21.0,0.0,-0.25803,2,3.0
2007,REG,SEA,00-0007091,M.Hasselbeck,39,97.0,0.0,-0.41303,14,2.48718
2007,REG,SEA,00-0015830,M.Strong,4,19.0,0.0,-0.30792,2,4.75
2007,REG,SEA,00-0019647,S.Alexander,207,716.0,4.0,-0.13773,13,3.45894
2007,REG,SEA,00-0021182,M.Morris,140,628.0,4.0,-0.09988,13,4.48571
2007,REG,SEA,00-0021999,N.Burleson,2,4.0,0.0,-0.88029,2,2.0
2007,REG,SEA,00-0022055,S.Wallace,4,17.0,0.0,0.56134,4,4.25
2007,REG,SEA,00-0023063,L.Weaver,33,146.0,1.0,-0.08698,14,4.42424
2007,REG,SEA,00-0024453,R.Plackemeier,1,0.0,0.0,-6.49794,1,0.0
2007,REG,SF,00-0004293,T.Dilfer,10,25.0,0.0,-1.14288,5,2.5
2007,REG,SF,00-0019302,B.Gilmore,1,-8.0,0.0,-2.30143,1,-8.0
2007,REG,SF,00-0020508,M.Norris,7,17.0,0.0,0.09214,6,2.42857
2007,REG,SF,00-0020679,S.Hill,12,14.0,1.0,-0.00137,3,1.16667
2007,REG,SF,00-0020797,M.Hicks,21,117.0,1.0,-0.28946,10,5.57143
2007,REG,SF,00-0022064,A.Battle,4,4.0,1.0,-1.05252,4,1.0
2007,REG,SF,00-0022124,T.Jacobs,1,-8.0,0.0,-1.52009,1,-8.0
2007,REG,SF,00-0023384,Z.Keasey,2,4.0,0.0,-1.10459,1,2.0
2007,REG,SF,00-0023436,A.Smith,13,89.0,0.0,0.47671,5,6.84615
2007,REG,SF,00-0023500,F.Gore,260,1102.0,5.0,-0.14684,15,4.23846
2007,REG,SF,00-0024315,M.Robinson,26,121.0,0.0,-0.19318,8,4.65385
2007,REG,TB,00-0003663,Z.Crockett,1,0.0,0.0,-0.5848,1,0.0
2007,REG,TB,00-0005720,J.Galloway,1,1.0,0.0,-0.49434,1,1.0
2007,REG,TB,00-0005755,J.Garcia,35,116.0,1.0,-0.3307,12,3.31429
2007,REG,TB,00-0007468,I.Hilliard,1,6.0,0.0,-0.47702,1,6.0
2007,REG,TB,00-0013013,M.Pittman,69,288.0,0.0,-0.0792,9,4.17391
2007,REG,TB,00-0020514,M.Bennett,40,187.0,1.0,-0.02052,7,4.675
2007,REG,TB,00-0021755,E.Graham,222,898.0,10.0,-0.02428,15,4.04505
2007,REG,TB,00-0022725,M.Clayton,5,22.0,0.0,0.0326,4,4.4
2007,REG,TB,00-0022864,L.McCown,12,117.0,0.0,0.12251,5,9.75
2007,REG,TB,00-0023440,C.Williams,54,208.0,3.0,-0.13525,4,3.85185
2007,REG,TB,00-0024408,B.Gradkowski,7,20.0,0.0,-0.15763,3,2.85714
2007,REG,TB,00-0025633,K.Darby,2,9.0,0.0,0.1783,1,4.5
2007,REG,TEN,00-0003292,K.Collins,3,-3.0,0.0,-1.19271,1,-1.0
2007,REG,TEN,00-0007308,C.Hentrich,1,-8.0,0.0,-3.10312,1,-8.0
2007,REG,TEN,00-0022092,C.Brown,101,464.0,5.0,0.02077,12,4.59406
2007,REG,TEN,00-0022875,J.Bell,1,-15.0,0.0,-1.19429,1,-15.0
2007,REG,TEN,00-0022916,B.Troupe,1,-1.0,0.0,-0.71935,1,-1.0
2007,REG,TEN,00-0023531,B.Jones,2,37.0,0.0,1.31303,2,18.5
2007,REG,TEN,00-0023570,R.Williams,2,-17.0,0.0,-1.42891,2,-8.5
2007,REG,TEN,00-0023858,C.Barclay,1,3.0,0.0,-0.2713,1,3.0
2007,REG,TEN,00-0024218,V.Young,93,395.0,3.0,-0.06945,15,4.24731
2007,REG,TEN,00-0024260,L.White,304,1108.0,7.0,-0.17066,16,3.64474
2007,REG,TEN,00-0024489,A.Hall,1,8.0,0.0,0.78869,1,8.0
2007,REG,TEN,00-0025437,C.Henry,31,119.0,2.0,-0.09873,6,3.83871
2007,REG,TEN,00-0025515,Ch.Davis,2,19.0,0.0,0.45892,2,9.5
2007,REG,WAS,00-0003315,T.Collins,8,1.0,0.0,-0.7849,4,0.125
2007,REG,WAS,00-0014655,M.Sellers,26,78.0,2.0,-0.13687,10,3.0
2007,REG,WAS,00-0020494,S.Moss,3,13.0,0.0,-3.01007,3,4.33333
2007,REG,WAS,00-0021179,C.Portis,325,1262.0,11.0,-0.13633,16,3.88308
2007,REG,WAS,00-0021184,L.Betts,93,335.0,1.0,-0.18593,15,3.60215
2007,REG,WAS,00-0021190,A.Randle El,4,-3.0,0.0,-0.68648,4,-0.75
2007,REG,WAS,00-0021357,R.Cartwright,2,0.0,0.0,-0.72483,1,0.0
2007,REG,WAS,00-0021500,D.Frost,1,0.0,0.0,-3.40421,1,0.0
2007,REG,WAS,00-0023460,J.Campbell,37,186.0,1.0,-0.07272,13,5.02703
2008,POST,ARI,00-0008241,E.James,61,236.0,1.0,-0.02908,4,3.86885
2008,POST,ARI,00-0017200,K.Warner,8,1.0,0.0,-0.45547,3,0.125
2008,POST,ARI,00-0019587,T.Smith,1,0.0,0.0,-1.82051,1,0.0
2008,POST,ARI,00-0023479,J.Arrington,6,5.0,0.0,-0.31016,4,0.83333
2008,POST,ARI,00-0025529,S.Breaston,1,-8.0,0.0,-1.76153,1,-8.0
2008,POST,ARI,00-0026289,T.Hightower,35,132.0,1.0,0.01867,4,3.77143
2008,POST,ATL,00-0022821,M.Turner,18,42.0,1.0,-0.23607,1,2.33333
2008,POST,ATL,00-0024294,J.Norwood,2,12.0,0.0,0.42204,1,6.0
2008,POST,ATL,00-0026143,M.Ryan,4,6.0,0.0,-1.95631,1,1.5
2008,POST,BAL,00-0011958,L.Neal,2,5.0,0.0,0.04533,2,2.5
2008,POST,BAL,00-0022178,W.McGahee,39,154.0,2.0,-0.0995,3,3.94872
2008,POST,BAL,00-0023457,M.Clayton,1,16.0,0.0,1.12729,1,16.0
2008,POST,BAL,00-0025524,L.McClain,32,90.0,1.0,-0.2865,3,2.8125
2008,POST,BAL,00-0025561,T.Smith,1,2.0,0.0,-1.45023,1,2.0
2008,POST,BAL,00-0026158,J.Flacco,12,5.0,1.0,-0.41092,3,0.41667
2008,POST,BAL,00-0026195,R.Rice,1,2.0,0.0,-0.38504,1,2.0
2008,POST,CAR,00-0024242,D.Williams,12,63.0,0.0,-0.15885,1,5.25
2008,POST,CAR,00-0026153,J.Stewart,3,12.0,1.0,0.35319,1,4.0
2008,POST,IND,00-0010346,P.Manning,1,-1.0,0.0,-0.01423,1,-1.0
2008,POST,IND,00-0019863,D.Rhodes,4,12.0,0.0,0.07168,1,3.0
2008,POST,IND,00-0022165,D.Clark,1,9.0,0.0,1.10847,1,9.0
2008,POST,IND,00-0024245,J.Addai,16,44.0,1.0,-0.17521,1,2.75
2008,POST,LAC,00-0020514,M.Bennett,5,24.0,0.0,-0.18206,2,4.8
2008,POST,LAC,00-0020536,L.Tomlinson,5,25.0,1.0,0.37941,1,5.0
2008,POST,LAC,00-0022942,P.Rivers,2,13.0,0.0,1.23292,1,6.5
2008,POST,LAC,00-0023564,D.Sproles,33,120.0,2.0,-0.077,2,3.63636
2008,POST,MIA,00-0017915,R.Williams,4,17.0,0.0,-0.07986,1,4.25
2008,POST,MIA,00-0019559,C.Pennington,1,0.0,0.0,-2.60159,1,0.0
2008,POST,MIA,00-0022405,L.Polite,3,15.0,0.0,0.4896,1,5.0
2008,POST,MIA,00-0023437,R.Brown,12,19.0,0.0,-0.56896,1,1.58333
2008,POST,MIA,00-0024172,P.Cobbs,1,1.0,0.0,-3.31632,1,1.0
2008,POST,MIN,00-0021314,C.Taylor,12,48.0,0.0,0.02625,1,4.0
2008,POST,MIN,00-0024279,T.Jackson,2,17.0,0.0,-1.71663,1,8.5
2008,POST,MIN,00-0025394,A.Peterson,20,83.0,2.0,-0.12825,1,4.15
2008,POST,NYG,00-0022770,D.Ward,12,46.0,0.0,-0.26726,1,3.83333
2008,POST,NYG,00-0022803,E.Manning,1,0.0,0.0,-3.10188,1,0.0
2008,POST,NYG,00-0023545,B.Jacobs,19,92.0,0.0,-0.07485,1,4.84211
2008,POST,PHI,00-0011022,D.McNabb,7,47.0,1.0,0.37754,2,6.71429
2008,POST,PHI,00-0020270,C.Buckhalter,11,55.0,0.0,0.10605,3,5.0
2008,POST,PHI,00-0021216,B.Westbrook,50,119.0,0.0,-0.26272,3,2.38
2008,POST,PHI,00-0026189,D.Jackson,1,2.0,0.0,-0.39962,1,2.0
2008,POST,PIT,00-0020840,R.Clark,1,-4.0,0.0,-3.15978,1,-4.0
2008,POST,PIT,00-0022177,B.Leftwich,4,-2.0,0.0,-0.47008,1,-0.5
2008,POST,PIT,00-0022217,M.Moore,5,25.0,0.0,-0.03916,3,5.0
2008,POST,PIT,00-0022250,W.Parker,70,246.0,2.0,-0.1358,3,3.51429
2008,POST,PIT,00-0022434,C.Davis,1,0.0,0.0,-2.93935,1,0.0
2008,POST,PIT,00-0022924,B.Roethlisberger,6,0.0,0.0,-1.04714,2,0.0
2008,POST,PIT,00-0023367,N.Washington,1,1.0,0.0,-0.59162,1,1.0
2008,POST,PIT,00-0024240,S.Holmes,2,7.0,0.0,0.42124,1,3.5
2008,POST,PIT,00-0024846,G.Russell,6,2.0,2.0,-0.02617,2,0.33333
2008,POST,TEN,00-0003292,K.Collins,1,0.0,0.0,-2.76066,1,0.0
2008,POST,TEN,00-0024260,L.White,15,45.0,0.0,-0.46547,1,3.0
2008,POST,TEN,00-0024460,Q.Ganther,1,-1.0,0.0,-1.16305,1,-1.0
2008,POST,TEN,00-0026164,C.Johnson,11,72.0,1.0,0.17279,1,6.54545
2008,REG,ARI,00-0008241,E.James,134,514.0,3.0,-0.09777,13,3.83582
2008,REG,ARI,00-0017200,K.Warner,18,-2.0,0.0,-0.96617,7,-0.11111
2008,REG,ARI,00-0022084,A.Boldin,9,67.0,0.0,0.08549,6,7.44444
2008,REG,ARI,00-0023479,J.Arrington,30,188.0,1.0,0.10098,9,6.26667
2008,REG,ARI,00-0024225,M.Leinart,4,5.0,0.0,-1.2229,3,1.25
2008,REG,ARI,00-0025529,S.Breaston,2,8.0,0.0,-0.11646,2,4.0
2008,REG,ARI,00-0026289,T.Hightower,143,399.0,10.0,-0.11508,16,2.79021
2008,REG,ATL,00-0022143,O.Mughelli,5,16.0,0.0,0.18758,3,3.2
2008,REG,ATL,00-0022821,M.Turner,377,1699.0,17.0,-0.01647,16,4.50663
2008,REG,ATL,00-0023462,R.White,2,4.0,0.0,-0.52922,2,2.0
2008,REG,ATL,00-0024294,J.Norwood,94,489.0,4.0,0.02894,16,5.20213
2008,REG,ATL,00-0025631,J.Snelling,15,62.0,0.0,-0.0867,5,4.13333
2008,REG,ATL,00-0026143,M.Ryan,55,104.0,1.0,-0.14008,16,1.89091
2008,REG,ATL,00-0026224,H.Douglas,12,69.0,1.0,0.10692,10,5.75
2008,REG,BAL,00-0010500,D.Mason,1,3.0,0.0,-0.35861,1,3.0
2008,REG,BAL,00-0011958,L.Neal,12,25.0,0.0,-0.07161,9,2.08333
2008,REG,BAL,00-0022178,W.McGahee,170,671.0,7.0,-0.04862,13,3.94706
2008,REG,BAL,00-0023457,M.Clayton,6,81.0,1.0,0.92334,6,13.5
2008,REG,BAL,00-0024417,S.Koch,1,9.0,0.0,2.34176,1,9.0
2008,REG,BAL,00-0025524,L.McClain,231,907.0,10.0,0.00193,16,3.92641
2008,REG,BAL,00-0025561,T.Smith,9,24.0,0.0,-0.17005,4,2.66667
2008,REG,BAL,00-0026158,J.Flacco,52,181.0,2.0,-0.02789,15,3.48077
2008,REG,BAL,00-0026195,R.Rice,107,435.0,0.0,-0.16639,12,4.06542
2008,REG,BAL,00-0026316,J.Parmele,2,27.0,0.0,-0.34324,1,13.5
2008,REG,BUF,00-0022910,L.Evans,1,22.0,0.0,1.56401,1,22.0
2008,REG,BUF,00-0022912,J.Losman,12,70.0,2.0,0.00812,4,5.83333
2008,REG,BUF,00-0023490,R.Parrish,2,9.0,0.0,0.0629,2,4.5
2008,REG,BUF,00-0024204,F.Jackson,129,560.0,3.0,-0.12425,15,4.34109
2008,REG,BUF,00-0024392,K.Ellison,1,6.0,0.0,2.8003,1,6.0
2008,REG,BUF,00-0025399,M.Lynch,251,1047.0,8.0,-0.02117,15,4.17131
2008,REG,BUF,00-0025479,T.Edwards,36,117.0,3.0,0.12067,12,3.25
2008,REG,BUF,00-0026319,X.Omon,6,5.0,0.0,-0.72533,2,0.83333
2008,REG,BUF,00-0026364,St.Johnson,1,6.0,0.0,0.40236,1,6.0
2008,REG,CAR,00-0004161,J.Delhomme,20,21.0,2.0,-0.46085,12,1.05
2008,REG,CAR,00-0019100,B.Hoover,9,18.0,0.0,-0.05518,8,2.0
2008,REG,CAR,00-0019831,N.Goings,9,10.0,0.0,-0.83667,3,1.11111
2008,REG,CAR,00-0020337,S.Smith,5,40.0,0.0,0.44416,4,8.0
2008,REG,CAR,00-0021206,J.McCown,4,-3.0,0.0,-0.31749,2,-0.75
2008,REG,CAR,00-0024242,D.Williams,275,1518.0,18.0,0.13943,16,5.52
2008,REG,CAR,00-0026153,J.Stewart,183,835.0,10.0,0.01724,16,4.56284
2008,REG,CHI,00-0001477,M.Booker,1,3.0,0.0,-0.12786,1,3.0
2008,REG,CHI,00-0020805,J.McKie,11,26.0,2.0,-0.13232,6,2.36364
2008,REG,CHI,00-0021306,A.Peterson,20,100.0,0.0,-0.06665,7,5.0
2008,REG,CHI,00-0022121,R.Grossman,3,4.0,2.0,0.82695,2,1.33333
2008,REG,CHI,00-0022782,K.Jones,34,109.0,0.0,-0.19007,8,3.20588
2008,REG,CHI,00-0023429,R.Davis,3,14.0,0.0,-0.01123,3,4.66667
2008,REG,CHI,00-0023541,K.Orton,24,49.0,3.0,-0.57043,13,2.04167
2008,REG,CHI,00-0024158,J.Davis,1,0.0,0.0,-1.35336,1,0.0
2008,REG,CHI,00-0024272,D.Hester,5,61.0,0.0,0.80478,4,12.2
2008,REG,CHI,00-0025480,G.Wolfe,15,69.0,0.0,-0.06148,5,4.6
2008,REG,CHI,00-0026184,M.Forte,315,1231.0,8.0,-0.09215,16,3.90794
2008,REG,CIN,00-0019808,K.Watson,14,55.0,0.0,-0.26886,7,3.92857
2008,REG,CIN,00-0019997,A.Chatman,2,4.0,0.0,-0.57001,2,2.0
2008,REG,CIN,00-0020438,T.Houshmandzadeh,1,9.0,0.0,0.77626,1,9.0
2008,REG,CIN,00-0021429,C.Palmer,6,38.0,0.0,0.47889,2,6.33333
2008,REG,CIN,00-0022926,C.Perry,102,264.0,2.0,-0.43662,10,2.58824
2008,REG,CIN,00-0023439,C.Benson,214,747.0,2.0,-0.16662,12,3.49065
2008,REG,CIN,00-0023682,R.Fitzpatrick,60,304.0,2.0,0.06666,12,5.06667
2008,REG,CIN,00-0023806,D.Dorsey,5,8.0,0.0,-0.40418,2,1.6
2008,REG,CIN,00-0025592,J.Palmer,1,4.0,0.0,0.19464,1,4.0
2008,REG,CIN,00-0025913,J.Johnson,9,29.0,0.0,-0.1063,3,3.22222
2008,REG,CIN,00-0026237,A.Caldwell,5,53.0,0.0,0.99717,2,10.6
2008,REG,CLE,00-0019693,J.Lewis,279,1002.0,4.0,-0.11563,16,3.5914
2008,REG,CLE,00-0021147,D.Stallworth,1,-4.0,0.0,-1.08532,1,-4.0
2008,REG,CLE,00-0022039,K.Dorsey,2,0.0,0.0,-1.08697,2,0.0
2008,REG,CLE,00-0022288,J.Wright,23,85.0,0.0,-0.05096,11,3.69565
2008,REG,CLE,00-0023176,J.Cribbs,29,163.0,1.0,0.23559,12,5.62069
2008,REG,CLE,00-0023645,D.Anderson,24,58.0,0.0,-0.32027,9,2.41667
2008,REG,CLE,00-0024359,J.Harrison,34,246.0,1.0,0.24461,13,7.23529
2008,REG,CLE,00-0024394,L.Vickers,10,31.0,0.0,0.19113,9,3.1
2008,REG,CLE,00-0024408,B.Gradkowski,1,2.0,0.0,-0.52338,1,2.0
2008,REG,CLE,00-0025409,B.Quinn,5,21.0,0.0,0.33073,2,4.2
2008,REG,DAL,00-0008442,B.Johnson,2,-1.0,0.0,-1.25069,2,-0.5
2008,REG,DAL,00-0012478,T.Owens,7,33.0,0.0,0.06142,6,4.71429
2008,REG,DAL,00-0021678,T.Romo,28,41.0,0.0,-1.11063,13,1.46429
2008,REG,DAL,00-0022766,P.Crayton,1,11.0,0.0,0.91104,1,11.0
2008,REG,DAL,00-0022909,Roy E.Williams,1,13.0,0.0,1.21981,1,13.0
2008,REG,DAL,00-0023544,M.Barber,238,885.0,7.0,-0.08304,15,3.71849
2008,REG,DAL,00-0025582,D.Anderson,2,3.0,0.0,-1.75985,2,1.5
2008,REG,DAL,00-0026162,F.Jones,30,266.0,3.0,0.72678,5,8.86667
2008,REG,DAL,00-0026262,T.Choice,92,472.0,2.0,0.14145,10,5.13043
2008,REG,DEN,00-0013013,M.Pittman,76,321.0,4.0,0.00413,8,4.22368
2008,REG,DEN,00-0022893,T.Bell,44,249.0,2.0,0.06404,6,5.65909
2008,REG,DEN,00-0023764,A.Hall,35,144.0,0.0,-0.35718,7,4.11429
2008,REG,DEN,00-0023881,P.Pope,17,130.0,0.0,0.33162,3,7.64706
2008,REG,DEN,00-0024226,J.Cutler,58,200.0,2.0,-0.03286,16,3.44828
2008,REG,DEN,00-0024276,T.Scheffler,1,-1.0,0.0,-0.67142,1,-1.0
2008,REG,DEN,00-0024334,B.Marshall,2,-4.0,0.0,-3.90669,2,-2.0
2008,REG,DEN,00-0024549,S.Young,61,303.0,1.0,0.02634,8,4.96721
2008,REG,DEN,00-0026182,E.Royal,11,109.0,0.0,0.35283,6,9.90909
2008,REG,DEN,00-0026279,R.Torain,15,69.0,1.0,0.03806,2,4.6
2008,REG,DEN,00-0026367,P.Hillis,68,343.0,5.0,0.20164,6,5.04412
2008,REG,DET,00-0003739,D.Culpepper,12,25.0,1.0,-0.11618,4,2.08333
2008,REG,DET,00-0009311,J.Kitna,6,26.0,0.0,0.58625,3,4.33333
2008,REG,DET,00-0019794,A.Cason,4,7.0,0.0,-0.55507,3,1.75
2008,REG,DET,00-0020407,R.Johnson,76,237.0,1.0,-0.18096,13,3.11842
2008,REG,DET,00-0020508,M.Norris,1,1.0,0.0,-0.22928,1,1.0
2008,REG,DET,00-0023578,D.Orlovsky,7,29.0,0.0,0.11371,4,4.14286
2008,REG,DET,00-0025389,C.Johnson,3,-1.0,0.0,-0.34475,3,-0.33333
2008,REG,DET,00-0025430,D.Stanton,3,20.0,0.0,0.49497,2,6.66667
2008,REG,DET,00-0026204,Kevin Smith,239,975.0,8.0,-0.03147,16,4.0795
2008,REG,DET,00-0026286,J.Felton,2,4.0,0.0,-0.93542,2,2.0
2008,REG,GB,00-0004541,D.Driver,2,4.0,0.0,-0.44089,2,2.0
2008,REG,GB,00-0021500,D.Frost,1,0.0,0.0,0.1181,1,0.0
2008,REG,GB,00-0022984,R.Grant,312,1203.0,4.0,-0.14351,16,3.85577
2008,REG,GB,00-0022999,J.Kuhn,8,10.0,1.0,-0.33827,6,1.25
2008,REG,GB,00-0023459,A.Rodgers,56,207.0,4.0,0.12343,16,3.69643
2008,REG,GB,00-0025450,B.Jackson,45,248.0,1.0,0.26852,10,5.51111
2008,REG,GB,00-0025615,D.Wynn,8,110.0,1.0,0.89604,2,13.75
2008,REG,GB,00-0026029,K.Lumpkin,1,19.0,0.0,1.17523,1,19.0
2008,REG,GB,00-0026349,M.Flynn,4,4.0,0.0,-0.20624,3,1.0
2008,REG,HOU,00-0006305,A.Green,74,294.0,3.0,0.06705,8,3.97297
2008,REG,HOU,00-0016689,M.Turk,1,18.0,0.0,3.59743,1,18.0
2008,REG,HOU,00-0020480,S.Rosenfels,11,37.0,0.0,-0.785,5,3.36364
2008,REG,HOU,00-0021845,C.Sapp,2,-3.0,0.0,-1.40908,2,-1.5
2008,REG,HOU,00-0021931,K.Walter,3,23.0,0.0,1.16432,3,7.66667
2008,REG,HOU,00-0022397,V.Leach,1,1.0,1.0,1.55885,1,1.0
2008,REG,HOU,00-0022787,M.Schaub,31,68.0,2.0,0.16673,10,2.19355
2008,REG,HOU,00-0023512,R.Moats,26,94.0,1.0,-0.14532,5,3.61538
2008,REG,HOU,00-0023844,C.Taylor,14,37.0,0.0,-0.25457,2,2.64286
2008,REG,HOU,00-0025460,J.Jones,1,-5.0,0.0,-1.54118,1,-5.0
2008,REG,HOU,00-0026229,S.Slaton,269,1282.0,9.0,-0.02153,16,4.7658
2008,REG,IND,00-0010346,P.Manning,20,21.0,1.0,-0.13923,10,1.05
2008,REG,IND,00-0019863,D.Rhodes,153,538.0,6.0,-0.08992,15,3.51634
2008,REG,IND,00-0021252,N.Davenport,8,26.0,0.0,-0.2116,1,3.25
2008,REG,IND,00-0022744,J.Sorgi,5,8.0,0.0,-0.10308,1,1.6
2008,REG,IND,00-0024245,J.Addai,155,544.0,5.0,-0.07251,12,3.50968
2008,REG,IND,00-0025997,C.Simpson,15,45.0,1.0,-0.10729,4,3.0
2008,REG,IND,00-0026342,M.Hart,2,9.0,0.0,0.20401,2,4.5
2008,REG,IND,00-0026432,L.Ball,13,83.0,0.0,0.28138,1,6.38462
2008,REG,JAX,00-0016098,F.Taylor,143,556.0,1.0,-0.16052,13,3.88811
2008,REG,JAX,00-0019650,D.Northcutt,1,9.0,0.0,0.80107,1,9.0
2008,REG,JAX,00-0020565,C.Lemon,2,-3.0,0.0,0.0,1,-1.5
2008,REG,JAX,00-0021231,D.Garrard,73,322.0,2.0,0.30685,16,4.41096
2008,REG,JAX,00-0022889,R.Williams,1,0.0,0.0,-0.71048,1,0.0
2008,REG,JAX,00-0022897,G.Jones,2,13.0,0.0,-0.80641,2,6.5
2008,REG,JAX,00-0023442,T.Williamson,1,1.0,0.0,-0.36391,1,1.0
2008,REG,JAX,00-0024103,M.Owens,2,43.0,2.0,3.50119,2,21.5
2008,REG,JAX,00-0024275,M.Jones-Drew,198,824.0,12.0,-0.00327,16,4.16162
2008,REG,JAX,00-0026353,C.Washington,4,9.0,0.0,-0.18802,2,2.25
2008,REG,KC,00-0007835,D.Huard,4,13.0,0.0,0.17337,4,3.25
2008,REG,KC,00-0020613,Q.Gray,1,27.0,0.0,-0.77836,1,27.0
2008,REG,KC,00-0021976,L.Johnson,193,874.0,5.0,-0.0656,12,4.5285
2008,REG,KC,00-0024358,M.Hagans,1,2.0,0.0,-0.66786,1,2.0
2008,REG,KC,00-0025535,K.Smith,35,100.0,1.0,-0.26475,6,2.85714
2008,REG,KC,00-0025604,T.Thigpen,62,386.0,3.0,0.17796,14,6.22581
2008,REG,KC,00-0026033,M.Cox,1,-2.0,0.0,-1.49951,1,-2.0
2008,REG,KC,00-0026213,J.Charles,67,357.0,0.0,-0.01342,16,5.32836
2008,REG,KC,00-0026453,D.Savage,15,53.0,0.0,-0.1875,3,3.53333
2008,REG,LA,00-0006355,T.Green,3,4.0,0.0,0.56752,2,1.33333
2008,REG,LA,00-0019135,D.Kreider,1,0.0,0.0,-0.17293,1,0.0
2008,REG,LA,00-0019539,D.Hall,4,9.0,0.0,0.1273,3,2.25
2008,REG,LA,00-0019599,M.Bulger,14,41.0,0.0,-0.12776,7,2.92857
2008,REG,LA,00-0020448,T.Minor,13,29.0,0.0,-0.12781,5,2.23077
2008,REG,LA,00-0022736,S.Jackson,254,1043.0,7.0,-0.10405,12,4.1063
2008,REG,LA,00-0023074,S.Gado,2,4.0,0.0,-0.28995,1,2.0
2008,REG,LA,00-0025439,B.Leonard,2,7.0,0.0,-0.67228,1,3.5
2008,REG,LA,00-0025494,A.Pittman,78,295.0,0.0,-0.10259,9,3.78205
2008,REG,LA,00-0025633,K.Darby,32,140.0,0.0,-0.10111,7,4.375
2008,REG,LA,00-0025636,D.Stanley,1,0.0,0.0,-8.05061,1,0.0
2008,REG,LA,00-0026173,D.Avery,9,59.0,1.0,0.1246,8,6.55556
2008,REG,LA,00-0026268,K.Burton,3,8.0,0.0,-0.30969,3,2.66667
2008,REG,LAC,00-0020446,C.Chambers,1,1.0,0.0,-0.36212,1,1.0
2008,REG,LAC,00-0020536,L.Tomlinson,292,1110.0,11.0,-0.06399,16,3.80137
2008,REG,LAC,00-0022942,P.Rivers,31,84.0,0.0,0.32683,13,2.70968
2008,REG,LAC,00-0023496,V.Jackson,4,69.0,0.0,1.31884,3,17.25
2008,REG,LAC,00-0023564,D.Sproles,61,330.0,1.0,0.03377,14,5.40984
2008,REG,LAC,00-0026069,M.Tolbert,13,37.0,0.0,-0.34446,6,2.84615
2008,REG,LAC,00-0026209,J.Hester,19,95.0,1.0,0.01167,6,5.0
2008,REG,LV,00-0019714,S.Lechler,1,0.0,0.0,-9.13668,1,0.0
2008,REG,LV,00-0020405,M.Tuiasosopo,1,11.0,0.0,0.55576,1,11.0
2008,REG,LV,00-0021337,R.Curry,1,1.0,0.0,-0.46943,1,1.0
2008,REG,LV,00-0022011,J.Griffith,2,2.0,0.0,-0.11916,2,1.0
2008,REG,LV,00-0022093,J.Fargas,219,855.0,1.0,-0.18155,14,3.90411
2008,REG,LV,00-0023504,A.Walter,5,19.0,0.0,-0.62277,2,3.8
2008,REG,LV,00-0024292,J.Alston,1,22.0,0.0,3.29986,1,22.0
2008,REG,LV,00-0025388,J.Russell,18,127.0,1.0,0.16691,10,7.05556
2008,REG,LV,00-0025486,J.Higgins,3,34.0,0.0,0.70653,3,11.33333
2008,REG,LV,00-0025487,M.Bush,94,419.0,3.0,-0.13671,10,4.45745
2008,REG,LV,00-0026144,D.McFadden,113,499.0,4.0,-0.02962,13,4.41593
2008,REG,LV,00-0026366,C.Schilens,1,-2.0,0.0,-1.89694,1,-2.0
2008,REG,MIA,00-0017915,R.Williams,161,659.0,4.0,-0.1089,16,4.09317
2008,REG,MIA,00-0019559,C.Pennington,31,58.0,1.0,-0.23526,13,1.87097
2008,REG,MIA,00-0022405,L.Polite,23,85.0,0.0,0.33441,8,3.69565
2008,REG,MIA,00-0023408,G.Camarillo,2,1.0,0.0,-0.37068,2,0.5
2008,REG,MIA,00-0023437,R.Brown,214,916.0,10.0,-0.02916,16,4.28037
2008,REG,MIA,00-0024172,P.Cobbs,12,88.0,1.0,0.17301,6,7.33333
2008,REG,MIA,00-0025396,T.Ginn,5,73.0,2.0,1.05389,4,14.6
2008,REG,MIA,00-0025612,B.Fields,1,0.0,0.0,-3.69555,1,0.0
2008,REG,MIA,00-0026000,D.Bess,1,13.0,0.0,1.35168,1,13.0
2008,REG,MIN,00-0005589,G.Frerotte,19,7.0,1.0,-0.53782,8,0.36842
2008,REG,MIN,00-0021314,C.Taylor,101,399.0,4.0,-0.05933,16,3.9505
2008,REG,MIN,00-0022746,J.Dugan,4,7.0,0.0,0.51529,3,1.75
2008,REG,MIN,00-0022807,B.Berrian,4,26.0,0.0,0.37082,3,6.5
2008,REG,MIN,00-0023060,C.Kluwe,1,-7.0,0.0,-0.35448,1,-7.0
2008,REG,MIN,00-0024279,T.Jackson,24,140.0,0.0,0.30236,6,5.83333
2008,REG,MIN,00-0025394,A.Peterson,364,1757.0,10.0,-0.04748,16,4.82692
2008,REG,MIN,00-0025533,A.Allison,1,1.0,0.0,-0.35795,1,1.0
2008,REG,NE,00-0005091,K.Faulk,84,507.0,3.0,0.19358,14,6.03571
2008,REG,NE,00-0011754,R.Moss,2,0.0,0.0,-0.57811,2,0.0
2008,REG,NE,00-0019484,S.Morris,156,727.0,7.0,0.05869,13,4.66026
2008,REG,NE,00-0020462,L.Jordan,80,363.0,4.0,0.06211,8,4.5375
2008,REG,NE,00-0020507,H.Evans,11,23.0,0.0,-0.18637,8,2.09091
2008,REG,NE,00-0022427,W.Welker,2,26.0,0.0,1.27577,2,13.0
2008,REG,NE,00-0023662,M.Cassel,76,271.0,2.0,0.14741,16,3.56579
2008,REG,NE,00-0024236,L.Maroney,28,93.0,0.0,-0.15325,3,3.32143
2008,REG,NE,00-0025860,B.Green-Ellis,74,275.0,5.0,-0.00819,7,3.71622
2008,REG,NE,00-0026234,K.O'Connell,3,-6.0,0.0,-1.06577,1,-2.0
2008,REG,NO,00-0015601,A.Stecker,8,43.0,0.0,-0.32238,4,5.375
2008,REG,NO,00-0020527,D.McAllister,108,418.0,5.0,-0.02624,13,3.87037
2008,REG,NO,00-0020531,D.Brees,22,-1.0,0.0,-0.49132,12,-0.04545
2008,REG,NO,00-0022796,M.Karney,8,10.0,2.0,0.36028,5,1.25
2008,REG,NO,00-0022929,D.Henderson,4,33.0,0.0,-0.60255,4,8.25
2008,REG,NO,00-0024011,M.Bell,13,42.0,1.0,-0.00179,3,3.23077
2008,REG,NO,00-0024217,R.Bush,107,404.0,2.0,-0.24453,10,3.7757
2008,REG,NO,00-0024813,P.Thomas,129,625.0,9.0,0.10055,14,4.84496
2008,REG,NO,00-0025414,R.Meachem,1,20.0,1.0,2.44986,1,20.0
2008,REG,NYG,00-0020608,D.Carr,8,10.0,0.0,0.05313,3,1.25
2008,REG,NYG,00-0022770,D.Ward,182,1025.0,2.0,0.09984,16,5.63187
2008,REG,NYG,00-0022803,E.Manning,20,10.0,1.0,-0.37362,9,0.5
2008,REG,NYG,00-0023545,B.Jacobs,219,1089.0,15.0,0.05388,13,4.9726
2008,REG,NYG,00-0023683,M.Hedgecock,1,0.0,0.0,-1.74185,1,0.0
2008,REG,NYG,00-0024345,D.Hixon,2,26.0,0.0,0.74058,2,13.0
2008,REG,NYG,00-0024559,D.Ware,2,15.0,0.0,0.46646,1,7.5
2008,REG,NYG,00-0025637,A.Bradshaw,67,355.0,1.0,0.023,11,5.29851
2008,REG,NYG,00-0026235,M.Manningham,1,-12.0,0.0,-2.41819,1,-12.0
2008,REG,NYJ,00-0005106,B.Favre,21,43.0,1.0,-0.11709,12,2.04762
2008,REG,NYJ,00-0013694,T.Richardson,10,65.0,0.0,0.41129,4,6.5
2008,REG,NYJ,00-0018958,L.Coles,2,9.0,0.0,0.07978,2,4.5
2008,REG,NYJ,00-0019641,T.Jones,290,1312.0,13.0,0.01191,16,4.52414
2008,REG,NYJ,00-0020820,J.Chatman,5,8.0,0.0,-0.0816,2,1.6
2008,REG,NYJ,00-0022811,J.Cotchery,2,8.0,0.0,-0.1113,2,4.0
2008,REG,NYJ,00-0024264,K.Clemens,3,-3.0,0.0,-1.65561,1,-1.0
2008,REG,NYJ,00-0024318,B.Smith,12,113.0,0.0,-0.19535,9,9.41667
2008,REG,NYJ,00-0024332,L.Washington,77,448.0,6.0,0.23163,16,5.81818
2008,REG,NYJ,00-0025622,C.Stuckey,1,1.0,0.0,-0.59333,1,1.0
2008,REG,PHI,00-0011022,D.McNabb,38,151.0,2.0,-0.09498,14,3.97368
2008,REG,PHI,00-0020270,C.Buckhalter,76,369.0,2.0,-0.08665,13,4.85526
2008,REG,PHI,00-0021216,B.Westbrook,233,936.0,9.0,-0.03449,14,4.01717
2008,REG,PHI,00-0023251,K.Eckel,24,79.0,0.0,-0.11876,4,3.29167
2008,REG,PHI,00-0023470,R.Brown,1,6.0,0.0,1.43149,1,6.0
2008,REG,PHI,00-0025423,K.Kolb,13,2.0,0.0,-0.92232,5,0.15385
2008,REG,PHI,00-0025458,L.Booker,20,53.0,0.0,-0.15322,6,2.65
2008,REG,PHI,00-0025477,T.Hunt,4,9.0,1.0,0.29497,3,2.25
2008,REG,PHI,00-0026189,D.Jackson,17,96.0,1.0,0.21257,11,5.64706
2008,REG,PIT,00-0001157,M.Berger,1,0.0,0.0,-0.43295,1,0.0
2008,REG,PIT,00-0021252,N.Davenport,2,5.0,0.0,0.49425,2,2.5
2008,REG,PIT,00-0022177,B.Leftwich,4,7.0,1.0,0.83709,3,1.75
2008,REG,PIT,00-0022217,M.Moore,140,588.0,5.0,-0.04455,14,4.2
2008,REG,PIT,00-0022250,W.Parker,209,789.0,5.0,-0.08674,11,3.77512
2008,REG,PIT,00-0022434,C.Davis,12,35.0,0.0,-0.28681,5,2.91667
2008,REG,PIT,00-0022924,B.Roethlisberger,34,101.0,2.0,-0.25481,14,2.97059
2008,REG,PIT,00-0023367,N.Washington,5,18.0,0.0,0.06582,5,3.6
2008,REG,PIT,00-0024240,S.Holmes,2,9.0,0.0,0.13044,2,4.5
2008,REG,PIT,00-0024846,G.Russell,28,77.0,3.0,-0.07718,9,2.75
2008,REG,PIT,00-0026163,R.Mendenhall,19,58.0,0.0,-0.16179,2,3.05263
2008,REG,PIT,00-0026296,D.Dixon,2,-3.0,0.0,-1.66418,1,-1.5
2008,REG,SEA,00-0007091,M.Hasselbeck,11,69.0,0.0,0.71505,5,6.27273
2008,REG,SEA,00-0020490,K.Robinson,1,-4.0,0.0,-1.13626,1,-4.0
2008,REG,SEA,00-0021182,M.Morris,132,574.0,0.0,-0.07512,13,4.34848
2008,REG,SEA,00-0021376,T.Duckett,62,172.0,8.0,0.13925,15,2.77419
2008,REG,SEA,00-0022055,S.Wallace,16,78.0,0.0,-0.09357,7,4.875
2008,REG,SEA,00-0022840,J.Jones,158,698.0,2.0,-0.11672,14,4.41772
2008,REG,SEA,00-0023063,L.Weaver,30,130.0,0.0,-0.17627,12,4.33333
2008,REG,SEA,00-0023502,C.Frye,2,30.0,0.0,1.53309,1,15.0
2008,REG,SEA,00-0026303,O.Schmitt,5,21.0,0.0,-0.02685,3,4.2
2008,REG,SF,00-0002099,I.Bruce,1,-3.0,0.0,-0.87379,1,-3.0
2008,REG,SF,00-0014071,A.Rossum,1,1.0,1.0,2.88987,1,1.0
2008,REG,SF,00-0020679,S.Hill,24,115.0,2.0,-0.02304,9,4.79167
2008,REG,SF,00-0021164,D.Foster,76,234.0,1.0,-0.21353,10,3.07895
2008,REG,SF,00-0021296,J.O'Sullivan,30,145.0,0.0,-0.00464,8,4.83333
2008,REG,SF,00-0022064,A.Battle,1,18.0,0.0,1.02459,1,18.0
2008,REG,SF,00-0023500,F.Gore,240,1036.0,6.0,-0.07378,14,4.31667
2008,REG,SF,00-0024221,V.Davis,1,11.0,0.0,1.2585,1,11.0
2008,REG,SF,00-0024315,M.Robinson,19,50.0,0.0,-0.41958,8,2.63158
2008,REG,SF,00-0024389,D.Walker,2,-13.0,0.0,-1.2247,2,-6.5
2008,REG,SF,00-0025463,J.Hill,2,5.0,0.0,-0.10618,2,2.5
2008,REG,TB,00-0004640,W.Dunn,186,786.0,2.0,-0.13834,15,4.22581
2008,REG,TB,00-0005755,J.Garcia,34,151.0,1.0,0.16764,11,4.44118
2008,REG,TB,00-0006423,B.Griese,5,-1.0,0.0,-0.44066,2,-0.2
2008,REG,TB,00-0007468,I.Hilliard,1,0.0,0.0,-0.33281,1,0.0
2008,REG,TB,00-0020514,M.Bennett,7,12.0,0.0,-0.62993,2,1.71429
2008,REG,TB,00-0021191,A.Bryant,2,22.0,0.0,0.99489,2,11.0
2008,REG,TB,00-0021755,E.Graham,132,563.0,4.0,-0.11199,10,4.26515
2008,REG,TB,00-0022003,B.Askew,7,14.0,2.0,0.68782,5,2.0
2008,REG,TB,00-0022725,M.Clayton,2,5.0,0.0,-0.32121,2,2.5
2008,REG,TB,00-0022864,L.McCown,3,15.0,0.0,-0.22415,2,5.0
2008,REG,TB,00-0023440,C.Williams,63,233.0,4.0,0.02029,6,3.69841
2008,REG,TB,00-0026113,C.Smith,8,40.0,0.0,-0.32904,3,5.0
2008,REG,TEN,00-0003292,K.Collins,25,49.0,0.0,-0.32584,11,1.96
2008,REG,TEN,00-0007308,C.Hentrich,2,-6.0,0.0,-2.01265,2,-3.0
2008,REG,TEN,00-0020381,J.McCareins,1,4.0,0.0,0.09656,1,4.0
2008,REG,TEN,00-0023531,B.Jones,2,35.0,0.0,1.18204,2,17.5
2008,REG,TEN,00-0024218,V.Young,8,27.0,0.0,-0.61099,3,3.375
2008,REG,TEN,00-0024260,L.White,200,773.0,15.0,0.00295,16,3.865
2008,REG,TEN,00-0024460,Q.Ganther,9,61.0,0.0,0.20933,3,6.77778
2008,REG,TEN,00-0024489,A.Hall,8,21.0,0.0,-0.31902,6,2.625
2008,REG,TEN,00-0025437,C.Henry,1,3.0,0.0,-0.51788,1,3.0
2008,REG,TEN,00-0026164,C.Johnson,251,1228.0,9.0,-0.04933,15,4.89243
2008,REG,WAS,00-0014655,M.Sellers,6,24.0,0.0,-1.00437,4,4.0
2008,REG,WAS,00-0019647,S.Alexander,11,24.0,0.0,-0.50541,4,2.18182
2008,REG,WAS,00-0020494,S.Moss,1,27.0,0.0,1.92356,1,27.0
2008,REG,WAS,00-0021179,C.Portis,342,1487.0,9.0,-0.04437,16,4.34795
2008,REG,WAS,00-0021184,L.Betts,61,206.0,1.0,-0.20944,13,3.37705
2008,REG,WAS,00-0021190,A.Randle El,1,5.0,0.0,0.23327,1,5.0
2008,REG,WAS,00-0021357,R.Cartwright,5,14.0,0.0,-0.42679,3,2.8
2008,REG,WAS,00-0023460,J.Campbell,47,258.0,1.0,0.16613,15,5.48936
2008,REG,WAS,00-0026174,D.Thomas,3,53.0,1.0,1.66672,3,17.66667
2008,REG,WAS,00-0026188,F.Davis,1,-3.0,0.0,-0.96655,1,-3.0
2009,POST,ARI,00-0017200,K.Warner,1,0.0,0.0,-1.02993,1,0.0
2009,POST,ARI,00-0022288,J.Wright,1,3.0,0.0,-0.6746,1,3.0
2009,POST,ARI,00-0025529,S.Breaston,1,28.0,0.0,2.04499,1,28.0
2009,POST,ARI,00-0026289,T.Hightower,13,106.0,2.0,0.30196,2,8.15385
2009,POST,ARI,00-0026956,L.Stephens-Howling,3,22.0,0.0,0.50005,2,7.33333
2009,POST,ARI,00-0027007,C.Wells,19,98.0,1.0,0.04696,2,5.15789
2009,POST,BAL,00-0022178,W.McGahee,23,69.0,1.0,-0.01808,2,3.0
2009,POST,BAL,00-0023457,M.Clayton,1,8.0,0.0,0.7366,1,8.0
2009,POST,BAL,00-0025524,L.McClain,6,11.0,1.0,-0.13078,2,1.83333
2009,POST,BAL,00-0026158,J.Flacco,7,7.0,0.0,-0.09724,2,1.0
2009,POST,BAL,00-0026195,R.Rice,35,226.0,2.0,0.07656,2,6.45714
2009,POST,CIN,00-0021429,C.Palmer,1,2.0,0.0,1.14815,1,2.0
2009,POST,CIN,00-0023439,C.Benson,21,169.0,1.0,0.25006,1,8.04762
2009,POST,DAL,00-0021678,T.Romo,3,4.0,0.0,-0.56896,2,1.33333
2009,POST,DAL,00-0023544,M.Barber,11,18.0,0.0,-0.4084,2,1.63636
2009,POST,DAL,00-0023921,M.Austin,1,8.0,0.0,0.87793,1,8.0
2009,POST,DAL,00-0026162,F.Jones,30,217.0,1.0,0.1591,2,7.23333
2009,POST,DAL,00-0026262,T.Choice,15,43.0,1.0,-0.19167,2,2.86667
2009,POST,GB,00-0006305,A.Green,3,5.0,0.0,0.50888,1,1.66667
2009,POST,GB,00-0022984,R.Grant,11,65.0,0.0,0.21123,1,5.90909
2009,POST,GB,00-0022999,J.Kuhn,1,1.0,1.0,0.65254,1,1.0
2009,POST,GB,00-0023459,A.Rodgers,3,13.0,1.0,0.51691,1,4.33333
2009,POST,GB,00-0025450,B.Jackson,2,6.0,0.0,-0.20522,1,3.0
2009,POST,IND,00-0010346,P.Manning,3,-2.0,0.0,-0.92181,2,-0.66667
2009,POST,IND,00-0024245,J.Addai,40,180.0,1.0,-0.14682,3,4.5
2009,POST,IND,00-0026342,M.Hart,9,18.0,0.0,-0.28634,3,2.0
2009,POST,IND,00-0027003,D.Brown,16,46.0,0.0,-0.24442,3,2.875
2009,POST,LAC,00-0020536,L.Tomlinson,12,24.0,0.0,-0.37096,1,2.0
2009,POST,LAC,00-0022942,P.Rivers,3,4.0,1.0,-0.3434,1,1.33333
2009,POST,LAC,00-0023564,D.Sproles,3,33.0,0.0,-0.02187,1,11.0
2009,POST,MIN,00-0005106,B.Favre,1,0.0,0.0,-5.38905,1,0.0
2009,POST,MIN,00-0021314,C.Taylor,10,51.0,0.0,-0.09817,2,5.1
2009,POST,MIN,00-0025394,A.Peterson,51,185.0,3.0,-0.07219,2,3.62745
2009,POST,MIN,00-0026998,P.Harvin,7,38.0,0.0,-0.41446,2,5.42857
2009,POST,NE,00-0005091,K.Faulk,14,52.0,0.0,-0.05429,1,3.71429
2009,POST,NE,00-0016098,F.Taylor,2,1.0,0.0,0.03226,1,0.5
2009,POST,NE,00-0019484,S.Morris,1,9.0,0.0,0.67499,1,9.0
2009,POST,NE,00-0024236,L.Maroney,1,2.0,0.0,-0.33051,1,2.0
2009,POST,NO,00-0020531,D.Brees,5,-4.0,0.0,-0.29453,3,-0.8
2009,POST,NO,00-0022929,D.Henderson,1,-7.0,0.0,-1.37084,1,-7.0
2009,POST,NO,00-0024011,M.Bell,8,15.0,0.0,-0.50773,2,1.875
2009,POST,NO,00-0024217,R.Bush,17,117.0,1.0,0.27413,3,6.88235
2009,POST,NO,00-0024301,D.Thomas,1,0.0,0.0,-3.86799,1,0.0
2009,POST,NO,00-0024813,P.Thomas,36,143.0,1.0,0.04367,3,3.97222
2009,POST,NO,00-0025414,R.Meachem,1,4.0,0.0,0.22397,1,4.0
2009,POST,NO,00-0026121,L.Hamilton,6,22.0,1.0,-0.07216,2,3.66667
2009,POST,NYJ,00-0013694,T.Richardson,1,2.0,0.0,-0.42909,1,2.0
2009,POST,NYJ,00-0019641,T.Jones,45,117.0,1.0,-0.2838,3,2.6
2009,POST,NYJ,00-0022811,J.Cotchery,1,1.0,0.0,-0.41933,1,1.0
2009,POST,NYJ,00-0024318,B.Smith,2,4.0,0.0,-0.66536,1,2.0
2009,POST,NYJ,00-0026898,M.Sanchez,6,-2.0,0.0,-0.58015,3,-0.33333
2009,POST,NYJ,00-0026899,S.Greene,54,304.0,2.0,0.14361,3,5.62963
2009,POST,PHI,00-0011022,D.McNabb,2,13.0,0.0,1.38875,1,6.5
2009,POST,PHI,00-0020245,M.Vick,1,0.0,0.0,-4.68817,1,0.0
2009,POST,PHI,00-0023063,L.Weaver,5,19.0,0.0,-0.11755,1,3.8
2009,POST,PHI,00-0027029,L.McCoy,5,24.0,0.0,-0.04261,1,4.8
2009,REG,ARI,00-0017200,K.Warner,21,10.0,0.0,-0.34493,11,0.47619
2009,REG,ARI,00-0022084,A.Boldin,2,7.0,0.0,-0.04299,2,3.5
2009,REG,ARI,00-0022101,B.St. Pierre,1,2.0,0.0,-0.49068,1,2.0
2009,REG,ARI,00-0022288,J.Wright,3,17.0,0.0,0.25057,3,5.66667
2009,REG,ARI,00-0023443,A.Rolle,1,9.0,0.0,0.5715,1,9.0
2009,REG,ARI,00-0024225,M.Leinart,9,-6.0,0.0,-0.81968,5,-0.66667
2009,REG,ARI,00-0025529,S.Breaston,2,44.0,0.0,1.42467,2,22.0
2009,REG,ARI,00-0026289,T.Hightower,143,598.0,8.0,-0.1827,16,4.18182
2009,REG,ARI,00-0026956,L.Stephens-Howling,6,15.0,0.0,-0.31992,6,2.5
2009,REG,ARI,00-0027007,C.Wells,176,793.0,7.0,-0.03836,16,4.50568
2009,REG,ATL,00-0001477,M.Booker,1,7.0,0.0,0.29767,1,7.0
2009,REG,ATL,00-0015601,A.Stecker,5,15.0,0.0,-0.53685,2,3.0
2009,REG,ATL,00-0019709,C.Redman,6,4.0,0.0,-0.37472,3,0.66667
2009,REG,ATL,00-0022143,O.Mughelli,4,10.0,0.0,0.10483,3,2.5
2009,REG,ATL,00-0022821,M.Turner,178,871.0,10.0,0.035,11,4.89326
2009,REG,ATL,00-0023462,R.White,1,2.0,0.0,-0.41133,1,2.0
2009,REG,ATL,00-0024294,J.Norwood,76,252.0,0.0,-0.19227,10,3.31579
2009,REG,ATL,00-0024535,E.Weems,8,53.0,0.0,-0.14798,6,6.625
2009,REG,ATL,00-0025631,J.Snelling,142,613.0,4.0,-0.02016,13,4.3169
2009,REG,ATL,00-0026143,M.Ryan,30,49.0,1.0,-0.15864,12,1.63333
2009,REG,BAL,00-0010500,D.Mason,1,2.0,0.0,-0.36115,1,2.0
2009,REG,BAL,00-0020516,T.Heap,1,2.0,0.0,-0.3747,1,2.0
2009,REG,BAL,00-0022171,K.Washington,1,1.0,0.0,-1.26394,1,1.0
2009,REG,BAL,00-0022178,W.McGahee,109,544.0,12.0,0.10203,15,4.99083
2009,REG,BAL,00-0023457,M.Clayton,4,28.0,0.0,0.38499,3,7.0
2009,REG,BAL,00-0025524,L.McClain,46,180.0,2.0,0.04138,14,3.91304
2009,REG,BAL,00-0025561,T.Smith,8,31.0,1.0,-0.24042,2,3.875
2009,REG,BAL,00-0026132,M.Lawrence,4,0.0,0.0,-0.69891,1,0.0
2009,REG,BAL,00-0026158,J.Flacco,34,62.0,0.0,-0.00383,13,1.82353
2009,REG,BAL,00-0026195,R.Rice,254,1339.0,7.0,0.01642,16,5.27165
2009,REG,BAL,00-0026316,J.Parmele,5,17.0,0.0,-0.14457,1,3.4
2009,REG,BUF,00-0012478,T.Owens,6,54.0,1.0,0.40095,6,9.0
2009,REG,BUF,00-0020804,C.McIntyre,5,34.0,0.0,-0.05304,2,6.8
2009,REG,BUF,00-0022296,J.Jenkins,1,-3.0,0.0,-2.92413,1,-3.0
2009,REG,BUF,00-0023490,R.Parrish,2,4.0,0.0,-0.0661,2,2.0
2009,REG,BUF,00-0023682,R.Fitzpatrick,31,141.0,1.0,0.22412,7,4.54839
2009,REG,BUF,00-0024204,F.Jackson,238,1062.0,2.0,-0.10559,16,4.46218
2009,REG,BUF,00-0025399,M.Lynch,120,450.0,2.0,-0.17846,13,3.75
2009,REG,BUF,00-0025479,T.Edwards,14,106.0,0.0,0.5433,5,7.57143
2009,REG,BUF,00-0026196,B.Brohm,3,-3.0,0.0,-1.19331,1,-1.0
2009,REG,BUF,00-0026319,X.Omon,5,22.0,0.0,-0.10953,3,4.4
2009,REG,CAR,00-0004161,J.Delhomme,17,60.0,0.0,-0.00726,8,3.52941
2009,REG,CAR,00-0019100,B.Hoover,20,52.0,1.0,-0.22078,6,2.6
2009,REG,CAR,00-0020337,S.Smith,5,22.0,0.0,0.0914,4,4.4
2009,REG,CAR,00-0024242,D.Williams,217,1117.0,7.0,-0.01134,13,5.14747
2009,REG,CAR,00-0025708,M.Moore,12,-3.0,0.0,-0.01499,5,-0.25
2009,REG,CAR,00-0026153,J.Stewart,221,1133.0,10.0,0.06501,16,5.1267
2009,REG,CAR,00-0026790,T.Sutton,12,68.0,0.0,-0.00122,4,5.66667
2009,REG,CAR,00-0027080,M.Goodson,22,49.0,0.0,-0.62251,4,2.22727
2009,REG,CHI,00-0021306,A.Peterson,7,51.0,0.0,0.06084,3,7.28571
2009,REG,CHI,00-0024226,J.Cutler,41,172.0,1.0,0.04957,16,4.19512
2009,REG,CHI,00-0024272,D.Hester,6,-1.0,0.0,-0.5205,4,-0.16667
2009,REG,CHI,00-0025480,G.Wolfe,22,120.0,1.0,0.07229,6,5.45455
2009,REG,CHI,00-0026184,M.Forte,258,929.0,4.0,-0.16071,16,3.60078
2009,REG,CHI,00-0026579,K.Bell,40,220.0,0.0,0.07208,6,5.5
2009,REG,CIN,00-0018958,L.Coles,2,10.0,0.0,0.45844,2,5.0
2009,REG,CIN,00-0020397,C.Ochocinco,3,32.0,0.0,0.47585,3,10.66667
2009,REG,CIN,00-0021296,J.O'Sullivan,3,12.0,0.0,0.32489,2,4.0
2009,REG,CIN,00-0021429,C.Palmer,40,93.0,3.0,-0.02784,14,2.325
2009,REG,CIN,00-0021976,L.Johnson,46,204.0,0.0,0.01707,7,4.43478
2009,REG,CIN,00-0022141,J.Johnson,4,8.0,0.0,-1.26067,4,2.0
2009,REG,CIN,00-0022167,C.Crocker,1,21.0,0.0,3.65912,1,21.0
2009,REG,CIN,00-0023439,C.Benson,301,1251.0,6.0,-0.06877,13,4.15615
2009,REG,CIN,00-0025439,B.Leonard,27,84.0,0.0,-0.08783,9,3.11111
2009,REG,CIN,00-0026237,A.Caldwell,3,22.0,0.0,0.15477,2,7.33333
2009,REG,CIN,00-0026716,Q.Cosby,1,-2.0,0.0,1.27103,1,-2.0
2009,REG,CIN,00-0026941,B.Scott,74,321.0,0.0,-0.07452,9,4.33784
2009,REG,CIN,00-0027103,K.Huber,1,0.0,0.0,-4.7579,1,0.0
2009,REG,CLE,00-0019693,J.Lewis,144,500.0,0.0,-0.15218,9,3.47222
2009,REG,CLE,00-0023176,J.Cribbs,55,381.0,1.0,0.25064,15,6.92727
2009,REG,CLE,00-0023642,R.Hodges,1,0.0,0.0,-6.02133,1,0.0
2009,REG,CLE,00-0023645,D.Anderson,10,8.0,2.0,-0.08541,7,0.8
2009,REG,CLE,00-0024359,J.Harrison,194,862.0,5.0,-0.08722,13,4.4433
2009,REG,CLE,00-0025409,B.Quinn,21,98.0,1.0,0.43593,9,4.66667
2009,REG,CLE,00-0025622,C.Stuckey,2,6.0,0.0,-0.09409,2,3.0
2009,REG,CLE,00-0027026,M.Massaquoi,1,-3.0,0.0,-1.61653,1,-3.0
2009,REG,CLE,00-0027130,J.Davis,9,15.0,0.0,-0.48145,2,1.66667
2009,REG,CLE,00-0027167,C.Jennings,63,220.0,1.0,-0.13993,9,3.49206
2009,REG,DAL,00-0021678,T.Romo,35,105.0,1.0,-0.08704,14,3.0
2009,REG,DAL,00-0022766,P.Crayton,4,28.0,0.0,0.24819,4,7.0
2009,REG,DAL,00-0023544,M.Barber,214,932.0,7.0,-0.08353,15,4.35514
2009,REG,DAL,00-0023921,M.Austin,2,-2.0,0.0,-0.36878,2,-1.0
2009,REG,DAL,00-0026162,F.Jones,116,685.0,3.0,0.04395,14,5.90517
2009,REG,DAL,00-0026262,T.Choice,65,349.0,3.0,0.1668,14,5.36923
2009,REG,DAL,00-0026780,K.Ogletree,1,6.0,0.0,0.30175,1,6.0
2009,REG,DEN,00-0020270,C.Buckhalter,120,642.0,1.0,-0.00028,14,5.35
2009,REG,DEN,00-0020462,L.Jordan,25,86.0,0.0,-0.3565,6,3.44
2009,REG,DEN,00-0022005,C.Simms,3,-4.0,0.0,0.0,1,-1.33333
2009,REG,DEN,00-0023541,K.Orton,24,71.0,0.0,0.00801,12,2.95833
2009,REG,DEN,00-0024334,B.Marshall,7,39.0,0.0,0.12882,6,5.57143
2009,REG,DEN,00-0026182,E.Royal,1,1.0,0.0,-0.83951,1,1.0
2009,REG,DEN,00-0026367,P.Hillis,13,54.0,1.0,-0.09967,6,4.15385
2009,REG,DEN,00-0026988,K.Moreno,248,947.0,7.0,-0.115,16,3.81855
2009,REG,DET,00-0003739,D.Culpepper,18,91.0,0.0,-0.26886,6,5.05556
2009,REG,DET,00-0020653,K.Pearson,1,1.0,0.0,-2.75923,1,1.0
2009,REG,DET,00-0021182,M.Morris,93,384.0,2.0,-0.14557,13,4.12903
2009,REG,DET,00-0025389,C.Johnson,7,73.0,0.0,0.77105,5,10.42857
2009,REG,DET,00-0025430,D.Stanton,9,33.0,1.0,0.06428,2,3.66667
2009,REG,DET,00-0025461,Y.Figurs,1,-2.0,0.0,-1.0958,1,-2.0
2009,REG,DET,00-0026204,K.Smith,162,543.0,3.0,-0.17869,10,3.35185
2009,REG,DET,00-0026204,Kv.Smith,55,204.0,1.0,-0.05873,3,3.70909
2009,REG,DET,00-0026286,J.Felton,15,46.0,0.0,-0.10695,7,3.06667
2009,REG,DET,00-0026498,M.Stafford,21,108.0,2.0,0.09805,9,5.14286
2009,REG,DET,00-0027056,D.Williams,1,4.0,0.0,-0.11931,1,4.0
2009,REG,DET,00-0027129,A.Brown,27,131.0,0.0,-0.05015,12,4.85185
2009,REG,GB,00-0004541,D.Driver,1,13.0,0.0,0.86919,1,13.0
2009,REG,GB,00-0006305,A.Green,41,160.0,1.0,-0.05562,7,3.90244
2009,REG,GB,00-0022984,R.Grant,282,1253.0,11.0,0.02539,16,4.44326
2009,REG,GB,00-0022999,J.Kuhn,8,18.0,1.0,-0.02191,6,2.25
2009,REG,GB,00-0023459,A.Rodgers,59,304.0,5.0,0.10939,16,5.15254
2009,REG,GB,00-0025450,B.Jackson,37,111.0,2.0,-0.18919,10,3.0
2009,REG,GB,00-0025615,D.Wynn,6,19.0,0.0,-0.33383,3,3.16667
2009,REG,GB,00-0026349,M.Flynn,5,-5.0,0.0,-0.75309,2,-1.0
2009,REG,HOU,00-0021931,K.Walter,4,26.0,0.0,0.70543,4,6.5
2009,REG,HOU,00-0022044,A.Johnson,2,10.0,0.0,0.337,2,5.0
2009,REG,HOU,00-0022092,C.Brown,79,267.0,3.0,-0.2831,13,3.37975
2009,REG,HOU,00-0022121,R.Grossman,3,5.0,0.0,-0.07316,1,1.66667
2009,REG,HOU,00-0022787,M.Schaub,47,61.0,0.0,-0.2359,16,1.29787
2009,REG,HOU,00-0023512,R.Moats,101,390.0,4.0,-0.02404,8,3.86139
2009,REG,HOU,00-0025460,J.Jones,3,22.0,0.0,0.22425,3,7.33333
2009,REG,HOU,00-0026229,S.Slaton,131,437.0,3.0,-0.27396,11,3.33588
2009,REG,HOU,00-0026796,A.Foster,54,257.0,3.0,0.11896,4,4.75926
2009,REG,IND,00-0010346,P.Manning,19,-13.0,0.0,-0.60599,11,-0.68421
2009,REG,IND,00-0022165,D.Clark,2,11.0,0.0,0.4103,2,5.5
2009,REG,IND,00-0024245,J.Addai,219,828.0,10.0,-0.05136,15,3.78082
2009,REG,IND,00-0025997,C.Simpson,15,102.0,2.0,0.28686,6,6.8
2009,REG,IND,00-0026342,M.Hart,26,70.0,1.0,-0.19286,4,2.69231
2009,REG,IND,00-0026345,P.Garcon,2,10.0,0.0,0.84069,2,5.0
2009,REG,IND,00-0027003,D.Brown,79,281.0,3.0,-0.14298,11,3.55696
2009,REG,IND,00-0027092,A.Collie,2,1.0,0.0,-0.58443,2,0.5
2009,REG,IND,00-0027134,C.Painter,3,4.0,0.0,-1.91037,2,1.33333
2009,REG,JAX,00-0021231,D.Garrard,78,323.0,3.0,0.06396,16,4.14103
2009,REG,JAX,00-0022897,G.Jones,4,23.0,0.0,0.14706,2,5.75
2009,REG,JAX,00-0024103,M.Owens,2,1.0,0.0,0.00076,2,0.5
2009,REG,JAX,00-0024275,M.Jones-Drew,313,1391.0,15.0,0.04368,16,4.44409
2009,REG,JAX,00-0027076,M.Thomas,11,85.0,0.0,0.19278,7,7.72727
2009,REG,JAX,00-0027125,Z.Miller,1,3.0,0.0,0.01743,1,3.0
2009,REG,JAX,00-0027155,R.Jennings,39,202.0,1.0,0.02363,15,5.17949
2009,REG,KC,00-0021187,J.McGraw,1,4.0,0.0,2.63531,1,4.0
2009,REG,KC,00-0021976,L.Johnson,132,358.0,0.0,-0.26409,7,2.71212
2009,REG,KC,00-0022144,B.Wade,2,11.0,0.0,0.30054,2,5.5
2009,REG,KC,00-0023474,M.Bradley,2,20.0,0.0,0.25898,2,10.0
2009,REG,KC,00-0023534,D.Colquitt,1,0.0,0.0,-4.85473,1,0.0
2009,REG,KC,00-0023662,M.Cassel,51,196.0,0.0,-0.56193,15,3.84314
2009,REG,KC,00-0025535,Ko.Smith,15,33.0,0.0,-0.44329,4,2.2
2009,REG,KC,00-0025604,T.Thigpen,1,2.0,0.0,-0.54451,1,2.0
2009,REG,KC,00-0025672,T.Castille,14,55.0,0.0,-0.54715,5,3.92857
2009,REG,KC,00-0025701,J.Battle,7,21.0,0.0,0.30792,3,3.0
2009,REG,KC,00-0025934,L.Long,1,-1.0,0.0,-0.72633,1,-1.0
2009,REG,KC,00-0026033,M.Cox,3,5.0,1.0,1.04011,2,1.66667
2009,REG,KC,00-0026213,J.Charles,190,1120.0,7.0,0.11817,15,5.89474
2009,REG,KC,00-0026453,D.Savage,10,45.0,0.0,-0.16767,3,4.5
2009,REG,KC,00-0027122,Q.Lawrence,2,42.0,0.0,1.95615,2,21.0
2009,REG,KC,00-0027141,J.Williams,6,6.0,0.0,-0.55831,3,1.0
2009,REG,LA,00-0019599,M.Bulger,8,22.0,0.0,-1.03668,5,2.75
2009,REG,LA,00-0022164,K.Boller,13,76.0,0.0,-0.13332,5,5.84615
2009,REG,LA,00-0022736,S.Jackson,325,1424.0,4.0,-0.11894,15,4.38154
2009,REG,LA,00-0022796,M.Karney,2,8.0,0.0,-0.87691,1,4.0
2009,REG,LA,00-0023074,S.Gado,14,26.0,0.0,-0.35681,8,1.85714
2009,REG,LA,00-0025633,K.Darby,27,152.0,0.0,0.05602,10,5.62963
2009,REG,LA,00-0026035,D.Amendola,3,-2.0,0.0,0.03484,3,-0.66667
2009,REG,LA,00-0026173,D.Avery,4,30.0,0.0,0.34312,4,7.5
2009,REG,LA,00-0027131,K.Null,5,6.0,0.0,-1.72916,2,1.2
2009,REG,LA,00-0027140,C.Ogbonnaya,11,50.0,0.0,-0.19121,2,4.54545
2009,REG,LAC,00-0019041,B.Volek,9,-9.0,0.0,-0.94997,4,-1.0
2009,REG,LAC,00-0020514,M.Bennett,23,65.0,0.0,-0.20035,3,2.82609
2009,REG,LAC,00-0020536,L.Tomlinson,223,730.0,12.0,-0.11058,14,3.27354
2009,REG,LAC,00-0022942,P.Rivers,26,50.0,1.0,-0.08698,14,1.92308
2009,REG,LAC,00-0023496,V.Jackson,3,11.0,0.0,-0.44932,3,3.66667
2009,REG,LAC,00-0023564,D.Sproles,93,343.0,3.0,-0.12132,15,3.68817
2009,REG,LAC,00-0025417,C.Davis,1,4.0,0.0,-0.03951,1,4.0
2009,REG,LAC,00-0025559,L.Naanee,3,7.0,0.0,-0.15304,3,2.33333
2009,REG,LAC,00-0026069,M.Tolbert,25,148.0,1.0,0.37548,5,5.92
2009,REG,LAC,00-0026209,J.Hester,21,74.0,0.0,-0.44593,8,3.52381
2009,REG,LV,00-0022093,J.Fargas,129,491.0,3.0,-0.1079,12,3.8062
2009,REG,LV,00-0023502,C.Frye,4,41.0,0.0,0.65012,3,10.25
2009,REG,LV,00-0024408,B.Gradkowski,18,108.0,0.0,0.10779,6,6.0
2009,REG,LV,00-0024846,G.Russell,3,0.0,0.0,-0.40882,2,0.0
2009,REG,LV,00-0025388,J.Russell,19,45.0,0.0,0.19485,8,2.36842
2009,REG,LV,00-0025486,J.Higgins,2,21.0,0.0,0.28779,2,10.5
2009,REG,LV,00-0025487,M.Bush,123,589.0,3.0,-0.06526,15,4.78862
2009,REG,LV,00-0025562,O.O'Neal,1,0.0,0.0,-0.47305,1,0.0
2009,REG,LV,00-0026144,D.McFadden,104,356.0,1.0,-0.2987,12,3.42308
2009,REG,LV,00-0026983,D.Heyward-Bey,2,19.0,0.0,0.19246,2,9.5
2009,REG,LV,00-0027089,L.Murphy,6,31.0,0.0,0.06608,4,5.16667
2009,REG,MIA,00-0017915,R.Williams,242,1121.0,11.0,0.03302,16,4.63223
2009,REG,MIA,00-0019559,C.Pennington,3,7.0,0.0,-1.64625,2,2.33333
2009,REG,MIA,00-0022405,L.Polite,37,123.0,0.0,0.34256,15,3.32432
2009,REG,MIA,00-0023437,R.Brown,147,648.0,8.0,0.0488,9,4.40816
2009,REG,MIA,00-0024172,P.Cobbs,6,36.0,0.0,0.03206,4,6.0
2009,REG,MIA,00-0025396,T.Ginn,7,48.0,0.0,0.15131,6,6.85714
2009,REG,MIA,00-0025604,T.Thigpen,1,1.0,0.0,-0.46294,1,1.0
2009,REG,MIA,00-0026000,D.Bess,2,11.0,0.0,-1.48077,2,5.5
2009,REG,MIA,00-0026197,C.Henne,16,32.0,1.0,-0.18708,9,2.0
2009,REG,MIA,00-0026344,L.Hilliard,23,89.0,1.0,-0.14361,7,3.86957
2009,REG,MIA,00-0026769,K.Sheets,1,5.0,0.0,0.63129,1,5.0
2009,REG,MIA,00-0027020,P.White,21,81.0,0.0,-0.1161,10,3.85714
2009,REG,MIA,00-0027077,B.Hartline,4,29.0,1.0,0.61589,3,7.25
2009,REG,MIN,00-0005106,B.Favre,9,7.0,0.0,-1.04666,7,0.77778
2009,REG,MIN,00-0021314,C.Taylor,93,332.0,1.0,-0.2384,16,3.56989
2009,REG,MIN,00-0022746,J.Dugan,3,7.0,0.0,-1.09299,3,2.33333
2009,REG,MIN,00-0023060,C.Kluwe,1,0.0,0.0,-0.947,1,0.0
2009,REG,MIN,00-0023774,N.Tahi,3,5.0,0.0,0.36659,3,1.66667
2009,REG,MIN,00-0024279,T.Jackson,17,-10.0,0.0,-0.53786,7,-0.58824
2009,REG,MIN,00-0025394,A.Peterson,315,1389.0,18.0,-0.09338,16,4.40952
2009,REG,MIN,00-0025955,A.Young,12,53.0,0.0,-0.38644,2,4.41667
2009,REG,MIN,00-0026998,P.Harvin,15,135.0,0.0,0.41837,11,9.0
2009,REG,NE,00-0005091,K.Faulk,62,335.0,2.0,0.06195,15,5.40323
2009,REG,NE,00-0016098,F.Taylor,63,269.0,4.0,-0.06999,6,4.26984
2009,REG,NE,00-0019484,S.Morris,73,319.0,2.0,-0.14217,10,4.36986
2009,REG,NE,00-0019596,T.Brady,29,44.0,1.0,0.01965,13,1.51724
2009,REG,NE,00-0022427,W.Welker,5,36.0,0.0,0.69899,4,7.2
2009,REG,NE,00-0024236,L.Maroney,194,757.0,9.0,-0.04493,15,3.90206
2009,REG,NE,00-0025860,B.Green-Ellis,26,114.0,0.0,-0.01698,6,4.38462
2009,REG,NE,00-0026293,M.Slater,1,6.0,0.0,0.26198,1,6.0
2009,REG,NE,00-0026625,B.Hoyer,10,25.0,1.0,-0.37026,3,2.5
2009,REG,NE,00-0027057,B.Tate,1,11.0,0.0,0.72606,1,11.0
2009,REG,NE,00-0027150,J.Edelman,2,5.0,0.0,-0.74641,2,2.5
2009,REG,NO,00-0002110,M.Brunell,3,-3.0,0.0,0.0,1,-1.0
2009,REG,NO,00-0020507,H.Evans,5,16.0,1.0,0.08611,3,3.2
2009,REG,NO,00-0020531,D.Brees,22,33.0,2.0,0.30283,10,1.5
2009,REG,NO,00-0022929,D.Henderson,4,13.0,0.0,-0.16489,4,3.25
2009,REG,NO,00-0023251,K.Eckel,2,6.0,0.0,-1.51599,1,3.0
2009,REG,NO,00-0024011,M.Bell,172,654.0,5.0,-0.16787,13,3.80233
2009,REG,NO,00-0024217,R.Bush,70,390.0,5.0,0.13372,14,5.57143
2009,REG,NO,00-0024466,M.Colston,1,6.0,0.0,0.40928,1,6.0
2009,REG,NO,00-0024813,P.Thomas,147,793.0,6.0,0.04423,13,5.39456
2009,REG,NO,00-0025414,R.Meachem,6,82.0,0.0,1.03998,6,13.66667
2009,REG,NO,00-0026121,L.Hamilton,35,125.0,2.0,0.06088,5,3.57143
2009,REG,NYG,00-0005113,J.Feagles,1,-8.0,0.0,-3.99978,1,-8.0
2009,REG,NYG,00-0020608,D.Carr,9,27.0,1.0,-0.16697,4,3.0
2009,REG,NYG,00-0022803,E.Manning,17,65.0,0.0,0.05009,10,3.82353
2009,REG,NYG,00-0023545,B.Jacobs,224,835.0,5.0,-0.12787,15,3.72768
2009,REG,NYG,00-0024559,D.Ware,13,73.0,1.0,-0.22724,4,5.61538
2009,REG,NYG,00-0025540,K.Boss,1,16.0,0.0,0.80899,1,16.0
2009,REG,NYG,00-0025637,A.Bradshaw,163,778.0,7.0,0.00397,15,4.77301
2009,REG,NYG,00-0027005,H.Nicks,2,8.0,0.0,-0.09127,2,4.0
2009,REG,NYG,00-0027098,G.Johnson,13,43.0,0.0,-0.14863,3,3.30769
2009,REG,NYJ,00-0013694,T.Richardson,7,48.0,0.0,0.18516,6,6.85714
2009,REG,NYJ,00-0019641,T.Jones,332,1402.0,14.0,-0.00027,16,4.22289
2009,REG,NYJ,00-0022811,J.Cotchery,2,7.0,1.0,0.81344,2,3.5
2009,REG,NYJ,00-0024110,S.Weatherford,2,42.0,0.0,3.83975,2,21.0
2009,REG,NYJ,00-0024264,K.Clemens,12,1.0,0.0,-0.74421,5,0.08333
2009,REG,NYJ,00-0024318,B.Smith,18,207.0,1.0,0.87774,9,11.5
2009,REG,NYJ,00-0024332,L.Washington,71,330.0,0.0,-0.11342,7,4.64789
2009,REG,NYJ,00-0025544,D.Clowney,3,1.0,0.0,-0.45272,3,0.33333
2009,REG,NYJ,00-0026019,D.Woodhead,15,64.0,0.0,-0.18015,5,4.26667
2009,REG,NYJ,00-0026170,D.Keller,1,7.0,0.0,0.5806,1,7.0
2009,REG,NYJ,00-0026898,M.Sanchez,36,106.0,3.0,0.19724,14,2.94444
2009,REG,NYJ,00-0026899,S.Greene,109,541.0,2.0,-0.07068,13,4.9633
2009,REG,PHI,00-0005755,J.Garcia,3,-2.0,0.0,-2.35206,1,-0.66667
2009,REG,PHI,00-0011022,D.McNabb,36,141.0,2.0,-0.02372,13,3.91667
2009,REG,PHI,00-0020245,M.Vick,24,95.0,2.0,0.1155,11,3.95833
2009,REG,PHI,00-0021216,B.Westbrook,61,274.0,1.0,0.03303,8,4.4918
2009,REG,PHI,00-0023063,L.Weaver,70,323.0,2.0,0.03167,13,4.61429
2009,REG,PHI,00-0023470,R.Brown,1,-3.0,0.0,-0.84248,1,-3.0
2009,REG,PHI,00-0024738,E.Buckley,15,44.0,1.0,0.04352,6,2.93333
2009,REG,PHI,00-0025423,K.Kolb,4,5.0,1.0,0.12619,2,1.25
2009,REG,PHI,00-0026189,D.Jackson,11,137.0,1.0,0.80794,8,12.45455
2009,REG,PHI,00-0026995,J.Maclin,2,-7.0,0.0,-0.98624,2,-3.5
2009,REG,PHI,00-0027029,L.McCoy,155,637.0,4.0,-0.11323,16,4.10968
2009,REG,PIT,00-0022217,M.Moore,35,118.0,0.0,-0.17718,13,3.37143
2009,REG,PIT,00-0022250,W.Parker,98,389.0,0.0,-0.15092,13,3.96939
2009,REG,PIT,00-0022434,C.Davis,2,15.0,0.0,-0.0475,1,7.5
2009,REG,PIT,00-0022924,B.Roethlisberger,41,79.0,2.0,0.02506,15,1.92683
2009,REG,PIT,00-0024240,S.Holmes,3,6.0,0.0,-0.37045,3,2.0
2009,REG,PIT,00-0026163,R.Mendenhall,242,1108.0,7.0,-0.05573,15,4.57851
2009,REG,PIT,00-0026296,D.Dixon,3,27.0,1.0,1.44757,1,9.0
2009,REG,PIT,00-0026901,M.Wallace,5,48.0,0.0,0.70546,4,9.6
2009,REG,SEA,00-0007091,M.Hasselbeck,26,119.0,0.0,-0.29999,13,4.57692
2009,REG,SEA,00-0008241,E.James,46,125.0,0.0,-0.07806,7,2.71739
2009,REG,SEA,00-0021192,D.Branch,1,-8.0,0.0,-2.4627,1,-8.0
2009,REG,SEA,00-0021999,N.Burleson,2,4.0,0.0,-0.35034,2,2.0
2009,REG,SEA,00-0022011,J.Griffith,4,6.0,0.0,-0.27751,3,1.5
2009,REG,SEA,00-0022055,S.Wallace,16,2.0,1.0,-1.0141,7,0.125
2009,REG,SEA,00-0022840,J.Jones,177,663.0,2.0,-0.12846,14,3.74576
2009,REG,SEA,00-0023742,J.Ryan,1,0.0,0.0,-2.83775,1,0.0
2009,REG,SEA,00-0025841,L.Rankin,8,36.0,0.0,-0.51509,2,4.5
2009,REG,SEA,00-0026373,J.Forsett,114,619.0,4.0,-0.00333,15,5.42982
2009,REG,SF,00-0002099,I.Bruce,1,-8.0,0.0,-1.56239,1,-8.0
2009,REG,SF,00-0020508,M.Norris,14,41.0,1.0,-0.11883,8,2.92857
2009,REG,SF,00-0020679,S.Hill,8,70.0,0.0,0.35628,4,8.75
2009,REG,SF,00-0023436,A.Smith,24,51.0,0.0,-0.31795,11,2.125
2009,REG,SF,00-0023500,F.Gore,229,1120.0,10.0,-0.0543,14,4.89083
2009,REG,SF,00-0023968,M.Spurlock,1,3.0,0.0,-0.97157,1,3.0
2009,REG,SF,00-0024315,M.Robinson,3,2.0,0.0,-0.13967,3,0.66667
2009,REG,SF,00-0024389,D.Walker,3,34.0,0.0,0.51261,3,11.33333
2009,REG,SF,00-0026314,J.Morgan,5,61.0,0.0,0.78538,5,12.2
2009,REG,SF,00-0027048,G.Coffee,83,226.0,1.0,-0.24262,10,2.72289
2009,REG,TB,00-0021755,E.Graham,14,66.0,0.0,0.31449,7,4.71429
2009,REG,TB,00-0022003,B.Askew,1,0.0,0.0,0.00673,1,0.0
2009,REG,TB,00-0022177,B.Leftwich,6,6.0,0.0,-0.31253,3,1.0
2009,REG,TB,00-0022770,D.Ward,115,414.0,1.0,-0.20786,14,3.6
2009,REG,TB,00-0022922,K.Winslow,1,7.0,0.0,-0.54176,1,7.0
2009,REG,TB,00-0023440,C.Williams,209,816.0,4.0,-0.09556,16,3.90431
2009,REG,TB,00-0026113,C.Smith,4,7.0,0.0,-1.33692,3,1.75
2009,REG,TB,00-0026300,J.Johnson,22,148.0,0.0,-0.05251,5,6.72727
2009,REG,TB,00-0026723,C.Pressley,1,0.0,0.0,-2.22428,1,0.0
2009,REG,TB,00-0026993,J.Freeman,32,162.0,0.0,0.07597,10,5.0625
2009,REG,TEN,00-0003292,K.Collins,12,15.0,1.0,-0.48731,7,1.25
2009,REG,TEN,00-0023367,N.Washington,2,15.0,0.0,0.16026,2,7.5
2009,REG,TEN,00-0024218,V.Young,55,281.0,2.0,0.12964,12,5.10909
2009,REG,TEN,00-0024260,L.White,64,222.0,2.0,-0.10935,12,3.46875
2009,REG,TEN,00-0024489,A.Hall,1,5.0,0.0,-2.34713,1,5.0
2009,REG,TEN,00-0026164,C.Johnson,359,2006.0,14.0,0.0618,16,5.58774
2009,REG,TEN,00-0027120,J.Ringer,8,48.0,0.0,0.35163,2,6.0
2009,REG,WAS,00-0003315,T.Collins,1,0.0,0.0,-1.17005,1,0.0
2009,REG,WAS,00-0015194,H.Smith,1,8.0,1.0,4.36925,1,8.0
2009,REG,WAS,00-0020494,S.Moss,2,8.0,0.0,-0.02123,2,4.0
2009,REG,WAS,00-0021179,C.Portis,124,494.0,1.0,-0.19237,8,3.98387
2009,REG,WAS,00-0021184,L.Betts,56,210.0,2.0,-0.0894,9,3.75
2009,REG,WAS,00-0021357,R.Cartwright,64,228.0,0.0,-0.18418,10,3.5625
2009,REG,WAS,00-0023460,J.Campbell,47,236.0,1.0,0.07428,15,5.02128
2009,REG,WAS,00-0024460,Q.Ganther,63,199.0,3.0,-0.11073,8,3.15873
2009,REG,WAS,00-0024561,M.Mason,32,127.0,0.0,-0.08687,9,3.96875
2009,REG,WAS,00-0026174,D.Thomas,3,-2.0,0.0,-0.65237,3,-0.66667
2010,POST,ATL,00-0022143,O.Mughelli,1,1.0,0.0,1.40701,1,1.0
2010,POST,ATL,00-0022821,M.Turner,10,39.0,1.0,-0.0516,1,3.9
2010,POST,ATL,00-0025631,J.Snelling,1,1.0,0.0,-0.4262,1,1.0
2010,POST,ATL,00-0026143,M.Ryan,1,0.0,0.0,-4.81319,1,0.0
2010,POST,ATL,00-0027098,G.Johnson,1,4.0,0.0,-0.23974,1,4.0
2010,POST,BAL,00-0021147,D.Stallworth,1,1.0,0.0,-0.50372,1,1.0
2010,POST,BAL,00-0022178,W.McGahee,14,48.0,1.0,-0.00366,2,3.42857
2010,POST,BAL,00-0025524,L.McClain,1,1.0,0.0,-0.3291,1,1.0
2010,POST,BAL,00-0026158,J.Flacco,9,25.0,0.0,-0.3004,2,2.77778
2010,POST,BAL,00-0026195,R.Rice,29,89.0,1.0,-0.1474,2,3.06897
2010,POST,BAL,00-0026316,J.Parmele,4,13.0,0.0,-0.27887,1,3.25
2010,POST,CHI,00-0021314,C.Taylor,14,46.0,2.0,0.15089,2,3.28571
2010,POST,CHI,00-0024226,J.Cutler,10,53.0,2.0,1.00567,2,5.3
2010,POST,CHI,00-0025970,C.Hanie,1,3.0,0.0,-0.17902,1,3.0
2010,POST,CHI,00-0026184,M.Forte,42,150.0,0.0,-0.14468,2,3.57143
2010,POST,CHI,00-0026210,E.Bennett,2,7.0,0.0,-0.08083,2,3.5
2010,POST,GB,00-0022999,J.Kuhn,6,8.0,1.0,-0.24314,3,1.33333
2010,POST,GB,00-0023459,A.Rodgers,14,54.0,2.0,0.13776,4,3.85714
2010,POST,GB,00-0025450,B.Jackson,6,28.0,0.0,-0.0394,3,4.66667
2010,POST,GB,00-0026349,M.Flynn,1,-1.0,0.0,0.0,1,-1.0
2010,POST,GB,00-0027791,J.Starks,81,315.0,1.0,-0.09029,4,3.88889
2010,POST,IND,00-0019863,D.Rhodes,14,33.0,0.0,-0.35592,1,2.35714
2010,POST,IND,00-0024245,J.Addai,13,60.0,0.0,-0.06517,1,4.61538
2010,POST,KC,00-0019641,T.Jones,5,15.0,0.0,-0.21835,1,3.0
2010,POST,KC,00-0023662,M.Cassel,3,6.0,0.0,-0.11696,1,2.0
2010,POST,KC,00-0026213,J.Charles,9,82.0,1.0,-0.3621,1,9.11111
2010,POST,KC,00-0027651,D.McCluster,2,5.0,0.0,-0.34338,1,2.5
2010,POST,NE,00-0019484,S.Morris,1,0.0,0.0,1.053,1,0.0
2010,POST,NE,00-0019596,T.Brady,2,2.0,0.0,0.29059,1,1.0
2010,POST,NE,00-0025860,B.Green-Ellis,9,43.0,0.0,0.20997,1,4.77778
2010,POST,NE,00-0026019,D.Woodhead,14,46.0,0.0,-0.03152,1,3.28571
2010,POST,NE,00-0027010,P.Chung,1,0.0,0.0,-2.45625,1,0.0
2010,POST,NE,00-0027057,B.Tate,1,11.0,0.0,0.81768,1,11.0
2010,POST,NE,00-0027150,J.Edelman,1,11.0,0.0,1.47832,1,11.0
2010,POST,NO,00-0020531,D.Brees,2,6.0,0.0,0.09453,1,3.0
2010,POST,NO,00-0022840,J.Jones,15,59.0,2.0,-0.19919,1,3.93333
2010,POST,NO,00-0024217,R.Bush,5,12.0,0.0,-0.18375,1,2.4
2010,POST,NO,00-0025615,D.Wynn,1,0.0,0.0,-0.947,1,0.0
2010,POST,NYJ,00-0020536,L.Tomlinson,35,141.0,2.0,-0.11107,3,4.02857
2010,POST,NYJ,00-0022811,J.Cotchery,1,-4.0,0.0,-0.90868,1,-4.0
2010,POST,NYJ,00-0024318,B.Smith,2,11.0,0.0,0.11897,1,5.5
2010,POST,NYJ,00-0026898,M.Sanchez,5,11.0,0.0,-0.39646,3,2.2
2010,POST,NYJ,00-0026899,S.Greene,45,198.0,1.0,0.07181,3,4.4
2010,POST,NYJ,00-0027712,J.McKnight,1,2.0,0.0,-0.31481,1,2.0
2010,POST,PHI,00-0020245,M.Vick,8,32.0,1.0,0.46733,1,4.0
2010,POST,PHI,00-0024359,J.Harrison,1,3.0,0.0,-0.04124,1,3.0
2010,POST,PHI,00-0027029,L.McCoy,12,46.0,0.0,-0.14976,1,3.83333
2010,POST,PIT,00-0021190,A.Randle El,1,0.0,0.0,1.053,1,0.0
2010,POST,PIT,00-0022217,M.Moore,6,22.0,0.0,0.07589,3,3.66667
2010,POST,PIT,00-0022924,B.Roethlisberger,21,63.0,1.0,0.16525,3,3.0
2010,POST,PIT,00-0026163,R.Mendenhall,61,230.0,4.0,-0.17399,3,3.77049
2010,POST,PIT,00-0026566,I.Redman,7,50.0,0.0,0.33572,3,7.14286
2010,POST,PIT,00-0026901,M.Wallace,2,-2.0,0.0,-1.09188,1,-1.0
2010,POST,SEA,00-0007091,M.Hasselbeck,2,-1.0,0.0,-1.0221,2,-0.5
2010,POST,SEA,00-0024315,M.Robinson,1,1.0,0.0,-0.2994,1,1.0
2010,POST,SEA,00-0024332,L.Washington,1,9.0,0.0,0.98303,1,9.0
2010,POST,SEA,00-0025399,M.Lynch,23,133.0,1.0,-0.00063,2,5.78261
2010,POST,SEA,00-0026373,J.Forsett,8,29.0,0.0,-0.09691,2,3.625
2010,POST,SEA,00-0027891,G.Tate,1,13.0,0.0,0.96492,1,13.0
2010,REG,ARI,00-0019770,J.Feely,1,5.0,1.0,4.07486,1,5.0
2010,REG,ARI,00-0022288,J.Wright,6,28.0,0.0,0.44966,3,4.66667
2010,REG,ARI,00-0023645,D.Anderson,5,25.0,0.0,-0.68945,3,5.0
2010,REG,ARI,00-0025529,S.Breaston,3,35.0,0.0,0.62745,3,11.66667
2010,REG,ARI,00-0026221,E.Doucet,2,5.0,0.0,-0.22639,2,2.5
2010,REG,ARI,00-0026289,T.Hightower,154,736.0,5.0,-0.14812,16,4.77922
2010,REG,ARI,00-0026956,L.Stephens-Howling,23,113.0,1.0,-0.0302,7,4.91304
2010,REG,ARI,00-0027007,C.Wells,116,397.0,2.0,-0.15651,13,3.42241
2010,REG,ARI,00-0027347,M.Hall,1,-5.0,0.0,-1.1337,1,-5.0
2010,REG,ARI,00-0027754,J.Skelton,10,49.0,0.0,-0.20806,4,4.9
2010,REG,ATL,00-0019709,C.Redman,1,-1.0,0.0,-1.47241,1,-1.0
2010,REG,ATL,00-0022143,O.Mughelli,13,36.0,0.0,0.13896,6,2.76923
2010,REG,ATL,00-0022821,M.Turner,334,1371.0,12.0,-0.05143,16,4.10479
2010,REG,ATL,00-0023462,R.White,1,3.0,0.0,-0.3136,1,3.0
2010,REG,ATL,00-0024294,J.Norwood,2,8.0,0.0,0.40945,1,4.0
2010,REG,ATL,00-0025631,J.Snelling,87,324.0,2.0,-0.06737,14,3.72414
2010,REG,ATL,00-0026143,M.Ryan,44,118.0,0.0,-0.35754,14,2.68182
2010,REG,ATL,00-0026143,Ryan,2,4.0,0.0,0.41304,1,2.0
2010,REG,ATL,00-0026224,H.Douglas,2,-5.0,0.0,-1.26409,2,-2.5
2010,REG,ATL,00-0026855,A.Smith,1,-3.0,0.0,-0.8269,1,-3.0
2010,REG,ATL,00-0027098,G.Johnson,10,36.0,0.0,-0.20056,4,3.6
2010,REG,BAL,00-0021147,D.Stallworth,5,45.0,0.0,-0.37435,4,9.0
2010,REG,BAL,00-0022084,A.Boldin,2,2.0,0.0,0.21809,2,1.0
2010,REG,BAL,00-0022178,W.McGahee,100,380.0,5.0,-0.10721,15,3.8
2010,REG,BAL,00-0024417,S.Koch,1,0.0,0.0,-3.68639,1,0.0
2010,REG,BAL,00-0025524,L.McClain,28,85.0,0.0,-0.02393,12,3.03571
2010,REG,BAL,00-0026158,J.Flacco,43,84.0,1.0,-0.24015,15,1.95349
2010,REG,BAL,00-0026195,R.Rice,307,1220.0,5.0,-0.0684,16,3.97394
2010,REG,BAL,00-0027755,D.Reed,1,15.0,0.0,0.86567,1,15.0
2010,REG,BUF,00-0011626,B.Moorman,1,1.0,0.0,-2.26205,1,1.0
2010,REG,BUF,00-0020804,C.McIntyre,4,5.0,1.0,0.07191,4,1.25
2010,REG,BUF,00-0023490,R.Parrish,3,23.0,0.0,0.87706,3,7.66667
2010,REG,BUF,00-0023682,R.Fitzpatrick,40,269.0,0.0,-0.05696,13,6.725
2010,REG,BUF,00-0024204,F.Jackson,223,927.0,5.0,-0.08311,16,4.15695
2010,REG,BUF,00-0024460,Q.Ganther,9,18.0,0.0,-0.26068,4,2.0
2010,REG,BUF,00-0025399,M.Lynch,37,164.0,0.0,-0.16494,4,4.43243
2010,REG,BUF,00-0025479,T.Edwards,5,24.0,0.0,-0.22816,2,4.8
2010,REG,BUF,00-0026012,J.Caulcrick,1,2.0,0.0,0.33094,1,2.0
2010,REG,BUF,00-0026844,G.Sanborn,1,0.0,0.0,-0.38057,1,0.0
2010,REG,BUF,00-0027220,N.Roosevelt,1,3.0,0.0,-0.33224,1,3.0
2010,REG,BUF,00-0027518,D.Jones,3,1.0,0.0,-0.61022,3,0.33333
2010,REG,BUF,00-0027861,C.Spiller,74,283.0,0.0,-0.21336,14,3.82432
2010,REG,CAR,00-0019921,J.Baker,1,0.0,0.0,-2.53171,1,0.0
2010,REG,CAR,00-0020337,S.Smith,1,9.0,0.0,1.26661,1,9.0
2010,REG,CAR,00-0024242,D.Williams,87,361.0,1.0,-0.21308,6,4.14943
2010,REG,CAR,00-0025542,D.Rosario,1,-2.0,0.0,-0.91252,1,-2.0
2010,REG,CAR,00-0025708,M.Moore,5,25.0,0.0,0.11569,4,5.0
2010,REG,CAR,00-0025995,J.Senn,1,5.0,0.0,2.73178,1,5.0
2010,REG,CAR,00-0026153,J.Stewart,178,770.0,2.0,-0.21577,14,4.32584
2010,REG,CAR,00-0026644,J.Vaughan,3,7.0,1.0,0.30098,1,2.33333
2010,REG,CAR,00-0026790,T.Sutton,13,71.0,0.0,0.12657,3,5.46154
2010,REG,CAR,00-0027080,M.Goodson,103,452.0,3.0,-0.13425,12,4.38835
2010,REG,CAR,00-0027093,T.Fiammetta,7,22.0,0.0,0.14934,5,3.14286
2010,REG,CAR,00-0027659,J.Clausen,23,57.0,0.0,-0.9617,8,2.47826
2010,REG,CAR,00-0027681,B.LaFell,1,60.0,0.0,4.26233,1,60.0
2010,REG,CAR,00-0027692,A.Edwards,1,7.0,0.0,0.17154,1,7.0
2010,REG,CAR,00-0027795,D.Gettis,3,2.0,0.0,-0.69828,3,0.66667
2010,REG,CHI,00-0021314,C.Taylor,112,267.0,3.0,-0.2216,16,2.38393
2010,REG,CHI,00-0024226,J.Cutler,50,232.0,1.0,0.22838,14,4.64
2010,REG,CHI,00-0024272,D.Hester,7,30.0,0.0,-0.11668,6,4.28571
2010,REG,CHI,00-0025480,G.Wolfe,4,8.0,0.0,-0.96094,1,2.0
2010,REG,CHI,00-0025970,C.Hanie,1,-1.0,0.0,0.0,1,-1.0
2010,REG,CHI,00-0026184,M.Forte,237,1069.0,6.0,-0.07986,16,4.51055
2010,REG,CHI,00-0026210,E.Bennett,2,9.0,0.0,0.30546,2,4.5
2010,REG,CHI,00-0026913,J.Knox,1,2.0,0.0,-0.54801,1,2.0
2010,REG,CIN,00-0021429,C.Palmer,32,50.0,0.0,-0.43225,12,1.5625
2010,REG,CIN,00-0023439,C.Benson,322,1111.0,7.0,-0.19736,16,3.45031
2010,REG,CIN,00-0025439,B.Leonard,9,61.0,0.0,0.70268,6,6.77778
2010,REG,CIN,00-0026186,J.Simpson,1,2.0,0.0,-0.47762,1,2.0
2010,REG,CIN,00-0026237,A.Caldwell,1,-2.0,0.0,-0.84874,1,-2.0
2010,REG,CIN,00-0026723,C.Pressley,1,0.0,0.0,-1.67778,1,0.0
2010,REG,CIN,00-0026932,C.Peerman,2,1.0,0.0,-2.28128,2,0.5
2010,REG,CIN,00-0026941,B.Scott,55,264.0,1.0,0.04283,13,4.8
2010,REG,CIN,00-0026941,Be.Scott,6,35.0,0.0,0.05257,1,5.83333
2010,REG,CLE,00-0004161,J.Delhomme,8,-2.0,0.0,-0.87155,4,-0.25
2010,REG,CLE,00-0022055,S.Wallace,7,9.0,0.0,-0.66101,3,1.28571
2010,REG,CLE,00-0022943,B.Watson,1,-1.0,0.0,-1.34174,1,-1.0
2010,REG,CLE,00-0023176,J.Cribbs,21,67.0,0.0,-0.07215,11,3.19048
2010,REG,CLE,00-0023642,R.Hodges,1,68.0,0.0,6.48373,1,68.0
2010,REG,CLE,00-0024011,M.Bell,31,71.0,0.0,-0.24648,8,2.29032
2010,REG,CLE,00-0024359,J.Harrison,31,91.0,0.0,-0.44048,3,2.93548
2010,REG,CLE,00-0024394,L.Vickers,5,11.0,0.0,-0.20706,3,2.2
2010,REG,CLE,00-0025461,Y.Figurs,1,-4.0,0.0,-1.05345,1,-4.0
2010,REG,CLE,00-0025573,T.Clayton,1,0.0,0.0,-0.37362,1,0.0
2010,REG,CLE,00-0025622,C.Stuckey,3,9.0,1.0,0.22322,3,3.0
2010,REG,CLE,00-0026367,P.Hillis,270,1177.0,11.0,-0.08514,16,4.35926
2010,REG,CLE,00-0027026,M.Massaquoi,1,-3.0,0.0,-1.16399,1,-3.0
2010,REG,CLE,00-0027130,J.Davis,4,9.0,0.0,-0.31928,1,2.25
2010,REG,CLE,00-0027688,C.McCoy,28,136.0,1.0,0.30465,7,4.85714
2010,REG,CLE,00-0027776,C.Mitchell,1,9.0,0.0,0.62267,1,9.0
2010,REG,DAL,00-0009311,J.Kitna,31,147.0,1.0,-0.00062,8,4.74194
2010,REG,DAL,00-0021488,M.McBriar,1,0.0,0.0,-2.04293,1,0.0
2010,REG,DAL,00-0021678,T.Romo,6,38.0,0.0,0.86073,4,6.33333
2010,REG,DAL,00-0023544,M.Barber,113,374.0,4.0,-0.09036,13,3.30973
2010,REG,DAL,00-0023921,M.Austin,7,93.0,1.0,0.5847,7,13.28571
2010,REG,DAL,00-0026162,F.Jones,185,800.0,1.0,-0.06912,16,4.32432
2010,REG,DAL,00-0026262,T.Choice,66,243.0,3.0,-0.11698,11,3.68182
2010,REG,DAL,00-0027071,S.McGee,13,74.0,0.0,0.24594,2,5.69231
2010,REG,DAL,00-0027419,C.Gronkowski,5,17.0,0.0,0.54637,3,3.4
2010,REG,DAL,00-0027902,D.Bryant,1,0.0,0.0,-0.64993,1,0.0
2010,REG,DEN,00-0020270,C.Buckhalter,59,147.0,2.0,-0.40747,10,2.49153
2010,REG,DEN,00-0022097,B.Lloyd,1,-18.0,0.0,-1.59067,1,-18.0
2010,REG,DEN,00-0023541,K.Orton,22,98.0,0.0,-0.27594,10,4.45455
2010,REG,DEN,00-0024236,L.Maroney,36,74.0,0.0,-0.41166,4,2.05556
2010,REG,DEN,00-0026182,E.Royal,6,61.0,0.0,-0.13899,4,10.16667
2010,REG,DEN,00-0026323,S.Larsen,3,18.0,0.0,0.64844,2,6.0
2010,REG,DEN,00-0026432,L.Ball,41,158.0,0.0,-0.19509,7,3.85366
2010,REG,DEN,00-0026516,B.Colquitt,1,0.0,0.0,-3.1791,1,0.0
2010,REG,DEN,00-0026988,K.Moreno,182,779.0,5.0,-0.05663,13,4.28022
2010,REG,DEN,00-0027094,A.Brown,2,-1.0,0.0,-0.57924,1,-0.5
2010,REG,DEN,00-0027874,D.Thomas,2,1.0,0.0,-3.34383,2,0.5
2010,REG,DEN,00-0027876,T.Tebow,43,227.0,6.0,0.30934,7,5.27907
2010,REG,DET,00-0020679,Sh.Hill,22,120.0,0.0,0.41262,9,5.45455
2010,REG,DET,00-0021182,M.Morris,90,336.0,5.0,-0.07819,10,3.73333
2010,REG,DET,00-0021999,N.Burleson,7,81.0,0.0,0.53798,7,11.57143
2010,REG,DET,00-0025389,C.Johnson,4,32.0,0.0,0.2358,4,8.0
2010,REG,DET,00-0025430,D.Stanton,18,113.0,1.0,0.44388,6,6.27778
2010,REG,DET,00-0026204,K.Smith,33,125.0,0.0,-0.21958,6,3.78788
2010,REG,DET,00-0026286,J.Felton,22,76.0,0.0,-0.25473,11,3.45455
2010,REG,DET,00-0026491,S.Logan,15,95.0,0.0,0.14334,7,6.33333
2010,REG,DET,00-0026498,M.Stafford,4,11.0,1.0,-0.17623,1,2.75
2010,REG,DET,00-0027129,A.Brown,17,58.0,0.0,-0.14343,3,3.41176
2010,REG,DET,00-0027880,J.Best,172,563.0,4.0,-0.23543,15,3.27326
2010,REG,GB,00-0022984,R.Grant,8,45.0,0.0,0.01786,1,5.625
2010,REG,GB,00-0022999,J.Kuhn,84,281.0,4.0,-0.00679,13,3.34524
2010,REG,GB,00-0023459,A.Rodgers,64,356.0,4.0,0.20825,15,5.5625
2010,REG,GB,00-0024267,G.Jennings,1,-1.0,0.0,-0.75814,1,-1.0
2010,REG,GB,00-0025450,B.Jackson,190,703.0,3.0,-0.09339,16,3.7
2010,REG,GB,00-0026349,M.Flynn,9,26.0,0.0,-0.0294,4,2.88889
2010,REG,GB,00-0027201,D.Nance,36,95.0,0.0,-0.35377,7,2.63889
2010,REG,GB,00-0027791,J.Starks,29,101.0,0.0,-0.11859,3,3.48276
2010,REG,HOU,00-0016689,M.Turk,1,-27.0,0.0,0.0363,1,-27.0
2010,REG,HOU,00-0022044,A.Johnson,2,10.0,0.0,0.93797,1,5.0
2010,REG,HOU,00-0022770,D.Ward,51,317.0,4.0,0.2278,14,6.21569
2010,REG,HOU,00-0022787,M.Schaub,22,28.0,0.0,-0.36418,13,1.27273
2010,REG,HOU,00-0025460,J.Jones,2,7.0,0.0,-0.02582,2,3.5
2010,REG,HOU,00-0026229,S.Slaton,19,93.0,0.0,-0.00152,5,4.89474
2010,REG,HOU,00-0026796,A.Foster,326,1614.0,16.0,0.0362,16,4.95092
2010,REG,IND,00-0010346,P.Manning,18,18.0,0.0,-0.05117,8,1.0
2010,REG,IND,00-0019863,D.Rhodes,37,172.0,0.0,-0.22002,3,4.64865
2010,REG,IND,00-0024245,J.Addai,116,495.0,4.0,0.0321,8,4.26724
2010,REG,IND,00-0026342,M.Hart,43,185.0,1.0,-0.07725,6,4.30233
2010,REG,IND,00-0026345,P.Garcon,2,6.0,0.0,-0.26345,2,3.0
2010,REG,IND,00-0026620,D.Moore,2,-2.0,0.0,-2.22671,1,-1.0
2010,REG,IND,00-0027003,D.Brown,129,497.0,2.0,-0.08022,12,3.85271
2010,REG,IND,00-0027467,J.James,46,112.0,6.0,0.02953,8,2.43478
2010,REG,JAX,00-0001545,T.Bouman,2,8.0,0.0,1.18874,1,4.0
2010,REG,JAX,00-0021231,D.Garrard,67,270.0,5.0,0.16278,13,4.02985
2010,REG,JAX,00-0022864,L.McCown,1,4.0,0.0,-1.08306,1,4.0
2010,REG,JAX,00-0022897,G.Jones,2,4.0,0.0,-0.36674,1,2.0
2010,REG,JAX,00-0024275,M.Jones-Drew,299,1324.0,5.0,-0.01914,14,4.42809
2010,REG,JAX,00-0025479,T.Edwards,9,34.0,0.0,1.02525,2,3.77778
2010,REG,JAX,00-0027076,M.Thomas,12,114.0,0.0,0.41801,8,9.5
2010,REG,JAX,00-0027125,Z.Miller,2,9.0,0.0,-0.2972,1,4.5
2010,REG,JAX,00-0027155,R.Jennings,84,459.0,4.0,0.14545,12,5.46429
2010,REG,JAX,00-0027779,D.Karim,35,160.0,0.0,-0.05284,6,4.57143
2010,REG,KC,00-0019641,T.Jones,245,896.0,6.0,-0.13955,16,3.65714
2010,REG,KC,00-0021679,S.Smith,1,1.0,1.0,1.58948,1,1.0
2010,REG,KC,00-0023662,M.Cassel,33,125.0,0.0,-0.12154,12,3.78788
2010,REG,KC,00-0024812,T.Palko,2,5.0,0.0,0.2231,2,2.5
2010,REG,KC,00-0025410,D.Bowe,1,4.0,0.0,-0.46489,1,4.0
2010,REG,KC,00-0025672,T.Castille,5,3.0,0.0,-0.81908,5,0.6
2010,REG,KC,00-0025701,J.Battle,20,50.0,1.0,-0.19892,8,2.5
2010,REG,KC,00-0026213,J.Charles,230,1467.0,5.0,0.1668,16,6.37826
2010,REG,KC,00-0027651,D.McCluster,18,71.0,0.0,-0.30751,9,3.94444
2010,REG,KC,00-0027660,J.Arenas,1,5.0,0.0,-1.81705,1,5.0
2010,REG,LA,00-0022736,S.Jackson,330,1241.0,6.0,-0.15071,16,3.76061
2010,REG,LA,00-0022796,M.Karney,6,12.0,0.0,0.17544,5,2.0
2010,REG,LA,00-0023457,M.Clayton,1,6.0,0.0,0.23759,1,6.0
2010,REG,LA,00-0025462,L.Robinson,2,-14.0,0.0,-1.00857,2,-7.0
2010,REG,LA,00-0025633,K.Darby,34,107.0,2.0,-0.11806,10,3.14706
2010,REG,LA,00-0026035,D.Amendola,7,81.0,0.0,0.45892,4,11.57143
2010,REG,LA,00-0026937,B.Gibson,3,28.0,0.0,0.46098,2,9.33333
2010,REG,LA,00-0027257,K.Toston,19,54.0,0.0,-0.29689,4,2.84211
2010,REG,LA,00-0027854,S.Bradford,27,63.0,1.0,-0.29698,11,2.33333
2010,REG,LAC,00-0019041,B.Volek,6,-5.0,0.0,-0.38656,3,-0.83333
2010,REG,LAC,00-0022942,P.Rivers,29,52.0,0.0,-0.36787,12,1.7931
2010,REG,LAC,00-0023496,V.Jackson,1,14.0,0.0,1.19573,1,14.0
2010,REG,LAC,00-0023564,D.Sproles,51,270.0,0.0,-0.23636,15,5.29412
2010,REG,LAC,00-0025559,L.Naanee,3,-2.0,0.0,-0.74529,2,-0.66667
2010,REG,LAC,00-0026069,M.Tolbert,183,735.0,11.0,-0.06401,15,4.01639
2010,REG,LAC,00-0026209,J.Hester,26,60.0,0.0,-0.07034,11,2.30769
2010,REG,LAC,00-0026745,C.Brinkley,2,11.0,0.0,-0.23262,2,5.5
2010,REG,LAC,00-0027864,R.Mathews,157,675.0,7.0,-0.0641,12,4.29936
2010,REG,LV,00-0020514,M.Bennett,2,11.0,0.0,0.52639,2,5.5
2010,REG,LV,00-0021357,R.Cartwright,9,22.0,0.0,-0.37985,4,2.44444
2010,REG,LV,00-0022164,K.Boller,7,18.0,0.0,-0.21222,2,2.57143
2010,REG,LV,00-0023460,J.Campbell,46,220.0,1.0,0.19586,11,4.78261
2010,REG,LV,00-0024408,B.Gradkowski,12,41.0,0.0,-0.24646,4,3.41667
2010,REG,LV,00-0025447,S.Satele,1,0.0,0.0,-1.44583,1,0.0
2010,REG,LV,00-0025487,M.Bush,158,655.0,8.0,0.01188,14,4.14557
2010,REG,LV,00-0026144,D.McFadden,223,1157.0,7.0,-0.03211,13,5.18834
2010,REG,LV,00-0026393,M.Reece,30,122.0,1.0,-0.17887,14,4.06667
2010,REG,LV,00-0026983,D.Heyward-Bey,4,48.0,0.0,-0.55931,4,12.0
2010,REG,LV,00-0027089,L.Murphy,1,43.0,0.0,3.46063,1,43.0
2010,REG,LV,00-0027709,J.Ford,10,155.0,2.0,1.25765,8,15.5
2010,REG,MIA,00-0017915,R.Williams,159,673.0,2.0,-0.09177,16,4.2327
2010,REG,MIA,00-0022001,K.Curtis,1,6.0,0.0,-0.032,1,6.0
2010,REG,MIA,00-0022405,L.Polite,26,62.0,1.0,0.23708,13,2.38462
2010,REG,MIA,00-0023437,R.Brown,201,734.0,5.0,-0.15741,16,3.65174
2010,REG,MIA,00-0024172,P.Cobbs,4,0.0,0.0,-1.12392,4,0.0
2010,REG,MIA,00-0024334,B.Marshall,2,3.0,0.0,-0.52185,1,1.5
2010,REG,MIA,00-0025604,T.Thigpen,13,70.0,0.0,-0.09822,5,5.38462
2010,REG,MIA,00-0026000,D.Bess,1,0.0,0.0,-0.48446,1,0.0
2010,REG,MIA,00-0026197,C.Henne,35,52.0,0.0,-0.34804,11,1.48571
2010,REG,MIA,00-0027077,B.Hartline,2,27.0,0.0,0.76737,2,13.5
2010,REG,MIA,00-0027356,M.Moore,1,16.0,0.0,0.99233,1,16.0
2010,REG,MIN,00-0005106,B.Favre,17,8.0,0.0,-1.36913,8,0.47059
2010,REG,MIN,00-0022746,J.Dugan,2,2.0,0.0,-0.50451,1,1.0
2010,REG,MIN,00-0022807,B.Berrian,1,-8.0,0.0,-0.96311,1,-8.0
2010,REG,MIN,00-0023774,N.Tahi,1,1.0,0.0,1.55868,1,1.0
2010,REG,MIN,00-0024279,T.Jackson,7,63.0,0.0,0.07071,3,9.0
2010,REG,MIN,00-0025394,A.Peterson,283,1298.0,12.0,-0.03778,15,4.58657
2010,REG,MIN,00-0025955,A.Young,13,29.0,0.0,-0.3321,2,2.23077
2010,REG,MIN,00-0026998,P.Harvin,18,107.0,1.0,0.35097,9,5.94444
2010,REG,MIN,00-0027796,J.Webb,18,120.0,2.0,0.51912,4,6.66667
2010,REG,MIN,00-0027888,T.Gerhart,81,322.0,1.0,-0.13578,15,3.97531
2010,REG,NE,00-0005091,K.Faulk,8,45.0,0.0,0.05799,2,5.625
2010,REG,NE,00-0016098,F.Taylor,43,155.0,0.0,-0.13164,7,3.60465
2010,REG,NE,00-0019484,S.Morris,20,56.0,0.0,-0.04843,9,2.8
2010,REG,NE,00-0019596,T.Brady,31,30.0,1.0,0.05654,11,0.96774
2010,REG,NE,00-0025573,T.Clayton,6,17.0,0.0,-0.51774,1,2.83333
2010,REG,NE,00-0025860,B.Green-Ellis,229,1008.0,13.0,0.10296,16,4.40175
2010,REG,NE,00-0026019,D.Woodhead,97,547.0,5.0,0.20566,14,5.63918
2010,REG,NE,00-0026625,B.Hoyer,10,-8.0,0.0,-0.87085,5,-0.8
2010,REG,NE,00-0027057,B.Tate,5,62.0,0.0,0.72585,5,12.4
2010,REG,NE,00-0027150,J.Edelman,2,14.0,0.0,0.78296,2,7.0
2010,REG,NE,00-0027713,A.Hernandez,3,47.0,0.0,1.07733,3,15.66667
2010,REG,NO,00-0020507,H.Evans,2,2.0,0.0,-1.5154,2,1.0
2010,REG,NO,00-0020531,D.Brees,18,-3.0,0.0,-0.35896,8,-0.16667
2010,REG,NO,00-0021184,L.Betts,45,150.0,2.0,-0.23167,5,3.33333
2010,REG,NO,00-0022840,J.Jones,48,193.0,0.0,-0.20632,10,4.02083
2010,REG,NO,00-0022929,D.Henderson,3,8.0,0.0,-0.36167,3,2.66667
2010,REG,NO,00-0024217,R.Bush,36,150.0,0.0,-0.21062,8,4.16667
2010,REG,NO,00-0024466,M.Colston,1,1.0,0.0,-0.46169,1,1.0
2010,REG,NO,00-0024813,P.Thomas,83,269.0,2.0,-0.10569,6,3.24096
2010,REG,NO,00-0025414,R.Meachem,4,14.0,0.0,-0.11981,4,3.5
2010,REG,NO,00-0026544,C.Daniel,2,16.0,0.0,-1.05354,2,8.0
2010,REG,NO,00-0027531,C.Ivory,137,716.0,5.0,0.07465,12,5.22628
2010,REG,NO,00-0027696,J.Graham,1,3.0,0.0,0.48498,1,3.0
2010,REG,NYG,00-0020480,S.Rosenfels,3,-3.0,0.0,-1.64762,1,-1.0
2010,REG,NYG,00-0022803,E.Manning,32,70.0,0.0,-0.78079,14,2.1875
2010,REG,NYG,00-0023545,B.Jacobs,147,823.0,9.0,0.03271,16,5.59864
2010,REG,NYG,00-0024559,D.Ware,20,73.0,0.0,-0.09829,4,3.65
2010,REG,NYG,00-0025637,A.Bradshaw,277,1235.0,8.0,-0.11675,16,4.45848
2010,REG,NYG,00-0026235,M.Manningham,1,2.0,0.0,-0.61166,1,2.0
2010,REG,NYG,00-0027815,M.Dodge,1,0.0,0.0,-2.6693,1,0.0
2010,REG,NYJ,00-0013694,T.Richardson,5,13.0,0.0,0.27069,3,2.6
2010,REG,NYJ,00-0020536,L.Tomlinson,219,914.0,6.0,-0.02878,15,4.17352
2010,REG,NYJ,00-0022811,J.Cotchery,4,-3.0,0.0,-0.56771,3,-0.75
2010,REG,NYJ,00-0023438,B.Edwards,1,4.0,0.0,0.09802,1,4.0
2010,REG,NYJ,00-0024110,S.Weatherford,1,17.0,0.0,-1.37472,1,17.0
2010,REG,NYJ,00-0024240,S.Holmes,2,17.0,0.0,-4.32267,2,8.5
2010,REG,NYJ,00-0024264,K.Clemens,2,9.0,1.0,-0.85583,1,4.5
2010,REG,NYJ,00-0024318,B.Smith,37,298.0,1.0,0.24536,15,8.05405
2010,REG,NYJ,00-0026898,M.Sanchez,30,105.0,3.0,0.05192,13,3.5
2010,REG,NYJ,00-0026899,S.Greene,185,766.0,2.0,-0.02737,15,4.14054
2010,REG,NYJ,00-0027712,J.McKnight,39,189.0,0.0,-0.08515,3,4.84615
2010,REG,NYJ,00-0027739,J.Conner,8,44.0,1.0,0.12091,1,5.5
2010,REG,PHI,00-0020245,M.Vick,99,676.0,9.0,0.39003,12,6.82828
2010,REG,PHI,00-0023063,L.Weaver,1,0.0,0.0,-0.39905,1,0.0
2010,REG,PHI,00-0024011,M.Bell,16,28.0,0.0,-0.48355,4,1.75
2010,REG,PHI,00-0024359,J.Harrison,40,239.0,1.0,0.08452,7,5.975
2010,REG,PHI,00-0024738,E.Buckley,21,67.0,0.0,-0.26572,5,3.19048
2010,REG,PHI,00-0025423,K.Kolb,16,66.0,0.0,-0.04745,7,4.125
2010,REG,PHI,00-0026189,D.Jackson,16,104.0,1.0,0.26622,12,6.5
2010,REG,PHI,00-0026995,J.Maclin,3,36.0,0.0,0.9902,3,12.0
2010,REG,PHI,00-0027029,L.McCoy,207,1080.0,7.0,0.05937,15,5.21739
2010,REG,PHI,00-0027188,C.Hall,9,29.0,0.0,0.01265,4,3.22222
2010,REG,PIT,00-0000865,C.Batch,7,30.0,0.0,0.24153,3,4.28571
2010,REG,PIT,00-0017162,H.Ward,1,-2.0,0.0,-0.9144,1,-2.0
2010,REG,PIT,00-0021190,A.Randle El,1,2.0,0.0,-0.31968,1,2.0
2010,REG,PIT,00-0022217,M.Moore,35,99.0,0.0,-0.15151,13,2.82857
2010,REG,PIT,00-0022924,B.Roethlisberger,34,176.0,2.0,0.22768,12,5.17647
2010,REG,PIT,00-0026163,R.Mendenhall,324,1273.0,13.0,-0.08332,16,3.92901
2010,REG,PIT,00-0026296,D.Dixon,5,32.0,0.0,-0.34902,2,6.4
2010,REG,PIT,00-0026566,I.Redman,52,247.0,0.0,0.03181,14,4.75
2010,REG,PIT,00-0026901,M.Wallace,5,39.0,0.0,0.30686,5,7.8
2010,REG,PIT,00-0027786,J.Dwyer,9,28.0,0.0,-0.31843,1,3.11111
2010,REG,SEA,00-0007091,M.Hasselbeck,23,60.0,3.0,0.03928,13,2.6087
2010,REG,SEA,00-0022840,J.Jones,12,30.0,0.0,-0.29054,2,2.5
2010,REG,SEA,00-0023452,M.Williams,1,0.0,0.0,-2.74637,1,0.0
2010,REG,SEA,00-0023742,J.Ryan,1,-9.0,0.0,-3.12884,1,-9.0
2010,REG,SEA,00-0024296,C.Whitehurst,20,43.0,1.0,0.03515,5,2.15
2010,REG,SEA,00-0024315,M.Robinson,12,77.0,0.0,0.54589,9,6.41667
2010,REG,SEA,00-0024332,L.Washington,27,100.0,1.0,-0.00845,11,3.7037
2010,REG,SEA,00-0024463,B.Obomanu,2,17.0,0.0,0.392,1,8.5
2010,REG,SEA,00-0025399,M.Lynch,165,573.0,6.0,-0.20365,12,3.47273
2010,REG,SEA,00-0026373,J.Forsett,118,523.0,2.0,-0.11581,16,4.4322
2010,REG,SEA,00-0027063,D.Butler,2,6.0,0.0,-0.2462,2,3.0
2010,REG,SEA,00-0027891,G.Tate,2,4.0,0.0,-0.4747,2,2.0
2010,REG,SF,00-0020508,M.Norris,3,0.0,0.0,-0.2535,3,0.0
2010,REG,SF,00-0021216,B.Westbrook,77,340.0,4.0,-0.01015,10,4.41558
2010,REG,SF,00-0023436,A.Smith,18,60.0,0.0,-0.24243,7,3.33333
2010,REG,SF,00-0023500,F.Gore,203,853.0,3.0,-0.10482,11,4.20197
2010,REG,SF,00-0024389,Del.Walker,3,18.0,0.0,0.08383,3,6.0
2010,REG,SF,00-0025396,T.Ginn,2,11.0,0.0,-0.12239,2,5.5
2010,REG,SF,00-0025561,T.Smith,23,121.0,1.0,0.16206,6,5.26087
2010,REG,SF,00-0026314,J.Morgan,2,17.0,0.0,0.55035,2,8.5
2010,REG,SF,00-0027772,A.Dixon,70,237.0,2.0,-0.17876,12,3.38571
2010,REG,TB,00-0021755,E.Graham,20,99.0,1.0,-0.18443,8,4.95
2010,REG,TB,00-0023440,C.Williams,125,437.0,2.0,-0.14701,16,3.496
2010,REG,TB,00-0026029,K.Lumpkin,1,0.0,0.0,-1.6548,1,0.0
2010,REG,TB,00-0026300,J.Johnson,4,39.0,0.0,0.61542,4,9.75
2010,REG,TB,00-0026819,K.Huggins,4,11.0,0.0,-0.31898,2,2.75
2010,REG,TB,00-0026953,S.Stroughter,1,2.0,0.0,0.79363,1,2.0
2010,REG,TB,00-0026993,J.Freeman,70,364.0,0.0,0.28494,16,5.2
2010,REG,TB,00-0027325,L.Blount,201,1007.0,6.0,-0.10166,13,5.00995
2010,REG,TB,00-0027450,P.Parker,1,7.0,0.0,0.0166,1,7.0
2010,REG,TB,00-0027654,A.Benn,6,35.0,0.0,0.0893,5,5.83333
2010,REG,TEN,00-0003292,K.Collins,10,1.0,0.0,-0.93302,6,0.1
2010,REG,TEN,00-0023367,N.Washington,1,-8.0,0.0,-1.25249,1,-8.0
2010,REG,TEN,00-0024218,V.Young,25,125.0,0.0,-0.27459,9,5.0
2010,REG,TEN,00-0024489,A.Hall,1,1.0,0.0,0.61125,1,1.0
2010,REG,TEN,00-0025825,B.Kern,1,0.0,0.0,-4.36872,1,0.0
2010,REG,TEN,00-0026164,C.Johnson,316,1364.0,11.0,-0.11213,16,4.31646
2010,REG,TEN,00-0027120,J.Ringer,51,239.0,2.0,-0.00603,14,4.68627
2010,REG,TEN,00-0027893,D.Williams,1,5.0,0.0,0.31544,1,5.0
2010,REG,WAS,00-0001231,J.Bidwell,1,0.0,0.0,-3.11836,1,0.0
2010,REG,WAS,00-0011022,D.McNabb,29,151.0,0.0,-0.08778,11,5.2069
2010,REG,WAS,00-0014655,M.Sellers,4,2.0,0.0,-0.48409,4,0.5
2010,REG,WAS,00-0020494,S.Moss,5,-6.0,0.0,-0.02355,4,-1.2
2010,REG,WAS,00-0021179,C.Portis,54,227.0,2.0,-0.02708,5,4.2037
2010,REG,WAS,00-0021976,L.Johnson,5,2.0,0.0,-0.43657,2,0.4
2010,REG,WAS,00-0022121,R.Grossman,3,6.0,0.0,-0.05152,3,2.0
2010,REG,WAS,00-0026279,R.Torain,164,742.0,4.0,-0.1238,10,4.52439
2010,REG,WAS,00-0026852,D.Young,4,19.0,0.0,-0.18153,2,4.75
2010,REG,WAS,00-0027130,J.Davis,15,51.0,0.0,-0.11791,2,3.4
2010,REG,WAS,00-0027214,K.Williams,65,261.0,3.0,-0.05859,12,4.01538
2010,REG,WAS,00-0027618,B.Banks,2,6.0,0.0,-0.04197,1,3.0
2011,POST,ATL,00-0022821,M.Turner,15,41.0,0.0,-0.20424,1,2.73333
2011,POST,ATL,00-0025631,J.Snelling,2,7.0,0.0,-0.24405,1,3.5
2011,POST,ATL,00-0026143,M.Ryan,3,3.0,0.0,-2.45501,1,1.0
2011,POST,ATL,00-0027944,J.Jones,1,13.0,0.0,1.04804,1,13.0
2011,POST,BAL,00-0017915,R.Williams,12,49.0,0.0,-0.03009,2,4.08333
2011,POST,BAL,00-0022397,V.Leach,2,1.0,0.0,-0.28051,1,0.5
2011,POST,BAL,00-0026158,J.Flacco,6,26.0,0.0,-0.01505,2,4.33333
2011,POST,BAL,00-0026195,R.Rice,42,127.0,0.0,-0.23938,2,3.02381
2011,POST,CIN,00-0023439,C.Benson,7,14.0,1.0,-0.2245,1,2.0
2011,POST,CIN,00-0025439,B.Leonard,3,34.0,0.0,0.19831,1,11.33333
2011,POST,CIN,00-0026941,B.Scott,6,11.0,0.0,-0.06812,1,1.83333
2011,POST,CIN,00-0027973,A.Dalton,3,17.0,0.0,0.11192,1,5.66667
2011,POST,DEN,00-0022178,W.McGahee,36,137.0,1.0,-0.18064,2,3.80556
2011,POST,DEN,00-0026182,E.Royal,1,1.0,0.0,-0.72623,1,1.0
2011,POST,DEN,00-0026432,L.Ball,17,55.0,0.0,-0.316,2,3.23529
2011,POST,DEN,00-0026799,J.Johnson,4,10.0,0.0,-0.24115,1,2.5
2011,POST,DEN,00-0027690,E.Decker,1,9.0,0.0,-0.27503,1,9.0
2011,POST,DEN,00-0027876,T.Tebow,15,63.0,1.0,0.24319,2,4.2
2011,POST,DET,00-0021999,N.Burleson,1,2.0,0.0,0.5127,1,2.0
2011,POST,DET,00-0026204,K.Smith,6,21.0,0.0,-0.14011,1,3.5
2011,POST,DET,00-0026498,M.Stafford,2,1.0,1.0,0.47229,1,0.5
2011,POST,DET,00-0027982,T.Young,1,8.0,0.0,0.57399,1,8.0
2011,POST,GB,00-0022984,R.Grant,8,33.0,0.0,-0.20117,1,4.125
2011,POST,GB,00-0022999,J.Kuhn,1,2.0,0.0,-4.5345,1,2.0
2011,POST,GB,00-0023459,A.Rodgers,7,66.0,0.0,1.09813,1,9.42857
2011,POST,GB,00-0027791,J.Starks,6,43.0,0.0,0.12502,1,7.16667
2011,POST,GB,00-0028602,B.Saine,1,3.0,0.0,-0.16383,1,3.0
2011,POST,HOU,00-0026796,A.Foster,51,285.0,3.0,0.13884,2,5.58824
2011,POST,HOU,00-0027109,J.Casey,1,0.0,0.0,-1.57393,1,0.0
2011,POST,HOU,00-0027890,B.Tate,9,37.0,0.0,-0.10269,1,4.11111
2011,POST,HOU,00-0028090,T.Yates,2,-3.0,0.0,0.0,2,-1.5
2011,POST,NE,00-0019596,T.Brady,9,10.0,1.0,0.2745,2,1.11111
2011,POST,NE,00-0022405,L.Polite,1,3.0,0.0,-0.03162,1,3.0
2011,POST,NE,00-0022427,W.Welker,2,21.0,0.0,1.04043,1,10.5
2011,POST,NE,00-0025860,B.Green-Ellis,38,140.0,1.0,-0.10005,3,3.68421
2011,POST,NE,00-0026019,D.Woodhead,17,61.0,0.0,-0.15729,3,3.58824
2011,POST,NE,00-0027150,J.Edelman,1,-1.0,0.0,-0.80399,1,-1.0
2011,POST,NE,00-0027713,A.Hernandez,8,70.0,0.0,0.53421,2,8.75
2011,POST,NE,00-0028011,S.Ridley,4,21.0,0.0,0.06168,1,5.25
2011,POST,NO,00-0020531,D.Brees,5,4.0,0.0,-0.62069,2,0.8
2011,POST,NO,00-0022929,D.Henderson,1,4.0,0.0,0.18344,1,4.0
2011,POST,NO,00-0023564,D.Sproles,13,54.0,2.0,0.43151,2,4.15385
2011,POST,NO,00-0024813,P.Thomas,9,72.0,1.0,0.30608,2,8.0
2011,POST,NO,00-0027531,C.Ivory,22,70.0,0.0,-0.1097,2,3.18182
2011,POST,NYG,00-0022803,E.Manning,8,20.0,0.0,0.06901,4,2.5
2011,POST,NYG,00-0023545,B.Jacobs,37,164.0,1.0,-0.00252,4,4.43243
2011,POST,NYG,00-0024559,D.Ware,5,10.0,0.0,-0.8291,3,2.0
2011,POST,NYG,00-0025637,A.Bradshaw,63,272.0,1.0,-0.07909,4,4.31746
2011,POST,PIT,00-0022924,B.Roethlisberger,3,15.0,0.0,-0.64854,1,5.0
2011,POST,PIT,00-0026566,I.Redman,17,121.0,0.0,0.40334,1,7.11765
2011,POST,PIT,00-0026901,M.Wallace,1,1.0,1.0,0.77051,1,1.0
2011,POST,PIT,00-0027793,A.Brown,1,18.0,0.0,1.4436,1,18.0
2011,POST,PIT,00-0028208,J.Clay,1,1.0,0.0,-0.4375,1,1.0
2011,POST,SF,00-0023436,Alex Smith,7,70.0,1.0,1.02545,2,10.0
2011,POST,SF,00-0023500,F.Gore,30,163.0,0.0,-0.0344,2,5.43333
2011,POST,SF,00-0025396,T.Ginn,1,3.0,0.0,-0.34315,1,3.0
2011,POST,SF,00-0027772,A.Dixon,3,3.0,0.0,-0.76776,2,1.0
2011,POST,SF,00-0028053,K.Hunter,10,54.0,0.0,-0.11474,2,5.4
2011,REG,ARI,00-0021314,C.Taylor,20,77.0,1.0,-0.07739,8,3.85
2011,REG,ARI,00-0025423,K.Kolb,17,65.0,0.0,-0.03494,7,3.82353
2011,REG,ARI,00-0025749,R.Bartel,1,9.0,0.0,4.0974,1,9.0
2011,REG,ARI,00-0026956,L.Stephens-Howling,43,167.0,0.0,-0.19142,12,3.88372
2011,REG,ARI,00-0027007,C.Wells,245,1047.0,10.0,-0.04597,14,4.27347
2011,REG,ARI,00-0027346,A.Smith,30,102.0,1.0,-0.01416,7,3.4
2011,REG,ARI,00-0027691,A.Roberts,3,27.0,0.0,0.78493,3,9.0
2011,REG,ARI,00-0027754,J.Skelton,29,128.0,0.0,0.05549,7,4.41379
2011,REG,ARI,00-0027943,P.Peterson,1,0.0,0.0,-0.7155,1,0.0
2011,REG,ARI,00-0028074,A.Sherman,1,3.0,0.0,-0.02658,1,3.0
2011,REG,ATL,00-0019709,C.Redman,5,-6.0,0.0,-0.68224,2,-1.2
2011,REG,ATL,00-0022143,O.Mughelli,2,1.0,0.0,-0.42934,2,0.5
2011,REG,ATL,00-0022821,M.Turner,301,1340.0,11.0,-0.05594,16,4.45183
2011,REG,ATL,00-0025631,J.Snelling,44,151.0,0.0,-0.27381,11,3.43182
2011,REG,ATL,00-0026143,M.Ryan,38,84.0,2.0,-0.01793,14,2.21053
2011,REG,ATL,00-0026224,H.Douglas,1,3.0,0.0,-0.24628,1,3.0
2011,REG,ATL,00-0027944,J.Jones,6,56.0,0.0,0.37494,5,9.33333
2011,REG,ATL,00-0028083,J.Rodgers,57,205.0,1.0,-0.11816,16,3.59649
2011,REG,BAL,00-0017915,R.Williams,108,444.0,2.0,-0.10936,16,4.11111
2011,REG,BAL,00-0022397,V.Leach,12,35.0,0.0,0.2143,6,2.91667
2011,REG,BAL,00-0024417,S.Koch,1,0.0,0.0,1.053,1,0.0
2011,REG,BAL,00-0026158,J.Flacco,39,88.0,1.0,-0.16236,11,2.25641
2011,REG,BAL,00-0026195,R.Rice,291,1364.0,12.0,-0.05411,16,4.68729
2011,REG,BAL,00-0027755,D.Reed,1,16.0,0.0,1.21346,1,16.0
2011,REG,BAL,00-0027996,T.Smith,4,39.0,0.0,0.71852,4,9.75
2011,REG,BAL,00-0028118,T.Taylor,1,2.0,0.0,-0.24516,1,2.0
2011,REG,BAL,00-0028163,A.Allen,3,8.0,0.0,-0.17427,1,2.66667
2011,REG,BUF,00-0022341,G.Wilson,1,6.0,0.0,2.59602,1,6.0
2011,REG,BUF,00-0023682,R.Fitzpatrick,57,215.0,0.0,-0.0253,16,3.77193
2011,REG,BUF,00-0024204,F.Jackson,170,934.0,6.0,-0.01266,10,5.49412
2011,REG,BUF,00-0024318,B.Smith,20,87.0,1.0,0.04062,7,4.35
2011,REG,BUF,00-0025604,T.Thigpen,1,8.0,0.0,0.31348,1,8.0
2011,REG,BUF,00-0026262,T.Choice,23,70.0,1.0,-0.16289,6,3.04348
2011,REG,BUF,00-0027518,D.Jones,1,2.0,0.0,-0.3788,1,2.0
2011,REG,BUF,00-0027861,C.Spiller,107,561.0,4.0,0.10017,14,5.24299
2011,REG,BUF,00-0028071,J.White,12,38.0,0.0,-0.25277,4,3.16667
2011,REG,CAR,00-0020337,S.Smith,6,56.0,0.0,0.70599,6,9.33333
2011,REG,CAR,00-0023645,D.Anderson,2,-2.0,0.0,0.0,2,-1.0
2011,REG,CAR,00-0024242,D.Williams,155,831.0,7.0,0.0357,16,5.36129
2011,REG,CAR,00-0026153,J.Stewart,142,761.0,4.0,0.11742,16,5.35915
2011,REG,CAR,00-0026286,J.Felton,3,10.0,0.0,0.22114,2,3.33333
2011,REG,CAR,00-0026644,J.Vaughan,7,24.0,0.0,-0.29138,1,3.42857
2011,REG,CAR,00-0027583,R.Brockel,3,12.0,1.0,0.65241,2,4.0
2011,REG,CAR,00-0027692,A.Edwards,1,5.0,0.0,-0.0298,1,5.0
2011,REG,CAR,00-0027939,C.Newton,126,706.0,14.0,0.32166,16,5.60317
2011,REG,CHI,00-0021206,J.McCown,13,68.0,0.0,0.51069,2,5.23077
2011,REG,CHI,00-0023544,M.Barber,114,422.0,6.0,-0.10502,11,3.70175
2011,REG,CHI,00-0024226,J.Cutler,18,46.0,1.0,-0.50541,8,2.55556
2011,REG,CHI,00-0024272,D.Hester,1,-6.0,0.0,-1.36785,1,-6.0
2011,REG,CHI,00-0025970,C.Hanie,13,98.0,0.0,0.44899,4,7.53846
2011,REG,CHI,00-0026184,M.Forte,203,997.0,3.0,-0.0507,12,4.91133
2011,REG,CHI,00-0026579,K.Bell,79,337.0,0.0,-0.14364,7,4.26582
2011,REG,CHI,00-0028352,D.Sanzenbacher,1,-4.0,0.0,-1.2729,1,-4.0
2011,REG,CHI,00-0028565,A.Allen,15,48.0,0.0,-0.19088,2,3.2
2011,REG,CIN,00-0023439,C.Benson,273,1067.0,6.0,-0.10311,15,3.90842
2011,REG,CIN,00-0024408,B.Gradkowski,3,1.0,0.0,0.14204,2,0.33333
2011,REG,CIN,00-0025439,B.Leonard,17,85.0,0.0,0.0005,9,5.0
2011,REG,CIN,00-0026932,C.Peerman,3,15.0,0.0,-0.00997,2,5.0
2011,REG,CIN,00-0026941,B.Scott,112,380.0,3.0,-0.07409,16,3.39286
2011,REG,CIN,00-0027918,A.Hawkins,5,25.0,0.0,0.54635,5,5.0
2011,REG,CIN,00-0027942,A.Green,5,53.0,0.0,0.58823,4,10.6
2011,REG,CIN,00-0027973,A.Dalton,37,152.0,1.0,-0.19597,13,4.10811
2011,REG,CLE,00-0022055,S.Wallace,7,70.0,0.0,0.73964,3,10.0
2011,REG,CLE,00-0023176,J.Cribbs,7,25.0,0.0,-0.25396,5,3.57143
2011,REG,CLE,00-0025573,T.Clayton,8,12.0,0.0,-0.14106,3,1.5
2011,REG,CLE,00-0026367,P.Hillis,161,587.0,3.0,-0.11201,10,3.64596
2011,REG,CLE,00-0027140,C.Ogbonnaya,73,334.0,1.0,-0.07767,8,4.57534
2011,REG,CLE,00-0027666,M.Hardesty,88,266.0,0.0,-0.22367,9,3.02273
2011,REG,CLE,00-0027688,C.McCoy,61,212.0,0.0,0.04677,13,3.47541
2011,REG,CLE,00-0027997,G.Little,3,15.0,0.0,-0.3649,3,5.0
2011,REG,CLE,00-0028062,O.Marecic,4,8.0,0.0,-0.29063,4,2.0
2011,REG,CLE,00-0028706,Ar.Smith,3,2.0,0.0,-1.40301,2,0.66667
2011,REG,DAL,00-0009311,J.Kitna,3,-2.0,0.0,0.0,2,-0.66667
2011,REG,DAL,00-0019484,S.Morris,28,98.0,0.0,-0.16374,3,3.5
2011,REG,DAL,00-0021678,T.Romo,22,46.0,1.0,-0.49569,11,2.09091
2011,REG,DAL,00-0023921,M.Austin,2,3.0,0.0,-0.38165,2,1.5
2011,REG,DAL,00-0026162,F.Jones,127,575.0,1.0,-0.1013,11,4.52756
2011,REG,DAL,00-0026262,T.Choice,28,75.0,0.0,-0.58722,6,2.67857
2011,REG,DAL,00-0026353,C.Washington,1,-1.0,0.0,-0.88272,1,-1.0
2011,REG,DAL,00-0026780,K.Ogletree,2,3.0,0.0,-0.2837,2,1.5
2011,REG,DAL,00-0027071,S.McGee,4,28.0,0.0,0.32406,1,7.0
2011,REG,DAL,00-0027093,T.Fiammetta,4,4.0,0.0,-0.54098,3,1.0
2011,REG,DAL,00-0027902,D.Bryant,1,5.0,0.0,0.08319,1,5.0
2011,REG,DAL,00-0028009,D.Murray,164,897.0,2.0,0.05591,13,5.46951
2011,REG,DAL,00-0028613,P.Tanner,22,76.0,1.0,-0.11686,4,3.45455
2011,REG,DEN,00-0022178,W.McGahee,250,1199.0,4.0,-0.0652,15,4.796
2011,REG,DEN,00-0023541,K.Orton,5,17.0,0.0,0.37648,4,3.4
2011,REG,DEN,00-0026182,E.Royal,7,48.0,0.0,0.32233,4,6.85714
2011,REG,DEN,00-0026323,S.Larsen,14,44.0,0.0,-0.10137,6,3.14286
2011,REG,DEN,00-0026432,L.Ball,96,402.0,1.0,-0.0807,14,4.1875
2011,REG,DEN,00-0026516,B.Colquitt,1,0.0,0.0,-0.947,1,0.0
2011,REG,DEN,00-0026799,J.Johnson,14,77.0,0.0,-0.18428,5,5.5
2011,REG,DEN,00-0026988,K.Moreno,38,179.0,0.0,-0.24283,6,4.71053
2011,REG,DEN,00-0027690,E.Decker,1,1.0,0.0,-0.62885,1,1.0
2011,REG,DEN,00-0027874,D.Thomas,1,5.0,0.0,-0.00859,1,5.0
2011,REG,DEN,00-0027876,T.Tebow,124,660.0,6.0,0.12299,13,5.32258
2011,REG,DET,00-0020679,Sh.Hill,1,-1.0,0.0,0.0,1,-1.0
2011,REG,DET,00-0021182,M.Morris,82,319.0,1.0,-0.10989,12,3.89024
2011,REG,DET,00-0021999,N.Burleson,11,85.0,0.0,0.43846,9,7.72727
2011,REG,DET,00-0024276,T.Scheffler,1,5.0,0.0,0.1768,1,5.0
2011,REG,DET,00-0024359,J.Harrison,14,41.0,0.0,-0.32214,3,2.92857
2011,REG,DET,00-0025389,C.Johnson,1,11.0,0.0,-0.04773,1,11.0
2011,REG,DET,00-0026204,K.Smith,74,364.0,5.0,0.02585,7,4.91892
2011,REG,DET,00-0026491,S.Logan,9,32.0,0.0,-0.16963,9,3.55556
2011,REG,DET,00-0026498,M.Stafford,22,78.0,0.0,0.28754,13,3.54545
2011,REG,DET,00-0027129,A.Brown,1,0.0,0.0,-0.64131,1,0.0
2011,REG,DET,00-0027214,K.Williams,58,195.0,2.0,-0.19248,12,3.36207
2011,REG,DET,00-0027880,J.Best,84,390.0,2.0,-0.03386,6,4.64286
2011,REG,DET,00-0027966,M.Ingram,1,14.0,1.0,-7.69515,1,14.0
2011,REG,DET,00-0027982,T.Young,2,15.0,0.0,0.35845,2,7.5
2011,REG,GB,00-0022984,R.Grant,134,559.0,2.0,-0.10956,15,4.17164
2011,REG,GB,00-0022999,J.Kuhn,30,78.0,4.0,-0.14208,12,2.6
2011,REG,GB,00-0023459,A.Rodgers,60,257.0,3.0,0.06616,14,4.28333
2011,REG,GB,00-0026349,M.Flynn,13,-6.0,1.0,-0.02704,5,-0.46154
2011,REG,GB,00-0026664,T.Masthay,1,6.0,0.0,2.62178,1,6.0
2011,REG,GB,00-0026985,B.Raji,1,1.0,1.0,0.93887,1,1.0
2011,REG,GB,00-0027791,J.Starks,133,578.0,1.0,-0.09227,13,4.34586
2011,REG,GB,00-0028002,R.Cobb,2,5.0,0.0,-0.27617,2,2.5
2011,REG,GB,00-0028034,A.Green,3,11.0,0.0,-0.45392,1,3.66667
2011,REG,GB,00-0028602,B.Saine,18,69.0,0.0,-0.15907,5,3.83333
2011,REG,HOU,00-0004161,J.Delhomme,1,0.0,0.0,-0.947,1,0.0
2011,REG,HOU,00-0022044,A.Johnson,1,8.0,0.0,0.49476,1,8.0
2011,REG,HOU,00-0022156,B.Johnson,1,1.0,0.0,-0.5248,1,1.0
2011,REG,HOU,00-0022770,D.Ward,45,154.0,2.0,-0.14533,5,3.42222
2011,REG,HOU,00-0022787,M.Schaub,15,9.0,2.0,-0.43718,8,0.6
2011,REG,HOU,00-0024225,M.Leinart,1,-1.0,0.0,0.0,1,-1.0
2011,REG,HOU,00-0024394,L.Vickers,1,0.0,0.0,-1.29458,1,0.0
2011,REG,HOU,00-0025460,J.Jones,4,17.0,0.0,-0.29537,4,4.25
2011,REG,HOU,00-0026229,S.Slaton,7,20.0,0.0,-0.28488,3,2.85714
2011,REG,HOU,00-0026796,A.Foster,278,1224.0,10.0,-0.0728,13,4.40288
2011,REG,HOU,00-0027109,J.Casey,1,11.0,0.0,1.28104,1,11.0
2011,REG,HOU,00-0027140,C.Ogbonnaya,3,6.0,0.0,-0.26206,2,2.0
2011,REG,HOU,00-0027890,B.Tate,175,942.0,4.0,0.00438,15,5.38286
2011,REG,HOU,00-0028090,T.Yates,14,57.0,0.0,0.18215,5,4.07143
2011,REG,IND,00-0003292,K.Collins,2,-1.0,0.0,-2.61791,2,-0.5
2011,REG,IND,00-0023578,D.Orlovsky,6,5.0,0.0,0.25424,4,0.83333
2011,REG,IND,00-0024245,J.Addai,118,433.0,1.0,-0.14069,12,3.66949
2011,REG,IND,00-0026345,P.Garcon,4,28.0,0.0,0.39357,3,7.0
2011,REG,IND,00-0027003,D.Brown,134,645.0,5.0,0.00727,12,4.81343
2011,REG,IND,00-0027134,C.Painter,17,107.0,0.0,0.04236,6,6.29412
2011,REG,IND,00-0028057,D.Carter,101,377.0,2.0,-0.31344,15,3.73267
2011,REG,JAX,00-0016689,M.Turk,1,0.0,0.0,-2.8429,1,0.0
2011,REG,JAX,00-0020267,N.Harris,1,0.0,0.0,-5.00459,1,0.0
2011,REG,JAX,00-0022864,L.McCown,7,23.0,0.0,-0.24139,3,3.28571
2011,REG,JAX,00-0022897,G.Jones,2,7.0,1.0,0.75063,2,3.5
2011,REG,JAX,00-0024103,M.Owens,10,39.0,0.0,0.13095,5,3.9
2011,REG,JAX,00-0024275,M.Jones-Drew,343,1606.0,8.0,-0.04218,16,4.68222
2011,REG,JAX,00-0026607,B.Bolen,2,14.0,0.0,0.11538,2,7.0
2011,REG,JAX,00-0027076,M.Thomas,3,11.0,0.0,-0.04091,3,3.66667
2011,REG,JAX,00-0027779,D.Karim,63,130.0,0.0,-0.27141,12,2.06349
2011,REG,JAX,00-0027948,B.Gabbert,48,98.0,0.0,-0.29539,15,2.04167
2011,REG,JAX,00-0028409,D.Harris,10,42.0,0.0,-0.17616,5,4.2
2011,REG,KC,00-0019641,T.Jones,153,478.0,0.0,-0.20558,16,3.12418
2011,REG,KC,00-0021647,J.Urban,1,7.0,0.0,0.44209,1,7.0
2011,REG,KC,00-0023534,D.Colquitt,1,-3.0,0.0,-2.33313,1,-3.0
2011,REG,KC,00-0023541,K.Orton,6,-4.0,0.0,-0.56717,3,-0.66667
2011,REG,KC,00-0023662,M.Cassel,25,99.0,0.0,-0.15802,7,3.96
2011,REG,KC,00-0024812,T.Palko,5,15.0,0.0,-1.01122,5,3.0
2011,REG,KC,00-0025410,D.Bowe,1,12.0,0.0,0.96145,1,12.0
2011,REG,KC,00-0025524,L.McClain,15,51.0,1.0,-0.14614,7,3.4
2011,REG,KC,00-0025529,S.Breaston,1,25.0,0.0,1.57581,1,25.0
2011,REG,KC,00-0025701,J.Battle,149,597.0,2.0,-0.09213,15,4.00671
2011,REG,KC,00-0026213,J.Charles,12,83.0,0.0,-0.27457,2,6.91667
2011,REG,KC,00-0027308,J.Horne,1,5.0,0.0,-0.84676,1,5.0
2011,REG,KC,00-0027651,D.McCluster,114,516.0,1.0,-0.04695,16,4.52632
2011,REG,KC,00-0027660,J.Arenas,3,12.0,1.0,0.9069,2,4.0
2011,REG,LA,00-0020305,A.Feeley,3,4.0,0.0,0.29159,2,1.33333
2011,REG,LA,00-0022684,D.Jones,1,9.0,0.0,-1.20006,1,9.0
2011,REG,LA,00-0022736,S.Jackson,260,1145.0,5.0,-0.06926,15,4.40385
2011,REG,LA,00-0023440,C.Williams,87,361.0,1.0,-0.06418,11,4.14943
2011,REG,LA,00-0024264,K.Clemens,6,37.0,1.0,0.0209,3,6.16667
2011,REG,LA,00-0024294,J.Norwood,24,61.0,0.0,-0.34998,6,2.54167
2011,REG,LA,00-0026712,B.Miller,5,14.0,0.0,-0.56768,4,2.8
2011,REG,LA,00-0026937,B.Gibson,2,16.0,0.0,0.67848,2,8.0
2011,REG,LA,00-0027854,S.Bradford,18,26.0,0.0,-1.21304,8,1.44444
2011,REG,LA,00-0027985,L.Kendricks,1,-8.0,0.0,-1.80458,1,-8.0
2011,REG,LA,00-0028016,A.Pettis,1,-6.0,0.0,-2.3767,1,-6.0
2011,REG,LA,00-0028050,G.Salas,1,8.0,0.0,1.26958,1,8.0
2011,REG,LAC,00-0019041,B.Volek,5,-5.0,0.0,-0.75367,2,-1.0
2011,REG,LAC,00-0022942,P.Rivers,26,36.0,1.0,-0.36201,11,1.38462
2011,REG,LAC,00-0023496,V.Jackson,3,51.0,0.0,0.83446,3,17.0
2011,REG,LAC,00-0025424,E.Weddle,1,10.0,0.0,2.81882,1,10.0
2011,REG,LAC,00-0026069,M.Tolbert,121,490.0,8.0,-0.05884,15,4.04959
2011,REG,LAC,00-0026209,J.Hester,28,90.0,0.0,-0.00875,14,3.21429
2011,REG,LAC,00-0026745,C.Brinkley,30,101.0,1.0,-0.1455,4,3.36667
2011,REG,LAC,00-0027864,R.Mathews,222,1091.0,6.0,-0.02165,14,4.91441
2011,REG,LV,00-0021357,R.Cartwright,4,45.0,0.0,1.06977,4,11.25
2011,REG,LV,00-0021429,C.Palmer,16,20.0,1.0,-0.09855,6,1.25
2011,REG,LV,00-0022164,K.Boller,9,38.0,0.0,0.00788,2,4.22222
2011,REG,LV,00-0023460,J.Campbell,18,60.0,2.0,-0.1079,5,3.33333
2011,REG,LV,00-0025487,M.Bush,256,977.0,7.0,-0.12008,16,3.81641
2011,REG,LV,00-0026144,D.McFadden,113,614.0,4.0,0.0332,7,5.43363
2011,REG,LV,00-0026393,M.Reece,17,112.0,0.0,0.17517,9,6.58824
2011,REG,LV,00-0027089,L.Murphy,6,69.0,1.0,0.87376,4,11.5
2011,REG,LV,00-0027412,M.Tonga,1,12.0,0.0,1.15867,1,12.0
2011,REG,LV,00-0027709,J.Ford,4,31.0,0.0,0.09301,4,7.75
2011,REG,LV,00-0028063,T.Jones,16,73.0,0.0,-0.12327,6,4.5625
2011,REG,LV,00-0028086,D.Moore,5,61.0,1.0,0.85035,5,12.2
2011,REG,LV,00-0028179,D.Ausberry,1,-2.0,0.0,-0.76262,1,-2.0
2011,REG,MIA,00-0021976,L.Johnson,1,2.0,0.0,-0.33111,1,2.0
2011,REG,MIA,00-0022912,J.Losman,2,1.0,0.0,-1.69702,1,0.5
2011,REG,MIA,00-0024217,R.Bush,216,1086.0,6.0,-0.03268,15,5.02778
2011,REG,MIA,00-0024334,B.Marshall,1,13.0,0.0,0.81974,1,13.0
2011,REG,MIA,00-0025708,M.Moore,32,65.0,2.0,-0.26637,11,2.03125
2011,REG,MIA,00-0026000,D.Bess,2,9.0,0.0,0.0343,1,4.5
2011,REG,MIA,00-0026197,C.Henne,15,112.0,1.0,0.76416,4,7.46667
2011,REG,MIA,00-0026229,S.Slaton,17,64.0,1.0,-0.18211,3,3.76471
2011,REG,MIA,00-0026344,L.Hilliard,16,41.0,1.0,0.1493,7,2.5625
2011,REG,MIA,00-0027077,B.Hartline,1,9.0,0.0,1.77851,1,9.0
2011,REG,MIA,00-0028000,D.Thomas,165,581.0,0.0,-0.20186,13,3.52121
2011,REG,MIA,00-0028049,E.Gates,1,4.0,0.0,1.06605,1,4.0
2011,REG,MIN,00-0011022,D.McNabb,14,59.0,1.0,0.15628,5,4.21429
2011,REG,MIN,00-0023060,C.Kluwe,2,-12.0,0.0,-3.5813,2,-6.0
2011,REG,MIN,00-0025394,A.Peterson,208,970.0,12.0,0.05056,12,4.66346
2011,REG,MIN,00-0025458,L.Booker,13,52.0,0.0,-0.28094,7,4.0
2011,REG,MIN,00-0026998,P.Harvin,52,345.0,2.0,0.13957,16,6.63462
2011,REG,MIN,00-0027796,J.Webb,22,154.0,2.0,0.44453,8,7.0
2011,REG,MIN,00-0027888,T.Gerhart,109,531.0,1.0,-0.04246,15,4.87156
2011,REG,MIN,00-0027950,C.Ponder,28,219.0,0.0,0.62764,10,7.82143
2011,REG,NE,00-0005091,K.Faulk,17,57.0,0.0,-0.15672,5,3.35294
2011,REG,NE,00-0019596,T.Brady,43,109.0,3.0,0.17593,14,2.53488
2011,REG,NE,00-0022427,W.Welker,4,30.0,0.0,0.21145,4,7.5
2011,REG,NE,00-0025860,B.Green-Ellis,181,667.0,11.0,0.01612,16,3.68508
2011,REG,NE,00-0026019,D.Woodhead,79,351.0,1.0,0.05805,14,4.44304
2011,REG,NE,00-0026625,B.Hoyer,4,-3.0,0.0,-0.22704,2,-0.75
2011,REG,NE,00-0027150,J.Edelman,4,8.0,0.0,-0.25228,3,2.0
2011,REG,NE,00-0027656,R.Gronkowski,1,2.0,1.0,1.17883,1,2.0
2011,REG,NE,00-0027713,A.Hernandez,5,45.0,0.0,0.49837,4,9.0
2011,REG,NE,00-0027994,S.Vereen,15,57.0,1.0,0.19874,2,3.8
2011,REG,NE,00-0028011,S.Ridley,87,441.0,1.0,-0.0004,12,5.06897
2011,REG,NO,00-0020531,D.Brees,21,86.0,1.0,-0.50123,12,4.09524
2011,REG,NO,00-0022929,D.Henderson,1,9.0,0.0,1.13939,1,9.0
2011,REG,NO,00-0023564,D.Sproles,88,604.0,2.0,0.2343,16,6.86364
2011,REG,NO,00-0024813,P.Thomas,111,562.0,5.0,0.10191,16,5.06306
2011,REG,NO,00-0025414,R.Meachem,5,26.0,0.0,0.06099,4,5.2
2011,REG,NO,00-0026072,J.Collins,4,4.0,2.0,0.45502,4,1.0
2011,REG,NO,00-0026544,C.Daniel,3,-3.0,0.0,-1.61198,1,-1.0
2011,REG,NO,00-0027531,C.Ivory,79,374.0,1.0,-0.03642,6,4.73418
2011,REG,NO,00-0027966,M.Ingram,123,478.0,5.0,-0.12208,10,3.88618
2011,REG,NYG,00-0022803,E.Manning,35,15.0,1.0,-0.42928,13,0.42857
2011,REG,NYG,00-0023545,B.Jacobs,153,571.0,7.0,-0.0991,14,3.73203
2011,REG,NYG,00-0024110,S.Weatherford,1,0.0,0.0,-1.74083,1,0.0
2011,REG,NYG,00-0024559,D.Ware,48,163.0,0.0,-0.15608,12,3.39583
2011,REG,NYG,00-0025637,A.Bradshaw,172,659.0,9.0,-0.05317,12,3.8314
2011,REG,NYG,00-0027265,V.Cruz,1,3.0,0.0,-0.24093,1,3.0
2011,REG,NYG,00-0028159,D.Scott,5,16.0,0.0,-0.73499,3,3.2
2011,REG,NYJ,00-0020536,L.Tomlinson,75,280.0,1.0,-0.11423,14,3.73333
2011,REG,NYJ,00-0024234,A.Cromartie,1,1.0,0.0,-0.48296,1,1.0
2011,REG,NYJ,00-0024240,S.Holmes,3,27.0,0.0,0.45095,2,9.0
2011,REG,NYJ,00-0026898,M.Sanchez,37,103.0,6.0,-0.08618,15,2.78378
2011,REG,NYJ,00-0026899,S.Greene,253,1054.0,6.0,-0.02581,16,4.16601
2011,REG,NYJ,00-0027712,J.McKnight,43,134.0,0.0,-0.15818,8,3.11628
2011,REG,NYJ,00-0027739,J.Conner,13,44.0,1.0,0.32123,8,3.38462
2011,REG,NYJ,00-0028064,B.Powell,13,21.0,0.0,-0.47873,2,1.61538
2011,REG,NYJ,00-0028091,J.Kerley,5,28.0,0.0,-0.02861,5,5.6
2011,REG,PHI,00-0020245,M.Vick,76,589.0,1.0,0.31945,13,7.75
2011,REG,PHI,00-0023437,R.Brown,42,136.0,1.0,-0.11995,13,3.2381
2011,REG,PHI,00-0024218,V.Young,18,79.0,0.0,-0.20942,4,4.38889
2011,REG,PHI,00-0026189,D.Jackson,7,41.0,0.0,0.17614,6,5.85714
2011,REG,PHI,00-0026303,O.Schmitt,4,6.0,0.0,-0.81507,1,1.5
2011,REG,PHI,00-0026995,J.Maclin,1,1.0,0.0,-0.50935,1,1.0
2011,REG,PHI,00-0027029,L.McCoy,273,1309.0,17.0,0.06479,15,4.79487
2011,REG,PHI,00-0027188,C.Hall,3,13.0,0.0,-0.10416,2,4.33333
2011,REG,PHI,00-0027722,M.Kafka,3,0.0,0.0,-0.09564,2,0.0
2011,REG,PHI,00-0028087,D.Lewis,23,102.0,1.0,0.06264,8,4.43478
2011,REG,PIT,00-0000865,C.Batch,3,-2.0,0.0,0.0,1,-0.66667
2011,REG,PIT,00-0022217,M.Moore,22,157.0,0.0,-0.15655,9,7.13636
2011,REG,PIT,00-0022811,J.Cotchery,1,3.0,0.0,0.10079,1,3.0
2011,REG,PIT,00-0022924,B.Roethlisberger,31,70.0,0.0,-0.06793,11,2.25806
2011,REG,PIT,00-0023465,H.Miller,1,6.0,0.0,0.56161,1,6.0
2011,REG,PIT,00-0026163,R.Mendenhall,228,928.0,9.0,-0.05977,15,4.07018
2011,REG,PIT,00-0026566,I.Redman,110,479.0,3.0,-0.04932,16,4.35455
2011,REG,PIT,00-0026901,M.Wallace,5,57.0,0.0,0.56807,4,11.4
2011,REG,PIT,00-0027786,J.Dwyer,16,123.0,0.0,0.03949,3,7.6875
2011,REG,PIT,00-0027793,A.Brown,7,41.0,0.0,0.23997,6,5.85714
2011,REG,PIT,00-0028208,J.Clay,10,41.0,1.0,0.05066,2,4.1
2011,REG,SEA,00-0024279,T.Jackson,40,108.0,1.0,-0.47325,14,2.7
2011,REG,SEA,00-0024296,C.Whitehurst,4,13.0,0.0,0.20176,3,3.25
2011,REG,SEA,00-0024315,M.Robinson,4,7.0,0.0,-1.30149,2,1.75
2011,REG,SEA,00-0024332,L.Washington,53,248.0,1.0,-0.10001,15,4.67925
2011,REG,SEA,00-0024463,B.Obomanu,1,13.0,0.0,0.78546,1,13.0
2011,REG,SEA,00-0025399,M.Lynch,284,1204.0,12.0,-0.02871,15,4.23944
2011,REG,SEA,00-0025431,S.Rice,2,3.0,0.0,-0.38953,2,1.5
2011,REG,SEA,00-0026373,J.Forsett,46,145.0,1.0,-0.25395,15,3.15217
2011,REG,SEA,00-0026947,E.Williams,2,2.0,0.0,-0.27417,1,1.0
2011,REG,SEA,00-0026963,C.Morrah,1,1.0,0.0,-0.46714,1,1.0
2011,REG,SEA,00-0027891,G.Tate,5,14.0,0.0,-0.30317,5,2.8
2011,REG,SEA,00-0028434,D.Baldwin,1,-2.0,0.0,-0.73743,1,-2.0
2011,REG,SF,00-0022824,A.Lee,1,-18.0,0.0,-1.77496,1,-18.0
2011,REG,SF,00-0023436,A.Smith,10,43.0,1.0,-0.2207,2,4.3
2011,REG,SF,00-0023436,Alex Smith,42,136.0,1.0,0.09091,12,3.2381
2011,REG,SF,00-0023500,F.Gore,282,1211.0,8.0,-0.11826,16,4.29433
2011,REG,SF,00-0024221,V.Davis,2,-5.0,0.0,-0.91234,2,-2.5
2011,REG,SF,00-0024389,D.Walker,3,5.0,0.0,-0.87913,3,1.66667
2011,REG,SF,00-0025396,T.Ginn,8,68.0,0.0,0.41146,7,8.5
2011,REG,SF,00-0026986,M.Crabtree,1,6.0,0.0,0.4474,1,6.0
2011,REG,SF,00-0027608,K.Williams,2,32.0,0.0,1.05478,2,16.0
2011,REG,SF,00-0027772,A.Dixon,29,87.0,2.0,-0.09794,8,3.0
2011,REG,SF,00-0027974,C.Kaepernick,2,-2.0,0.0,0.0,1,-1.0
2011,REG,SF,00-0028053,K.Hunter,112,473.0,2.0,-0.05714,15,4.22321
2011,REG,SF,00-0028149,B.Miller,4,8.0,0.0,-0.16215,4,2.0
2011,REG,TB,00-0021755,E.Graham,37,206.0,0.0,-0.15129,7,5.56757
2011,REG,TB,00-0026029,K.Lumpkin,31,105.0,0.0,-0.17141,10,3.3871
2011,REG,TB,00-0026300,J.Johnson,11,67.0,0.0,-0.16229,7,6.09091
2011,REG,TB,00-0026993,J.Freeman,56,238.0,4.0,0.06536,14,4.25
2011,REG,TB,00-0027325,L.Blount,184,781.0,5.0,-0.12603,14,4.24457
2011,REG,TB,00-0027450,P.Parker,1,-3.0,0.0,-0.93737,1,-3.0
2011,REG,TB,00-0027654,A.Benn,6,-7.0,0.0,-0.84575,6,-1.16667
2011,REG,TB,00-0027702,M.Williams,1,3.0,0.0,-0.36239,1,3.0
2011,REG,TB,00-0028125,A.Bradford,5,13.0,0.0,-0.24523,1,2.6
2011,REG,TB,00-0028574,M.Madu,15,55.0,0.0,-0.21509,4,3.66667
2011,REG,TEN,00-0007091,M.Hasselbeck,20,52.0,0.0,0.12076,13,2.6
2011,REG,TEN,00-0023367,N.Washington,2,5.0,1.0,1.29504,2,2.5
2011,REG,TEN,00-0024489,A.Hall,6,24.0,0.0,-0.10995,4,4.0
2011,REG,TEN,00-0025825,B.Kern,1,0.0,0.0,3.13179,1,0.0
2011,REG,TEN,00-0026164,C.Johnson,262,1047.0,4.0,-0.12496,16,3.99618
2011,REG,TEN,00-0027120,J.Ringer,59,185.0,1.0,-0.25163,10,3.13559
2011,REG,TEN,00-0027816,M.Mariani,1,4.0,0.0,-0.04034,1,4.0
2011,REG,TEN,00-0027946,J.Locker,8,56.0,1.0,0.36864,3,7.0
2011,REG,TEN,00-0028068,J.Harper,17,44.0,1.0,-0.43303,7,2.58824
2011,REG,WAS,00-0021147,D.Stallworth,2,1.0,0.0,-0.87589,2,0.5
2011,REG,WAS,00-0022121,R.Grossman,20,11.0,1.0,-0.47947,7,0.55
2011,REG,WAS,00-0022738,C.Cooley,2,3.0,0.0,-0.64122,1,1.5
2011,REG,WAS,00-0025427,J.Beck,10,43.0,2.0,0.47561,4,4.3
2011,REG,WAS,00-0026262,T.Choice,6,7.0,0.0,-0.56092,1,1.16667
2011,REG,WAS,00-0026279,R.Torain,59,200.0,1.0,-0.17318,8,3.38983
2011,REG,WAS,00-0026289,T.Hightower,83,299.0,1.0,-0.1255,5,3.60241
2011,REG,WAS,00-0026465,A.Armstrong,2,19.0,0.0,0.79234,2,9.5
2011,REG,WAS,00-0026852,D.Young,6,33.0,1.0,0.64842,3,5.5
2011,REG,WAS,00-0027618,B.Banks,1,1.0,0.0,-1.05345,1,1.0
2011,REG,WAS,00-0028043,R.Helu,151,640.0,2.0,-0.06484,14,4.23841
2011,REG,WAS,00-0028093,N.Paul,1,7.0,0.0,1.4308,1,7.0
2011,REG,WAS,00-0028115,E.Royster,56,328.0,0.0,0.19961,5,5.85714
2012,POST,ATL,00-0022821,M.Turner,22,128.0,0.0,0.22402,2,5.81818
2012,POST,ATL,00-0025631,J.Snelling,2,12.0,0.0,0.05044,1,6.0
2012,POST,ATL,00-0026033,M.Cox,1,4.0,0.0,-0.32142,1,4.0
2012,POST,ATL,00-0026143,M.Ryan,3,9.0,0.0,-1.79839,2,3.0
2012,POST,ATL,00-0027944,J.Jones,1,-1.0,0.0,-0.82987,1,-1.0
2012,POST,ATL,00-0028083,Jz. Rodgers,20,96.0,0.0,-0.08527,2,4.8
2012,POST,BAL,00-0022397,V.Leach,5,15.0,1.0,0.32908,4,3.0
2012,POST,BAL,00-0024417,S.Koch,1,-8.0,0.0,-1.67774,1,-8.0
2012,POST,BAL,00-0026158,J.Flacco,8,16.0,0.0,-0.72531,3,2.0
2012,POST,BAL,00-0026195,R.Rice,84,306.0,2.0,-0.14373,4,3.64286
2012,POST,BAL,00-0027996,T.Smith,1,0.0,0.0,-0.48836,1,0.0
2012,POST,BAL,00-0029264,B.Pierce,39,202.0,0.0,0.07831,4,5.17949
2012,POST,BAL,00-0029597,J.Tucker,1,8.0,0.0,-2.47522,1,8.0
2012,POST,CIN,00-0025439,B.Leonard,1,2.0,0.0,-0.04352,1,2.0
2012,POST,CIN,00-0025860,B.Green-Ellis,11,63.0,0.0,0.14573,1,5.72727
2012,POST,CIN,00-0027973,A.Dalton,4,15.0,0.0,-0.07604,1,3.75
2012,POST,DEN,00-0010346,P.Manning,1,-1.0,0.0,0.0,1,-1.0
2012,POST,DEN,00-0026209,J.Hester,8,11.0,0.0,-0.35317,1,1.375
2012,POST,DEN,00-0026988,K.Moreno,10,32.0,0.0,-0.04329,1,3.2
2012,POST,DEN,00-0029683,R.Hillman,22,83.0,0.0,-0.04986,1,3.77273
2012,POST,GB,00-0022984,R.Grant,7,7.0,0.0,-0.46969,1,1.0
2012,POST,GB,00-0022999,J.Kuhn,3,4.0,1.0,-0.36464,1,1.33333
2012,POST,GB,00-0023459,A.Rodgers,5,40.0,0.0,0.46302,2,8.0
2012,POST,GB,00-0028002,R.Cobb,4,29.0,0.0,0.2194,2,7.25
2012,POST,GB,00-0028409,D.Harris,28,100.0,2.0,0.03406,2,3.57143
2012,POST,HOU,00-0022787,M.Schaub,5,2.0,0.0,-0.54609,2,0.4
2012,POST,HOU,00-0026796,A.Foster,54,230.0,2.0,0.04993,2,4.25926
2012,POST,HOU,00-0027890,B.Tate,2,1.0,0.0,-0.57913,1,0.5
2012,POST,HOU,00-0029415,K.Martin,1,16.0,0.0,1.32039,1,16.0
2012,POST,IND,00-0022217,M.Moore,3,11.0,0.0,-0.19532,1,3.66667
2012,POST,IND,00-0026173,D.Avery,1,15.0,0.0,0.98079,1,15.0
2012,POST,IND,00-0029547,V.Ballard,22,91.0,0.0,-0.07565,1,4.13636
2012,POST,IND,00-0029668,A.Luck,4,35.0,0.0,0.92339,1,8.75
2012,POST,MIN,00-0025394,A.Peterson,22,99.0,0.0,-0.04938,1,4.5
2012,POST,MIN,00-0027796,J.Webb,7,68.0,0.0,0.64508,1,9.71429
2012,POST,NE,00-0019596,T.Brady,3,4.0,0.0,-0.47394,2,1.33333
2012,POST,NE,00-0026019,D.Woodhead,4,11.0,0.0,-0.11391,2,2.75
2012,POST,NE,00-0027713,A.Hernandez,1,6.0,0.0,0.213,1,6.0
2012,POST,NE,00-0027994,S.Vereen,11,57.0,1.0,0.16634,2,5.18182
2012,POST,NE,00-0028011,S.Ridley,33,152.0,1.0,-0.04152,2,4.60606
2012,POST,SEA,00-0024315,M.Robinson,2,2.0,0.0,-1.53907,2,1.0
2012,POST,SEA,00-0025399,M.Lynch,36,178.0,2.0,-0.12587,2,4.94444
2012,POST,SEA,00-0029263,R.Wilson,15,127.0,1.0,0.7004,2,8.46667
2012,POST,SEA,00-0029273,R.Turbin,12,40.0,0.0,-0.20747,2,3.33333
2012,POST,SF,00-0023500,F.Gore,63,319.0,4.0,0.14308,3,5.06349
2012,POST,SF,00-0027772,A.Dixon,2,6.0,1.0,0.98456,2,3.0
2012,POST,SF,00-0027974,C.Kaepernick,25,264.0,3.0,0.66433,3,10.56
2012,POST,SF,00-0029260,L.James,11,65.0,1.0,-0.01687,3,5.90909
2012,POST,WAS,00-0026852,D.Young,1,3.0,0.0,-0.22334,1,3.0
2012,POST,WAS,00-0029141,A.Morris,16,80.0,0.0,0.05767,1,5.0
2012,POST,WAS,00-0029604,K.Cousins,1,0.0,0.0,-0.9752,1,0.0
2012,POST,WAS,00-0029665,R.Griffin,5,21.0,0.0,-0.71336,1,4.2
2012,REG,ARI,00-0019770,J.Feely,1,0.0,0.0,-2.91037,1,0.0
2012,REG,ARI,00-0025423,K.Kolb,16,100.0,1.0,0.25856,5,6.25
2012,REG,ARI,00-0026221,E.Doucet,2,9.0,0.0,-0.09129,1,4.5
2012,REG,ARI,00-0026625,B.Hoyer,1,6.0,0.0,1.68443,1,6.0
2012,REG,ARI,00-0026956,L.Stephens-Howling,110,356.0,4.0,-0.23624,14,3.23636
2012,REG,ARI,00-0027007,C.Wells,88,234.0,5.0,-0.31409,8,2.65909
2012,REG,ARI,00-0027067,R.Johnson,2,64.0,0.0,2.75853,2,32.0
2012,REG,ARI,00-0027691,A.Roberts,4,29.0,0.0,0.21993,4,7.25
2012,REG,ARI,00-0027754,J.Skelton,4,5.0,0.0,-0.41433,3,1.25
2012,REG,ARI,00-0027943,P.Peterson,2,13.0,0.0,0.16495,2,6.5
2012,REG,ARI,00-0027976,R.Williams,58,164.0,0.0,-0.37015,5,2.82759
2012,REG,ARI,00-0028736,W.Powell,60,217.0,0.0,-0.08993,12,3.61667
2012,REG,ARI,00-0029531,R.Lindley,4,7.0,0.0,-0.65562,3,1.75
2012,REG,ATL,00-0022821,M.Turner,222,800.0,10.0,-0.14645,16,3.6036
2012,REG,ATL,00-0022864,L.McCown,2,-3.0,0.0,-2.5994,1,-1.5
2012,REG,ATL,00-0025631,J.Snelling,18,63.0,0.0,-0.32244,10,3.5
2012,REG,ATL,00-0026143,M.Ryan,34,141.0,1.0,0.12764,14,4.14706
2012,REG,ATL,00-0026224,H.Douglas,2,4.0,0.0,-0.54757,2,2.0
2012,REG,ATL,00-0027944,J.Jones,6,30.0,0.0,0.20042,6,5.0
2012,REG,ATL,00-0028083,Jz. Rodgers,94,362.0,1.0,-0.20018,16,3.85106
2012,REG,ATL,00-0028130,M.Bosher,1,0.0,0.0,-0.947,1,0.0
2012,REG,BAL,00-0022084,A.Boldin,1,3.0,0.0,-0.15732,1,3.0
2012,REG,BAL,00-0022397,V.Leach,9,32.0,1.0,0.2486,6,3.55556
2012,REG,BAL,00-0023537,S.Considine,1,3.0,0.0,-2.31883,1,3.0
2012,REG,BAL,00-0024417,S.Koch,2,17.0,1.0,2.87742,2,8.5
2012,REG,BAL,00-0025460,J.Jones,1,6.0,0.0,0.41759,1,6.0
2012,REG,BAL,00-0026158,J.Flacco,32,22.0,3.0,-0.25472,14,0.6875
2012,REG,BAL,00-0026195,R.Rice,257,1143.0,9.0,-0.00371,16,4.44747
2012,REG,BAL,00-0027996,T.Smith,3,9.0,0.0,-0.28857,3,3.0
2012,REG,BAL,00-0028118,T.Taylor,14,73.0,1.0,0.07054,4,5.21429
2012,REG,BAL,00-0028163,A.Allen,16,61.0,1.0,0.05247,4,3.8125
2012,REG,BAL,00-0029264,B.Pierce,108,532.0,1.0,-0.09501,15,4.92593
2012,REG,BUF,00-0023682,R.Fitzpatrick,48,197.0,1.0,-0.14516,15,4.10417
2012,REG,BUF,00-0024204,F.Jackson,115,437.0,3.0,-0.21961,10,3.8
2012,REG,BUF,00-0024318,B.Smith,14,116.0,1.0,0.46007,9,8.28571
2012,REG,BUF,00-0025604,T.Thigpen,1,-1.0,0.0,0.23607,1,-1.0
2012,REG,BUF,00-0026262,T.Choice,47,193.0,1.0,-0.01488,8,4.10638
2012,REG,BUF,00-0027819,D.Dickerson,1,-8.0,0.0,-1.69091,1,-8.0
2012,REG,BUF,00-0027861,C.Spiller,207,1244.0,6.0,0.10515,16,6.00966
2012,REG,BUF,00-0028071,J.White,8,34.0,0.0,-0.07361,3,4.25
2012,REG,BUF,00-0029660,T.Graham,1,5.0,0.0,0.02068,1,5.0
2012,REG,CAR,00-0020337,S.Smith,3,27.0,0.0,-1.28639,3,9.0
2012,REG,CAR,00-0024242,D.Williams,173,723.0,5.0,-0.08425,16,4.17919
2012,REG,CAR,00-0026069,M.Tolbert,54,183.0,7.0,0.15461,15,3.38889
2012,REG,CAR,00-0026153,J.Stewart,93,336.0,1.0,-0.16706,9,3.6129
2012,REG,CAR,00-0026346,H.Nakamura,1,-4.0,0.0,-2.9628,1,-4.0
2012,REG,CAR,00-0027089,L.Murphy,1,3.0,0.0,-0.57219,1,3.0
2012,REG,CAR,00-0027681,B.LaFell,3,35.0,0.0,0.57026,3,11.66667
2012,REG,CAR,00-0027939,C.Newton,127,741.0,8.0,0.24273,16,5.83465
2012,REG,CAR,00-0028070,K.Pilares,1,5.0,0.0,0.58077,1,5.0
2012,REG,CAR,00-0028706,A.Smith,3,0.0,0.0,-0.74895,1,0.0
2012,REG,CAR,00-0029271,J.Adams,3,13.0,0.0,-0.04684,3,4.33333
2012,REG,CHI,00-0023460,J.Campbell,7,28.0,0.0,-0.34384,5,4.0
2012,REG,CHI,00-0024226,J.Cutler,41,233.0,0.0,0.31183,15,5.68293
2012,REG,CHI,00-0024272,D.Hester,3,6.0,0.0,-0.28646,3,2.0
2012,REG,CHI,00-0024334,B.Marshall,1,-2.0,0.0,-0.89561,1,-2.0
2012,REG,CHI,00-0025487,M.Bush,114,411.0,5.0,-0.09286,13,3.60526
2012,REG,CHI,00-0025488,A.Podlesh,1,0.0,0.0,1.053,1,0.0
2012,REG,CHI,00-0026184,M.Forte,248,1094.0,5.0,-0.04172,15,4.41129
2012,REG,CHI,00-0026579,K.Bell,29,76.0,0.0,-0.37866,4,2.62069
2012,REG,CHI,00-0028565,A.Allen,27,124.0,1.0,-0.10696,9,4.59259
2012,REG,CIN,00-0024408,B.Gradkowski,4,-2.0,0.0,-1.0821,2,-0.5
2012,REG,CIN,00-0025439,B.Leonard,33,106.0,0.0,-0.18164,9,3.21212
2012,REG,CIN,00-0025860,B.Green-Ellis,278,1094.0,6.0,-0.05138,15,3.93525
2012,REG,CIN,00-0026932,C.Peerman,36,258.0,1.0,0.38089,10,7.16667
2012,REG,CIN,00-0026941,B.Scott,8,35.0,0.0,-0.03032,2,4.375
2012,REG,CIN,00-0027057,B.Tate,1,0.0,0.0,-0.94911,1,0.0
2012,REG,CIN,00-0027103,K.Huber,1,-1.0,0.0,-2.70218,1,-1.0
2012,REG,CIN,00-0027918,A.Hawkins,6,30.0,0.0,0.15613,5,5.0
2012,REG,CIN,00-0027942,A.Green,4,38.0,0.0,0.3757,3,9.5
2012,REG,CIN,00-0027973,A.Dalton,47,120.0,4.0,0.14167,15,2.55319
2012,REG,CIN,00-0029293,M.Jones,3,47.0,0.0,0.84091,3,15.66667
2012,REG,CIN,00-0029588,D.Herron,4,5.0,0.0,-0.60374,2,1.25
2012,REG,CIN,00-0029632,M.Sanu,5,15.0,0.0,-0.09449,4,3.0
2012,REG,CLE,00-0023176,J.Cribbs,6,42.0,0.0,0.06714,5,7.0
2012,REG,CLE,00-0023316,R.Ventrone,1,35.0,0.0,4.91353,1,35.0
2012,REG,CLE,00-0025450,B.Jackson,8,54.0,0.0,0.21706,1,6.75
2012,REG,CLE,00-0026739,J.Norwood,1,1.0,0.0,-0.50779,1,1.0
2012,REG,CLE,00-0027140,C.Ogbonnaya,8,30.0,0.0,-0.12031,7,3.75
2012,REG,CLE,00-0027253,T.Lewis,1,3.0,0.0,-0.20036,1,3.0
2012,REG,CLE,00-0027666,M.Hardesty,65,271.0,1.0,-0.03649,10,4.16923
2012,REG,CLE,00-0027688,C.McCoy,5,15.0,0.0,-0.16658,2,3.0
2012,REG,CLE,00-0027997,G.Little,2,15.0,0.0,0.99578,2,7.5
2012,REG,CLE,00-0029269,T.Benjamin,6,66.0,0.0,0.43409,5,11.0
2012,REG,CLE,00-0029675,T.Richardson,267,950.0,11.0,-0.11634,15,3.55805
2012,REG,CLE,00-0029677,B.Weeden,27,111.0,0.0,0.3398,12,4.11111
2012,REG,DAL,00-0021678,T.Romo,31,49.0,1.0,-0.15746,11,1.58065
2012,REG,DAL,00-0024394,L.Vickers,3,11.0,0.0,-1.06262,2,3.66667
2012,REG,DAL,00-0026162,F.Jones,111,402.0,3.0,-0.08825,14,3.62162
2012,REG,DAL,00-0026780,K.Ogletree,2,9.0,0.0,-0.01672,2,4.5
2012,REG,DAL,00-0027902,D.Bryant,2,-5.0,0.0,-0.64194,2,-2.5
2012,REG,DAL,00-0028009,D.Murray,161,663.0,4.0,-0.04297,10,4.11801
2012,REG,DAL,00-0028613,P.Tanner,25,61.0,0.0,-0.19593,4,2.44
2012,REG,DAL,00-0029004,L.Dunbar,21,75.0,0.0,-0.19878,5,3.57143
2012,REG,DEN,00-0010346,P.Manning,23,6.0,0.0,-0.6138,11,0.26087
2012,REG,DEN,00-0022178,W.McGahee,168,731.0,4.0,-0.06323,10,4.35119
2012,REG,DEN,00-0026209,J.Hester,17,81.0,2.0,-0.00039,3,4.76471
2012,REG,DEN,00-0026237,A.Caldwell,1,14.0,0.0,1.23642,1,14.0
2012,REG,DEN,00-0026432,L.Ball,42,158.0,1.0,-0.20688,9,3.7619
2012,REG,DEN,00-0026988,K.Moreno,138,525.0,4.0,-0.03747,8,3.80435
2012,REG,DEN,00-0029682,B.Osweiler,8,-13.0,0.0,-0.69303,5,-1.625
2012,REG,DEN,00-0029683,R.Hillman,85,330.0,1.0,-0.20051,14,3.88235
2012,REG,DET,00-0020679,Sh.Hill,1,-1.0,0.0,-3.32401,1,-1.0
2012,REG,DET,00-0021999,N.Burleson,8,48.0,0.0,0.15294,5,6.0
2012,REG,DET,00-0026204,K.Smith,37,134.0,1.0,-0.05794,6,3.62162
2012,REG,DET,00-0026491,S.Logan,3,17.0,0.0,0.04575,3,5.66667
2012,REG,DET,00-0026498,M.Stafford,35,126.0,4.0,0.12221,14,3.6
2012,REG,DET,00-0027076,M.Thomas,6,58.0,0.0,0.51754,5,9.66667
2012,REG,DET,00-0027214,K.Williams,2,3.0,0.0,-0.80815,2,1.5
2012,REG,DET,00-0027218,J.Bell,82,414.0,3.0,-0.01452,16,5.04878
2012,REG,DET,00-0027982,T.Young,2,16.0,0.0,0.30282,2,8.0
2012,REG,DET,00-0027995,M.Leshoure,215,798.0,9.0,-0.15255,14,3.71163
2012,REG,GB,00-0022984,R.Grant,31,127.0,2.0,0.01312,4,4.09677
2012,REG,GB,00-0022999,J.Kuhn,23,63.0,1.0,-0.23828,11,2.73913
2012,REG,GB,00-0023439,C.Benson,71,248.0,1.0,-0.09503,5,3.49296
2012,REG,GB,00-0023459,A.Rodgers,54,259.0,2.0,0.08924,15,4.7963
2012,REG,GB,00-0027602,G.Harrell,4,-3.0,0.0,-2.03485,2,-0.75
2012,REG,GB,00-0027791,J.Starks,71,255.0,1.0,-0.10289,6,3.59155
2012,REG,GB,00-0028002,R.Cobb,10,132.0,0.0,0.88669,7,13.2
2012,REG,GB,00-0028034,A.Green,135,464.0,0.0,-0.18912,10,3.43704
2012,REG,GB,00-0028409,D.Harris,34,157.0,2.0,0.10511,4,4.61765
2012,REG,HOU,00-0022787,M.Schaub,21,-9.0,0.0,-0.70901,10,-0.42857
2012,REG,HOU,00-0026373,J.Forsett,63,374.0,1.0,0.06337,11,5.93651
2012,REG,HOU,00-0026796,A.Foster,351,1424.0,15.0,-0.05638,16,4.05698
2012,REG,HOU,00-0027109,J.Casey,1,6.0,0.0,0.7212,1,6.0
2012,REG,HOU,00-0027890,B.Tate,65,279.0,2.0,0.02074,11,4.29231
2012,REG,HOU,00-0028090,T.Yates,2,-1.0,1.0,0.80025,2,-0.5
2012,REG,HOU,00-0029415,K.Martin,4,53.0,0.0,0.68583,4,13.25
2012,REG,HOU,00-0029673,D.Posey,1,-3.0,0.0,-1.34066,1,-3.0
2012,REG,IND,00-0020498,R.Wayne,1,-5.0,0.0,-1.33658,1,-5.0
2012,REG,IND,00-0022217,M.Moore,13,20.0,0.0,-0.78498,5,1.53846
2012,REG,IND,00-0026173,D.Avery,4,9.0,0.0,-0.27011,3,2.25
2012,REG,IND,00-0027003,D.Brown,109,417.0,1.0,-0.09489,9,3.82569
2012,REG,IND,00-0028057,D.Carter,32,122.0,3.0,0.18455,7,3.8125
2012,REG,IND,00-0028345,R.Hughes,1,5.0,0.0,0.57168,1,5.0
2012,REG,IND,00-0029547,V.Ballard,211,814.0,2.0,-0.08003,16,3.85782
2012,REG,IND,00-0029608,T.Hilton,5,29.0,0.0,-0.11083,4,5.8
2012,REG,IND,00-0029668,A.Luck,62,255.0,5.0,0.40384,16,4.1129
2012,REG,IND,00-0029689,D.Allen,3,5.0,0.0,-0.41207,3,1.66667
2012,REG,JAX,00-0022897,G.Jones,5,8.0,0.0,0.03939,4,1.6
2012,REG,JAX,00-0024103,M.Owens,43,209.0,1.0,-0.02131,4,4.86047
2012,REG,JAX,00-0024275,M.Jones-Drew,87,414.0,1.0,-0.01099,6,4.75862
2012,REG,JAX,00-0026197,C.Henne,19,64.0,1.0,-0.26161,9,3.36842
2012,REG,JAX,00-0026316,J.Parmele,40,143.0,0.0,-0.085,5,3.575
2012,REG,JAX,00-0027076,M.Thomas,1,-1.0,0.0,-0.99028,1,-1.0
2012,REG,JAX,00-0027155,R.Jennings,101,283.0,2.0,-0.22317,10,2.80198
2012,REG,JAX,00-0027257,K.Toston,17,74.0,0.0,-0.09556,1,4.35294
2012,REG,JAX,00-0027948,B.Gabbert,18,56.0,0.0,-0.17647,8,3.11111
2012,REG,JAX,00-0028052,C.Shorts,1,-4.0,0.0,-1.12103,1,-4.0
2012,REG,JAX,00-0028121,J.Todman,3,8.0,0.0,-0.30202,1,2.66667
2012,REG,JAX,00-0028416,R.Murphy,23,92.0,0.0,-0.0085,4,4.0
2012,REG,JAX,00-0029707,J.Blackmon,2,23.0,0.0,0.69639,2,11.5
2012,REG,KC,00-0022388,T.Copper,1,1.0,0.0,-0.61602,1,1.0
2012,REG,KC,00-0023662,M.Cassel,27,145.0,1.0,-0.20859,8,5.37037
2012,REG,KC,00-0025409,B.Quinn,19,66.0,0.0,-0.17318,8,3.47368
2012,REG,KC,00-0026213,J.Charles,285,1509.0,5.0,-0.01123,16,5.29474
2012,REG,KC,00-0026367,P.Hillis,85,309.0,1.0,-0.12832,13,3.63529
2012,REG,KC,00-0027651,D.McCluster,12,70.0,0.0,0.04452,7,5.83333
2012,REG,KC,00-0028202,S.Draughn,59,233.0,2.0,-0.04311,13,3.94915
2012,REG,KC,00-0029298,C.Gray,7,44.0,0.0,0.20688,3,6.28571
2012,REG,KC,00-0029358,N.Eachus,5,18.0,0.0,-0.1515,1,3.6
2012,REG,LA,00-0022736,S.Jackson,258,1045.0,4.0,-0.0833,16,4.05039
2012,REG,LA,00-0024264,K.Clemens,2,5.0,0.0,0.04558,1,2.5
2012,REG,LA,00-0026035,D.Amendola,2,8.0,0.0,-0.09246,2,4.0
2012,REG,LA,00-0027854,S.Bradford,36,124.0,1.0,-0.11468,15,3.44444
2012,REG,LA,00-0028872,J.Hekker,1,-9.0,0.0,-2.50769,1,-9.0
2012,REG,LA,00-0029612,D.Richardson,99,475.0,0.0,-0.06678,16,4.79798
2012,REG,LA,00-0029614,C.Givens,3,12.0,0.0,-0.21922,3,4.0
2012,REG,LA,00-0029626,I.Pead,10,54.0,0.0,0.11739,4,5.4
2012,REG,LAC,00-0022942,P.Rivers,27,40.0,0.0,-0.43801,11,1.48148
2012,REG,LAC,00-0023437,R.Brown,46,220.0,0.0,-0.06403,12,4.78261
2012,REG,LAC,00-0025414,R.Meachem,1,-6.0,0.0,-1.13621,1,-6.0
2012,REG,LAC,00-0025424,E.Weddle,2,10.0,0.0,2.27472,2,5.0
2012,REG,LAC,00-0025524,L.McClain,14,42.0,0.0,-0.30212,7,3.0
2012,REG,LAC,00-0025701,J.Battle,95,311.0,3.0,-0.16925,14,3.27368
2012,REG,LAC,00-0026182,E.Royal,3,22.0,0.0,0.54544,2,7.33333
2012,REG,LAC,00-0026745,C.Brinkley,39,115.0,0.0,-0.2036,6,2.94872
2012,REG,LAC,00-0027864,R.Mathews,184,707.0,1.0,-0.0917,12,3.84239
2012,REG,LV,00-0019714,S.Lechler,2,0.0,0.0,-2.83043,1,0.0
2012,REG,LV,00-0021429,C.Palmer,18,36.0,1.0,-0.28204,10,2.0
2012,REG,LV,00-0026144,D.McFadden,216,707.0,2.0,-0.24898,12,3.27315
2012,REG,LV,00-0026303,O.Schmitt,2,1.0,0.0,-1.02221,2,0.5
2012,REG,LV,00-0026393,M.Reece,59,271.0,0.0,-0.06626,6,4.59322
2012,REG,LV,00-0026983,D.Heyward-Bey,2,16.0,0.0,0.78663,2,8.0
2012,REG,LV,00-0027080,M.Goodson,35,221.0,0.0,-0.00823,10,6.31429
2012,REG,LV,00-0028063,T.Jones,6,21.0,0.0,-0.3142,3,3.5
2012,REG,LV,00-0028086,D.Moore,1,-5.0,0.0,-1.39317,1,-5.0
2012,REG,LV,00-0028825,T.Pryor,10,51.0,1.0,0.13194,2,5.1
2012,REG,LV,00-0029441,J.Stewart,25,101.0,0.0,-0.15737,4,4.04
2012,REG,MIA,00-0024217,R.Bush,227,986.0,6.0,-0.08191,16,4.34361
2012,REG,MIA,00-0025612,B.Fields,1,0.0,0.0,-3.26608,1,0.0
2012,REG,MIA,00-0025708,Matt.Moore,5,-3.0,0.0,-0.09426,2,-0.6
2012,REG,MIA,00-0026577,M.Thigpen,1,8.0,0.0,0.85063,1,8.0
2012,REG,MIA,00-0027115,C.Clemons,1,3.0,0.0,1.62581,1,3.0
2012,REG,MIA,00-0027356,M.Moore,1,9.0,0.0,0.57399,1,9.0
2012,REG,MIA,00-0028000,D.Thomas,91,325.0,4.0,-0.12241,12,3.57143
2012,REG,MIA,00-0029615,L.Miller,51,250.0,1.0,0.01414,9,4.90196
2012,REG,MIA,00-0029619,J.Lane,13,13.0,2.0,-0.66609,6,1.0
2012,REG,MIA,00-0029701,R.Tannehill,49,211.0,2.0,0.13621,15,4.30612
2012,REG,MIN,00-0025394,A.Peterson,349,2097.0,12.0,0.07168,16,6.0086
2012,REG,MIN,00-0026998,P.Harvin,22,96.0,1.0,-0.09011,9,4.36364
2012,REG,MIN,00-0027796,J.Webb,1,-1.0,0.0,0.00536,1,-1.0
2012,REG,MIN,00-0027888,T.Gerhart,50,169.0,1.0,-0.22726,14,3.38
2012,REG,MIN,00-0027950,C.Ponder,60,253.0,2.0,-0.0654,16,4.21667
2012,REG,MIN,00-0028198,M.Asiata,3,9.0,0.0,-0.42575,2,3.0
2012,REG,MIN,00-0029572,J.Wright,2,11.0,0.0,0.34832,2,5.5
2012,REG,NE,00-0019596,T.Brady,23,32.0,4.0,0.37087,11,1.3913
2012,REG,NE,00-0022427,W.Welker,2,20.0,0.0,0.83989,2,10.0
2012,REG,NE,00-0026019,D.Woodhead,76,301.0,4.0,0.056,14,3.96053
2012,REG,NE,00-0026344,L.Hilliard,1,2.0,0.0,0.51154,1,2.0
2012,REG,NE,00-0027150,J.Edelman,4,45.0,0.0,-0.65195,3,11.25
2012,REG,NE,00-0027713,A.Hernandez,1,5.0,0.0,1.03478,1,5.0
2012,REG,NE,00-0027994,S.Vereen,62,251.0,3.0,0.07964,10,4.04839
2012,REG,NE,00-0028011,S.Ridley,290,1263.0,12.0,0.0137,16,4.35517
2012,REG,NE,00-0028012,R.Mallett,8,-9.0,0.0,-0.3207,3,-1.125
2012,REG,NE,00-0029239,B.Bolden,56,274.0,2.0,0.06273,8,4.89286
2012,REG,NO,00-0020531,D.Brees,15,5.0,1.0,-0.05831,11,0.33333
2012,REG,NO,00-0022929,D.Henderson,1,13.0,0.0,1.11991,1,13.0
2012,REG,NO,00-0023564,D.Sproles,49,244.0,1.0,-0.02847,10,4.97959
2012,REG,NO,00-0024813,P.Thomas,105,473.0,1.0,0.02785,15,4.50476
2012,REG,NO,00-0026544,C.Daniel,3,17.0,0.0,-0.62601,1,5.66667
2012,REG,NO,00-0027531,C.Ivory,40,217.0,2.0,0.03667,6,5.425
2012,REG,NO,00-0027966,M.Ingram,156,602.0,5.0,-0.07087,16,3.85897
2012,REG,NO,00-0028532,J.Morgan,1,1.0,0.0,-0.51122,1,1.0
2012,REG,NO,00-0029205,T.Cadet,1,5.0,0.0,-0.57102,1,5.0
2012,REG,NYG,00-0020608,D.Carr,3,-3.0,0.0,-0.80883,1,-1.0
2012,REG,NYG,00-0022803,E.Manning,20,30.0,0.0,-0.32389,11,1.5
2012,REG,NYG,00-0025637,A.Bradshaw,221,1015.0,6.0,-0.00354,14,4.59276
2012,REG,NYG,00-0026029,K.Lumpkin,9,42.0,0.0,-0.46735,1,4.66667
2012,REG,NYG,00-0027094,A.Brown,74,385.0,8.0,0.25635,8,5.2027
2012,REG,NYG,00-0028021,J.Jernigan,1,6.0,0.0,0.18304,1,6.0
2012,REG,NYG,00-0028159,D.Scott,6,9.0,0.0,-0.27903,1,1.5
2012,REG,NYG,00-0028492,H.Hynoski,5,20.0,0.0,-0.09795,5,4.0
2012,REG,NYG,00-0029251,D.Wilson,71,358.0,4.0,-0.06066,13,5.04225
2012,REG,NYJ,00-0026344,L.Hilliard,8,31.0,0.0,0.26078,4,3.875
2012,REG,NYJ,00-0026898,M.Sanchez,22,28.0,0.0,-0.67052,11,1.27273
2012,REG,NYJ,00-0026899,S.Greene,276,1063.0,8.0,-0.01884,16,3.85145
2012,REG,NYJ,00-0027712,J.McKnight,30,179.0,0.0,0.02143,12,5.96667
2012,REG,NYJ,00-0027876,T.Tebow,32,102.0,0.0,0.03409,11,3.1875
2012,REG,NYJ,00-0028049,E.Gates,1,12.0,0.0,0.90051,1,12.0
2012,REG,NYJ,00-0028064,B.Powell,110,437.0,4.0,-0.03503,14,3.97273
2012,REG,NYJ,00-0028091,J.Kerley,5,8.0,0.0,-0.39474,5,1.6
2012,REG,NYJ,00-0028146,G.McElroy,8,30.0,0.0,-0.36866,2,3.75
2012,REG,NYJ,00-0029510,J.Grimes,2,6.0,0.0,-0.12647,2,3.0
2012,REG,PHI,00-0020245,M.Vick,62,332.0,1.0,-0.24318,10,5.35484
2012,REG,PHI,00-0026189,D.Jackson,3,-7.0,0.0,-0.89488,3,-2.33333
2012,REG,PHI,00-0027029,L.McCoy,200,840.0,2.0,-0.08133,12,4.2
2012,REG,PHI,00-0028087,D.Lewis,13,69.0,1.0,0.28341,6,5.30769
2012,REG,PHI,00-0028178,S.Havili,6,22.0,1.0,0.03501,4,3.66667
2012,REG,PHI,00-0029429,B.Brown,115,564.0,4.0,-0.18775,16,4.90435
2012,REG,PHI,00-0029435,D.Johnson,3,12.0,0.0,0.01476,3,4.0
2012,REG,PHI,00-0029567,N.Foles,11,42.0,1.0,-0.29527,5,3.81818
2012,REG,PIT,00-0022177,B.Leftwich,1,31.0,1.0,3.0759,1,31.0
2012,REG,PIT,00-0022924,B.Roethlisberger,26,92.0,0.0,-0.3116,12,3.53846
2012,REG,PIT,00-0023001,S.Suisham,1,-1.0,0.0,-3.36392,1,-1.0
2012,REG,PIT,00-0026163,R.Mendenhall,51,182.0,0.0,-0.23194,6,3.56863
2012,REG,PIT,00-0026566,I.Redman,110,410.0,2.0,-0.1396,14,3.72727
2012,REG,PIT,00-0026901,M.Wallace,5,7.0,0.0,-0.54853,4,1.4
2012,REG,PIT,00-0027685,E.Sanders,1,4.0,0.0,-0.17044,1,4.0
2012,REG,PIT,00-0027786,J.Dwyer,156,623.0,2.0,-0.10363,13,3.99359
2012,REG,PIT,00-0027793,A.Brown,7,24.0,0.0,0.12521,5,3.42857
2012,REG,PIT,00-0028170,B.Batch,25,49.0,1.0,-0.20302,8,1.96
2012,REG,PIT,00-0028646,D.Gilreath,1,7.0,0.0,0.38863,1,7.0
2012,REG,PIT,00-0028841,W.Johnson,2,7.0,0.0,-0.09095,2,3.5
2012,REG,PIT,00-0029140,C.Rainey,26,102.0,2.0,0.06882,11,3.92308
2012,REG,SEA,00-0023742,J.Ryan,2,-18.0,0.0,-2.48231,2,-9.0
2012,REG,SEA,00-0024315,M.Robinson,12,49.0,0.0,0.50904,8,4.08333
2012,REG,SEA,00-0024332,L.Washington,23,83.0,1.0,-0.24168,9,3.6087
2012,REG,SEA,00-0024463,B.Obomanu,1,11.0,0.0,-0.35574,1,11.0
2012,REG,SEA,00-0025399,M.Lynch,315,1590.0,11.0,0.03928,16,5.04762
2012,REG,SEA,00-0025431,S.Rice,2,6.0,0.0,-0.32341,2,3.0
2012,REG,SEA,00-0026349,M.Flynn,4,-5.0,0.0,-0.51723,2,-1.25
2012,REG,SEA,00-0027891,G.Tate,3,20.0,0.0,0.209,2,6.66667
2012,REG,SEA,00-0029263,R.Wilson,94,489.0,4.0,0.11218,16,5.20213
2012,REG,SEA,00-0029273,R.Turbin,80,354.0,0.0,-0.11465,15,4.425
2012,REG,SF,00-0023436,A.Smith,31,132.0,0.0,-0.02447,10,4.25806
2012,REG,SF,00-0023500,F.Gore,258,1214.0,8.0,-0.0078,16,4.70543
2012,REG,SF,00-0023545,B.Jacobs,5,7.0,0.0,-0.13334,2,1.4
2012,REG,SF,00-0025396,T.Ginn,1,7.0,0.0,0.63854,1,7.0
2012,REG,SF,00-0025513,D.Goldson,1,31.0,0.0,4.93718,1,31.0
2012,REG,SF,00-0026235,M.Manningham,3,64.0,0.0,1.81913,3,21.33333
2012,REG,SF,00-0026986,M.Crabtree,1,8.0,0.0,-0.41497,1,8.0
2012,REG,SF,00-0027608,K.Williams,4,21.0,0.0,0.19053,4,5.25
2012,REG,SF,00-0027772,A.Dixon,21,78.0,2.0,0.05878,8,3.71429
2012,REG,SF,00-0027974,C.Kaepernick,63,415.0,5.0,-0.05563,13,6.5873
2012,REG,SF,00-0028053,K.Hunter,72,371.0,2.0,0.15216,11,5.15278
2012,REG,SF,00-0028149,B.Miller,5,18.0,0.0,0.06007,4,3.6
2012,REG,SF,00-0029260,L.James,27,125.0,0.0,0.07066,4,4.62963
2012,REG,TB,00-0024559,D.Ware,11,51.0,0.0,-0.00455,10,4.63636
2012,REG,TB,00-0026993,J.Freeman,39,139.0,0.0,-0.03117,14,3.5641
2012,REG,TB,00-0027156,T.Underwood,1,1.0,0.0,-0.44134,1,1.0
2012,REG,TB,00-0027325,L.Blount,41,151.0,2.0,-0.08148,10,3.68293
2012,REG,TB,00-0027450,P.Parker,1,7.0,0.0,0.35893,1,7.0
2012,REG,TB,00-0027654,A.Benn,3,16.0,0.0,0.16065,3,5.33333
2012,REG,TB,00-0029422,K.Tandy,1,18.0,0.0,3.34765,1,18.0
2012,REG,TB,00-0029613,D.Martin,319,1454.0,11.0,-0.01379,16,4.55799
2012,REG,TEN,00-0007091,M.Hasselbeck,13,38.0,0.0,-0.3034,7,2.92308
2012,REG,TEN,00-0022409,J.Babineaux,1,10.0,0.0,2.80352,1,10.0
2012,REG,TEN,00-0025951,D.Reynaud,16,33.0,0.0,-0.47416,9,2.0625
2012,REG,TEN,00-0026164,C.Johnson,276,1243.0,6.0,-0.11947,16,4.50362
2012,REG,TEN,00-0027106,Q.Johnson,4,5.0,0.0,-0.04263,3,1.25
2012,REG,TEN,00-0027120,J.Ringer,2,14.0,0.0,-0.05766,1,7.0
2012,REG,TEN,00-0027946,J.Locker,41,291.0,1.0,0.22891,10,7.09756
2012,REG,TEN,00-0028068,J.Harper,19,30.0,3.0,-0.10329,6,1.57895
2012,REG,TEN,00-0028876,C.Mooney,5,19.0,0.0,-0.43988,1,3.8
2012,REG,TEN,00-0029708,K.Wright,1,4.0,0.0,-0.13156,1,4.0
2012,REG,WAS,00-0020494,S.Moss,3,14.0,0.0,-0.01691,3,4.66667
2012,REG,WAS,00-0022984,R.Grant,1,5.0,0.0,0.29929,1,5.0
2012,REG,WAS,00-0026188,F.Davis,1,1.0,0.0,-0.46977,1,1.0
2012,REG,WAS,00-0026314,J.Morgan,3,25.0,0.0,0.47862,3,8.33333
2012,REG,WAS,00-0026345,P.Garcon,2,9.0,0.0,-0.01951,2,4.5
2012,REG,WAS,00-0026852,D.Young,14,60.0,0.0,0.50775,6,4.28571
2012,REG,WAS,00-0027618,B.Banks,7,36.0,0.0,-0.11968,4,5.14286
2012,REG,WAS,00-0027789,D.Briscoe,1,1.0,0.0,-1.26347,1,1.0
2012,REG,WAS,00-0028017,L.Hankerson,2,5.0,0.0,-0.58458,2,2.5
2012,REG,WAS,00-0028043,R.Helu,2,2.0,0.0,-0.63242,1,1.0
2012,REG,WAS,00-0028093,N.Paul,1,-1.0,0.0,-1.36044,1,-1.0
2012,REG,WAS,00-0028115,E.Royster,23,88.0,2.0,0.0909,12,3.82609
2012,REG,WAS,00-0028116,A.Robinson,1,14.0,0.0,1.7035,1,14.0
2012,REG,WAS,00-0029141,A.Morris,335,1613.0,13.0,-0.00388,16,4.81493
2012,REG,WAS,00-0029604,K.Cousins,4,22.0,0.0,-0.73543,2,5.5
2012,REG,WAS,00-0029665,R.Griffin,120,815.0,7.0,0.29749,15,6.79167
2013,POST,CAR,00-0024242,D.Williams,5,13.0,0.0,-0.28656,1,2.6
2013,POST,CAR,00-0026069,M.Tolbert,8,20.0,0.0,-0.41096,1,2.5
2013,POST,CAR,00-0027681,B.LaFell,1,6.0,0.0,0.67408,1,6.0
2013,POST,CAR,00-0027939,C.Newton,10,54.0,0.0,0.1574,1,5.4
2013,POST,CIN,00-0025860,B.Green-Ellis,8,42.0,0.0,0.25301,1,5.25
2013,POST,CIN,00-0027973,A.Dalton,5,26.0,0.0,-0.57385,1,5.2
2013,POST,CIN,00-0030456,G.Bernard,12,45.0,0.0,-0.08879,1,3.75
2013,POST,DEN,00-0010346,P.Manning,3,-2.0,0.0,-2.44079,3,-0.66667
2013,POST,DEN,00-0026988,K.Moreno,42,158.0,1.0,-0.04661,3,3.7619
2013,POST,DEN,00-0028142,V.Green,1,6.0,0.0,0.36266,1,6.0
2013,POST,DEN,00-0029854,C.Anderson,2,9.0,0.0,-0.63192,1,4.5
2013,POST,DEN,00-0030522,M.Ball,28,96.0,0.0,0.05376,3,3.42857
2013,POST,GB,00-0022999,J.Kuhn,2,2.0,1.0,-0.20528,1,1.0
2013,POST,GB,00-0023459,A.Rodgers,2,11.0,0.0,-0.06775,1,5.5
2013,POST,GB,00-0027791,J.Starks,5,29.0,0.0,0.08182,1,5.8
2013,POST,GB,00-0028002,R.Cobb,1,1.0,0.0,-0.36591,1,1.0
2013,POST,GB,00-0030485,E.Lacy,21,81.0,0.0,-0.07956,1,3.85714
2013,POST,IND,00-0027003,D.Brown,28,118.0,1.0,0.06187,2,4.21429
2013,POST,IND,00-0029668,A.Luck,8,50.0,0.0,0.57445,2,6.25
2013,POST,IND,00-0029675,T.Richardson,4,1.0,0.0,-1.98441,2,0.25
2013,POST,KC,00-0023436,A.Smith,8,57.0,0.0,0.64842,1,7.125
2013,POST,KC,00-0026213,J.Charles,3,18.0,0.0,0.4593,1,6.0
2013,POST,KC,00-0027651,D.McCluster,1,3.0,0.0,-0.11975,1,3.0
2013,POST,KC,00-0029298,C.Gray,2,5.0,0.0,-0.29,1,2.5
2013,POST,KC,00-0030280,K.Davis,18,67.0,1.0,-0.03012,1,3.72222
2013,POST,LAC,00-0022942,P.Rivers,5,14.0,0.0,-0.19533,2,2.8
2013,POST,LAC,00-0023437,R.Brown,9,77.0,1.0,0.23392,2,8.55556
2013,POST,LAC,00-0025524,L.McClain,1,0.0,0.0,-1.66372,1,0.0
2013,POST,LAC,00-0026019,D.Woodhead,24,83.0,1.0,0.11588,2,3.45833
2013,POST,LAC,00-0026182,E.Royal,1,9.0,0.0,0.70615,1,9.0
2013,POST,LAC,00-0027864,R.Mathews,18,78.0,0.0,0.10088,2,4.33333
2013,POST,NE,00-0019596,T.Brady,3,6.0,1.0,0.82421,2,2.0
2013,POST,NE,00-0027325,L.Blount,29,172.0,4.0,0.15279,2,5.93103
2013,POST,NE,00-0027925,J.Develin,1,0.0,0.0,-1.65932,1,0.0
2013,POST,NE,00-0027994,S.Vereen,10,51.0,0.0,0.38106,2,5.1
2013,POST,NE,00-0028011,S.Ridley,20,69.0,2.0,0.1211,2,3.45
2013,POST,NE,00-0029984,R.Allen,1,0.0,0.0,-1.85973,1,0.0
2013,POST,NO,00-0020531,D.Brees,5,13.0,0.0,0.2808,1,2.6
2013,POST,NO,00-0023564,D.Sproles,7,31.0,0.0,-0.18371,2,4.42857
2013,POST,NO,00-0027966,M.Ingram,29,146.0,1.0,0.06094,2,5.03448
2013,POST,NO,00-0030085,K.Stills,1,1.0,0.0,-0.34388,1,1.0
2013,POST,NO,00-0030348,K.Robinson,21,102.0,1.0,0.26726,2,4.85714
2013,POST,PHI,00-0027029,L.McCoy,21,77.0,1.0,0.05141,1,3.66667
2013,POST,PHI,00-0029567,N.Foles,1,3.0,0.0,-0.24407,1,3.0
2013,POST,SEA,00-0025399,M.Lynch,65,288.0,4.0,0.00725,3,4.43077
2013,POST,SEA,00-0026998,P.Harvin,3,54.0,0.0,1.47445,2,18.0
2013,POST,SEA,00-0029263,R.Wilson,11,42.0,0.0,-0.37407,3,3.81818
2013,POST,SEA,00-0029273,R.Turbin,14,40.0,0.0,-0.37521,3,2.85714
2013,POST,SF,00-0023500,F.Gore,48,164.0,1.0,-0.07153,3,3.41667
2013,POST,SF,00-0027772,A.Dixon,2,1.0,1.0,0.79571,1,0.5
2013,POST,SF,00-0027974,C.Kaepernick,26,243.0,1.0,0.5266,3,9.34615
2013,POST,SF,00-0028053,K.Hunter,14,47.0,0.0,-0.09186,3,3.35714
2013,POST,SF,00-0029260,L.James,1,0.0,0.0,-0.40588,1,0.0
2013,POST,SF,00-0030450,Q.Patton,1,-1.0,0.0,-0.65719,1,-1.0
2013,REG,ARI,00-0021429,C.Palmer,27,3.0,0.0,-0.5066,12,0.11111
2013,REG,ARI,00-0022921,L.Fitzgerald,2,8.0,0.0,-0.12222,2,4.0
2013,REG,ARI,00-0026163,R.Mendenhall,218,687.0,8.0,-0.14175,15,3.15138
2013,REG,ARI,00-0027346,A.Smith,18,54.0,1.0,-0.32956,5,3.0
2013,REG,ARI,00-0027943,P.Peterson,4,21.0,0.0,0.26329,4,5.25
2013,REG,ARI,00-0030282,S.Taylor,36,115.0,0.0,-0.17395,10,3.19444
2013,REG,ARI,00-0030287,A.Ellington,118,652.0,3.0,0.06498,14,5.52542
2013,REG,ATL,00-0022736,S.Jackson,157,543.0,6.0,-0.14011,12,3.4586
2013,REG,ATL,00-0025631,J.Snelling,44,164.0,1.0,-0.1108,10,3.72727
2013,REG,ATL,00-0026143,M.Ryan,17,55.0,0.0,0.11905,9,3.23529
2013,REG,ATL,00-0026644,J.Vaughan,1,1.0,0.0,-0.01644,1,1.0
2013,REG,ATL,00-0026855,A.Smith,5,145.0,2.0,2.49423,4,29.0
2013,REG,ATL,00-0027944,J.Jones,1,7.0,0.0,0.53629,1,7.0
2013,REG,ATL,00-0028083,J.Rodgers,96,332.0,2.0,-0.12552,15,3.45833
2013,REG,BAL,00-0022397,V.Leach,11,23.0,0.0,-0.28636,6,2.09091
2013,REG,BAL,00-0025460,J.Jones,2,0.0,0.0,-0.7763,2,0.0
2013,REG,BAL,00-0026158,J.Flacco,27,131.0,1.0,0.58915,12,4.85185
2013,REG,BAL,00-0026195,R.Rice,215,660.0,4.0,-0.24052,15,3.06977
2013,REG,BAL,00-0026941,B.Scott,4,14.0,0.0,-0.3259,2,3.5
2013,REG,BAL,00-0028118,T.Taylor,8,64.0,0.0,-0.61385,3,8.0
2013,REG,BAL,00-0028202,S.Draughn,4,2.0,0.0,-0.28898,1,0.5
2013,REG,BAL,00-0029264,B.Pierce,152,436.0,2.0,-0.25263,16,2.86842
2013,REG,BAL,00-0030400,M.Brown,1,-2.0,0.0,-0.80533,1,-2.0
2013,REG,BUF,00-0024204,F.Jackson,206,890.0,9.0,0.01448,16,4.32039
2013,REG,BUF,00-0026262,T.Choice,35,126.0,0.0,-0.01521,9,3.6
2013,REG,BUF,00-0026364,S.Johnson,1,10.0,0.0,1.14964,1,10.0
2013,REG,BUF,00-0026926,F.Summers,12,46.0,1.0,0.00443,6,3.83333
2013,REG,BUF,00-0027253,T.Lewis,24,52.0,1.0,-0.35818,5,2.16667
2013,REG,BUF,00-0027861,C.Spiller,202,933.0,2.0,-0.07735,15,4.61881
2013,REG,BUF,00-0029660,T.Graham,4,14.0,0.0,0.17437,4,3.5
2013,REG,BUF,00-0029791,R.Wingo,1,4.0,0.0,-0.07011,1,4.0
2013,REG,BUF,00-0030024,J.Tuel,3,17.0,0.0,-0.02977,1,5.66667
2013,REG,BUF,00-0030068,M.Goodwin,3,13.0,0.0,-0.12331,3,4.33333
2013,REG,BUF,00-0030431,R.Woods,2,16.0,0.0,0.29285,2,8.0
2013,REG,BUF,00-0030526,E.Manuel,53,186.0,2.0,0.20604,10,3.50943
2013,REG,CAR,00-0023645,D.Anderson,5,0.0,0.0,-0.83341,3,0.0
2013,REG,CAR,00-0024242,D.Williams,19,92.0,0.0,-0.2802,3,4.84211
2013,REG,CAR,00-0024242,De.Williams,182,751.0,3.0,-0.05141,14,4.12637
2013,REG,CAR,00-0025396,T.Ginn,4,29.0,0.0,0.38725,4,7.25
2013,REG,CAR,00-0026069,M.Tolbert,101,361.0,5.0,-0.01662,16,3.57426
2013,REG,CAR,00-0026153,J.Stewart,48,180.0,0.0,-0.11068,6,3.75
2013,REG,CAR,00-0027583,R.Brockel,1,1.0,0.0,-0.34751,1,1.0
2013,REG,CAR,00-0027681,B.LaFell,2,15.0,0.0,0.75062,2,7.5
2013,REG,CAR,00-0027939,C.Newton,111,585.0,6.0,0.3362,16,5.27027
2013,REG,CAR,00-0028706,A.Smith,4,5.0,0.0,-0.81342,2,1.25
2013,REG,CAR,00-0030465,K.Barner,6,7.0,0.0,-0.50664,2,1.16667
2013,REG,CHI,00-0021206,J.McCown,13,69.0,1.0,0.36542,6,5.30769
2013,REG,CHI,00-0024226,J.Cutler,23,118.0,0.0,0.16588,8,5.13043
2013,REG,CHI,00-0025487,M.Bush,63,197.0,3.0,-0.18869,14,3.12698
2013,REG,CHI,00-0026184,M.Forte,291,1339.0,9.0,-0.01602,16,4.60137
2013,REG,CHI,00-0029137,A.Jeffery,16,105.0,0.0,0.08642,11,6.5625
2013,REG,CIN,00-0025860,B.Green-Ellis,220,756.0,7.0,-0.10657,16,3.43636
2013,REG,CIN,00-0026300,J.Johnson,7,20.0,0.0,-0.08424,2,2.85714
2013,REG,CIN,00-0026932,C.Peerman,8,17.0,0.0,-0.40602,2,2.125
2013,REG,CIN,00-0027103,K.Huber,1,0.0,0.0,-4.22224,1,0.0
2013,REG,CIN,00-0027918,A.Hawkins,2,3.0,0.0,0.10951,2,1.5
2013,REG,CIN,00-0027973,A.Dalton,61,183.0,2.0,0.15937,15,3.0
2013,REG,CIN,00-0029293,M.Jones,8,65.0,0.0,0.6398,7,8.125
2013,REG,CIN,00-0029632,M.Sanu,4,16.0,0.0,-0.16666,2,4.0
2013,REG,CIN,00-0030456,G.Bernard,170,695.0,5.0,-0.07467,16,4.08824
2013,REG,CLE,00-0022178,W.McGahee,138,377.0,2.0,-0.17954,11,2.73188
2013,REG,CLE,00-0023460,J.Campbell,14,107.0,0.0,0.69511,7,7.64286
2013,REG,CLE,00-0026625,B.Hoyer,6,16.0,0.0,-0.25182,3,2.66667
2013,REG,CLE,00-0027140,C.Ogbonnaya,50,240.0,0.0,0.04057,11,4.8
2013,REG,CLE,00-0027692,A.Edwards,1,0.0,0.0,-0.5809,1,0.0
2013,REG,CLE,00-0029269,T.Benjamin,1,45.0,0.0,2.70325,1,45.0
2013,REG,CLE,00-0029317,E.Baker,43,171.0,2.0,0.00244,3,3.97674
2013,REG,CLE,00-0029384,B.Rainey,13,34.0,0.0,-0.37596,4,2.61538
2013,REG,CLE,00-0029664,J.Gordon,5,88.0,0.0,1.0063,5,17.6
2013,REG,CLE,00-0029675,T.Richardson,31,105.0,0.0,-0.14157,2,3.3871
2013,REG,CLE,00-0029677,B.Weeden,12,44.0,0.0,0.08186,6,3.66667
2013,REG,CLE,00-0029731,F.Whittaker,28,79.0,0.0,-0.15285,7,2.82143
2013,REG,CLE,00-0029853,J.Aubrey,1,34.0,0.0,4.26723,1,34.0
2013,REG,CLE,00-0029878,M.Gray,6,43.0,0.0,0.29643,5,7.16667
2013,REG,DAL,00-0021678,T.Romo,21,38.0,0.0,-0.25183,11,1.80952
2013,REG,DAL,00-0023541,K.Orton,1,8.0,0.0,0.48785,1,8.0
2013,REG,DAL,00-0027902,D.Bryant,1,1.0,0.0,-0.39734,1,1.0
2013,REG,DAL,00-0028009,D.Murray,217,1121.0,9.0,0.0748,14,5.1659
2013,REG,DAL,00-0028114,D.Harris,1,6.0,0.0,0.34516,1,6.0
2013,REG,DAL,00-0028613,P.Tanner,9,12.0,1.0,-0.31214,5,1.33333
2013,REG,DAL,00-0029004,L.Dunbar,30,150.0,0.0,0.0457,7,5.0
2013,REG,DAL,00-0030388,J.Randle,54,164.0,2.0,-0.08187,5,3.03704
2013,REG,DAL,00-0030542,T.Williams,3,4.0,0.0,-0.41363,3,1.33333
2013,REG,DEN,00-0010346,P.Manning,32,-31.0,1.0,-0.90007,12,-0.96875
2013,REG,DEN,00-0026237,A.Caldwell,1,7.0,0.0,0.16342,1,7.0
2013,REG,DEN,00-0026988,K.Moreno,241,1038.0,10.0,0.03463,16,4.30705
2013,REG,DEN,00-0027083,D.Bruton,1,35.0,0.0,4.50759,1,35.0
2013,REG,DEN,00-0027606,T.Holliday,1,7.0,0.0,0.38369,1,7.0
2013,REG,DEN,00-0029682,B.Osweiler,3,2.0,0.0,-0.8896,2,0.66667
2013,REG,DEN,00-0029683,R.Hillman,55,218.0,1.0,-0.08325,9,3.96364
2013,REG,DEN,00-0029854,C.Anderson,7,38.0,0.0,0.23971,2,5.42857
2013,REG,DEN,00-0030522,M.Ball,120,559.0,4.0,-0.01583,15,4.65833
2013,REG,DET,00-0020679,S.Hill,2,-2.0,0.0,0.0,1,-1.0
2013,REG,DET,00-0021999,N.Burleson,2,-8.0,0.0,-1.00974,2,-4.0
2013,REG,DET,00-0024217,R.Bush,223,1006.0,4.0,-0.12359,14,4.51121
2013,REG,DET,00-0026498,M.Stafford,37,69.0,2.0,-0.20627,14,1.86486
2013,REG,DET,00-0027218,J.Bell,166,650.0,8.0,-0.04506,16,3.91566
2013,REG,DET,00-0027995,M.Leshoure,2,9.0,0.0,-0.13049,1,4.5
2013,REG,DET,00-0028249,J.Ross,2,40.0,0.0,1.31139,2,20.0
2013,REG,DET,00-0030092,S.Martin,2,3.0,0.0,-3.40593,2,1.5
2013,REG,DET,00-0030107,T.Riddick,9,25.0,1.0,-0.11018,4,2.77778
2013,REG,GB,00-0022999,J.Kuhn,10,38.0,1.0,0.56211,8,3.8
2013,REG,GB,00-0023459,A.Rodgers,30,120.0,0.0,0.00641,9,4.0
2013,REG,GB,00-0026349,M.Flynn,17,61.0,0.0,-0.49266,5,3.58824
2013,REG,GB,00-0027791,J.Starks,89,493.0,3.0,0.16245,12,5.53933
2013,REG,GB,00-0028002,R.Cobb,4,78.0,0.0,0.97224,2,19.5
2013,REG,GB,00-0028595,S.Tolzien,5,55.0,1.0,0.58692,3,11.0
2013,REG,GB,00-0028598,M.Jennings,1,6.0,0.0,-1.6627,1,6.0
2013,REG,GB,00-0030078,J.Franklin,19,107.0,1.0,-0.33412,4,5.63158
2013,REG,GB,00-0030485,E.Lacy,284,1178.0,11.0,-0.00866,15,4.14789
2013,REG,HOU,00-0022787,M.Schaub,5,24.0,0.0,-0.78637,4,4.8
2013,REG,HOU,00-0022897,G.Jones,2,2.0,0.0,-0.66744,1,1.0
2013,REG,HOU,00-0026796,A.Foster,122,542.0,1.0,-0.00918,7,4.44262
2013,REG,HOU,00-0027779,D.Karim,12,51.0,0.0,0.00731,2,4.25
2013,REG,HOU,00-0027890,B.Tate,181,771.0,4.0,-0.09075,14,4.25967
2013,REG,HOU,00-0028082,S.Keo,1,8.0,0.0,2.32155,1,8.0
2013,REG,HOU,00-0028090,T.Yates,1,0.0,0.0,-3.82723,1,0.0
2013,REG,HOU,00-0028986,C.Keenum,14,72.0,1.0,0.48233,7,5.14286
2013,REG,HOU,00-0029510,J.Grimes,21,73.0,1.0,-0.01704,2,3.47619
2013,REG,HOU,00-0030233,R.Graham,4,8.0,0.0,-0.35596,1,2.0
2013,REG,HOU,00-0030236,D.Johnson,49,183.0,0.0,-0.17931,8,3.73469
2013,REG,HOU,00-0030248,C.Wood,3,9.0,0.0,-0.08939,2,3.0
2013,REG,IND,00-0007091,M.Hasselbeck,2,-2.0,0.0,0.0,2,-1.0
2013,REG,IND,00-0020498,R.Wayne,1,5.0,0.0,0.1981,1,5.0
2013,REG,IND,00-0025637,A.Bradshaw,41,186.0,2.0,0.05258,3,4.53659
2013,REG,IND,00-0026262,T.Choice,11,44.0,0.0,-0.31036,3,4.0
2013,REG,IND,00-0026317,C.Lynch,1,3.0,0.0,-2.09202,1,3.0
2013,REG,IND,00-0026983,D.Heyward-Bey,3,26.0,0.0,0.12004,3,8.66667
2013,REG,IND,00-0027003,D.Brown,102,537.0,6.0,0.10412,15,5.26471
2013,REG,IND,00-0028178,S.Havili,7,7.0,0.0,-0.67641,5,1.0
2013,REG,IND,00-0029547,V.Ballard,13,63.0,0.0,0.04019,1,4.84615
2013,REG,IND,00-0029588,D.Herron,5,33.0,0.0,-0.22005,2,6.6
2013,REG,IND,00-0029608,T.Hilton,2,6.0,0.0,-0.28159,1,3.0
2013,REG,IND,00-0029668,A.Luck,63,377.0,4.0,0.48248,15,5.98413
2013,REG,IND,00-0029675,T.Richardson,157,458.0,3.0,-0.20451,14,2.9172
2013,REG,IND,00-0030043,D.Rogers,1,0.0,0.0,-0.4526,1,0.0
2013,REG,JAX,00-0024275,M.Jones-Drew,234,803.0,5.0,-0.1154,15,3.43162
2013,REG,JAX,00-0026197,C.Henne,27,77.0,0.0,-0.31455,12,2.85185
2013,REG,JAX,00-0026373,J.Forsett,6,31.0,0.0,-0.15362,5,5.16667
2013,REG,JAX,00-0026557,W.Ta'ufo'ou,1,1.0,0.0,-2.35214,1,1.0
2013,REG,JAX,00-0027948,B.Gabbert,9,32.0,0.0,-0.22945,3,3.55556
2013,REG,JAX,00-0028121,J.Todman,76,256.0,2.0,-0.0605,15,3.36842
2013,REG,JAX,00-0028174,S.Burton,1,-9.0,0.0,-1.51055,1,-9.0
2013,REG,JAX,00-0029692,B.Anger,1,0.0,0.0,-3.2531,1,0.0
2013,REG,JAX,00-0029707,J.Blackmon,1,-1.0,0.0,-0.86775,1,-1.0
2013,REG,JAX,00-0030547,D.Robinson,20,66.0,0.0,-0.76418,10,3.3
2013,REG,JAX,00-0030550,A.Sanders,2,4.0,0.0,0.02157,2,2.0
2013,REG,KC,00-0023436,A.Smith,76,431.0,1.0,0.09652,15,5.67105
2013,REG,KC,00-0026173,D.Avery,2,6.0,0.0,-0.30714,2,3.0
2013,REG,KC,00-0026213,J.Charles,259,1287.0,12.0,0.01624,15,4.96911
2013,REG,KC,00-0026544,C.Daniel,14,52.0,0.0,-0.16552,5,3.71429
2013,REG,KC,00-0027651,D.McCluster,8,5.0,0.0,-0.62022,7,0.625
2013,REG,KC,00-0028074,A.Sherman,2,3.0,0.0,0.22212,2,1.5
2013,REG,KC,00-0029298,C.Gray,9,24.0,0.0,-0.18522,5,2.66667
2013,REG,KC,00-0029654,A.Jenkins,2,6.0,0.0,-0.0653,2,3.0
2013,REG,KC,00-0030280,K.Davis,70,242.0,4.0,-0.13709,13,3.45714
2013,REG,LA,00-0023569,M.Giordano,1,-5.0,0.0,-2.66073,1,-5.0
2013,REG,LA,00-0024264,K.Clemens,23,64.0,0.0,-0.46252,9,2.78261
2013,REG,LA,00-0027854,S.Bradford,16,31.0,0.0,-0.48976,6,1.9375
2013,REG,LA,00-0029612,D.Richardson,69,215.0,0.0,-0.19106,7,3.11594
2013,REG,LA,00-0029614,C.Givens,3,8.0,0.0,-0.34537,3,2.66667
2013,REG,LA,00-0029626,I.Pead,7,21.0,0.0,0.24038,2,3.0
2013,REG,LA,00-0029795,B.Cunningham,48,261.0,1.0,-0.14079,12,5.4375
2013,REG,LA,00-0030525,T.Austin,9,151.0,1.0,1.08961,8,16.77778
2013,REG,LA,00-0030532,S.Bailey,2,33.0,1.0,1.50976,2,16.5
2013,REG,LA,00-0030536,Z.Stacy,250,973.0,7.0,-0.104,13,3.892
2013,REG,LAC,00-0022942,P.Rivers,28,72.0,0.0,-0.30556,12,2.57143
2013,REG,LAC,00-0023437,R.Brown,45,157.0,1.0,-0.03735,11,3.48889
2013,REG,LAC,00-0024296,C.Whitehurst,6,-5.0,0.0,-0.32659,2,-0.83333
2013,REG,LAC,00-0025424,E.Weddle,2,4.0,0.0,2.10219,2,2.0
2013,REG,LAC,00-0025524,L.McClain,11,32.0,0.0,0.23251,8,2.90909
2013,REG,LAC,00-0026019,D.Woodhead,106,429.0,2.0,-0.06135,15,4.04717
2013,REG,LAC,00-0026182,E.Royal,3,21.0,0.0,0.08497,2,7.0
2013,REG,LAC,00-0027864,R.Mathews,285,1255.0,6.0,-0.01351,16,4.40351
2013,REG,LV,00-0026144,D.McFadden,114,379.0,5.0,-0.20311,10,3.32456
2013,REG,LV,00-0026349,M.Flynn,3,4.0,0.0,-1.14818,1,1.33333
2013,REG,LV,00-0026393,M.Reece,46,218.0,2.0,0.05099,8,4.73913
2013,REG,LV,00-0027155,R.Jennings,163,733.0,6.0,0.02441,14,4.49693
2013,REG,LV,00-0027709,J.Ford,5,15.0,0.0,-0.19762,5,3.0
2013,REG,LV,00-0028063,T.Jones,5,23.0,0.0,0.16352,3,4.6
2013,REG,LV,00-0028825,T.Pryor,83,576.0,2.0,0.14407,11,6.93976
2013,REG,LV,00-0029129,R.Streater,2,17.0,0.0,-0.30113,2,8.5
2013,REG,LV,00-0029441,J.Stewart,2,2.0,1.0,0.9215,1,1.0
2013,REG,LV,00-0029492,J.Olawale,3,6.0,0.0,-0.9297,2,2.0
2013,REG,LV,00-0030419,M.McGloin,11,27.0,0.0,-0.76989,6,2.45455
2013,REG,MIA,00-0025612,B.Fields,1,0.0,0.0,-3.65876,1,0.0
2013,REG,MIA,00-0026577,M.Thigpen,6,18.0,0.0,-0.25586,3,3.0
2013,REG,MIA,00-0026901,M.Wallace,3,33.0,0.0,0.78325,3,11.0
2013,REG,MIA,00-0028000,D.Thomas,98,400.0,4.0,-0.03139,13,4.08163
2013,REG,MIA,00-0028000,Dan.Thomas,11,6.0,0.0,-0.46675,2,0.54545
2013,REG,MIA,00-0028112,C.Clay,7,15.0,1.0,-0.57566,6,2.14286
2013,REG,MIA,00-0029615,L.Miller,177,709.0,2.0,-0.16117,16,4.00565
2013,REG,MIA,00-0029701,R.Tannehill,40,238.0,1.0,-0.00158,15,5.95
2013,REG,MIA,00-0030433,M.Gillislee,6,21.0,0.0,-0.04696,1,3.5
2013,REG,MIN,00-0023662,M.Cassel,18,57.0,1.0,-0.22369,8,3.16667
2013,REG,MIN,00-0025394,A.Peterson,279,1266.0,10.0,-0.01549,14,4.53763
2013,REG,MIN,00-0027888,T.Gerhart,36,283.0,2.0,0.27066,8,7.86111
2013,REG,MIN,00-0027950,C.Ponder,34,151.0,4.0,0.23692,8,4.44118
2013,REG,MIN,00-0028198,M.Asiata,44,166.0,3.0,-0.15054,2,3.77273
2013,REG,MIN,00-0030578,C.Patterson,12,158.0,3.0,1.22017,7,13.16667
2013,REG,NE,00-0019596,T.Brady,32,18.0,0.0,-0.32164,11,0.5625
2013,REG,NE,00-0024332,L.Washington,1,1.0,0.0,-0.97392,1,1.0
2013,REG,NE,00-0026035,D.Amendola,1,1.0,0.0,-1.17757,1,1.0
2013,REG,NE,00-0027150,J.Edelman,2,11.0,0.0,0.53625,2,5.5
2013,REG,NE,00-0027325,L.Blount,153,772.0,7.0,0.01109,16,5.04575
2013,REG,NE,00-0027925,J.Develin,4,10.0,1.0,0.69316,3,2.5
2013,REG,NE,00-0027994,S.Vereen,45,208.0,1.0,0.03712,8,4.62222
2013,REG,NE,00-0028011,S.Ridley,178,773.0,7.0,-0.1081,14,4.3427
2013,REG,NE,00-0029239,B.Bolden,55,271.0,3.0,-0.05476,10,4.92727
2013,REG,NO,00-0020531,D.Brees,35,52.0,3.0,0.03448,14,1.48571
2013,REG,NO,00-0022864,L.McCown,3,-4.0,0.0,-1.65409,2,-1.33333
2013,REG,NO,00-0023564,D.Sproles,53,220.0,2.0,-0.05494,13,4.15094
2013,REG,NO,00-0024813,P.Thomas,148,549.0,2.0,-0.04205,16,3.70946
2013,REG,NO,00-0025414,R.Meachem,2,-1.0,0.0,-0.76966,2,-0.5
2013,REG,NO,00-0026072,J.Collins,15,45.0,1.0,0.40419,9,3.0
2013,REG,NO,00-0027966,M.Ingram,78,386.0,1.0,-0.09186,11,4.94872
2013,REG,NO,00-0030085,K.Stills,3,10.0,0.0,-0.17264,3,3.33333
2013,REG,NO,00-0030216,J.Hill,1,-8.0,0.0,-3.69207,1,-8.0
2013,REG,NO,00-0030348,K.Robinson,54,224.0,1.0,-0.12302,10,4.14815
2013,REG,NYG,00-0022803,E.Manning,18,36.0,0.0,-0.36975,9,2.0
2013,REG,NYG,00-0023545,B.Jacobs,58,238.0,4.0,-0.00682,7,4.10345
2013,REG,NYG,00-0024110,S.Weatherford,1,0.0,0.0,-6.25525,1,0.0
2013,REG,NYG,00-0026367,P.Hillis,73,247.0,2.0,-0.09848,7,3.38356
2013,REG,NYG,00-0026931,B.Pascoe,1,2.0,0.0,-0.3562,1,2.0
2013,REG,NYG,00-0027094,A.Brown,140,492.0,3.0,-0.21098,8,3.51429
2013,REG,NYG,00-0027134,C.Painter,3,-2.0,0.0,-0.60264,1,-0.66667
2013,REG,NYG,00-0028021,J.Jernigan,2,57.0,1.0,2.41746,1,28.5
2013,REG,NYG,00-0028159,D.Scott,20,73.0,0.0,-0.2932,5,3.65
2013,REG,NYG,00-0029251,D.Wilson,44,146.0,1.0,-0.4289,5,3.31818
2013,REG,NYG,00-0030128,M.Cox,22,43.0,0.0,-0.33982,3,1.95455
2013,REG,NYJ,00-0023176,J.Cribbs,13,55.0,0.0,0.07711,4,4.23077
2013,REG,NYJ,00-0027080,M.Goodson,7,61.0,0.0,0.25674,2,8.71429
2013,REG,NYJ,00-0027531,C.Ivory,182,833.0,3.0,-0.05127,15,4.57692
2013,REG,NYJ,00-0028034,A.Green,11,35.0,0.0,-0.41057,4,3.18182
2013,REG,NYJ,00-0028064,B.Powell,176,697.0,1.0,-0.11542,16,3.96023
2013,REG,NYJ,00-0028091,J.Kerley,4,11.0,0.0,-0.54714,4,2.75
2013,REG,NYJ,00-0029006,S.Hakim,2,-3.0,0.0,-0.60728,2,-1.5
2013,REG,NYJ,00-0029151,M.Simms,5,37.0,0.0,-1.16636,2,7.4
2013,REG,NYJ,00-0030112,T.Bohanon,17,62.0,0.0,-0.18561,5,3.64706
2013,REG,NYJ,00-0030565,G.Smith,72,366.0,6.0,0.19642,16,5.08333
2013,REG,NYJ,00-0030573,S.Richardson,4,4.0,2.0,0.20989,2,1.0
2013,REG,PHI,00-0020245,M.Vick,36,306.0,2.0,0.22529,7,8.5
2013,REG,PHI,00-0024318,B.Smith,2,2.0,0.0,-0.63999,2,1.0
2013,REG,PHI,00-0026189,D.Jackson,3,2.0,0.0,-0.48775,2,0.66667
2013,REG,PHI,00-0027029,L.McCoy,314,1607.0,9.0,0.03578,16,5.11783
2013,REG,PHI,00-0029429,B.Brown,76,314.0,2.0,-0.08491,15,4.13158
2013,REG,PHI,00-0029438,C.Polk,12,98.0,3.0,0.6281,4,8.16667
2013,REG,PHI,00-0029567,N.Foles,57,221.0,3.0,-0.14976,11,3.87719
2013,REG,PHI,00-0030061,Z.Ertz,1,0.0,0.0,-0.947,1,0.0
2013,REG,PHI,00-0030533,M.Barkley,2,-2.0,0.0,-1.14533,1,-1.0
2013,REG,PIT,00-0022811,J.Cotchery,1,-5.0,0.0,-1.50124,1,-5.0
2013,REG,PIT,00-0022924,B.Roethlisberger,27,99.0,1.0,-0.35535,13,3.66667
2013,REG,PIT,00-0023001,S.Suisham,1,-12.0,0.0,-3.50518,1,-12.0
2013,REG,PIT,00-0026162,F.Jones,48,184.0,0.0,-0.17871,14,3.83333
2013,REG,PIT,00-0026566,I.Redman,10,12.0,0.0,-0.51534,2,1.2
2013,REG,PIT,00-0026956,L.Stephens-Howling,6,19.0,0.0,-0.33806,1,3.16667
2013,REG,PIT,00-0027685,E.Sanders,2,25.0,0.0,1.27463,2,12.5
2013,REG,PIT,00-0027786,J.Dwyer,49,197.0,0.0,-0.15057,14,4.02041
2013,REG,PIT,00-0027793,A.Brown,7,4.0,0.0,-0.3909,7,0.57143
2013,REG,PIT,00-0030496,L.Bell,244,860.0,8.0,-0.10356,13,3.52459
2013,REG,SEA,00-0024279,T.Jackson,4,1.0,1.0,-0.29422,2,0.25
2013,REG,SEA,00-0024315,M.Robinson,1,0.0,0.0,-0.53121,1,0.0
2013,REG,SEA,00-0025399,M.Lynch,301,1257.0,12.0,-0.02148,16,4.17608
2013,REG,SEA,00-0027378,C.Maragos,1,0.0,0.0,-9.70197,1,0.0
2013,REG,SEA,00-0027891,G.Tate,3,31.0,0.0,0.47157,2,10.33333
2013,REG,SEA,00-0028434,D.Baldwin,2,6.0,0.0,-0.16606,2,3.0
2013,REG,SEA,00-0028442,R.Lockette,1,-2.0,0.0,-0.8357,1,-2.0
2013,REG,SEA,00-0029068,D.Coleman,2,3.0,0.0,-0.8505,1,1.5
2013,REG,SEA,00-0029263,R.Wilson,96,539.0,1.0,-0.0083,16,5.61458
2013,REG,SEA,00-0029273,R.Turbin,77,264.0,0.0,-0.17391,15,3.42857
2013,REG,SEA,00-0030414,S.Ware,3,10.0,0.0,0.30657,1,3.33333
2013,REG,SEA,00-0030432,C.Michael,18,79.0,0.0,-0.03697,3,4.38889
2013,REG,SF,00-0022084,A.Boldin,2,11.0,0.0,0.13442,2,5.5
2013,REG,SF,00-0023500,F.Gore,276,1128.0,9.0,-0.11849,16,4.08696
2013,REG,SF,00-0027356,M.Moore,1,9.0,0.0,0.7439,1,9.0
2013,REG,SF,00-0027608,K.Williams,2,23.0,0.0,1.1469,2,11.5
2013,REG,SF,00-0027688,C.McCoy,6,-6.0,0.0,-1.1761,2,-1.0
2013,REG,SF,00-0027772,A.Dixon,28,56.0,2.0,-0.4355,10,2.0
2013,REG,SF,00-0027974,C.Kaepernick,92,524.0,4.0,0.17649,16,5.69565
2013,REG,SF,00-0028053,K.Hunter,78,358.0,3.0,-0.06661,16,4.58974
2013,REG,SF,00-0028149,B.Miller,7,13.0,0.0,-0.07764,4,1.85714
2013,REG,SF,00-0029260,L.James,12,59.0,0.0,-0.09772,5,4.91667
2013,REG,SF,00-0030450,Q.Patton,1,26.0,0.0,1.84231,1,26.0
2013,REG,TB,00-0023496,V.Jackson,1,0.0,0.0,-0.64528,1,0.0
2013,REG,TB,00-0025439,B.Leonard,47,182.0,0.0,-0.02941,10,3.87234
2013,REG,TB,00-0025513,D.Goldson,1,22.0,0.0,2.95711,1,22.0
2013,REG,TB,00-0026993,J.Freeman,5,20.0,0.0,0.17217,3,4.0
2013,REG,TB,00-0029098,E.Page,2,14.0,0.0,0.35177,2,7.0
2013,REG,TB,00-0029384,B.Rainey,137,532.0,5.0,-0.12643,8,3.88321
2013,REG,TB,00-0029613,D.Martin,127,456.0,1.0,-0.14005,6,3.59055
2013,REG,TB,00-0029722,J.Demps,1,14.0,0.0,0.94686,1,14.0
2013,REG,TB,00-0029868,S.Dawson,2,15.0,0.0,0.25909,2,7.5
2013,REG,TB,00-0029910,T.Wright,1,2.0,0.0,-0.49395,1,2.0
2013,REG,TB,00-0030320,M.Hill,9,23.0,0.0,-0.59101,3,2.55556
2013,REG,TB,00-0030391,M.James,60,295.0,0.0,0.09199,6,4.91667
2013,REG,TB,00-0030520,M.Glennon,27,37.0,0.0,-0.27021,11,1.37037
2013,REG,TEN,00-0023682,R.Fitzpatrick,43,225.0,3.0,0.45847,11,5.23256
2013,REG,TEN,00-0025701,J.Battle,36,142.0,1.0,-0.25023,6,3.94444
2013,REG,TEN,00-0025825,B.Kern,2,0.0,0.0,-3.05423,2,0.0
2013,REG,TEN,00-0025951,D.Reynaud,1,0.0,0.0,-1.70844,1,0.0
2013,REG,TEN,00-0026164,C.Johnson,279,1077.0,6.0,-0.08293,16,3.86022
2013,REG,TEN,00-0026899,S.Greene,77,295.0,4.0,-0.00792,11,3.83117
2013,REG,TEN,00-0027946,J.Locker,24,155.0,2.0,0.34951,7,6.45833
2013,REG,WAS,00-0020494,S.Moss,3,25.0,0.0,0.39069,3,8.33333
2013,REG,WAS,00-0026314,J.Morgan,2,13.0,0.0,0.51423,2,6.5
2013,REG,WAS,00-0026345,P.Garcon,2,19.0,0.0,0.85176,2,9.5
2013,REG,WAS,00-0026852,D.Young,12,41.0,3.0,0.49565,6,3.41667
2013,REG,WAS,00-0028043,R.Helu,62,274.0,4.0,-0.07022,14,4.41935
2013,REG,WAS,00-0028115,E.Royster,2,0.0,0.0,-0.95741,1,0.0
2013,REG,WAS,00-0028116,A.Robinson,2,-2.0,0.0,-0.61503,2,-1.0
2013,REG,WAS,00-0028116,Al.Robinson,1,-2.0,0.0,-0.89594,1,-2.0
2013,REG,WAS,00-0029141,A.Morris,276,1275.0,7.0,-0.06104,16,4.61957
2013,REG,WAS,00-0029604,K.Cousins,4,14.0,0.0,0.01514,3,3.5
2013,REG,WAS,00-0029665,R.Griffin,87,489.0,0.0,0.0344,13,5.62069
2013,REG,WAS,00-0030472,J.Reed,1,18.0,0.0,1.28927,1,18.0
2014,POST,ARI,00-0028345,R.Hughes,1,0.0,0.0,-1.71897,1,0.0
2014,POST,ARI,00-0030117,K.Williams,10,23.0,0.0,-0.11505,1,2.3
2014,POST,ARI,00-0030282,S.Taylor,3,3.0,0.0,-0.3969,1,1.0
2014,POST,ARI,00-0030999,M.Grice,1,1.0,1.0,0.76994,1,1.0
2014,POST,BAL,00-0026158,J.Flacco,8,8.0,0.0,-0.1858,1,1.0
2014,POST,BAL,00-0026373,J.Forsett,40,169.0,0.0,-0.1441,2,4.225
2014,POST,BAL,00-0029264,B.Pierce,2,7.0,1.0,0.67481,2,3.5
2014,POST,BAL,00-0031025,M.Campanaro,1,0.0,0.0,-1.56917,1,0.0
2014,POST,BAL,00-0031332,F.Toussaint,2,5.0,0.0,-0.1859,1,2.5
2014,POST,CAR,00-0022811,J.Cotchery,2,5.0,0.0,-0.08181,2,2.5
2014,POST,CAR,00-0024242,D.Williams,6,30.0,0.0,0.08267,2,5.0
2014,POST,CAR,00-0026069,M.Tolbert,4,17.0,0.0,-0.06633,2,4.25
2014,POST,CAR,00-0026153,J.Stewart,37,193.0,1.0,0.0079,2,5.21622
2014,POST,CAR,00-0027939,C.Newton,18,72.0,0.0,-0.06769,2,4.0
2014,POST,CAR,00-0029304,B.Nortman,2,-2.0,0.0,-1.90478,1,-1.0
2014,POST,CAR,00-0029731,F.Whittaker,2,5.0,0.0,-0.11313,2,2.5
2014,POST,CIN,00-0027973,A.Dalton,4,34.0,0.0,0.20261,1,8.5
2014,POST,CIN,00-0030288,R.Burkhead,1,23.0,0.0,1.47966,1,23.0
2014,POST,CIN,00-0030456,G.Bernard,3,6.0,0.0,-0.28181,1,2.0
2014,POST,CIN,00-0031301,J.Hill,13,47.0,1.0,0.0443,1,3.61538
2014,POST,DAL,00-0021678,T.Romo,3,5.0,0.0,-0.53178,2,1.66667
2014,POST,DAL,00-0028009,D.Murray,44,198.0,2.0,-0.00602,2,4.5
2014,POST,DAL,00-0030388,J.Randle,2,15.0,0.0,0.43774,1,7.5
2014,POST,DEN,00-0029683,R.Hillman,2,8.0,0.0,-0.01645,1,4.0
2014,POST,DEN,00-0029854,C.Anderson,18,80.0,0.0,0.00795,1,4.44444
2014,POST,DET,00-0024217,R.Bush,8,37.0,1.0,0.19422,1,4.625
2014,POST,DET,00-0026072,J.Collins,1,1.0,0.0,-0.30793,1,1.0
2014,POST,DET,00-0026498,M.Stafford,1,9.0,0.0,1.78376,1,9.0
2014,POST,DET,00-0027218,J.Bell,12,43.0,0.0,-0.14828,1,3.58333
2014,POST,GB,00-0022999,J.Kuhn,3,7.0,0.0,0.03637,2,2.33333
2014,POST,GB,00-0023459,A.Rodgers,4,8.0,0.0,-0.43444,2,2.0
2014,POST,GB,00-0027791,J.Starks,10,60.0,0.0,0.05675,2,6.0
2014,POST,GB,00-0028002,R.Cobb,2,5.0,0.0,-0.24983,2,2.5
2014,POST,GB,00-0030485,E.Lacy,40,174.0,0.0,-0.10252,2,4.35
2014,POST,IND,00-0029588,D.Herron,45,170.0,2.0,-0.06776,3,3.77778
2014,POST,IND,00-0029608,T.Hilton,1,1.0,0.0,-0.47042,1,1.0
2014,POST,IND,00-0029668,A.Luck,8,57.0,0.0,0.40463,3,7.125
2014,POST,IND,00-0030855,Z.Tipton,18,68.0,1.0,-0.21752,3,3.77778
2014,POST,NE,00-0019596,T.Brady,11,10.0,1.0,0.37856,3,0.90909
2014,POST,NE,00-0026035,D.Amendola,1,-2.0,0.0,-0.55265,1,-2.0
2014,POST,NE,00-0027150,J.Edelman,2,19.0,0.0,0.46582,2,9.5
2014,POST,NE,00-0027325,L.Blount,47,189.0,3.0,0.04883,3,4.02128
2014,POST,NE,00-0027994,S.Vereen,6,21.0,0.0,-0.10631,3,3.5
2014,POST,NE,00-0029104,J.Gray,4,4.0,0.0,-0.58702,1,1.0
2014,POST,NE,00-0029239,B.Bolden,3,7.0,0.0,-0.09682,1,2.33333
2014,POST,PIT,00-0022924,B.Roethlisberger,2,16.0,0.0,-0.42645,1,8.0
2014,POST,PIT,00-0027890,B.Tate,5,19.0,0.0,-0.05018,1,3.8
2014,POST,PIT,00-0028841,Wi.Johnson,1,3.0,0.0,2.16069,1,3.0
2014,POST,PIT,00-0031373,M.Bryant,1,6.0,0.0,0.20715,1,6.0
2014,POST,PIT,00-0031392,D.Archer,1,-1.0,0.0,-0.94108,1,-1.0
2014,POST,PIT,00-0031450,J.Harris,9,25.0,0.0,-0.10746,1,2.77778
2014,POST,SEA,00-0025399,M.Lynch,63,318.0,2.0,0.01938,3,5.04762
2014,POST,SEA,00-0028442,R.Lockette,1,4.0,0.0,0.16375,1,4.0
2014,POST,SEA,00-0029263,R.Wilson,17,86.0,1.0,0.02125,3,5.05882
2014,POST,SEA,00-0029273,R.Turbin,11,48.0,0.0,-0.16975,3,4.36364
2014,REG,ARI,00-0021429,C.Palmer,8,25.0,0.0,-0.55067,4,3.125
2014,REG,ARI,00-0025396,T.Ginn,3,6.0,0.0,-0.35362,3,2.0
2014,REG,ARI,00-0025430,D.Stanton,25,63.0,0.0,-0.05311,8,2.52
2014,REG,ARI,00-0026316,J.Parmele,1,0.0,0.0,-1.77812,1,0.0
2014,REG,ARI,00-0027786,J.Dwyer,18,51.0,1.0,-0.27368,2,2.83333
2014,REG,ARI,00-0028007,R.Housler,1,1.0,0.0,0.51785,1,1.0
2014,REG,ARI,00-0028345,R.Hughes,7,11.0,0.0,-0.59243,7,1.57143
2014,REG,ARI,00-0029638,M.Floyd,1,2.0,0.0,-0.48397,1,2.0
2014,REG,ARI,00-0030117,K.Williams,53,246.0,0.0,-0.0048,4,4.64151
2014,REG,ARI,00-0030282,S.Taylor,64,208.0,1.0,-0.11818,12,3.25
2014,REG,ARI,00-0030287,A.Ellington,201,660.0,3.0,-0.17835,12,3.28358
2014,REG,ARI,00-0030999,M.Grice,15,41.0,1.0,-0.07744,5,2.73333
2014,REG,ARI,00-0031051,Jo. Brown,3,-6.0,0.0,-1.08688,3,-2.0
2014,REG,ATL,00-0022736,S.Jackson,190,707.0,6.0,-0.08644,15,3.72105
2014,REG,ATL,00-0024272,D.Hester,6,36.0,1.0,0.29019,6,6.0
2014,REG,ATL,00-0026143,M.Ryan,29,145.0,0.0,0.04234,15,5.0
2014,REG,ATL,00-0026855,A.Smith,23,144.0,2.0,0.04153,8,6.26087
2014,REG,ATL,00-0027944,J.Jones,1,1.0,0.0,-0.74886,1,1.0
2014,REG,ATL,00-0028083,J.Rodgers,59,217.0,1.0,-0.11818,16,3.67797
2014,REG,ATL,00-0031285,D.Freeman,65,248.0,1.0,-0.39573,15,3.81538
2014,REG,BAL,00-0025460,J.Jones,3,16.0,0.0,0.18729,3,5.33333
2014,REG,BAL,00-0026158,J.Flacco,39,70.0,2.0,-0.20262,14,1.79487
2014,REG,BAL,00-0026373,J.Forsett,237,1266.0,8.0,0.03116,16,5.34177
2014,REG,BAL,00-0028118,T.Taylor,4,-3.0,0.0,-1.19686,1,-0.75
2014,REG,BAL,00-0029264,B.Pierce,93,366.0,2.0,-0.13872,13,3.93548
2014,REG,BAL,00-0031066,L.Taliaferro,69,292.0,4.0,-0.12142,9,4.23188
2014,REG,BAL,00-0031332,F.Toussaint,6,12.0,0.0,-0.11495,2,2.0
2014,REG,BUF,00-0023541,K.Orton,15,14.0,1.0,-0.30977,9,0.93333
2014,REG,BUF,00-0024204,F.Jackson,142,525.0,2.0,-0.09427,14,3.69718
2014,REG,BUF,00-0026926,F.Summers,6,17.0,1.0,0.42404,5,2.83333
2014,REG,BUF,00-0027772,A.Dixon,105,432.0,2.0,-0.0777,13,4.11429
2014,REG,BUF,00-0027861,C.Spiller,78,300.0,0.0,-0.21681,9,3.84615
2014,REG,BUF,00-0029429,B.Brown,36,126.0,0.0,-0.34593,7,3.5
2014,REG,BUF,00-0030068,M.Goodwin,3,8.0,0.0,-0.16546,3,2.66667
2014,REG,BUF,00-0030526,E.Manuel,16,52.0,1.0,-0.31919,4,3.25
2014,REG,BUF,00-0031325,S.Watkins,2,8.0,0.0,0.03984,2,4.0
2014,REG,CAR,00-0023645,D.Anderson,8,24.0,0.0,0.07262,2,3.0
2014,REG,CAR,00-0024242,D.Williams,62,219.0,0.0,-0.18612,6,3.53226
2014,REG,CAR,00-0024324,J.Avant,1,1.0,0.0,-0.35259,1,1.0
2014,REG,CAR,00-0026069,M.Tolbert,37,78.0,0.0,-0.44895,8,2.10811
2014,REG,CAR,00-0026153,J.Stewart,175,809.0,3.0,-0.09266,13,4.62286
2014,REG,CAR,00-0027140,C.Ogbonnaya,14,50.0,1.0,-0.03563,3,3.57143
2014,REG,CAR,00-0027939,C.Newton,103,531.0,5.0,0.26261,14,5.15534
2014,REG,CAR,00-0029401,T.Poole,1,0.0,0.0,-5.26927,1,0.0
2014,REG,CAR,00-0029463,D.Presley,1,-2.0,0.0,-0.78097,1,-2.0
2014,REG,CAR,00-0029731,F.Whittaker,32,145.0,1.0,-0.08166,8,4.53125
2014,REG,CAR,00-0031118,C.Brown,8,95.0,0.0,0.75304,6,11.875
2014,REG,CAR,00-0031123,D.Reaves,31,78.0,0.0,-0.28629,4,2.51613
2014,REG,CHI,00-0024226,J.Cutler,39,191.0,2.0,0.26087,13,4.89744
2014,REG,CHI,00-0026184,M.Forte,267,1038.0,6.0,-0.06362,16,3.88764
2014,REG,CHI,00-0026314,J.Morgan,2,30.0,0.0,1.00184,2,15.0
2014,REG,CHI,00-0026691,C.Williams,1,-8.0,0.0,-1.33955,1,-8.0
2014,REG,CHI,00-0027422,D.McCray,1,2.0,0.0,-2.57213,1,2.0
2014,REG,CHI,00-0027659,J.Clausen,3,9.0,0.0,0.31483,1,3.0
2014,REG,CHI,00-0029137,A.Jeffery,6,33.0,0.0,0.31306,4,5.5
2014,REG,CHI,00-0031057,K.Carey,36,158.0,0.0,-0.06217,10,4.38889
2014,REG,CHI,00-0031079,P.O'Donnell,1,-12.0,0.0,-3.28271,1,-12.0
2014,REG,CIN,00-0023460,J.Campbell,1,1.0,0.0,-0.84718,1,1.0
2014,REG,CIN,00-0026932,C.Peerman,15,43.0,0.0,-0.42875,5,2.86667
2014,REG,CIN,00-0027057,B.Tate,3,21.0,0.0,0.34708,3,7.0
2014,REG,CIN,00-0027942,A.Green,2,2.0,0.0,-0.45824,2,1.0
2014,REG,CIN,00-0027973,A.Dalton,60,169.0,4.0,0.02245,16,2.81667
2014,REG,CIN,00-0028352,D.Sanzenbacher,1,-1.0,0.0,0.82195,1,-1.0
2014,REG,CIN,00-0029632,M.Sanu,7,51.0,0.0,0.21296,6,7.28571
2014,REG,CIN,00-0030288,R.Burkhead,9,27.0,1.0,0.00499,3,3.0
2014,REG,CIN,00-0030456,G.Bernard,168,680.0,5.0,-0.07082,13,4.04762
2014,REG,CIN,00-0030780,R.Hewitt,1,0.0,0.0,-0.38927,1,0.0
2014,REG,CIN,00-0031291,J.Wright,3,30.0,0.0,0.65311,3,10.0
2014,REG,CIN,00-0031301,J.Hill,222,1124.0,9.0,0.01699,16,5.06306
2014,REG,CLE,00-0026625,B.Hoyer,24,39.0,0.0,-0.37697,12,1.625
2014,REG,CLE,00-0027890,B.Tate,106,333.0,4.0,-0.16646,8,3.14151
2014,REG,CLE,00-0027918,A.Hawkins,3,15.0,0.0,-0.01607,2,5.0
2014,REG,CLE,00-0028347,S.Lanning,1,0.0,0.0,-0.947,1,0.0
2014,REG,CLE,00-0029269,T.Benjamin,3,11.0,0.0,0.14748,3,3.66667
2014,REG,CLE,00-0030653,R.Agnew,2,2.0,0.0,0.09946,2,1.0
2014,REG,CLE,00-0030656,I.Crowell,148,607.0,8.0,-0.0675,15,4.10135
2014,REG,CLE,00-0030661,C.Shaw,7,9.0,0.0,-0.82844,1,1.28571
2014,REG,CLE,00-0031228,T.Gabriel,4,10.0,0.0,-0.27407,3,2.5
2014,REG,CLE,00-0031375,T.West,171,673.0,4.0,-0.07884,14,3.93567
2014,REG,CLE,00-0031409,J.Manziel,9,29.0,1.0,-0.24239,3,3.22222
2014,REG,DAL,00-0021678,T.Romo,26,61.0,0.0,-0.17776,11,2.34615
2014,REG,DAL,00-0028009,D.Murray,392,1845.0,13.0,-0.01106,16,4.70663
2014,REG,DAL,00-0028114,D.Harris,4,7.0,0.0,-0.32116,4,1.75
2014,REG,DAL,00-0029004,L.Dunbar,29,99.0,0.0,-0.22545,9,3.41379
2014,REG,DAL,00-0029677,B.Weeden,6,-1.0,0.0,-0.68357,3,-0.16667
2014,REG,DAL,00-0030388,J.Randle,51,343.0,3.0,0.01612,14,6.72549
2014,REG,DEN,00-0010346,P.Manning,24,-24.0,0.0,-1.03385,14,-1.0
2014,REG,DEN,00-0027083,D.Bruton,1,13.0,0.0,3.37554,1,13.0
2014,REG,DEN,00-0027685,E.Sanders,8,44.0,0.0,0.09076,7,5.5
2014,REG,DEN,00-0028142,V.Green,2,3.0,0.0,-0.8961,2,1.5
2014,REG,DEN,00-0029441,J.Stewart,6,22.0,0.0,-0.05984,3,3.66667
2014,REG,DEN,00-0029682,B.Osweiler,8,0.0,0.0,-0.52752,4,0.0
2014,REG,DEN,00-0029683,R.Hillman,106,434.0,3.0,-0.05294,8,4.09434
2014,REG,DEN,00-0029854,C.Anderson,179,849.0,8.0,0.0342,14,4.74302
2014,REG,DEN,00-0030522,M.Ball,55,172.0,1.0,-0.18153,4,3.12727
2014,REG,DEN,00-0030705,J.Thompson,54,272.0,3.0,0.17006,11,5.03704
2014,REG,DET,00-0024217,R.Bush,76,297.0,2.0,-0.16146,11,3.90789
2014,REG,DET,00-0026072,J.Collins,8,19.0,0.0,0.09704,6,2.375
2014,REG,DET,00-0026498,M.Stafford,43,93.0,2.0,-0.16438,14,2.16279
2014,REG,DET,00-0027218,J.Bell,224,860.0,7.0,-0.11555,15,3.83929
2014,REG,DET,00-0027891,G.Tate,5,30.0,0.0,0.21591,4,6.0
2014,REG,DET,00-0028249,J.Ross,2,-1.0,0.0,-1.0267,2,-0.5
2014,REG,DET,00-0030107,T.Riddick,20,51.0,0.0,-0.37719,10,2.55
2014,REG,DET,00-0030247,G.Winn,19,73.0,0.0,-0.07235,5,3.84211
2014,REG,GB,00-0022999,J.Kuhn,24,85.0,1.0,-0.10024,10,3.54167
2014,REG,GB,00-0023459,A.Rodgers,43,269.0,2.0,0.43957,11,6.25581
2014,REG,GB,00-0026349,M.Flynn,10,-10.0,0.0,-0.46093,4,-1.0
2014,REG,GB,00-0027791,J.Starks,85,333.0,2.0,-0.1318,14,3.91765
2014,REG,GB,00-0028002,R.Cobb,11,37.0,0.0,-0.19734,7,3.36364
2014,REG,GB,00-0028409,D.Harris,16,64.0,0.0,-0.23414,5,4.0
2014,REG,GB,00-0030485,E.Lacy,246,1139.0,9.0,-0.08801,16,4.63008
2014,REG,HOU,00-0023437,R.Brown,6,4.0,0.0,-0.59034,2,0.66667
2014,REG,HOU,00-0023682,R.Fitzpatrick,50,184.0,2.0,0.08717,11,3.68
2014,REG,HOU,00-0026796,A.Foster,260,1246.0,8.0,-0.01542,13,4.79231
2014,REG,HOU,00-0028012,R.Mallett,6,-2.0,0.0,-0.52295,3,-0.33333
2014,REG,HOU,00-0028986,C.Keenum,10,35.0,0.0,0.4746,2,3.5
2014,REG,HOU,00-0029435,D.Johnson,5,19.0,0.0,-0.10961,5,3.8
2014,REG,HOU,00-0029510,J.Grimes,39,153.0,0.0,-0.10822,9,3.92308
2014,REG,HOU,00-0031064,T.Savage,6,-6.0,0.0,-1.7084,2,-1.0
2014,REG,HOU,00-0031075,A.Blue,169,528.0,2.0,-0.14473,16,3.12426
2014,REG,IND,00-0007091,M.Hasselbeck,8,-11.0,0.0,-0.96962,3,-1.375
2014,REG,IND,00-0025637,A.Bradshaw,90,425.0,2.0,-0.16415,10,4.72222
2014,REG,IND,00-0029588,D.Herron,78,351.0,1.0,-0.08737,11,4.5
2014,REG,IND,00-0029608,T.Hilton,3,20.0,0.0,0.00968,3,6.66667
2014,REG,IND,00-0029668,A.Luck,64,273.0,3.0,-0.13729,15,4.26562
2014,REG,IND,00-0029675,T.Richardson,159,519.0,3.0,-0.16978,15,3.26415
2014,REG,IND,00-0030855,Z.Tipton,10,18.0,0.0,-0.66656,2,1.8
2014,REG,IND,00-0031339,D.Moncrief,4,17.0,0.0,0.33246,4,4.25
2014,REG,JAX,00-0026197,C.Henne,4,25.0,0.0,0.42399,2,6.25
2014,REG,JAX,00-0027888,T.Gerhart,101,326.0,2.0,-0.20595,14,3.22772
2014,REG,JAX,00-0028121,J.Todman,32,186.0,1.0,-0.00782,12,5.8125
2014,REG,JAX,00-0030547,D.Robinson,135,582.0,4.0,-0.14052,12,4.31111
2014,REG,JAX,00-0031243,S.Johnson,29,86.0,2.0,-0.19279,5,2.96552
2014,REG,JAX,00-0031407,B.Bortles,56,419.0,0.0,0.26597,14,7.48214
2014,REG,JAX,00-0031431,M.Lee,3,9.0,0.0,-0.10596,2,3.0
2014,REG,KC,00-0023436,A.Smith,49,254.0,1.0,0.2053,14,5.18367
2014,REG,KC,00-0026213,J.Charles,206,1033.0,9.0,0.03706,15,5.01456
2014,REG,KC,00-0026544,C.Daniel,4,15.0,0.0,0.36532,2,3.75
2014,REG,KC,00-0027712,J.McKnight,1,3.0,0.0,-0.43854,1,3.0
2014,REG,KC,00-0028074,A.Sherman,2,8.0,0.0,0.35861,2,4.0
2014,REG,KC,00-0029298,C.Gray,8,31.0,1.0,-0.10323,3,3.875
2014,REG,KC,00-0029654,A.Jenkins,2,-2.0,0.0,-1.48102,2,-1.0
2014,REG,KC,00-0030280,K.Davis,134,463.0,6.0,-0.21629,15,3.45522
2014,REG,KC,00-0031060,D.Thomas,14,113.0,1.0,0.44322,10,8.07143
2014,REG,LA,00-0020679,S.Hill,10,10.0,1.0,-0.73451,6,1.0
2014,REG,LA,00-0027006,K.Britt,2,14.0,0.0,0.27776,2,7.0
2014,REG,LA,00-0027061,J.Cook,1,0.0,0.0,-0.68223,1,0.0
2014,REG,LA,00-0028957,A.Davis,16,36.0,0.0,-0.44547,9,2.25
2014,REG,LA,00-0029614,C.Givens,1,4.0,0.0,1.12205,1,4.0
2014,REG,LA,00-0029795,B.Cunningham,66,246.0,3.0,-0.16486,16,3.72727
2014,REG,LA,00-0030525,T.Austin,36,224.0,2.0,0.24783,14,6.22222
2014,REG,LA,00-0030532,S.Bailey,1,13.0,0.0,0.79411,1,13.0
2014,REG,LA,00-0030536,Z.Stacy,76,293.0,1.0,-0.23901,9,3.85526
2014,REG,LA,00-0030985,T.Watts,7,30.0,0.0,-0.06864,2,4.28571
2014,REG,LA,00-0031391,T.Mason,179,765.0,4.0,-0.14362,12,4.27374
2014,REG,LAC,00-0022942,P.Rivers,37,102.0,0.0,-0.05806,14,2.75676
2014,REG,LAC,00-0023437,R.Brown,14,59.0,0.0,0.01301,6,4.21429
2014,REG,LAC,00-0026019,D.Woodhead,15,38.0,0.0,-0.31087,3,2.53333
2014,REG,LAC,00-0026182,E.Royal,3,14.0,0.0,-0.15856,2,4.66667
2014,REG,LAC,00-0027003,D.Brown,85,223.0,0.0,-0.23334,12,2.62353
2014,REG,LAC,00-0027864,R.Mathews,18,50.0,1.0,-0.05177,2,2.77778
2014,REG,LAC,00-0027864,Ry.Mathews,56,280.0,2.0,0.06866,5,5.0
2014,REG,LAC,00-0028202,S.Draughn,10,19.0,0.0,-0.45074,1,1.9
2014,REG,LAC,00-0031277,B.Oliver,160,582.0,3.0,-0.14538,14,3.6375
2014,REG,LV,00-0024275,M.Jones-Drew,43,96.0,0.0,-0.34423,11,2.23256
2014,REG,LV,00-0026144,D.McFadden,155,534.0,2.0,-0.20367,16,3.44516
2014,REG,LV,00-0026393,M.Reece,21,85.0,0.0,-0.35307,10,4.04762
2014,REG,LV,00-0028086,D.Moore,1,1.0,0.0,-0.82983,1,1.0
2014,REG,LV,00-0029492,J.Olawale,2,0.0,0.0,-1.78676,2,0.0
2014,REG,LV,00-0030000,K.Thompkins,2,5.0,0.0,-0.21012,2,2.5
2014,REG,LV,00-0030419,M.McGloin,2,3.0,0.0,-4.88194,1,1.5
2014,REG,LV,00-0030513,L.Murray,82,424.0,2.0,0.00234,9,5.17073
2014,REG,LV,00-0031280,D.Carr,29,92.0,0.0,-0.38592,14,3.17241
2014,REG,MIA,00-0025708,M.Moore,2,-2.0,0.0,-1.89395,1,-1.0
2014,REG,MIA,00-0026901,M.Wallace,4,16.0,0.0,-0.07104,4,4.0
2014,REG,MIA,00-0026988,K.Moreno,31,148.0,1.0,0.00244,3,4.77419
2014,REG,MIA,00-0028000,Da.Thomas,5,24.0,1.0,0.73949,2,4.8
2014,REG,MIA,00-0028000,DanielThomas,7,50.0,0.0,0.11931,2,7.14286
2014,REG,MIA,00-0028000,Dn. Thomas,3,6.0,1.0,0.02452,2,2.0
2014,REG,MIA,00-0028000,Dn.Thomas,30,88.0,0.0,-0.36085,5,2.93333
2014,REG,MIA,00-0029260,L.James,3,9.0,0.0,-0.21204,2,3.0
2014,REG,MIA,00-0029580,R.Matthews,1,3.0,0.0,-0.20202,1,3.0
2014,REG,MIA,00-0029615,L.Miller,216,1099.0,8.0,0.00239,16,5.08796
2014,REG,MIA,00-0029701,R.Tannehill,56,311.0,1.0,-0.07425,15,5.55357
2014,REG,MIA,00-0030860,O.Darkwa,4,2.0,0.0,-1.52422,1,0.5
2014,REG,MIA,00-0030874,D.Williams,36,122.0,0.0,-0.20397,8,3.38889
2014,REG,MIA,00-0031382,J.Landry,2,-4.0,0.0,-0.96633,2,-2.0
2014,REG,MIN,00-0023662,M.Cassel,9,18.0,0.0,-0.54874,3,2.0
2014,REG,MIN,00-0025394,A.Peterson,21,75.0,0.0,-0.2124,1,3.57143
2014,REG,MIN,00-0026286,J.Felton,4,27.0,0.0,0.19384,3,6.75
2014,REG,MIN,00-0027890,B.Tate,13,38.0,0.0,-0.33073,3,2.92308
2014,REG,MIN,00-0027914,A.Sendejo,1,48.0,0.0,5.99786,1,48.0
2014,REG,MIN,00-0027950,C.Ponder,4,16.0,1.0,0.55078,2,4.0
2014,REG,MIN,00-0028198,M.Asiata,166,570.0,9.0,-0.07278,15,3.43373
2014,REG,MIN,00-0029048,J.Banyard,21,88.0,0.0,0.01094,6,4.19048
2014,REG,MIN,00-0029572,J.Wright,5,71.0,0.0,0.63944,5,14.2
2014,REG,MIN,00-0030113,Ch.Johnson,1,-11.0,0.0,-2.32401,1,-11.0
2014,REG,MIN,00-0030578,C.Patterson,10,117.0,1.0,0.46835,8,11.7
2014,REG,MIN,00-0031237,T.Bridgewater,47,209.0,1.0,0.26782,13,4.44681
2014,REG,MIN,00-0031376,J.McKinnon,113,538.0,0.0,-0.04223,11,4.76106
2014,REG,NE,00-0019596,T.Brady,36,57.0,0.0,-0.12133,13,1.58333
2014,REG,NE,00-0027150,J.Edelman,10,94.0,0.0,0.71008,8,9.4
2014,REG,NE,00-0027325,L.Blount,60,281.0,3.0,-0.04301,5,4.68333
2014,REG,NE,00-0027681,B.LaFell,2,13.0,0.0,0.30339,1,6.5
2014,REG,NE,00-0027925,J.Develin,3,5.0,0.0,-0.78138,2,1.66667
2014,REG,NE,00-0027994,S.Vereen,96,391.0,2.0,-0.06593,16,4.07292
2014,REG,NE,00-0028011,S.Ridley,94,340.0,2.0,-0.07182,6,3.61702
2014,REG,NE,00-0029104,J.Gray,89,412.0,5.0,0.08256,8,4.62921
2014,REG,NE,00-0029239,B.Bolden,28,89.0,1.0,-0.09163,8,3.17857
2014,REG,NE,00-0029910,T.Wright,1,-2.0,0.0,-2.14175,1,-2.0
2014,REG,NE,00-0031062,J.White,9,38.0,0.0,-0.17815,2,4.22222
2014,REG,NE,00-0031345,J.Garoppolo,10,9.0,0.0,-0.48495,4,0.9
2014,REG,NO,00-0020531,D.Brees,27,68.0,1.0,-0.11188,15,2.51852
2014,REG,NO,00-0024813,P.Thomas,45,222.0,2.0,-0.01655,10,4.93333
2014,REG,NO,00-0027844,E.Lorig,3,4.0,0.0,-1.52808,2,1.33333
2014,REG,NO,00-0027966,M.Ingram,226,964.0,9.0,-0.01024,13,4.26549
2014,REG,NO,00-0028532,J.Morgan,1,67.0,0.0,4.10799,1,67.0
2014,REG,NO,00-0029205,T.Cadet,10,32.0,0.0,-0.54039,7,3.2
2014,REG,NO,00-0029317,E.Baker,1,2.0,0.0,-1.73424,1,2.0
2014,REG,NO,00-0029667,N.Toon,1,4.0,0.0,-0.23898,1,4.0
2014,REG,NO,00-0029729,A.Johnson,8,22.0,0.0,0.00499,6,2.75
2014,REG,NO,00-0030085,K.Stills,1,-2.0,0.0,-0.89126,1,-2.0
2014,REG,NO,00-0030348,K.Robinson,76,362.0,3.0,-0.04755,9,4.76316
2014,REG,NO,00-0031236,B.Cooks,7,73.0,1.0,0.58751,5,10.42857
2014,REG,NYG,00-0022803,E.Manning,12,31.0,1.0,0.15521,8,2.58333
2014,REG,NYG,00-0024110,S.Weatherford,1,0.0,0.0,-4.57305,1,0.0
2014,REG,NYG,00-0026367,P.Hillis,26,115.0,0.0,-0.21171,6,4.42308
2014,REG,NYG,00-0027155,R.Jennings,167,639.0,4.0,-0.07406,11,3.82635
2014,REG,NYG,00-0028021,J.Jernigan,1,-2.0,0.0,-1.07648,1,-2.0
2014,REG,NYG,00-0028492,H.Hynoski,7,13.0,0.0,0.15876,5,1.85714
2014,REG,NYG,00-0030128,M.Cox,4,33.0,0.0,0.00137,2,8.25
2014,REG,NYG,00-0030586,R.Nassib,2,-3.0,0.0,0.0,1,-1.5
2014,REG,NYG,00-0030860,O.Darkwa,5,21.0,1.0,0.14532,2,4.2
2014,REG,NYG,00-0031055,A.Williams,217,721.0,7.0,-0.16046,16,3.32258
2014,REG,NYG,00-0031235,O.Beckham,7,35.0,0.0,-0.3495,7,5.0
2014,REG,NYJ,00-0020245,M.Vick,26,153.0,0.0,-0.10717,7,5.88462
2014,REG,NYJ,00-0026164,C.Johnson,155,663.0,1.0,-0.08892,16,4.27742
2014,REG,NYJ,00-0026998,P.Harvin,22,110.0,0.0,0.16543,7,5.0
2014,REG,NYJ,00-0027531,C.Ivory,198,821.0,6.0,-0.08426,16,4.14646
2014,REG,NYJ,00-0027739,J.Conner,6,20.0,0.0,-0.29243,5,3.33333
2014,REG,NYJ,00-0028050,G.Salas,1,20.0,1.0,2.34693,1,20.0
2014,REG,NYJ,00-0028064,B.Powell,33,141.0,1.0,-0.06989,14,4.27273
2014,REG,NYJ,00-0028091,J.Kerley,4,49.0,0.0,0.99142,2,12.25
2014,REG,NYJ,00-0028905,C.Owusu,1,23.0,1.0,2.81293,1,23.0
2014,REG,NYJ,00-0029151,M.Simms,1,2.0,0.0,2.15738,1,2.0
2014,REG,NYJ,00-0030112,T.Bohanon,1,3.0,0.0,0.5999,1,3.0
2014,REG,NYJ,00-0030565,G.Smith,59,238.0,1.0,-0.15491,14,4.0339
2014,REG,PHI,00-0023564,D.Sproles,57,329.0,6.0,0.08057,15,5.77193
2014,REG,PHI,00-0026898,M.Sanchez,34,87.0,1.0,-0.67865,8,2.55882
2014,REG,PHI,00-0027029,L.McCoy,312,1319.0,5.0,-0.08838,16,4.22756
2014,REG,PHI,00-0029438,C.Polk,46,172.0,4.0,-0.09606,8,3.73913
2014,REG,PHI,00-0029567,N.Foles,16,68.0,0.0,-0.30753,7,4.25
2014,REG,PHI,00-0030533,M.Barkley,3,0.0,0.0,0.0,1,0.0
2014,REG,PHI,00-0030710,T.Burton,5,10.0,0.0,-0.53808,1,2.0
2014,REG,PHI,00-0030990,J.Huff,1,7.0,0.0,-0.15521,1,7.0
2014,REG,PIT,00-0022924,B.Roethlisberger,33,27.0,0.0,-0.77879,15,0.81818
2014,REG,PIT,00-0024408,B.Gradkowski,2,-2.0,0.0,-1.65801,1,-1.0
2014,REG,PIT,00-0027325,L.Blount,65,266.0,2.0,-0.11421,10,4.09231
2014,REG,PIT,00-0027793,A.Brown,4,13.0,0.0,-0.39661,3,3.25
2014,REG,PIT,00-0028841,Wi.Johnson,2,0.0,0.0,-1.07787,2,0.0
2014,REG,PIT,00-0030142,B.Wing,1,0.0,0.0,-4.44942,1,0.0
2014,REG,PIT,00-0030460,M.Wheaton,4,19.0,0.0,-0.21101,3,4.75
2014,REG,PIT,00-0030496,L.Bell,290,1361.0,8.0,0.01705,16,4.6931
2014,REG,PIT,00-0031373,M.Bryant,3,12.0,0.0,-0.01429,2,4.0
2014,REG,PIT,00-0031392,D.Archer,10,40.0,0.0,-0.13372,7,4.0
2014,REG,PIT,00-0031450,J.Harris,9,16.0,0.0,-0.46137,2,1.77778
2014,REG,SEA,00-0023742,J.Ryan,2,5.0,0.0,-1.34667,2,2.5
2014,REG,SEA,00-0025399,M.Lynch,280,1306.0,13.0,0.03984,16,4.66429
2014,REG,SEA,00-0026998,P.Harvin,11,92.0,1.0,0.34116,4,8.36364
2014,REG,SEA,00-0027595,B.Walters,1,-2.0,0.0,-0.88377,1,-2.0
2014,REG,SEA,00-0027905,W.Tukuafu,1,2.0,0.0,0.5553,1,2.0
2014,REG,SEA,00-0028434,D.Baldwin,1,8.0,0.0,0.61134,1,8.0
2014,REG,SEA,00-0028442,R.Lockette,1,2.0,0.0,-0.34857,1,2.0
2014,REG,SEA,00-0029159,J.Kearse,2,15.0,0.0,-0.12062,1,7.5
2014,REG,SEA,00-0029263,R.Wilson,118,849.0,6.0,0.2388,16,7.19492
2014,REG,SEA,00-0029273,R.Turbin,74,310.0,0.0,-0.10572,16,4.18919
2014,REG,SEA,00-0030432,C.Michael,34,175.0,0.0,0.06367,10,5.14706
2014,REG,SF,00-0022084,A.Boldin,1,4.0,0.0,-0.02853,1,4.0
2014,REG,SF,00-0023500,F.Gore,255,1106.0,4.0,-0.09772,16,4.33725
2014,REG,SF,00-0024221,V.Davis,1,4.0,0.0,-0.9368,1,4.0
2014,REG,SF,00-0024796,C.Dahl,1,3.0,0.0,2.1912,1,3.0
2014,REG,SF,00-0026986,M.Crabtree,1,4.0,0.0,-0.01248,1,4.0
2014,REG,SF,00-0027346,Alf.Smith,7,19.0,0.0,-0.41713,3,2.71429
2014,REG,SF,00-0027948,B.Gabbert,1,5.0,0.0,0.05528,1,5.0
2014,REG,SF,00-0027974,C.Kaepernick,104,639.0,1.0,-0.08607,16,6.14423
2014,REG,SF,00-0028149,B.Miller,6,9.0,0.0,-1.28781,5,1.5
2014,REG,SF,00-0029119,D.Carrier,1,2.0,0.0,0.51736,1,2.0
2014,REG,SF,00-0029260,L.James,2,0.0,0.0,-0.52645,1,0.0
2014,REG,SF,00-0030450,Q.Patton,1,20.0,0.0,-2.90424,1,20.0
2014,REG,SF,00-0031045,C.Hyde,83,333.0,4.0,-0.13547,14,4.01205
2014,REG,SF,00-0031326,B.Ellington,6,28.0,1.0,0.45601,4,4.66667
2014,REG,TB,00-0021206,J.McCown,25,127.0,3.0,0.05276,9,5.08
2014,REG,TB,00-0029384,B.Rainey,94,406.0,1.0,-0.09723,12,4.31915
2014,REG,TB,00-0029613,D.Martin,134,494.0,2.0,-0.12065,11,3.68657
2014,REG,TB,00-0029619,J.Lane,3,58.0,0.0,1.06013,3,19.33333
2014,REG,TB,00-0030391,M.James,19,37.0,0.0,-0.17979,5,1.94737
2014,REG,TB,00-0030520,M.Glennon,10,49.0,0.0,-0.57042,4,4.9
2014,REG,TB,00-0030839,S.Patton,1,19.0,0.0,1.15462,1,19.0
2014,REG,TB,00-0031187,R.Herron,1,0.0,0.0,-0.4296,1,0.0
2014,REG,TB,00-0031390,C.Sims,66,185.0,1.0,-0.23701,8,2.80303
2014,REG,TEN,00-0024296,C.Whitehurst,20,90.0,0.0,-0.01273,7,4.5
2014,REG,TEN,00-0024332,L.Washington,14,57.0,0.0,-0.57448,8,4.07143
2014,REG,TEN,00-0025592,J.Palmer,1,-1.0,0.0,0.0,1,-1.0
2014,REG,TEN,00-0025701,J.Battle,5,9.0,1.0,0.70561,4,1.8
2014,REG,TEN,00-0026899,S.Greene,94,392.0,2.0,-0.05626,13,4.17021
2014,REG,TEN,00-0027651,D.McCluster,40,131.0,0.0,-0.21451,12,3.275
2014,REG,TEN,00-0027946,J.Locker,22,142.0,1.0,0.45514,6,6.45455
2014,REG,TEN,00-0029708,K.Wright,4,54.0,0.0,0.60077,3,13.5
2014,REG,TEN,00-0031266,Z.Mettenberger,5,4.0,0.0,0.29696,4,0.8
2014,REG,TEN,00-0031413,B.Sankey,152,569.0,2.0,-0.17215,16,3.74342
2014,REG,WAS,00-0026189,D.Jackson,4,7.0,0.0,-0.07604,4,1.75
2014,REG,WAS,00-0026852,D.Young,9,22.0,3.0,0.30916,7,2.44444
2014,REG,WAS,00-0027688,C.McCoy,16,66.0,1.0,-0.08809,5,4.125
2014,REG,WAS,00-0027691,A.Roberts,2,21.0,0.0,0.30489,2,10.5
2014,REG,WAS,00-0028043,R.Helu,40,216.0,1.0,-0.07276,11,5.4
2014,REG,WAS,00-0029141,A.Morris,265,1074.0,8.0,-0.08994,16,4.05283
2014,REG,WAS,00-0029604,K.Cousins,7,20.0,0.0,-0.40113,4,2.85714
2014,REG,WAS,00-0029665,R.Griffin,39,176.0,1.0,-0.20808,8,4.51282
2014,REG,WAS,00-0030140,T.Way,1,2.0,0.0,-2.84775,1,2.0
2014,REG,WAS,00-0030404,C.Thompson,3,12.0,0.0,0.0107,1,4.0
2014,REG,WAS,00-0031008,S.Redd,16,75.0,1.0,0.14826,6,4.6875
2015,POST,ARI,00-0030287,A.Ellington,4,3.0,0.0,-0.50351,2,0.75
2015,POST,ARI,00-0031051,Jo.Brown,1,2.0,0.0,-1.51991,1,2.0
2015,POST,ARI,00-0032112,J.Nelson,1,0.0,0.0,1.053,1,0.0
2015,POST,ARI,00-0032187,D.Johnson,30,95.0,1.0,-0.00736,2,3.16667
2015,POST,CAR,00-0023645,D.Anderson,2,-2.0,0.0,-1.90461,1,-1.0
2015,POST,CAR,00-0025396,T.Ginn,2,33.0,1.0,1.63313,2,16.5
2015,POST,CAR,00-0026069,M.Tolbert,15,39.0,0.0,-0.625,3,2.6
2015,POST,CAR,00-0026153,J.Stewart,50,218.0,3.0,-0.02883,3,4.36
2015,POST,CAR,00-0027939,C.Newton,27,95.0,2.0,0.14542,3,3.51852
2015,POST,CAR,00-0029731,F.Whittaker,6,24.0,0.0,-0.16044,2,4.0
2015,POST,CAR,00-0031599,C.Artis-Payne,3,7.0,0.0,-0.11453,1,2.33333
2015,POST,CIN,00-0030288,R.Burkhead,1,4.0,0.0,-0.15115,1,4.0
2015,POST,CIN,00-0030456,G.Bernard,6,28.0,0.0,0.03589,1,4.66667
2015,POST,CIN,00-0031288,A.McCarron,5,9.0,0.0,-0.20579,1,1.8
2015,POST,CIN,00-0031301,J.Hill,13,50.0,1.0,-0.43365,1,3.84615
2015,POST,DEN,00-0010346,P.Manning,5,10.0,0.0,-0.91967,2,2.0
2015,POST,DEN,00-0029683,R.Hillman,32,54.0,0.0,-0.43345,3,1.6875
2015,POST,DEN,00-0029854,C.Anderson,54,234.0,2.0,-0.15983,3,4.33333
2015,POST,GB,00-0022999,J.Kuhn,3,4.0,0.0,-0.6802,2,1.33333
2015,POST,GB,00-0023459,A.Rodgers,3,20.0,0.0,0.45899,2,6.66667
2015,POST,GB,00-0027791,J.Starks,19,76.0,1.0,0.0117,2,4.0
2015,POST,GB,00-0028002,R.Cobb,5,24.0,0.0,0.11544,1,4.8
2015,POST,GB,00-0030485,E.Lacy,24,152.0,1.0,0.0661,2,6.33333
2015,POST,HOU,00-0026625,B.Hoyer,1,-1.0,0.0,0.0,1,-1.0
2015,POST,HOU,00-0027949,J.Watt,1,-1.0,0.0,-0.63293,1,-1.0
2015,POST,HOU,00-0029510,J.Grimes,4,15.0,0.0,-0.05913,1,3.75
2015,POST,HOU,00-0031075,A.Blue,17,99.0,0.0,0.07061,1,5.82353
2015,POST,HOU,00-0031085,J.Prosch,1,2.0,0.0,-0.45997,1,2.0
2015,POST,HOU,00-0031743,A.Hunt,1,0.0,0.0,-0.52582,1,0.0
2015,POST,KC,00-0023436,A.Smith,14,71.0,0.0,0.34247,2,5.07143
2015,POST,KC,00-0026544,C.Daniel,2,-2.0,0.0,-1.41681,1,-1.0
2015,POST,KC,00-0030280,K.Davis,10,42.0,0.0,0.07904,2,4.2
2015,POST,KC,00-0030414,S.Ware,16,67.0,1.0,0.06064,1,4.1875
2015,POST,KC,00-0030668,C.West,25,87.0,1.0,-0.02442,2,3.48
2015,POST,KC,00-0030669,A.Wilson,2,11.0,0.0,-0.2599,1,5.5
2015,POST,MIN,00-0025394,A.Peterson,23,45.0,0.0,-0.46194,1,1.95652
2015,POST,MIN,00-0031237,T.Bridgewater,3,0.0,0.0,0.7273,1,0.0
2015,POST,MIN,00-0031376,J.McKinnon,2,7.0,0.0,0.05604,1,3.5
2015,POST,MIN,00-0031588,S.Diggs,1,6.0,0.0,0.20001,1,6.0
2015,POST,NE,00-0019596,T.Brady,9,19.0,1.0,0.24195,2,2.11111
2015,POST,NE,00-0022736,S.Jackson,10,24.0,1.0,-0.26272,2,2.4
2015,POST,NE,00-0027150,J.Edelman,1,11.0,0.0,0.65323,1,11.0
2015,POST,NE,00-0029239,B.Bolden,5,12.0,0.0,-0.29647,1,2.4
2015,POST,NE,00-0031062,J.White,6,16.0,0.0,-0.37906,2,2.66667
2015,POST,PIT,00-0028121,J.Todman,16,71.0,0.0,-0.23652,2,4.4375
2015,POST,PIT,00-0031332,F.Toussaint,29,97.0,1.0,-0.23909,2,3.34483
2015,POST,PIT,00-0031373,M.Bryant,3,84.0,0.0,1.41959,2,28.0
2015,POST,SEA,00-0023742,J.Ryan,1,0.0,0.0,-2.17613,1,0.0
2015,POST,SEA,00-0024204,F.Jackson,3,11.0,0.0,0.09962,2,3.66667
2015,POST,SEA,00-0025399,M.Lynch,6,20.0,0.0,-0.21866,1,3.33333
2015,POST,SEA,00-0029191,D.Shead,1,17.0,0.0,3.44296,1,17.0
2015,POST,SEA,00-0029263,R.Wilson,8,53.0,0.0,0.41609,2,6.625
2015,POST,SEA,00-0030432,C.Michael,21,70.0,0.0,-0.27013,1,3.33333
2015,POST,WAS,00-0024813,P.Thomas,4,7.0,0.0,-0.52767,1,1.75
2015,POST,WAS,00-0029141,A.Morris,11,50.0,0.0,-0.11409,1,4.54545
2015,POST,WAS,00-0029604,K.Cousins,2,2.0,1.0,1.11173,1,1.0
2015,POST,WAS,00-0030404,C.Thompson,1,25.0,0.0,1.9385,1,25.0
2015,REG,ARI,00-0021429,C.Palmer,25,24.0,1.0,-0.10193,12,0.96
2015,REG,ARI,00-0025430,D.Stanton,13,-13.0,0.0,-0.52272,5,-1.0
2015,REG,ARI,00-0026164,C.Johnson,196,814.0,3.0,-0.11367,11,4.15306
2015,REG,ARI,00-0030117,K.Williams,27,142.0,1.0,-0.29344,5,5.25926
2015,REG,ARI,00-0030282,S.Taylor,17,58.0,0.0,-0.07672,6,3.41176
2015,REG,ARI,00-0030287,A.Ellington,45,289.0,3.0,0.04853,10,6.42222
2015,REG,ARI,00-0031051,JO.Brown,1,13.0,0.0,0.83522,1,13.0
2015,REG,ARI,00-0031051,Jo.Brown,2,9.0,0.0,-0.10892,1,4.5
2015,REG,ARI,00-0032112,J.Nelson,1,0.0,0.0,-0.55464,1,0.0
2015,REG,ARI,00-0032187,D.Johnson,125,581.0,8.0,0.08686,14,4.648
2015,REG,ATL,00-0024535,E.Weems,1,4.0,0.0,-0.47813,1,4.0
2015,REG,ATL,00-0026143,M.Ryan,36,63.0,0.0,-0.89222,15,1.75
2015,REG,ATL,00-0028581,P.DiMarco,1,0.0,0.0,-1.42634,1,0.0
2015,REG,ATL,00-0030569,S.Renfree,2,-4.0,0.0,-0.96783,1,-2.0
2015,REG,ATL,00-0031285,D.Freeman,265,1056.0,11.0,-0.04359,15,3.98491
2015,REG,ATL,00-0031682,T.Ward,29,95.0,1.0,-0.27497,5,3.27586
2015,REG,ATL,00-0032058,T.Coleman,87,392.0,1.0,-0.20184,12,4.50575
2015,REG,BAL,00-0022787,M.Schaub,5,10.0,0.0,-0.76158,2,2.0
2015,REG,BAL,00-0024417,S.Koch,1,7.0,0.0,-2.30186,1,7.0
2015,REG,BAL,00-0026158,J.Flacco,13,23.0,3.0,-0.20462,5,1.76923
2015,REG,BAL,00-0026373,J.Forsett,151,641.0,2.0,-0.08189,10,4.24503
2015,REG,BAL,00-0027539,A.Levine,1,3.0,0.0,2.62179,1,3.0
2015,REG,BAL,00-0027659,J.Clausen,6,28.0,0.0,0.01973,2,4.66667
2015,REG,BAL,00-0028012,R.Mallett,1,4.0,0.0,-0.0577,1,4.0
2015,REG,BAL,00-0028249,J.Ross,1,2.0,0.0,0.23504,1,2.0
2015,REG,BAL,00-0029614,C.Givens,3,-6.0,0.0,-1.17329,3,-2.0
2015,REG,BAL,00-0029892,K.Juszczyk,2,3.0,0.0,-0.40854,1,1.5
2015,REG,BAL,00-0031025,M.Campanaro,2,17.0,1.0,1.47089,2,8.5
2015,REG,BAL,00-0031066,L.Taliaferro,13,47.0,1.0,-0.01892,3,3.61538
2015,REG,BAL,00-0031375,T.West,46,180.0,0.0,-0.13713,6,3.91304
2015,REG,BAL,00-0031577,J.Allen,137,514.0,1.0,-0.2064,16,3.75182
2015,REG,BAL,00-0031768,T.Magee,2,5.0,0.0,-0.20995,1,2.5
2015,REG,BUF,00-0026286,J.Felton,1,2.0,0.0,-0.14663,1,2.0
2015,REG,BUF,00-0026577,M.Thigpen,1,-1.0,0.0,-0.93173,1,-1.0
2015,REG,BUF,00-0026998,P.Harvin,6,31.0,0.0,-0.1654,4,5.16667
2015,REG,BUF,00-0027029,L.McCoy,204,895.0,3.0,-0.05412,12,4.38725
2015,REG,BUF,00-0027772,A.Dixon,21,44.0,1.0,-0.32344,7,2.09524
2015,REG,BUF,00-0028118,T.Taylor,105,568.0,4.0,0.12743,14,5.40952
2015,REG,BUF,00-0028237,C.Hogan,1,4.0,0.0,-0.1039,1,4.0
2015,REG,BUF,00-0029588,D.Herron,11,37.0,0.0,-0.15019,2,3.36364
2015,REG,BUF,00-0030248,C.Wood,2,3.0,0.0,-0.4051,1,1.5
2015,REG,BUF,00-0030431,R.Woods,1,0.0,0.0,-0.55049,1,0.0
2015,REG,BUF,00-0030433,M.Gillislee,47,267.0,3.0,0.00178,5,5.68085
2015,REG,BUF,00-0030526,E.Manuel,17,64.0,1.0,0.30767,4,3.76471
2015,REG,BUF,00-0030551,C.Schmidt,1,0.0,0.0,-4.26798,1,0.0
2015,REG,BUF,00-0031325,S.Watkins,1,1.0,0.0,-0.32917,1,1.0
2015,REG,BUF,00-0032152,K.Williams,27,141.0,2.0,0.26608,3,5.22222
2015,REG,BUF,00-0032152,Ka.Williams,66,376.0,5.0,0.14917,8,5.69697
2015,REG,CAR,00-0022811,J.Cotchery,1,16.0,0.0,1.07269,1,16.0
2015,REG,CAR,00-0023645,D.Anderson,7,-2.0,0.0,-0.53599,3,-0.28571
2015,REG,CAR,00-0025396,T.Ginn,4,60.0,0.0,0.78936,3,15.0
2015,REG,CAR,00-0026069,M.Tolbert,62,256.0,1.0,0.00083,15,4.12903
2015,REG,CAR,00-0026153,J.Stewart,242,989.0,6.0,-0.06088,13,4.08678
2015,REG,CAR,00-0027796,J.Webb,1,-1.0,0.0,-0.79429,1,-1.0
2015,REG,CAR,00-0027939,C.Newton,132,636.0,10.0,0.19442,16,4.81818
2015,REG,CAR,00-0029304,B.Nortman,1,-1.0,0.0,-1.11392,1,-1.0
2015,REG,CAR,00-0029731,F.Whittaker,25,108.0,1.0,0.01469,10,4.32
2015,REG,CAR,00-0031118,C.Brown,6,38.0,0.0,0.34471,5,6.33333
2015,REG,CAR,00-0031599,C.Artis-Payne,45,183.0,1.0,-0.11263,6,4.06667
2015,REG,CHI,00-0024226,J.Cutler,38,201.0,1.0,0.14411,15,5.28947
2015,REG,CHI,00-0026182,E.Royal,1,-1.0,0.0,-0.70107,1,-1.0
2015,REG,CHI,00-0026184,M.Forte,218,898.0,4.0,-0.07215,13,4.11927
2015,REG,CHI,00-0026855,A.Smith,1,11.0,0.0,0.68235,1,11.0
2015,REG,CHI,00-0027659,J.Clausen,5,8.0,0.0,-0.58686,2,1.6
2015,REG,CHI,00-0028083,J.Rodgers,14,41.0,0.0,-0.19717,5,2.92857
2015,REG,CHI,00-0031057,K.Carey,43,159.0,2.0,-0.11602,6,3.69767
2015,REG,CHI,00-0031569,J.Langford,150,537.0,6.0,-0.04329,15,3.58
2015,REG,CIN,00-0027973,A.Dalton,57,142.0,3.0,-0.12303,12,2.49123
2015,REG,CIN,00-0029293,M.Jones,5,33.0,0.0,-0.20259,5,6.6
2015,REG,CIN,00-0029632,M.Sanu,10,71.0,2.0,0.52931,8,7.1
2015,REG,CIN,00-0030288,R.Burkhead,4,4.0,0.0,-2.22978,3,1.0
2015,REG,CIN,00-0030456,G.Bernard,154,730.0,2.0,-0.08318,16,4.74026
2015,REG,CIN,00-0031288,A.McCarron,14,31.0,0.0,-0.32289,5,2.21429
2015,REG,CIN,00-0031301,J.Hill,224,794.0,11.0,-0.1146,16,3.54464
2015,REG,CLE,00-0021206,J.McCown,20,98.0,1.0,-0.02553,6,4.9
2015,REG,CLE,00-0028202,S.Draughn,2,10.0,0.0,0.06285,2,5.0
2015,REG,CLE,00-0028825,T.Pryor,1,-1.0,0.0,-0.79278,1,-1.0
2015,REG,CLE,00-0028957,A.Davis,7,33.0,0.0,-0.27761,3,4.71429
2015,REG,CLE,00-0029269,T.Benjamin,4,12.0,0.0,0.03023,4,3.0
2015,REG,CLE,00-0029273,R.Turbin,18,60.0,0.0,-0.11562,3,3.33333
2015,REG,CLE,00-0030114,J.Poyer,1,10.0,0.0,3.02083,1,10.0
2015,REG,CLE,00-0030656,I.Crowell,185,706.0,4.0,-0.11337,16,3.81622
2015,REG,CLE,00-0031409,J.Manziel,37,230.0,0.0,0.15374,9,6.21622
2015,REG,CLE,00-0031459,G.Winston,1,-8.0,0.0,-5.95611,1,-8.0
2015,REG,CLE,00-0032257,D.Johnson,56,179.0,0.0,-0.18975,8,3.19643
2015,REG,CLE,00-0032257,D.Johnson Jr,48,200.0,0.0,-0.10975,8,4.16667
2015,REG,DAL,00-0021678,T.Romo,4,13.0,0.0,0.19983,3,3.25
2015,REG,DAL,00-0023662,M.Cassel,15,78.0,0.0,0.22583,7,5.2
2015,REG,DAL,00-0026144,D.McFadden,239,1089.0,3.0,-0.05513,16,4.55649
2015,REG,DAL,00-0029004,L.Dunbar,5,67.0,0.0,0.44985,3,13.4
2015,REG,DAL,00-0029234,K.Moore,2,-1.0,0.0,-2.48519,2,-0.5
2015,REG,DAL,00-0029273,R.Turbin,32,139.0,1.0,-0.09709,7,4.34375
2015,REG,DAL,00-0029677,B.Weeden,9,30.0,0.0,0.44735,3,3.33333
2015,REG,DAL,00-0030196,J.Heath,1,2.0,0.0,1.98689,1,2.0
2015,REG,DAL,00-0030388,J.Randle,76,315.0,4.0,-0.08599,6,4.14474
2015,REG,DAL,00-0030432,C.Michael,15,51.0,0.0,-0.15218,5,3.4
2015,REG,DAL,00-0031757,L.Whitehead,10,107.0,0.0,0.76141,5,10.7
2015,REG,DEN,00-0010346,P.Manning,6,-6.0,0.0,-0.60277,4,-1.0
2015,REG,DEN,00-0026237,A.Caldwell,1,3.0,0.0,0.57209,1,3.0
2015,REG,DEN,00-0027685,E.Sanders,3,29.0,0.0,-0.65075,3,9.66667
2015,REG,DEN,00-0029682,B.Osweiler,22,61.0,1.0,-0.07229,7,2.77273
2015,REG,DEN,00-0029683,R.Hillman,207,863.0,7.0,-0.08191,16,4.16908
2015,REG,DEN,00-0029854,C.Anderson,152,720.0,5.0,-0.10865,15,4.73684
2015,REG,DEN,00-0030705,J.Thompson,18,48.0,0.0,-0.22362,5,2.66667
2015,REG,DEN,00-0031344,C.Latimer,2,1.0,0.0,-0.44816,2,0.5
2015,REG,DEN,00-0032156,T.Siemian,1,-1.0,0.0,0.0,1,-1.0
2015,REG,DET,00-0026498,M.Stafford,44,159.0,1.0,0.00113,15,3.61364
2015,REG,DET,00-0027218,J.Bell,92,311.0,4.0,-0.05463,13,3.38043
2015,REG,DET,00-0027891,G.Tate,6,41.0,0.0,0.05482,6,6.83333
2015,REG,DET,00-0028564,I.Abdul-Quddus,2,34.0,0.0,3.16715,2,17.0
2015,REG,DET,00-0030107,T.Riddick,43,133.0,0.0,-0.34343,13,3.09302
2015,REG,DET,00-0030247,G.Winn,4,1.0,0.0,-0.50758,2,0.25
2015,REG,DET,00-0031189,T.Jones,1,-3.0,0.0,-1.38734,1,-3.0
2015,REG,DET,00-0031595,M.Burton,4,2.0,0.0,-0.99147,4,0.5
2015,REG,DET,00-0031665,Z.Zenner,17,60.0,0.0,-0.15211,4,3.52941
2015,REG,DET,00-0032104,A.Abdullah,143,597.0,2.0,-0.10579,16,4.17483
2015,REG,GB,00-0022999,J.Kuhn,9,28.0,2.0,0.16119,7,3.11111
2015,REG,GB,00-0023459,A.Rodgers,59,344.0,1.0,0.25024,16,5.83051
2015,REG,GB,00-0026664,T.Masthay,1,7.0,0.0,2.55188,1,7.0
2015,REG,GB,00-0027791,J.Starks,148,601.0,2.0,-0.11433,16,4.06081
2015,REG,GB,00-0028002,R.Cobb,13,50.0,0.0,-0.12596,8,3.84615
2015,REG,GB,00-0028595,S.Tolzien,3,-3.0,0.0,-1.25394,2,-1.0
2015,REG,GB,00-0030485,E.Lacy,187,758.0,3.0,-0.10995,15,4.05348
2015,REG,GB,00-0031384,R.Rodgers,1,11.0,0.0,0.8414,1,11.0
2015,REG,GB,00-0031826,J.Crockett,9,21.0,0.0,-0.22251,2,2.33333
2015,REG,GB,00-0031830,A.Harris,4,19.0,0.0,0.09097,2,4.75
2015,REG,GB,00-0032200,T.Montgomery,3,14.0,0.0,0.0249,2,4.66667
2015,REG,HOU,00-0026625,B.Hoyer,15,44.0,0.0,0.32875,7,2.93333
2015,REG,HOU,00-0026796,A.Foster,63,163.0,1.0,-0.31629,4,2.5873
2015,REG,HOU,00-0028012,R.Mallett,4,11.0,1.0,0.73136,4,2.75
2015,REG,HOU,00-0028052,C.Shorts III,10,47.0,0.0,0.04106,4,4.7
2015,REG,HOU,00-0028090,T.Yates,6,0.0,0.0,-0.53912,3,0.0
2015,REG,HOU,00-0029438,C.Polk,99,334.0,1.0,-0.19024,15,3.37374
2015,REG,HOU,00-0029510,J.Grimes,57,282.0,1.0,-0.03449,11,4.94737
2015,REG,HOU,00-0029677,B.Weeden,7,17.0,1.0,0.44162,2,2.42857
2015,REG,HOU,00-0030120,B.Daniels,6,6.0,0.0,-0.21585,1,1.0
2015,REG,HOU,00-0031075,A.Blue,183,698.0,2.0,-0.16158,14,3.81421
2015,REG,HOU,00-0031085,J.Prosch,6,33.0,0.0,0.06577,4,5.5
2015,REG,HOU,00-0031743,A.Hunt,17,96.0,0.0,0.28305,7,5.64706
2015,REG,IND,00-0007091,M.Hasselbeck,16,15.0,0.0,-0.36692,7,0.9375
2015,REG,IND,00-0023500,F.Gore,260,967.0,6.0,-0.19136,16,3.71923
2015,REG,IND,00-0024296,C.Whitehurst,2,1.0,0.0,0.89012,2,0.5
2015,REG,IND,00-0025637,A.Bradshaw,31,85.0,0.0,-0.22696,6,2.74194
2015,REG,IND,00-0026408,J.Reitz,1,0.0,0.0,-1.82132,1,0.0
2015,REG,IND,00-0026578,C.Anderson,1,-1.0,0.0,-3.3036,1,-1.0
2015,REG,IND,00-0026993,Jo.Freeman,8,24.0,0.0,0.01063,1,3.0
2015,REG,IND,00-0027145,P.McAfee,1,18.0,0.0,3.74959,1,18.0
2015,REG,IND,00-0029588,D.Herron,14,42.0,0.0,-0.30565,4,3.0
2015,REG,IND,00-0029668,A.Luck,33,196.0,0.0,-0.02951,7,5.93939
2015,REG,IND,00-0029689,D.Allen,1,1.0,0.0,0.34203,1,1.0
2015,REG,IND,00-0030855,Z.Tipton,5,20.0,0.0,-0.51121,4,4.0
2015,REG,IND,00-0031526,T.Varga,1,2.0,0.0,-0.07694,1,2.0
2015,REG,IND,00-0031531,T.Williams,2,12.0,0.0,0.28471,1,6.0
2015,REG,IND,00-0031611,J.Robinson,17,39.0,0.0,-0.54879,5,2.29412
2015,REG,IND,00-0032208,P.Dorsett,3,17.0,0.0,0.33663,3,5.66667
2015,REG,JAX,00-0027862,T.Alualu,1,0.0,0.0,-1.48746,1,0.0
2015,REG,JAX,00-0027888,T.Gerhart,20,44.0,0.0,-0.44021,5,2.2
2015,REG,JAX,00-0029104,J.Gray,14,54.0,0.0,-0.1381,2,3.85714
2015,REG,JAX,00-0029264,B.Pierce,6,11.0,0.0,-0.62722,3,1.83333
2015,REG,JAX,00-0030547,D.Robinson,67,266.0,1.0,-0.2458,12,3.97015
2015,REG,JAX,00-0030856,T.Washington,1,8.0,0.0,0.45719,1,8.0
2015,REG,JAX,00-0031407,B.Bortles,52,310.0,2.0,-0.09686,15,5.96154
2015,REG,JAX,00-0031431,M.Lee,5,38.0,0.0,0.35324,5,7.6
2015,REG,JAX,00-0031731,C.Grant,6,2.0,0.0,-1.6244,4,0.33333
2015,REG,JAX,00-0032209,T.Yeldon,182,740.0,2.0,-0.10914,12,4.06593
2015,REG,KC,00-0023436,A.Smith,84,498.0,2.0,0.21739,16,5.92857
2015,REG,KC,00-0026213,J.Charles,71,364.0,4.0,0.02669,5,5.12676
2015,REG,KC,00-0026544,C.Daniel,2,-2.0,0.0,-1.33628,1,-1.0
2015,REG,KC,00-0026995,J.Maclin,3,14.0,0.0,-0.18017,3,4.66667
2015,REG,KC,00-0028074,A.Sherman,1,0.0,0.0,-1.29563,1,0.0
2015,REG,KC,00-0029688,D.Poe,1,1.0,1.0,2.76251,1,1.0
2015,REG,KC,00-0030280,K.Davis,28,72.0,1.0,-0.2417,9,2.57143
2015,REG,KC,00-0030414,S.Ware,72,403.0,6.0,0.13748,9,5.59722
2015,REG,KC,00-0030668,C.West,160,634.0,4.0,-0.11048,12,3.9625
2015,REG,KC,00-0030669,A.Wilson,5,26.0,0.0,0.18426,4,5.2
2015,REG,KC,00-0031060,D.Thomas,9,34.0,1.0,0.08744,8,3.77778
2015,REG,LA,00-0028986,C.Keenum,12,5.0,0.0,-0.9835,5,0.41667
2015,REG,LA,00-0029567,N.Foles,17,20.0,1.0,-0.42786,10,1.17647
2015,REG,LA,00-0029614,C.Givens,1,24.0,0.0,1.48335,1,24.0
2015,REG,LA,00-0029626,I.Pead,2,3.0,0.0,-3.10826,1,1.5
2015,REG,LA,00-0029795,B.Cunningham,37,140.0,0.0,-0.2189,11,3.78378
2015,REG,LA,00-0030525,T.Austin,52,434.0,4.0,0.38436,15,8.34615
2015,REG,LA,00-0031391,T.Mason,75,207.0,1.0,-0.43634,13,2.76
2015,REG,LA,00-0031806,M.Brown,4,17.0,0.0,-0.01366,1,4.25
2015,REG,LA,00-0032241,T.Gurley,230,1106.0,10.0,-0.06018,13,4.8087
2015,REG,LAC,00-0022942,P.Rivers,17,28.0,0.0,-0.39986,8,1.64706
2015,REG,LAC,00-0024264,K.Clemens,1,-1.0,0.0,-2.7597,1,-1.0
2015,REG,LAC,00-0026019,D.Woodhead,98,336.0,3.0,-0.14387,16,3.42857
2015,REG,LAC,00-0026957,D.Johnson,2,4.0,0.0,0.29667,2,2.0
2015,REG,LAC,00-0027003,D.Brown,59,229.0,1.0,-0.13281,6,3.88136
2015,REG,LAC,00-0030920,J.Herndon,1,13.0,0.0,0.95193,1,13.0
2015,REG,LAC,00-0031277,B.Oliver,31,108.0,0.0,-0.05513,6,3.48387
2015,REG,LAC,00-0032144,M.Gordon,184,641.0,0.0,-0.24249,14,3.4837
2015,REG,LV,00-0018227,C.Woodson,1,-3.0,0.0,-0.91786,1,-3.0
2015,REG,LV,00-0026393,M.Reece,10,36.0,0.0,0.00991,6,3.6
2015,REG,LV,00-0028043,R.Helu,17,39.0,0.0,-0.13989,5,2.29412
2015,REG,LV,00-0028063,T.Jones,16,74.0,0.0,-0.02768,8,4.625
2015,REG,LV,00-0029492,J.Olawale,24,110.0,1.0,0.09912,9,4.58333
2015,REG,LV,00-0030513,L.Murray,266,1066.0,6.0,-0.12236,16,4.00752
2015,REG,LV,00-0031280,D.Carr,33,138.0,0.0,-0.18249,15,4.18182
2015,REG,LV,00-0031544,A.Cooper,3,-3.0,0.0,-0.5981,3,-1.0
2015,REG,MIA,00-0025708,M.Moore,3,-2.0,0.0,-1.38294,1,-0.66667
2015,REG,MIA,00-0029104,J.Gray,31,122.0,0.0,-0.10719,5,3.93548
2015,REG,MIA,00-0029580,R.Matthews,1,4.0,0.0,-0.16423,1,4.0
2015,REG,MIA,00-0029615,L.Miller,194,872.0,8.0,-0.07905,16,4.49485
2015,REG,MIA,00-0029701,R.Tannehill,32,141.0,1.0,-0.00285,15,4.40625
2015,REG,MIA,00-0030874,D.Williams,11,46.0,0.0,-0.77505,5,4.18182
2015,REG,MIA,00-0030874,Da.Williams,5,13.0,0.0,-0.14122,3,2.6
2015,REG,MIA,00-0031382,J.Landry,18,113.0,1.0,0.12119,11,6.27778
2015,REG,MIA,00-0031590,J.Ajayi,50,187.0,1.0,-0.05776,9,3.74
2015,REG,MIN,00-0020679,S.Hill,4,-5.0,0.0,-0.62062,2,-1.25
2015,REG,MIN,00-0025394,A.Peterson,327,1485.0,11.0,-0.0485,16,4.54128
2015,REG,MIN,00-0026901,M.Wallace,1,6.0,0.0,0.10165,1,6.0
2015,REG,MIN,00-0028198,M.Asiata,29,112.0,0.0,-0.26054,12,3.86207
2015,REG,MIN,00-0029572,J.Wright,1,29.0,0.0,1.87679,1,29.0
2015,REG,MIN,00-0029931,Z.Line,6,10.0,2.0,-0.18183,5,1.66667
2015,REG,MIN,00-0030035,A.Thielen,4,89.0,0.0,2.2598,3,22.25
2015,REG,MIN,00-0030405,J.Locke,1,-6.0,0.0,-1.22489,1,-6.0
2015,REG,MIN,00-0030578,C.Patterson,2,15.0,0.0,0.52495,2,7.5
2015,REG,MIN,00-0031237,T.Bridgewater,45,192.0,3.0,0.29033,16,4.26667
2015,REG,MIN,00-0031376,J.McKinnon,52,271.0,2.0,0.1307,12,5.21154
2015,REG,MIN,00-0031588,S.Diggs,3,13.0,0.0,0.02746,3,4.33333
2015,REG,NE,00-0019596,T.Brady,34,53.0,3.0,0.19906,13,1.55882
2015,REG,NE,00-0022736,S.Jackson,21,50.0,1.0,-0.13035,2,2.38095
2015,REG,NE,00-0026035,D.Amendola,2,11.0,0.0,0.18474,2,5.5
2015,REG,NE,00-0027150,J.Edelman,3,23.0,0.0,1.24878,3,7.66667
2015,REG,NE,00-0027325,L.Blount,165,703.0,6.0,-0.02896,12,4.26061
2015,REG,NE,00-0027681,B.LaFell,2,9.0,0.0,0.00965,2,4.5
2015,REG,NE,00-0028087,D.Lewis,49,234.0,2.0,0.17483,7,4.77551
2015,REG,NE,00-0029239,B.Bolden,63,207.0,0.0,-0.26037,11,3.28571
2015,REG,NE,00-0029415,K.Martin,1,6.0,0.0,0.32385,1,6.0
2015,REG,NE,00-0029435,D.Johnson,1,6.0,0.0,0.25883,1,6.0
2015,REG,NE,00-0031062,J.White,22,56.0,2.0,-0.21373,11,2.54545
2015,REG,NE,00-0031345,J.Garoppolo,5,-5.0,0.0,0.0,3,-1.0
2015,REG,NE,00-0032122,J.Iosefa,15,51.0,0.0,-0.27502,2,3.4
2015,REG,NO,00-0020531,D.Brees,24,14.0,1.0,-0.28382,12,0.58333
2015,REG,NO,00-0022864,L.McCown,1,0.0,0.0,-0.947,1,0.0
2015,REG,NO,00-0026289,T.Hightower,96,375.0,4.0,-0.06008,6,3.90625
2015,REG,NO,00-0027732,M.Hoomanawanui,1,0.0,0.0,-0.41138,1,0.0
2015,REG,NO,00-0027861,C.Spiller,36,112.0,0.0,-0.30104,12,3.11111
2015,REG,NO,00-0027966,M.Ingram,167,769.0,6.0,0.02015,12,4.60479
2015,REG,NO,00-0028053,K.Hunter,1,2.0,0.0,-0.54949,1,2.0
2015,REG,NO,00-0029205,T.Cadet,4,12.0,0.0,-1.46985,2,3.0
2015,REG,NO,00-0029729,A.Johnson,4,9.0,1.0,0.90565,3,2.25
2015,REG,NO,00-0030348,K.Robinson,56,180.0,4.0,-0.07738,8,3.21429
2015,REG,NO,00-0031236,B.Cooks,8,18.0,0.0,-0.33111,5,2.25
2015,REG,NO,00-0031959,M.Murphy,1,0.0,0.0,-0.50048,1,0.0
2015,REG,NYG,00-0021940,J.Brown,1,0.0,0.0,-0.947,1,0.0
2015,REG,NYG,00-0022803,E.Manning,20,61.0,0.0,-0.47957,12,3.05
2015,REG,NYG,00-0027155,R.Jennings,195,863.0,3.0,-0.02394,16,4.42564
2015,REG,NYG,00-0027994,S.Vereen,61,260.0,0.0,-0.09636,16,4.2623
2015,REG,NYG,00-0028114,D.Harris,2,12.0,0.0,0.11822,2,6.0
2015,REG,NYG,00-0030860,O.Darkwa,36,153.0,1.0,-0.0552,8,4.25
2015,REG,NYG,00-0031055,A.Williams,89,257.0,1.0,-0.25348,16,2.88764
2015,REG,NYG,00-0031235,O.Beckham Jr.,1,3.0,0.0,-1.04025,1,3.0
2015,REG,NYJ,00-0023682,R.Fitzpatrick,60,270.0,2.0,0.18446,16,4.5
2015,REG,NYJ,00-0027531,C.Ivory,247,1070.0,7.0,-0.13735,15,4.33198
2015,REG,NYJ,00-0028011,S.Ridley,36,90.0,0.0,-0.2756,8,2.5
2015,REG,NYJ,00-0028064,B.Powell,70,313.0,1.0,-0.00405,10,4.47143
2015,REG,NYJ,00-0030112,T.Bohanon,2,2.0,0.0,-1.82742,1,1.0
2015,REG,NYJ,00-0030536,Z.Stacy,31,89.0,1.0,-0.22658,6,2.87097
2015,REG,NYJ,00-0030565,G.Smith,2,34.0,0.0,1.26322,1,17.0
2015,REG,PHI,00-0023564,D.Sproles,83,317.0,3.0,0.04506,16,3.81928
2015,REG,PHI,00-0026898,M.Sanchez,6,22.0,0.0,0.2109,3,3.66667
2015,REG,PHI,00-0027854,S.Bradford,26,39.0,0.0,-0.91381,13,1.5
2015,REG,PHI,00-0027864,R.Mathews,106,539.0,6.0,-0.06109,13,5.08491
2015,REG,PHI,00-0028009,D.Murray,193,702.0,6.0,-0.07618,15,3.63731
2015,REG,PHI,00-0030465,K.Barner,28,124.0,0.0,-0.08199,4,4.42857
2015,REG,PIT,00-0020245,M.Vick,20,99.0,0.0,-0.00021,5,4.95
2015,REG,PIT,00-0022924,B.Roethlisberger,15,29.0,0.0,-0.4157,7,1.93333
2015,REG,PIT,00-0023465,H.Miller,1,2.0,0.0,-0.45085,1,2.0
2015,REG,PIT,00-0024242,D.Williams,59,210.0,5.0,-0.07312,4,3.55932
2015,REG,PIT,00-0024242,De.Williams,141,697.0,6.0,0.01505,12,4.94326
2015,REG,PIT,00-0027793,A.Brown,3,28.0,0.0,0.65333,2,9.33333
2015,REG,PIT,00-0028121,J.Todman,4,22.0,0.0,0.01095,3,5.5
2015,REG,PIT,00-0028841,W.Johnson,4,7.0,1.0,0.1058,1,1.75
2015,REG,PIT,00-0030496,L.Bell,113,556.0,3.0,0.00067,6,4.92035
2015,REG,PIT,00-0030524,L.Jones,5,-5.0,0.0,-0.45537,4,-1.0
2015,REG,PIT,00-0031332,F.Toussaint,18,42.0,0.0,-0.33276,3,2.33333
2015,REG,PIT,00-0031373,M.Bryant,5,37.0,1.0,0.70187,5,7.4
2015,REG,SEA,00-0024204,F.Jackson,26,100.0,0.0,-0.18403,10,3.84615
2015,REG,SEA,00-0024279,T.Jackson,8,-8.0,0.0,-0.84621,4,-1.0
2015,REG,SEA,00-0025399,M.Lynch,112,417.0,3.0,-0.11511,7,3.72321
2015,REG,SEA,00-0027905,W.Tukuafu,4,1.0,1.0,-1.62668,3,0.25
2015,REG,SEA,00-0028409,D.Harris,21,49.0,0.0,-0.40071,2,2.33333
2015,REG,SEA,00-0029068,D.Coleman,8,32.0,0.0,0.24313,4,4.0
2015,REG,SEA,00-0029263,R.Wilson,103,553.0,1.0,0.03899,16,5.36893
2015,REG,SEA,00-0029429,B.Brown,25,72.0,1.0,-0.15545,3,2.88
2015,REG,SEA,00-0030432,C.Michael,39,192.0,0.0,0.00332,3,4.92308
2015,REG,SEA,00-0031897,T.Rawls,148,830.0,4.0,0.04358,12,5.60811
2015,REG,SEA,00-0031900,R.Smith,2,5.0,0.0,-0.26643,1,2.5
2015,REG,SEA,00-0032211,T.Lockett,5,20.0,0.0,-0.09023,4,4.0
2015,REG,SEA,00-0032250,K.Williams,1,5.0,0.0,-0.06678,1,5.0
2015,REG,SF,00-0024217,R.Bush,8,28.0,0.0,-0.53327,4,3.5
2015,REG,SF,00-0024813,P.Thomas,4,12.0,0.0,-0.06959,1,3.0
2015,REG,SF,00-0027948,B.Gabbert,32,185.0,1.0,0.26795,8,5.78125
2015,REG,SF,00-0027974,C.Kaepernick,45,256.0,1.0,0.13878,7,5.68889
2015,REG,SF,00-0028149,B.Miller,6,14.0,1.0,0.88135,4,2.33333
2015,REG,SF,00-0028202,S.Draughn,76,263.0,1.0,-0.15422,6,3.46053
2015,REG,SF,00-0028409,D.Harris,27,140.0,0.0,-0.0082,2,5.18519
2015,REG,SF,00-0029205,T.Cadet,7,16.0,0.0,-0.26042,3,2.28571
2015,REG,SF,00-0030039,K.Gaskins,16,38.0,0.0,-0.36561,4,2.375
2015,REG,SF,00-0030450,Q.Patton,1,5.0,0.0,0.03413,1,5.0
2015,REG,SF,00-0031045,C.Hyde,115,470.0,3.0,-0.05209,7,4.08696
2015,REG,SF,00-0031326,B.Ellington,1,7.0,0.0,0.57998,1,7.0
2015,REG,SF,00-0031493,J.Hayne,17,52.0,0.0,-0.0749,4,3.05882
2015,REG,SF,00-0032063,M.Davis,35,58.0,0.0,-0.3173,5,1.65714
2015,REG,TB,00-0029384,B.Rainey,5,18.0,0.0,-0.54438,3,3.6
2015,REG,TB,00-0029613,D.Martin,288,1402.0,6.0,-0.06938,16,4.86806
2015,REG,TB,00-0029619,J.Lane,1,0.0,0.0,-0.44036,1,0.0
2015,REG,TB,00-0031390,C.Sims,107,529.0,0.0,-0.08399,16,4.94393
2015,REG,TB,00-0031503,J.Winston,54,213.0,6.0,0.05514,15,3.94444
2015,REG,TEN,00-0024389,D.Walker,1,36.0,0.0,2.64274,1,36.0
2015,REG,TEN,00-0026224,H.Douglas,1,-6.0,0.0,0.04176,1,-6.0
2015,REG,TEN,00-0027651,D.McCluster,55,247.0,1.0,-0.15542,11,4.49091
2015,REG,TEN,00-0029708,K.Wright,5,17.0,0.0,-0.045,4,3.4
2015,REG,TEN,00-0030789,A.Andrews,143,520.0,3.0,-0.20061,13,3.63636
2015,REG,TEN,00-0031266,Z.Mettenberger,9,8.0,1.0,0.02346,5,0.88889
2015,REG,TEN,00-0031375,T.West,16,51.0,0.0,-0.72648,2,3.1875
2015,REG,TEN,00-0031413,B.Sankey,47,193.0,1.0,-0.10419,8,4.10638
2015,REG,TEN,00-0032123,T.McBride,1,8.0,0.0,1.67493,1,8.0
2015,REG,TEN,00-0032130,J.Fowler,8,13.0,1.0,0.28545,4,1.625
2015,REG,TEN,00-0032133,D.Cobb,52,146.0,1.0,-0.2012,7,2.80769
2015,REG,TEN,00-0032268,M.Mariota,34,252.0,2.0,0.13563,9,7.41176
2015,REG,WAS,00-0024813,P.Thomas,11,52.0,0.0,0.09701,2,4.72727
2015,REG,WAS,00-0026852,D.Young,6,10.0,0.0,-0.32508,4,1.66667
2015,REG,WAS,00-0027688,C.McCoy,3,-3.0,0.0,-1.01473,1,-1.0
2015,REG,WAS,00-0029141,A.Morris,202,751.0,1.0,-0.14692,16,3.71782
2015,REG,WAS,00-0029604,K.Cousins,26,48.0,5.0,0.10956,11,1.84615
2015,REG,WAS,00-0030404,C.Thompson,35,216.0,0.0,-0.10397,10,6.17143
2015,REG,WAS,00-0031939,M.Jones,144,490.0,3.0,-0.24928,13,3.40278
2015,REG,WAS,00-0031941,J.Crowder,2,2.0,0.0,-0.33205,2,1.0
2016,POST,ATL,00-0026143,M.Ryan,6,20.0,1.0,-0.97628,2,3.33333
2016,POST,ATL,00-0029632,M.Sanu,1,7.0,0.0,0.3407,1,7.0
2016,POST,ATL,00-0031228,T.Gabriel,1,0.0,0.0,-0.90811,1,0.0
2016,POST,ATL,00-0031285,D.Freeman,39,162.0,2.0,-0.01755,3,4.15385
2016,POST,ATL,00-0031570,J.Hardy,1,0.0,0.0,-0.49315,1,0.0
2016,POST,ATL,00-0032058,T.Coleman,29,115.0,1.0,-0.01846,3,3.96552
2016,POST,DAL,00-0033045,E.Elliott,22,125.0,0.0,0.09564,1,5.68182
2016,POST,DAL,00-0033077,D.Prescott,3,13.0,0.0,1.10724,1,4.33333
2016,POST,DET,00-0026498,M.Stafford,3,15.0,0.0,-0.32305,1,5.0
2016,POST,DET,00-0027891,G.Tate,1,0.0,0.0,-0.7267,1,0.0
2016,POST,DET,00-0031665,Z.Zenner,11,34.0,0.0,-0.26643,1,3.09091
2016,POST,GB,00-0023459,A.Rodgers,8,62.0,0.0,0.45139,3,7.75
2016,POST,GB,00-0030432,C.Michael,17,58.0,0.0,-0.04677,2,3.41176
2016,POST,GB,00-0031589,B.Hundley,1,14.0,0.0,0.71453,1,14.0
2016,POST,GB,00-0031612,A.Ripkowski,10,36.0,1.0,-0.69376,3,3.6
2016,POST,GB,00-0032200,T.Montgomery,25,91.0,2.0,-0.16019,3,3.64
2016,POST,HOU,00-0029510,J.Grimes,6,41.0,0.0,0.27088,2,6.83333
2016,POST,HOU,00-0029615,L.Miller,50,147.0,1.0,-0.25192,2,2.94
2016,POST,HOU,00-0029682,B.Osweiler,7,33.0,1.0,0.15616,2,4.71429
2016,POST,HOU,00-0031075,A.Blue,3,6.0,0.0,-0.48358,2,2.0
2016,POST,HOU,00-0031085,J.Prosch,1,1.0,0.0,0.28193,1,1.0
2016,POST,KC,00-0023436,A.Smith,2,9.0,0.0,-0.29889,1,4.5
2016,POST,KC,00-0030414,S.Ware,8,35.0,1.0,0.11599,1,4.375
2016,POST,KC,00-0030668,C.West,1,-1.0,0.0,-0.802,1,-1.0
2016,POST,KC,00-0033040,T.Hill,3,18.0,0.0,0.23078,1,6.0
2016,POST,LV,00-0029492,J.Olawale,1,6.0,0.0,0.40041,1,6.0
2016,POST,LV,00-0030513,L.Murray,12,39.0,1.0,-0.06582,1,3.25
2016,POST,LV,00-0031544,A.Cooper,1,0.0,0.0,-0.54391,1,0.0
2016,POST,LV,00-0032940,D.Washington,4,16.0,0.0,0.00397,1,4.0
2016,POST,LV,00-0033025,J.Richard,3,3.0,0.0,-0.60494,1,1.0
2016,POST,MIA,00-0025708,M.Moore,1,2.0,0.0,-2.56325,1,2.0
2016,POST,MIA,00-0028908,M.Thomas,1,3.0,0.0,2.13139,1,3.0
2016,POST,MIA,00-0030874,D.Williams,3,14.0,0.0,-0.50987,1,4.66667
2016,POST,MIA,00-0031590,J.Ajayi,16,33.0,0.0,-0.48204,1,2.0625
2016,POST,NE,00-0019596,T.Brady,9,13.0,0.0,-0.28856,3,1.44444
2016,POST,NE,00-0026035,D.Amendola,1,15.0,0.0,1.36745,1,15.0
2016,POST,NE,00-0027150,J.Edelman,2,14.0,0.0,0.30216,2,7.0
2016,POST,NE,00-0027325,L.Blount,35,109.0,1.0,-0.32956,3,3.11429
2016,POST,NE,00-0028087,D.Lewis,25,79.0,1.0,-0.20831,3,3.16
2016,POST,NE,00-0031062,J.White,8,29.0,2.0,0.57567,2,3.625
2016,POST,NYG,00-0022803,E.Manning,1,11.0,0.0,1.58661,1,11.0
2016,POST,NYG,00-0027155,R.Jennings,5,29.0,0.0,0.14394,1,5.8
2016,POST,NYG,00-0029384,B.Rainey,1,0.0,0.0,-1.51743,1,0.0
2016,POST,NYG,00-0032417,P.Perkins,10,30.0,0.0,-0.27999,1,3.0
2016,POST,PIT,00-0022924,B.Roethlisberger,8,11.0,0.0,-0.06624,2,1.375
2016,POST,PIT,00-0024242,D.Williams,16,36.0,1.0,-0.27692,2,2.25
2016,POST,PIT,00-0030496,L.Bell,65,357.0,2.0,0.18419,3,5.49231
2016,POST,SEA,00-0026393,M.Reece,1,0.0,0.0,-1.54484,1,0.0
2016,POST,SEA,00-0028434,D.Baldwin,2,7.0,0.0,-0.11811,2,3.5
2016,POST,SEA,00-0029263,R.Wilson,9,46.0,0.0,0.04391,2,5.11111
2016,POST,SEA,00-0031897,T.Rawls,38,195.0,1.0,0.13718,2,5.13158
2016,POST,SEA,00-0032426,A.Collins,8,27.0,0.0,-0.27297,2,3.375
2016,POST,SEA,00-0032602,J.McKissic,1,3.0,0.0,-0.19356,1,3.0
2016,REG,ARI,00-0021429,C.Palmer,14,38.0,0.0,-0.48589,9,2.71429
2016,REG,ARI,00-0022921,L.Fitzgerald,2,5.0,0.0,-0.21551,2,2.5
2016,REG,ARI,00-0025430,D.Stanton,3,-3.0,0.0,-1.1893,2,-1.0
2016,REG,ARI,00-0026164,C.Johnson,25,95.0,1.0,-0.0467,4,3.8
2016,REG,ARI,00-0028952,D.Butler,1,0.0,0.0,-9.84861,1,0.0
2016,REG,ARI,00-0030117,K.Williams,18,157.0,2.0,0.3913,3,8.72222
2016,REG,ARI,00-0030282,S.Taylor,4,12.0,0.0,-0.01529,2,3.0
2016,REG,ARI,00-0030287,A.Ellington,34,96.0,0.0,-0.18622,9,2.82353
2016,REG,ARI,00-0031051,Jo.Brown,1,10.0,0.0,0.46431,1,10.0
2016,REG,ARI,00-0032112,J.Nelson,4,83.0,1.0,1.59704,3,20.75
2016,REG,ARI,00-0032187,D.Johnson,293,1239.0,16.0,-0.06425,16,4.22867
2016,REG,ATL,00-0022787,M.Schaub,2,-2.0,0.0,-1.21873,1,-1.0
2016,REG,ATL,00-0026143,M.Ryan,37,117.0,0.0,-0.16385,14,3.16216
2016,REG,ATL,00-0028011,S.Ridley,3,7.0,0.0,-0.14236,1,2.33333
2016,REG,ATL,00-0029632,M.Sanu,1,5.0,0.0,0.00391,1,5.0
2016,REG,ATL,00-0031228,T.Gabriel,4,51.0,1.0,1.0461,3,12.75
2016,REG,ATL,00-0031285,D.Freeman,227,1079.0,11.0,0.02154,16,4.7533
2016,REG,ATL,00-0031682,T.Ward,31,151.0,0.0,-0.05019,5,4.87097
2016,REG,ATL,00-0032058,T.Coleman,118,520.0,8.0,0.01195,13,4.40678
2016,REG,BAL,00-0024417,S.Koch,2,-23.0,0.0,-2.68853,2,-11.5
2016,REG,BAL,00-0026158,J.Flacco,21,58.0,2.0,0.00552,13,2.7619
2016,REG,BAL,00-0026373,J.Forsett,31,98.0,0.0,-0.25792,3,3.16129
2016,REG,BAL,00-0026901,M.Wallace,5,31.0,0.0,0.2094,5,6.2
2016,REG,BAL,00-0028012,R.Mallett,5,-6.0,0.0,-0.68619,2,-1.2
2016,REG,BAL,00-0029892,K.Juszczyk,5,22.0,1.0,0.26866,4,4.4
2016,REG,BAL,00-0031025,M.Campanaro,3,72.0,0.0,1.83449,3,24.0
2016,REG,BAL,00-0031066,L.Taliaferro,1,0.0,0.0,-0.4834,1,0.0
2016,REG,BAL,00-0031375,T.West,193,774.0,5.0,-0.11761,16,4.01036
2016,REG,BAL,00-0031577,J.Allen,9,34.0,0.0,-0.0637,3,3.77778
2016,REG,BAL,00-0032054,B.Perriman,1,2.0,0.0,-0.23747,1,2.0
2016,REG,BAL,00-0032398,C.Moore,3,19.0,0.0,0.37906,3,6.33333
2016,REG,BAL,00-0032411,K.Dixon,88,382.0,2.0,0.07791,12,4.34091
2016,REG,BUF,00-0024217,R.Bush,12,-3.0,1.0,-0.44544,8,-0.25
2016,REG,BUF,00-0026286,J.Felton,8,13.0,0.0,0.00251,8,1.625
2016,REG,BUF,00-0026998,P.Harvin,1,11.0,0.0,0.68534,1,11.0
2016,REG,BUF,00-0027029,L.McCoy,235,1267.0,13.0,0.06438,15,5.39149
2016,REG,BUF,00-0027057,B.Tate,3,48.0,0.0,1.2169,3,16.0
2016,REG,BUF,00-0028118,T.Taylor,96,580.0,6.0,0.18137,15,6.04167
2016,REG,BUF,00-0030431,R.Woods,1,6.0,0.0,-0.35126,1,6.0
2016,REG,BUF,00-0030433,M.Gillislee,101,577.0,8.0,0.23474,13,5.71287
2016,REG,BUF,00-0030526,E.Manuel,8,22.0,0.0,-0.04522,4,2.75
2016,REG,BUF,00-0030551,C.Schmidt,1,16.0,0.0,4.09274,1,16.0
2016,REG,BUF,00-0032975,J.Williams,27,94.0,1.0,-0.51093,7,3.48148
2016,REG,BUF,00-0033098,C.Jones,1,-1.0,0.0,-1.06866,1,-1.0
2016,REG,CAR,00-0023645,D.Anderson,1,4.0,0.0,-3.93402,1,4.0
2016,REG,CAR,00-0025396,T.Ginn,14,98.0,0.0,0.24697,10,7.0
2016,REG,CAR,00-0026069,M.Tolbert,35,114.0,0.0,-0.19365,14,3.25714
2016,REG,CAR,00-0026153,J.Stewart,218,824.0,9.0,-0.07725,13,3.77982
2016,REG,CAR,00-0027939,C.Newton,91,359.0,5.0,0.05381,15,3.94505
2016,REG,CAR,00-0029731,F.Whittaker,57,265.0,0.0,-0.14038,16,4.64912
2016,REG,CAR,00-0031118,C.Brown,2,6.0,0.0,-0.26748,2,3.0
2016,REG,CAR,00-0031599,C.Artis-Payne,36,144.0,2.0,-0.07145,3,4.0
2016,REG,CHI,00-0024226,J.Cutler,5,24.0,0.0,-0.89579,4,4.8
2016,REG,CHI,00-0026625,B.Hoyer,7,-2.0,0.0,-0.64236,4,-0.28571
2016,REG,CHI,00-0027218,J.Bell,3,6.0,0.0,-1.43808,1,2.0
2016,REG,CHI,00-0028059,C.Prosinski,1,2.0,0.0,2.16368,1,2.0
2016,REG,CHI,00-0029319,J.Bellamy,4,37.0,0.0,0.46601,3,9.25
2016,REG,CHI,00-0030533,M.Barkley,7,2.0,0.0,-0.9535,3,0.28571
2016,REG,CHI,00-0031057,K.Carey,32,126.0,0.0,-0.08432,11,3.9375
2016,REG,CHI,00-0031076,D.Fales,1,0.0,0.0,-0.52467,1,0.0
2016,REG,CHI,00-0031545,K.White,1,9.0,0.0,1.04788,1,9.0
2016,REG,CHI,00-0031569,J.Langford,62,200.0,4.0,-0.29398,11,3.22581
2016,REG,CHI,00-0031706,P.Lasike,3,8.0,0.0,0.3723,3,2.66667
2016,REG,CHI,00-0031912,C.Meredith,1,6.0,0.0,-1.05205,1,6.0
2016,REG,CHI,00-0032482,B.Addison,1,4.0,0.0,-0.52976,1,4.0
2016,REG,CHI,00-0032780,J.Howard,252,1313.0,6.0,-0.0042,15,5.21032
2016,REG,CIN,00-0026932,C.Peerman,6,15.0,0.0,-0.40779,1,2.5
2016,REG,CIN,00-0027681,B.LaFell,1,-2.0,0.0,-0.82302,1,-2.0
2016,REG,CIN,00-0027973,A.Dalton,46,184.0,4.0,-0.00142,14,4.0
2016,REG,CIN,00-0030288,R.Burkhead,74,344.0,2.0,0.11278,8,4.64865
2016,REG,CIN,00-0030456,G.Bernard,91,337.0,2.0,-0.10969,10,3.7033
2016,REG,CIN,00-0031291,J.Wright,2,-6.0,0.0,-0.34744,1,-3.0
2016,REG,CIN,00-0031301,J.Hill,222,839.0,9.0,-0.03438,15,3.77928
2016,REG,CIN,00-0033009,T.Boyd,4,58.0,0.0,0.81585,3,14.5
2016,REG,CLE,00-0021206,J.McCown,7,21.0,0.0,-0.53341,3,3.0
2016,REG,CLE,00-0024296,C.Whitehurst,2,1.0,0.0,-0.3908,1,0.5
2016,REG,CLE,00-0027918,A.Hawkins,2,0.0,0.0,-0.71226,2,0.0
2016,REG,CLE,00-0028825,T.Pryor,8,21.0,1.0,-0.46368,4,2.625
2016,REG,CLE,00-0029665,R.Griffin,31,190.0,2.0,0.16922,5,6.12903
2016,REG,CLE,00-0030656,I.Crowell,198,952.0,7.0,-0.09991,16,4.80808
2016,REG,CLE,00-0031158,G.Atkinson III,7,34.0,1.0,0.25318,1,4.85714
2016,REG,CLE,00-0032068,M.Johnson,1,2.0,0.0,-4.86699,1,2.0
2016,REG,CLE,00-0032257,D.Johnson,32,167.0,1.0,-0.24839,6,5.21875
2016,REG,CLE,00-0032257,D.Johnson Jr.,41,191.0,0.0,-0.10103,10,4.65854
2016,REG,CLE,00-0032784,K.Hogan,8,105.0,1.0,0.87173,2,13.125
2016,REG,CLE,00-0032966,C.Coleman,2,10.0,0.0,-0.02139,2,5.0
2016,REG,CLE,00-0033104,C.Kessler,11,18.0,0.0,-0.25865,8,1.63636
2016,REG,DAL,00-0026144,D.McFadden,24,87.0,0.0,-0.06388,3,3.625
2016,REG,DAL,00-0026898,M.Sanchez,4,-2.0,0.0,-1.18391,2,-0.5
2016,REG,DAL,00-0028664,C.Jones,1,30.0,0.0,4.46899,1,30.0
2016,REG,DAL,00-0029000,C.Beasley,1,7.0,0.0,0.28063,1,7.0
2016,REG,DAL,00-0029004,L.Dunbar,9,31.0,1.0,-0.13282,5,3.44444
2016,REG,DAL,00-0029141,A.Morris,69,243.0,2.0,-0.04525,13,3.52174
2016,REG,DAL,00-0030968,K.Smith,2,5.0,0.0,0.49068,2,2.5
2016,REG,DAL,00-0031757,L.Whitehead,10,82.0,0.0,-0.34567,9,8.2
2016,REG,DAL,00-0033045,E.Elliott,322,1631.0,15.0,0.04022,15,5.06522
2016,REG,DAL,00-0033077,D.Prescott,57,282.0,6.0,0.31637,15,4.94737
2016,REG,DEN,00-0026373,J.Forsett,43,155.0,1.0,-0.38413,4,3.60465
2016,REG,DEN,00-0026739,J.Norwood,1,0.0,0.0,-0.43821,1,0.0
2016,REG,DEN,00-0027685,E.Sanders,1,4.0,0.0,-0.04801,1,4.0
2016,REG,DEN,00-0029822,B.McManus,1,6.0,0.0,-1.84085,1,6.0
2016,REG,DEN,00-0029854,C.Anderson,110,437.0,4.0,-0.13347,7,3.97273
2016,REG,DEN,00-0030705,J.Thompson,8,26.0,1.0,-0.22201,4,3.25
2016,REG,DEN,00-0031102,K.Bibbs,29,129.0,0.0,-0.01653,7,4.44828
2016,REG,DEN,00-0032156,T.Siemian,29,57.0,0.0,-0.18431,10,1.96552
2016,REG,DEN,00-0032956,A.Janovich,4,33.0,1.0,1.15802,4,8.25
2016,REG,DEN,00-0032972,D.Booker,174,612.0,4.0,-0.15847,16,3.51724
2016,REG,DEN,00-0033108,P.Lynch,11,25.0,0.0,-0.29869,3,2.27273
2016,REG,DET,00-0026373,J.Forsett,13,38.0,0.0,-0.28035,2,2.92308
2016,REG,DET,00-0026498,M.Stafford,37,207.0,2.0,0.63617,13,5.59459
2016,REG,DET,00-0027891,G.Tate,10,4.0,0.0,-0.99904,8,0.4
2016,REG,DET,00-0029293,M.Jones,1,3.0,0.0,-0.15805,1,3.0
2016,REG,DET,00-0030107,T.Riddick,92,357.0,1.0,-0.08432,10,3.88043
2016,REG,DET,00-0031387,E.Ebron,1,1.0,1.0,0.79703,1,1.0
2016,REG,DET,00-0031665,Z.Zenner,88,334.0,4.0,-0.16507,11,3.79545
2016,REG,DET,00-0032104,A.Abdullah,18,101.0,0.0,0.0719,2,5.61111
2016,REG,DET,00-0032450,D.Washington,90,265.0,1.0,-0.24496,11,2.94444
2016,REG,GB,00-0023459,A.Rodgers,68,369.0,4.0,0.26547,16,5.42647
2016,REG,GB,00-0027791,J.Starks,64,145.0,0.0,-0.36556,9,2.26562
2016,REG,GB,00-0028002,R.Cobb,10,33.0,0.0,0.13459,4,3.3
2016,REG,GB,00-0030280,K.Davis,5,5.0,0.0,-0.524,2,1.0
2016,REG,GB,00-0030432,C.Michael,31,114.0,1.0,-0.11138,6,3.67742
2016,REG,GB,00-0030485,E.Lacy,71,360.0,0.0,0.02897,5,5.07042
2016,REG,GB,00-0031001,J.Janis,2,38.0,1.0,2.10204,2,19.0
2016,REG,GB,00-0031589,B.Hundley,3,-2.0,0.0,-0.19593,2,-0.66667
2016,REG,GB,00-0031612,A.Ripkowski,34,150.0,2.0,-0.02526,10,4.41176
2016,REG,GB,00-0032200,T.Montgomery,77,457.0,3.0,0.02121,13,5.93506
2016,REG,GB,00-0032375,J.Kerridge,1,0.0,0.0,-0.76419,1,0.0
2016,REG,GB,00-0032636,D.Jackson,10,32.0,0.0,-0.06749,3,3.2
2016,REG,HOU,00-0029510,J.Grimes,23,105.0,0.0,-0.08397,8,4.56522
2016,REG,HOU,00-0029615,L.Miller,268,1073.0,5.0,-0.14158,14,4.00373
2016,REG,HOU,00-0029682,B.Osweiler,30,131.0,2.0,0.30392,13,4.36667
2016,REG,HOU,00-0031064,T.Savage,6,12.0,0.0,-0.01021,3,2.0
2016,REG,HOU,00-0031075,A.Blue,100,420.0,1.0,-0.09725,14,4.2
2016,REG,HOU,00-0031085,J.Prosch,4,9.0,0.0,0.04638,4,2.25
2016,REG,HOU,00-0031743,A.Hunt,20,109.0,0.0,-0.07041,6,5.45
2016,REG,HOU,00-0032404,T.Ervin,1,3.0,0.0,-0.2194,1,3.0
2016,REG,HOU,00-0033069,B.Miller,3,0.0,0.0,-0.99023,3,0.0
2016,REG,HOU,00-0033127,W.Fuller,1,-3.0,0.0,-1.0293,1,-3.0
2016,REG,IND,00-0023500,F.Gore,263,1025.0,4.0,-0.09281,16,3.89734
2016,REG,IND,00-0027145,P.McAfee,1,0.0,0.0,-3.38499,1,0.0
2016,REG,IND,00-0028121,J.Todman,9,59.0,0.0,-0.22237,3,6.55556
2016,REG,IND,00-0028595,S.Tolzien,6,3.0,0.0,-1.1999,2,0.5
2016,REG,IND,00-0029273,R.Turbin,47,164.0,7.0,0.21137,15,3.48936
2016,REG,IND,00-0029668,A.Luck,64,341.0,2.0,0.09489,14,5.32812
2016,REG,IND,00-0031339,D.Moncrief,1,-1.0,0.0,-0.63504,1,-1.0
2016,REG,IND,00-0031514,Q.Bray,1,7.0,0.0,0.37591,1,7.0
2016,REG,IND,00-0032208,P.Dorsett,2,10.0,0.0,0.35332,2,5.0
2016,REG,IND,00-0032377,J.Ferguson,15,20.0,0.0,-0.86123,7,1.33333
2016,REG,JAX,00-0026197,C.Henne,1,-2.0,0.0,0.0,1,-2.0
2016,REG,JAX,00-0027531,C.Ivory,117,439.0,3.0,-0.28979,11,3.75214
2016,REG,JAX,00-0027595,B.Walters,1,4.0,0.0,0.42918,1,4.0
2016,REG,JAX,00-0029048,J.Banyard,2,7.0,0.0,-0.9723,1,3.5
2016,REG,JAX,00-0030547,D.Robinson,41,144.0,0.0,-0.13605,6,3.5122
2016,REG,JAX,00-0031407,B.Bortles,59,359.0,3.0,0.36393,16,6.08475
2016,REG,JAX,00-0031431,M.Lee,6,35.0,0.0,0.13522,5,5.83333
2016,REG,JAX,00-0031684,S.Wynn,2,5.0,0.0,-0.2742,1,2.5
2016,REG,JAX,00-0031731,C.Grant,32,164.0,1.0,0.02844,4,5.125
2016,REG,JAX,00-0032209,T.Yeldon,130,465.0,1.0,-0.18317,15,3.57692
2016,REG,JAX,00-0032298,B.Hill,2,11.0,0.0,0.20385,1,5.5
2016,REG,KC,00-0023436,A.Smith,48,134.0,5.0,0.01885,15,2.79167
2016,REG,KC,00-0026213,J.Charles,12,40.0,1.0,0.06488,3,3.33333
2016,REG,KC,00-0026995,J.Maclin,1,-1.0,0.0,-0.86889,1,-1.0
2016,REG,KC,00-0029567,N.Foles,4,-4.0,0.0,0.0,2,-1.0
2016,REG,KC,00-0029688,D.Poe,1,1.0,1.0,1.3799,1,1.0
2016,REG,KC,00-0030280,K.Davis,13,23.0,0.0,-0.44457,4,1.76923
2016,REG,KC,00-0030414,S.Ware,214,921.0,3.0,-0.12343,14,4.30374
2016,REG,KC,00-0030506,T.Kelce,1,-5.0,0.0,-1.27668,1,-5.0
2016,REG,KC,00-0030668,C.West,88,293.0,1.0,-0.18904,14,3.32955
2016,REG,KC,00-0030669,A.Wilson,2,50.0,1.0,3.03778,2,25.0
2016,REG,KC,00-0031060,D.Thomas,4,29.0,0.0,0.05903,3,7.25
2016,REG,KC,00-0033040,T.Hill,24,267.0,3.0,0.58886,14,11.125
2016,REG,LA,00-0028986,C.Keenum,21,51.0,1.0,-0.10278,7,2.42857
2016,REG,LA,00-0029795,B.Cunningham,21,101.0,0.0,0.11558,9,4.80952
2016,REG,LA,00-0030525,T.Austin,28,159.0,1.0,0.1406,15,5.67857
2016,REG,LA,00-0031806,M.Brown,18,39.0,0.0,-0.63923,8,2.16667
2016,REG,LA,00-0031818,B.Marquez,1,2.0,0.0,-2.73287,1,2.0
2016,REG,LA,00-0032241,T.Gurley,278,885.0,6.0,-0.19157,16,3.18345
2016,REG,LA,00-0032245,S.Mannion,1,-1.0,0.0,-0.08981,1,-1.0
2016,REG,LA,00-0033106,J.Goff,8,16.0,1.0,0.0298,4,2.0
2016,REG,LAC,00-0022942,P.Rivers,14,35.0,0.0,-0.27006,9,2.5
2016,REG,LAC,00-0024264,K.Clemens,2,-1.0,0.0,-1.01874,1,-0.5
2016,REG,LAC,00-0026019,D.Woodhead,19,116.0,0.0,0.18651,2,6.10526
2016,REG,LAC,00-0027651,D.McCluster,3,2.0,0.0,-0.42111,3,0.66667
2016,REG,LAC,00-0029269,T.Benjamin,2,-3.0,0.0,-0.96816,2,-1.5
2016,REG,LAC,00-0029683,R.Hillman,23,81.0,0.0,-0.24005,3,3.52174
2016,REG,LAC,00-0031055,A.Williams,18,87.0,0.0,0.16086,1,4.83333
2016,REG,LAC,00-0032144,M.Gordon,254,997.0,10.0,-0.08256,13,3.9252
2016,REG,LAC,00-0032896,D.Kaser,1,0.0,0.0,-4.12424,1,0.0
2016,REG,LAC,00-0032897,D.Watt,2,4.0,0.0,0.50844,2,2.0
2016,REG,LAC,00-0032902,K.Farrow,60,192.0,0.0,-0.19425,10,3.2
2016,REG,LV,00-0028063,T.Jones,1,-8.0,0.0,-1.31242,1,-8.0
2016,REG,LV,00-0029123,M.King,2,27.0,0.0,-0.04027,2,13.5
2016,REG,LV,00-0029492,J.Olawale,17,47.0,2.0,-0.17919,9,2.76471
2016,REG,LV,00-0030419,M.McGloin,3,-3.0,0.0,0.0,1,-1.0
2016,REG,LV,00-0030513,L.Murray,195,788.0,12.0,-0.02624,14,4.04103
2016,REG,LV,00-0031280,D.Carr,39,70.0,0.0,-0.55211,15,1.79487
2016,REG,LV,00-0031544,A.Cooper,1,0.0,0.0,-0.50508,1,0.0
2016,REG,LV,00-0032935,J.Holton,6,43.0,0.0,-0.70787,5,7.16667
2016,REG,LV,00-0032940,D.Washington,87,467.0,2.0,0.00118,13,5.36782
2016,REG,LV,00-0033025,J.Richard,83,491.0,1.0,0.02705,16,5.91566
2016,REG,MIA,00-0025708,M.Moore,1,-1.0,0.0,-2.04072,1,-1.0
2016,REG,MIA,00-0026796,A.Foster,22,55.0,0.0,-0.43334,4,2.5
2016,REG,MIA,00-0029626,I.Pead,8,22.0,0.0,-0.42147,2,2.75
2016,REG,MIA,00-0029701,R.Tannehill,39,164.0,1.0,-0.30019,11,4.20513
2016,REG,MIA,00-0030874,D.Williams,35,115.0,3.0,-0.16786,13,3.28571
2016,REG,MIA,00-0031382,J.Landry,5,17.0,0.0,-0.35131,4,3.4
2016,REG,MIA,00-0031590,J.Ajayi,260,1272.0,8.0,0.02796,15,4.89231
2016,REG,MIA,00-0031716,M.Darr,1,0.0,0.0,-3.22205,1,0.0
2016,REG,MIA,00-0032791,J.Grant,1,1.0,0.0,-0.59684,1,1.0
2016,REG,MIA,00-0033118,K.Drake,33,179.0,2.0,0.16052,12,5.42424
2016,REG,MIN,00-0020679,S.Hill,5,5.0,0.0,-0.35714,2,1.0
2016,REG,MIN,00-0025394,A.Peterson,37,72.0,0.0,-0.48829,3,1.94595
2016,REG,MIN,00-0027854,S.Bradford,20,53.0,0.0,-0.8193,10,2.65
2016,REG,MIN,00-0028198,M.Asiata,121,402.0,6.0,-0.22108,15,3.32231
2016,REG,MIN,00-0029587,R.Ellison,1,1.0,1.0,1.97336,1,1.0
2016,REG,MIN,00-0029683,R.Hillman,18,50.0,0.0,-0.22704,5,2.77778
2016,REG,MIN,00-0029931,Z.Line,7,15.0,0.0,-0.07353,4,2.14286
2016,REG,MIN,00-0030035,A.Thielen,2,15.0,0.0,0.41873,2,7.5
2016,REG,MIN,00-0030578,C.Patterson,7,43.0,0.0,-0.06689,6,6.14286
2016,REG,MIN,00-0031376,J.McKinnon,161,539.0,2.0,-0.19909,15,3.34783
2016,REG,MIN,00-0031588,S.Diggs,3,10.0,0.0,-0.41956,3,3.33333
2016,REG,NE,00-0019596,T.Brady,28,64.0,0.0,-0.20418,11,2.28571
2016,REG,NE,00-0026201,M.Bennett,2,10.0,0.0,-0.00325,2,5.0
2016,REG,NE,00-0026293,M.Slater,1,5.0,0.0,0.64967,1,5.0
2016,REG,NE,00-0027150,J.Edelman,12,57.0,0.0,0.05527,7,4.75
2016,REG,NE,00-0027325,L.Blount,299,1161.0,18.0,-0.06226,16,3.88294
2016,REG,NE,00-0028087,D.Lewis,64,283.0,0.0,0.03193,7,4.42188
2016,REG,NE,00-0028237,C.Hogan,3,9.0,0.0,-0.26237,2,3.0
2016,REG,NE,00-0029239,B.Bolden,1,4.0,0.0,-0.0433,1,4.0
2016,REG,NE,00-0031062,J.White,39,166.0,0.0,-0.07261,13,4.25641
2016,REG,NE,00-0031345,J.Garoppolo,10,6.0,0.0,-0.1378,4,0.6
2016,REG,NE,00-0032577,D.Foster,7,24.0,0.0,-0.19652,2,3.42857
2016,REG,NE,00-0033119,J.Brissett,16,83.0,1.0,-0.04502,3,5.1875
2016,REG,NO,00-0020531,D.Brees,23,20.0,2.0,-0.24891,11,0.86957
2016,REG,NO,00-0022999,J.Kuhn,18,37.0,4.0,0.24183,12,2.05556
2016,REG,NO,00-0026289,T.Hightower,133,548.0,4.0,-0.01539,15,4.1203
2016,REG,NO,00-0027966,M.Ingram,208,1043.0,6.0,-0.01988,16,5.01442
2016,REG,NO,00-0029205,T.Cadet,4,19.0,0.0,-0.37717,4,4.75
2016,REG,NO,00-0029697,C.Fleener,1,2.0,1.0,2.64736,1,2.0
2016,REG,NO,00-0031236,B.Cooks,6,30.0,0.0,-0.05294,5,5.0
2016,REG,NO,00-0032804,D.Lasco,11,32.0,0.0,-0.20231,3,2.90909
2016,REG,NO,00-0032881,T.Lewis,3,11.0,0.0,-0.16804,3,3.66667
2016,REG,NYG,00-0022803,E.Manning,22,-9.0,0.0,-0.66429,10,-0.40909
2016,REG,NYG,00-0027155,R.Jennings,181,593.0,3.0,-0.1762,13,3.27624
2016,REG,NYG,00-0027994,S.Vereen,33,158.0,1.0,-0.12096,4,4.78788
2016,REG,NYG,00-0029384,B.Rainey,17,63.0,0.0,-0.18814,5,3.70588
2016,REG,NYG,00-0030860,O.Darkwa,30,111.0,2.0,-0.07268,4,3.7
2016,REG,NYG,00-0031235,O.Beckham,1,9.0,0.0,0.54973,1,9.0
2016,REG,NYG,00-0032385,S.Shepard,3,31.0,0.0,0.47952,3,10.33333
2016,REG,NYG,00-0032417,P.Perkins,112,456.0,0.0,-0.06296,13,4.07143
2016,REG,NYJ,00-0023682,R.Fitzpatrick,33,130.0,0.0,0.16965,14,3.93939
2016,REG,NYJ,00-0026184,M.Forte,218,813.0,7.0,-0.08706,14,3.72936
2016,REG,NYJ,00-0027861,C.Spiller,3,9.0,0.0,0.21056,2,3.0
2016,REG,NYJ,00-0028064,B.Powell,131,714.0,3.0,0.06175,16,5.45038
2016,REG,NYJ,00-0030348,K.Robinson,8,22.0,0.0,-0.76376,1,2.75
2016,REG,NYJ,00-0030565,G.Smith,2,9.0,0.0,0.24346,2,4.5
2016,REG,NYJ,00-0031023,Q.Enunwa,1,12.0,0.0,1.20271,1,12.0
2016,REG,NYJ,00-0031568,B.Petty,6,19.0,0.0,0.14843,2,3.16667
2016,REG,NYJ,00-0032449,L.Edwards,1,0.0,0.0,-6.25514,1,0.0
2016,REG,NYJ,00-0032593,B.Wilds,10,27.0,0.0,-0.15065,3,2.7
2016,REG,NYJ,00-0032688,R.Anderson,3,42.0,0.0,0.88413,2,14.0
2016,REG,NYJ,00-0032844,B.Burks,2,-4.0,0.0,-1.01107,1,-2.0
2016,REG,NYJ,00-0033164,T.Pope,1,1.0,0.0,-0.36644,1,1.0
2016,REG,PHI,00-0022684,D.Jones,1,0.0,0.0,-3.66487,1,0.0
2016,REG,PHI,00-0023564,D.Sproles,94,438.0,2.0,-0.02849,15,4.65957
2016,REG,PHI,00-0027864,R.Mathews,157,661.0,8.0,-0.05652,13,4.21019
2016,REG,PHI,00-0030465,K.Barner,27,129.0,2.0,0.0231,9,4.77778
2016,REG,PHI,00-0030990,J.Huff,3,10.0,0.0,0.04914,2,3.33333
2016,REG,PHI,00-0031549,N.Agholor,5,14.0,0.0,-0.85654,5,2.8
2016,REG,PHI,00-0031793,T.Watson,9,28.0,1.0,0.15049,1,3.11111
2016,REG,PHI,00-0032724,B.Treggs,2,7.0,0.0,0.49154,2,3.5
2016,REG,PHI,00-0032782,W.Smallwood,77,312.0,1.0,-0.11161,12,4.05195
2016,REG,PHI,00-0032950,C.Wentz,47,150.0,2.0,-0.03463,16,3.19149
2016,REG,PHI,00-0032964,B.Marshall,19,64.0,0.0,-0.1368,2,3.36842
2016,REG,PIT,00-0022924,B.Roethlisberger,16,14.0,1.0,-0.2584,9,0.875
2016,REG,PIT,00-0024242,D.Williams,98,343.0,4.0,-0.06774,8,3.5
2016,REG,PIT,00-0026983,D.Heyward-Bey,1,60.0,1.0,5.37661,1,60.0
2016,REG,PIT,00-0027793,A.Brown,3,9.0,0.0,-0.16496,3,3.0
2016,REG,PIT,00-0029612,D.Richardson,2,7.0,0.0,-0.19432,2,3.5
2016,REG,PIT,00-0030496,L.Bell,261,1268.0,7.0,0.02013,12,4.85824
2016,REG,PIT,00-0030524,L.Jones,6,-4.0,0.0,-0.75494,4,-0.66667
2016,REG,PIT,00-0031332,F.Toussaint,14,58.0,0.0,-0.19871,5,4.14286
2016,REG,PIT,00-0031502,J.Berry,1,-3.0,0.0,-3.46737,1,-3.0
2016,REG,PIT,00-0031782,E.Rogers,1,6.0,0.0,0.2949,1,6.0
2016,REG,PIT,00-0032166,S.Coates,4,14.0,0.0,0.0741,3,3.5
2016,REG,PIT,00-0032365,D.Ayers,2,-12.0,0.0,-1.27362,1,-6.0
2016,REG,SEA,00-0023742,J.Ryan,2,26.0,0.0,2.15147,2,13.0
2016,REG,SEA,00-0026393,M.Reece,2,0.0,0.0,-0.38647,2,0.0
2016,REG,SEA,00-0027696,J.Graham,1,0.0,0.0,-0.46561,1,0.0
2016,REG,SEA,00-0027861,C.Spiller,3,9.0,0.0,-0.58328,2,3.0
2016,REG,SEA,00-0027905,W.Tukuafu,2,2.0,0.0,-1.54341,2,1.0
2016,REG,SEA,00-0028434,D.Baldwin,3,2.0,0.0,-0.59015,2,0.66667
2016,REG,SEA,00-0029263,R.Wilson,72,259.0,1.0,-0.11961,16,3.59722
2016,REG,SEA,00-0030432,C.Michael,117,469.0,6.0,-0.06605,9,4.00855
2016,REG,SEA,00-0031257,P.Richardson,1,5.0,0.0,0.54878,1,5.0
2016,REG,SEA,00-0031746,G.Farmer,1,1.0,0.0,-0.33387,1,1.0
2016,REG,SEA,00-0031768,T.Magee,3,12.0,0.0,-0.39693,1,4.0
2016,REG,SEA,00-0031897,T.Rawls,109,349.0,3.0,-0.17377,9,3.20183
2016,REG,SEA,00-0032211,T.Lockett,6,114.0,1.0,1.29514,5,19.0
2016,REG,SEA,00-0032393,C.Prosise,30,172.0,1.0,0.06153,6,5.73333
2016,REG,SEA,00-0032426,A.Collins,31,125.0,1.0,-0.11318,9,4.03226
2016,REG,SEA,00-0032462,T.Boykin,8,1.0,0.0,-0.52276,4,0.125
2016,REG,SEA,00-0032602,J.McKissic,1,2.0,0.0,-0.47174,1,2.0
2016,REG,SEA,00-0033164,T.Pope,11,43.0,0.0,-0.16026,3,3.90909
2016,REG,SF,00-0027948,B.Gabbert,40,173.0,2.0,0.32886,6,4.325
2016,REG,SF,00-0027974,C.Kaepernick,70,468.0,2.0,0.37957,11,6.68571
2016,REG,SF,00-0028202,S.Draughn,74,196.0,4.0,-0.19237,12,2.64865
2016,REG,SF,00-0028409,D.Harris,38,138.0,0.0,-0.41841,7,3.63158
2016,REG,SF,00-0031045,C.Hyde,218,988.0,6.0,-0.07965,13,4.53211
2016,REG,SF,00-0031687,R.Mostert,1,6.0,0.0,0.22811,1,6.0
2016,REG,SF,00-0032063,M.Davis,19,50.0,1.0,-0.54871,5,2.63158
2016,REG,TB,00-0026855,A.Smith,10,47.0,0.0,-0.46563,3,4.7
2016,REG,TB,00-0028083,J.Rodgers,129,560.0,2.0,-0.03368,10,4.34109
2016,REG,TB,00-0029613,D.Martin,144,421.0,3.0,-0.25165,8,2.92361
2016,REG,TB,00-0030147,R.Shepard,1,9.0,0.0,0.73259,1,9.0
2016,REG,TB,00-0030391,M.James,4,19.0,0.0,-0.25324,3,4.75
2016,REG,TB,00-0030990,J.Huff,1,5.0,0.0,0.17444,1,5.0
2016,REG,TB,00-0031390,C.Sims,51,149.0,1.0,-0.26354,7,2.92157
2016,REG,TB,00-0031503,J.Winston,54,165.0,1.0,-0.05293,15,3.05556
2016,REG,TB,00-0032009,A.Humphries,5,18.0,0.0,-0.07548,4,3.6
2016,REG,TB,00-0032741,P.Barber,55,223.0,1.0,-0.08647,9,4.05455
2016,REG,TEN,00-0023662,M.Cassel,4,3.0,0.0,-1.46746,3,0.75
2016,REG,TEN,00-0024389,D.Walker,2,11.0,0.0,0.29246,2,5.5
2016,REG,TEN,00-0027816,M.Mariani,1,15.0,0.0,0.90589,1,15.0
2016,REG,TEN,00-0028009,D.Murray,293,1287.0,9.0,-0.04347,16,4.39249
2016,REG,TEN,00-0029050,A.Blake,1,-2.0,0.0,-2.89444,1,-2.0
2016,REG,TEN,00-0029708,K.Wright,1,15.0,0.0,1.27239,1,15.0
2016,REG,TEN,00-0030789,A.Andrews,2,15.0,0.0,0.50853,1,7.5
2016,REG,TEN,00-0032130,J.Fowler,1,3.0,0.0,0.13381,1,3.0
2016,REG,TEN,00-0032268,M.Mariota,60,349.0,2.0,-0.02483,15,5.81667
2016,REG,TEN,00-0032764,D.Henry,110,490.0,5.0,-0.00267,14,4.45455
2016,REG,TEN,00-0032778,T.Sharpe,1,1.0,0.0,-0.44032,1,1.0
2016,REG,WAS,00-0029604,K.Cousins,35,96.0,4.0,-0.08009,14,2.74286
2016,REG,WAS,00-0030404,C.Thompson,69,356.0,3.0,0.06965,16,5.15942
2016,REG,WAS,00-0031939,M.Jones,99,460.0,3.0,-0.07852,7,4.64646
2016,REG,WAS,00-0031941,J.Crowder,2,-2.0,0.0,-0.45499,2,-1.0
2016,REG,WAS,00-0032048,M.Brown,8,82.0,1.0,0.62485,1,10.25
2016,REG,WAS,00-0032371,R.Kelley,168,704.0,6.0,-0.0419,14,4.19048
2017,POST,ATL,00-0026143,M.Ryan,6,5.0,0.0,0.12834,1,0.83333
2017,POST,ATL,00-0027944,Ju.Jones,1,13.0,0.0,0.99241,1,13.0
2017,POST,ATL,00-0031285,D.Freeman,28,73.0,1.0,-0.25612,2,2.60714
2017,POST,ATL,00-0032058,T.Coleman,24,119.0,0.0,0.03818,2,4.95833
2017,POST,BUF,00-0026069,M.Tolbert,4,15.0,0.0,-0.32899,1,3.75
2017,POST,BUF,00-0027029,L.McCoy,19,75.0,0.0,-0.09988,1,3.94737
2017,POST,BUF,00-0028118,T.Taylor,7,27.0,0.0,0.21288,1,3.85714
2017,POST,BUF,00-0029388,D.Thompson,1,9.0,0.0,0.10055,1,9.0
2017,POST,BUF,00-0033958,N.Peterman,1,4.0,0.0,1.28795,1,4.0
2017,POST,CAR,00-0026153,J.Stewart,11,51.0,0.0,-0.23232,1,4.63636
2017,POST,CAR,00-0027939,C.Newton,8,37.0,0.0,0.45569,1,4.625
2017,POST,CAR,00-0029731,F.Whittaker,1,3.0,0.0,0.17528,1,3.0
2017,POST,CAR,00-0033280,C.McCaffrey,6,16.0,0.0,-0.39064,1,2.66667
2017,POST,JAX,00-0027531,C.Ivory,1,2.0,0.0,-0.11054,1,2.0
2017,POST,JAX,00-0031407,B.Bortles,17,121.0,0.0,0.50602,3,7.11765
2017,POST,JAX,00-0031431,M.Lee,1,5.0,0.0,0.07212,1,5.0
2017,POST,JAX,00-0031731,C.Grant,2,5.0,0.0,-0.54955,2,2.5
2017,POST,JAX,00-0032209,T.Yeldon,10,45.0,1.0,0.10102,2,4.5
2017,POST,JAX,00-0033856,L.Fournette,70,242.0,4.0,-0.03006,3,3.45714
2017,POST,KC,00-0023436,A.Smith,4,13.0,0.0,-0.80251,1,3.25
2017,POST,KC,00-0033040,T.Hill,1,14.0,0.0,1.03604,1,14.0
2017,POST,KC,00-0033923,K.Hunt,11,42.0,1.0,0.00128,1,3.81818
2017,POST,LA,00-0031806,M.Brown,2,14.0,0.0,-0.28802,1,7.0
2017,POST,LA,00-0032241,T.Gurley,14,101.0,0.0,0.21825,1,7.21429
2017,POST,MIN,00-0028986,C.Keenum,3,12.0,0.0,-0.5532,2,4.0
2017,POST,MIN,00-0029572,J.Wright,1,4.0,0.0,-0.23985,1,4.0
2017,POST,MIN,00-0030513,L.Murray,25,68.0,1.0,-0.18411,2,2.72
2017,POST,MIN,00-0031376,J.McKinnon,18,74.0,1.0,0.11995,2,4.11111
2017,POST,MIN,00-0032918,C.Ham,1,7.0,0.0,0.77183,1,7.0
2017,POST,NE,00-0019596,T.Brady,7,8.0,0.0,-0.20368,3,1.14286
2017,POST,NE,00-0026035,D.Amendola,1,3.0,0.0,-0.35556,1,3.0
2017,POST,NE,00-0026625,B.Hoyer,3,-1.0,0.0,-1.00027,1,-0.33333
2017,POST,NE,00-0028087,D.Lewis,33,135.0,0.0,-0.09404,3,4.09091
2017,POST,NE,00-0028237,C.Hogan,1,4.0,0.0,-0.06853,1,4.0
2017,POST,NE,00-0029239,B.Bolden,4,27.0,1.0,0.76538,1,6.75
2017,POST,NE,00-0030288,R.Burkhead,4,23.0,0.0,0.19365,2,5.75
2017,POST,NE,00-0031062,J.White,14,60.0,3.0,0.19361,3,4.28571
2017,POST,NE,00-0031236,B.Cooks,1,1.0,0.0,-1.73223,1,1.0
2017,POST,NO,00-0020531,D.Brees,3,0.0,0.0,-0.01038,2,0.0
2017,POST,NO,00-0025396,T.Ginn,1,11.0,0.0,1.29639,1,11.0
2017,POST,NO,00-0027966,M.Ingram,19,47.0,0.0,-0.34574,2,2.47368
2017,POST,NO,00-0029931,Z.Line,1,1.0,1.0,0.75139,1,1.0
2017,POST,NO,00-0032881,T.Lewis,1,-4.0,0.0,-2.22956,1,-4.0
2017,POST,NO,00-0033906,A.Kamara,21,66.0,1.0,-0.14782,2,3.14286
2017,POST,PHI,00-0027325,L.Blount,29,130.0,3.0,0.11649,3,4.48276
2017,POST,PHI,00-0029567,N.Foles,5,-2.0,0.0,-0.42084,1,-0.4
2017,POST,PHI,00-0031549,N.Agholor,4,29.0,0.0,0.51393,3,7.25
2017,POST,PHI,00-0031590,J.Ajayi,42,184.0,0.0,-0.18562,3,4.38095
2017,POST,PHI,00-0032792,N.Sudfeld,3,-4.0,0.0,0.0,1,-1.33333
2017,POST,PHI,00-0033725,C.Clement,6,33.0,0.0,-0.04992,3,5.5
2017,POST,PIT,00-0022924,B.Roethlisberger,2,16.0,1.0,2.03104,1,8.0
2017,POST,PIT,00-0030496,L.Bell,16,59.0,0.0,-0.45391,1,3.6875
2017,POST,TEN,00-0032268,M.Mariota,12,83.0,0.0,0.49943,2,6.91667
2017,POST,TEN,00-0032764,D.Henry,35,184.0,1.0,0.06922,2,5.25714
2017,REG,ARI,00-0021429,C.Palmer,14,12.0,0.0,0.01736,5,0.85714
2017,REG,ARI,00-0025394,A.Peterson,129,448.0,2.0,-0.29039,6,3.47287
2017,REG,ARI,00-0025430,D.Stanton,9,7.0,0.0,-0.15817,5,0.77778
2017,REG,ARI,00-0026164,C.Johnson,45,114.0,0.0,-0.25886,4,2.53333
2017,REG,ARI,00-0027948,B.Gabbert,22,82.0,0.0,-0.11041,5,3.72727
2017,REG,ARI,00-0030117,K.Williams,120,426.0,1.0,-0.15129,14,3.55
2017,REG,ARI,00-0030287,A.Ellington,15,53.0,1.0,-0.18428,5,3.53333
2017,REG,ARI,00-0031051,J.Brown,1,10.0,0.0,0.73947,1,10.0
2017,REG,ARI,00-0032112,J.Nelson,3,37.0,0.0,0.8186,3,12.33333
2017,REG,ARI,00-0032187,Da.Johnson,11,23.0,0.0,-1.00173,1,2.09091
2017,REG,ARI,00-0032298,B.Hill,1,-2.0,0.0,-1.47879,1,-2.0
2017,REG,ARI,00-0032577,D.Foster,6,19.0,0.0,-0.50432,4,3.16667
2017,REG,ARI,00-0032813,E.Penny,31,124.0,2.0,0.09838,6,4.0
2017,REG,ARI,00-0033933,C.Williams,2,33.0,0.0,0.57147,2,16.5
2017,REG,ATL,00-0026143,M.Ryan,33,143.0,0.0,0.09635,14,4.33333
2017,REG,ATL,00-0027944,Ju.Jones,1,15.0,0.0,0.97184,1,15.0
2017,REG,ATL,00-0028130,M.Bosher,1,0.0,0.0,-2.46594,1,0.0
2017,REG,ATL,00-0029068,D.Coleman,2,8.0,0.0,-0.88819,1,4.0
2017,REG,ATL,00-0029632,M.Sanu,4,10.0,0.0,0.16784,4,2.5
2017,REG,ATL,00-0031228,T.Gabriel,8,49.0,0.0,-0.09872,8,6.125
2017,REG,ATL,00-0031285,D.Freeman,196,865.0,7.0,-0.06019,14,4.41327
2017,REG,ATL,00-0031682,T.Ward,30,129.0,0.0,-0.30723,4,4.3
2017,REG,ATL,00-0032058,T.Coleman,156,628.0,5.0,-0.11949,15,4.02564
2017,REG,BAL,00-0026019,D.Woodhead,14,56.0,0.0,-0.19757,8,4.0
2017,REG,BAL,00-0026158,J.Flacco,25,54.0,1.0,-0.31881,11,2.16
2017,REG,BAL,00-0026901,M.Wallace,1,4.0,0.0,0.10218,1,4.0
2017,REG,BAL,00-0028012,R.Mallett,4,-3.0,0.0,0.16307,1,-0.75
2017,REG,BAL,00-0029384,B.Rainey,1,2.0,0.0,-0.53484,1,2.0
2017,REG,BAL,00-0031025,M.Campanaro,5,42.0,0.0,0.34935,5,8.4
2017,REG,BAL,00-0031375,T.West,40,138.0,2.0,-0.22523,5,3.45
2017,REG,BAL,00-0031558,M.Williams,2,6.0,0.0,0.26516,2,3.0
2017,REG,BAL,00-0031577,J.Allen,153,591.0,4.0,-0.07344,16,3.86275
2017,REG,BAL,00-0032188,V.Mayle,2,2.0,1.0,0.18745,2,1.0
2017,REG,BAL,00-0032398,C.Moore,2,-9.0,0.0,-1.38001,2,-4.5
2017,REG,BAL,00-0032426,A.Collins,212,973.0,6.0,-0.00681,15,4.58962
2017,REG,BUF,00-0024348,K.Williams,1,1.0,1.0,0.61348,1,1.0
2017,REG,BUF,00-0026069,M.Tolbert,66,247.0,1.0,-0.20231,12,3.74242
2017,REG,BUF,00-0027029,L.McCoy,287,1138.0,6.0,-0.14012,16,3.96516
2017,REG,BUF,00-0027796,J.Webb,8,54.0,0.0,0.69506,2,6.75
2017,REG,BUF,00-0028118,T.Taylor,84,427.0,4.0,0.25622,15,5.08333
2017,REG,BUF,00-0028581,P.DiMarco,2,-2.0,0.0,-1.90202,2,-1.0
2017,REG,BUF,00-0029205,T.Cadet,22,93.0,0.0,-0.00979,6,4.22727
2017,REG,BUF,00-0029388,D.Thompson,2,-5.0,0.0,-0.96952,2,-2.5
2017,REG,BUF,00-0031959,M.Murphy,8,41.0,0.0,-0.15369,1,5.125
2017,REG,BUF,00-0032115,K.Clay,1,0.0,0.0,-0.42406,1,0.0
2017,REG,BUF,00-0033958,N.Peterman,7,23.0,0.0,-0.20914,3,3.28571
2017,REG,CAR,00-0023645,D.Anderson,2,-2.0,0.0,-1.85699,1,-1.0
2017,REG,CAR,00-0026153,J.Stewart,198,680.0,6.0,-0.19746,15,3.43434
2017,REG,CAR,00-0027939,C.Newton,140,754.0,6.0,0.08451,16,5.38571
2017,REG,CAR,00-0029731,F.Whittaker,7,18.0,0.0,-0.2911,6,2.57143
2017,REG,CAR,00-0030147,R.Shepard,2,19.0,0.0,0.58168,2,9.5
2017,REG,CAR,00-0031599,C.Artis-Payne,18,95.0,1.0,0.09231,5,5.27778
2017,REG,CAR,00-0031868,D.Byrd,1,12.0,0.0,0.80857,1,12.0
2017,REG,CAR,00-0032115,K.Clay,2,27.0,0.0,0.2503,2,13.5
2017,REG,CAR,00-0033280,C.McCaffrey,117,435.0,2.0,-0.11023,16,3.71795
2017,REG,CAR,00-0033282,C.Samuel,4,64.0,0.0,0.97877,4,16.0
2017,REG,CHI,00-0029319,J.Bellamy,1,6.0,0.0,0.28177,1,6.0
2017,REG,CHI,00-0029795,B.Cunningham,9,29.0,0.0,-0.20035,5,3.22222
2017,REG,CHI,00-0030520,M.Glennon,4,4.0,0.0,-1.74139,2,1.0
2017,REG,CHI,00-0031595,M.Burton,4,9.0,0.0,-0.32976,4,2.25
2017,REG,CHI,00-0032780,Jo.Howard,276,1122.0,9.0,-0.05352,16,4.06522
2017,REG,CHI,00-0033556,T.Cohen,87,370.0,2.0,-0.14113,15,4.25287
2017,REG,CHI,00-0033869,M.Trubisky,42,248.0,2.0,0.02978,11,5.90476
2017,REG,CIN,00-0027973,A.Dalton,38,99.0,0.0,-0.28988,14,2.60526
2017,REG,CIN,00-0030456,G.Bernard,105,458.0,2.0,-0.09344,16,4.3619
2017,REG,CIN,00-0031301,J.Hill,37,116.0,0.0,-0.12208,7,3.13514
2017,REG,CIN,00-0032543,A.Erickson,5,16.0,0.0,-0.36692,4,3.2
2017,REG,CIN,00-0033460,J.Ross,1,12.0,0.0,-7.21469,1,12.0
2017,REG,CIN,00-0033567,B.Hill,11,37.0,0.0,-0.12769,3,3.36364
2017,REG,CIN,00-0033859,J.Malone,2,2.0,0.0,-0.65535,2,1.0
2017,REG,CIN,00-0033897,J.Mixon,178,626.0,4.0,-0.10834,14,3.51685
2017,REG,CLE,00-0030656,I.Crowell,207,853.0,2.0,-0.13987,16,4.12077
2017,REG,CLE,00-0032257,D.Johnson,46,240.0,2.0,0.27475,9,5.21739
2017,REG,CLE,00-0032257,D.Johnson Jr.,36,108.0,2.0,-0.24153,6,3.0
2017,REG,CLE,00-0032724,B.Treggs,1,6.0,0.0,0.27268,1,6.0
2017,REG,CLE,00-0032784,K.Hogan,10,71.0,0.0,0.34465,3,7.1
2017,REG,CLE,00-0032977,R.Higgins,1,4.0,0.0,-0.15544,1,4.0
2017,REG,CLE,00-0033104,C.Kessler,1,-1.0,0.0,0.0,1,-1.0
2017,REG,CLE,00-0033596,M.Dayes,5,13.0,0.0,-0.04231,3,2.6
2017,REG,CLE,00-0033885,D.Njoku,1,1.0,0.0,-0.40062,1,1.0
2017,REG,CLE,00-0033899,D.Kizer,77,419.0,5.0,0.23917,14,5.44156
2017,REG,DAL,00-0026144,D.McFadden,1,-2.0,0.0,-1.02466,1,-2.0
2017,REG,DAL,00-0027902,D.Bryant,1,-4.0,0.0,-1.10098,1,-4.0
2017,REG,DAL,00-0028664,C.Jones,1,24.0,0.0,4.43071,1,24.0
2017,REG,DAL,00-0029141,A.Morris,115,547.0,1.0,0.0095,13,4.75652
2017,REG,DAL,00-0030542,T.Williams,2,15.0,0.0,0.6498,2,7.5
2017,REG,DAL,00-0031900,R.Smith,55,232.0,4.0,0.09994,9,4.21818
2017,REG,DAL,00-0033045,E.Elliott,242,983.0,7.0,-0.0206,10,4.06198
2017,REG,DAL,00-0033077,D.Prescott,57,357.0,6.0,0.57889,15,6.26316
2017,REG,DAL,00-0033562,R.Switzer,4,5.0,0.0,-0.52691,4,1.25
2017,REG,DAL,00-0033662,C.Rush,2,13.0,0.0,-1.42975,1,6.5
2017,REG,DEN,00-0026213,J.Charles,69,296.0,1.0,-0.20015,12,4.28986
2017,REG,DEN,00-0029682,B.Osweiler,14,64.0,1.0,0.32795,5,4.57143
2017,REG,DEN,00-0029854,C.Anderson,245,1007.0,3.0,-0.09803,16,4.1102
2017,REG,DEN,00-0032156,T.Siemian,31,127.0,1.0,0.13979,10,4.09677
2017,REG,DEN,00-0032956,A.Janovich,6,12.0,1.0,0.15528,6,2.0
2017,REG,DEN,00-0032972,D.Booker,79,299.0,1.0,-0.05672,13,3.78481
2017,REG,DEN,00-0033108,P.Lynch,5,30.0,0.0,0.24621,2,6.0
2017,REG,DEN,00-0033466,I.McKenzie,1,4.0,0.0,-0.18382,1,4.0
2017,REG,DEN,00-0033581,D.Henderson,7,13.0,0.0,-0.77408,3,1.85714
2017,REG,DET,00-0026498,M.Stafford,29,98.0,0.0,-0.22674,14,3.37931
2017,REG,DET,00-0027891,G.Tate,5,22.0,0.0,-0.22037,3,4.4
2017,REG,DET,00-0030107,T.Riddick,84,286.0,3.0,-0.20986,15,3.40476
2017,REG,DET,00-0031420,K.Redfern,1,10.0,0.0,-2.26,1,10.0
2017,REG,DET,00-0031665,Z.Zenner,14,26.0,1.0,-0.66459,7,1.85714
2017,REG,DET,00-0032104,A.Abdullah,165,552.0,4.0,-0.2232,14,3.34545
2017,REG,DET,00-0032431,J.Rudock,1,0.0,0.0,-0.947,1,0.0
2017,REG,DET,00-0032450,D.Washington,20,44.0,0.0,-0.45444,4,2.2
2017,REG,DET,00-0033572,J.Agnew,2,9.0,0.0,0.15932,2,4.5
2017,REG,DET,00-0033748,T.Green,42,165.0,2.0,-0.00314,5,3.92857
2017,REG,DET,00-0033932,K.Golladay,1,9.0,0.0,0.86749,1,9.0
2017,REG,GB,00-0023459,A.Rodgers,24,126.0,0.0,0.19425,6,5.25
2017,REG,GB,00-0028002,R.Cobb,9,17.0,0.0,-0.27844,6,1.88889
2017,REG,GB,00-0031512,J.Whitehead,1,7.0,0.0,3.15862,1,7.0
2017,REG,GB,00-0031589,B.Hundley,36,270.0,2.0,0.40289,10,7.5
2017,REG,GB,00-0031612,A.Ripkowski,5,13.0,0.0,-0.34183,4,2.6
2017,REG,GB,00-0032200,T.Montgomery,71,273.0,3.0,-0.06671,8,3.84507
2017,REG,GB,00-0032423,T.Davis,2,13.0,0.0,0.29487,2,6.5
2017,REG,GB,00-0033293,A.Jones,81,448.0,4.0,0.12306,10,5.53086
2017,REG,GB,00-0033304,D.Mays,4,1.0,0.0,-1.66698,2,0.25
2017,REG,GB,00-0033948,J.Williams,153,556.0,4.0,-0.01456,14,3.63399
2017,REG,HOU,00-0028090,T.Yates,5,51.0,0.0,1.14389,3,10.2
2017,REG,HOU,00-0029615,L.Miller,238,888.0,3.0,-0.11935,16,3.73109
2017,REG,HOU,00-0030287,A.Ellington,5,2.0,0.0,-0.41387,2,0.4
2017,REG,HOU,00-0031064,T.Savage,4,2.0,0.0,-0.23437,3,0.5
2017,REG,HOU,00-0031075,A.Blue,71,262.0,1.0,-0.11217,8,3.69014
2017,REG,HOU,00-0031326,B.Ellington,3,17.0,0.0,0.01854,3,5.66667
2017,REG,HOU,00-0031800,T.Heinicke,1,2.0,0.0,-0.64923,1,2.0
2017,REG,HOU,00-0032404,T.Ervin,4,12.0,0.0,-0.18202,2,3.0
2017,REG,HOU,00-0033069,B.Miller,1,1.0,0.0,-0.69832,1,1.0
2017,REG,HOU,00-0033127,W.Fuller V,2,9.0,0.0,-0.05933,2,4.5
2017,REG,HOU,00-0033537,D.Watson,37,269.0,2.0,0.46893,7,7.27027
2017,REG,HOU,00-0033925,D.Foreman,78,327.0,2.0,-0.14224,9,4.19231
2017,REG,IND,00-0023500,F.Gore,261,961.0,3.0,-0.09196,16,3.68199
2017,REG,IND,00-0028595,S.Tolzien,2,2.0,0.0,-0.18081,1,1.0
2017,REG,IND,00-0029273,R.Turbin,23,53.0,1.0,-0.04119,6,2.30435
2017,REG,IND,00-0031939,M.Jones,5,14.0,0.0,-0.18578,2,2.8
2017,REG,IND,00-0032355,C.Rogers,3,8.0,0.0,-0.25232,3,2.66667
2017,REG,IND,00-0032377,J.Ferguson,1,5.0,0.0,-0.15818,1,5.0
2017,REG,IND,00-0033119,J.Brissett,63,260.0,4.0,-0.03577,15,4.12698
2017,REG,IND,00-0033951,M.Mack,93,358.0,3.0,-0.09864,14,3.84946
2017,REG,JAX,00-0026197,C.Henne,5,-5.0,0.0,0.0,2,-1.0
2017,REG,JAX,00-0027531,C.Ivory,112,382.0,1.0,-0.24207,14,3.41071
2017,REG,JAX,00-0030112,T.Bohanon,5,5.0,2.0,-0.66818,4,1.0
2017,REG,JAX,00-0031407,B.Bortles,57,322.0,2.0,0.24112,15,5.64912
2017,REG,JAX,00-0031431,M.Lee,1,17.0,0.0,0.98743,1,17.0
2017,REG,JAX,00-0031731,C.Grant,30,248.0,2.0,0.43522,7,8.26667
2017,REG,JAX,00-0032209,T.Yeldon,49,253.0,2.0,-0.07425,9,5.16327
2017,REG,JAX,00-0033856,L.Fournette,269,1040.0,9.0,-0.06449,13,3.86617
2017,REG,KC,00-0023436,A.Smith,61,323.0,1.0,0.14399,15,5.29508
2017,REG,KC,00-0027861,C.Spiller,2,0.0,0.0,-0.65214,1,0.0
2017,REG,KC,00-0028074,A.Sherman,14,40.0,1.0,0.00735,1,2.85714
2017,REG,KC,00-0030151,T.Bray,1,0.0,0.0,-9.13075,1,0.0
2017,REG,KC,00-0030506,T.Kelce,2,7.0,0.0,0.37844,2,3.5
2017,REG,KC,00-0030668,C.West,18,72.0,2.0,-0.05554,8,4.0
2017,REG,KC,00-0030669,A.Wilson,3,6.0,0.0,-0.53829,3,2.0
2017,REG,KC,00-0031060,D.Thomas,1,4.0,0.0,-0.30518,1,4.0
2017,REG,KC,00-0031743,A.Hunt,8,23.0,0.0,-0.20956,5,2.875
2017,REG,KC,00-0033040,T.Hill,17,59.0,0.0,-0.27396,9,3.47059
2017,REG,KC,00-0033873,P.Mahomes,7,10.0,0.0,-0.35274,1,1.42857
2017,REG,KC,00-0033923,K.Hunt,272,1327.0,8.0,0.01195,16,4.87868
2017,REG,LA,00-0029004,L.Dunbar,11,51.0,1.0,0.22678,2,4.63636
2017,REG,LA,00-0030431,R.Woods,2,12.0,0.0,0.15978,2,6.0
2017,REG,LA,00-0030525,T.Austin,59,270.0,1.0,0.05929,14,4.57627
2017,REG,LA,00-0031806,M.Brown,63,246.0,1.0,-0.14097,9,3.90476
2017,REG,LA,00-0032241,T.Gurley,279,1305.0,13.0,-0.04021,15,4.67742
2017,REG,LA,00-0032245,S.Mannion,9,-2.0,0.0,0.17936,5,-0.22222
2017,REG,LA,00-0033106,J.Goff,28,51.0,1.0,-0.39597,13,1.82143
2017,REG,LA,00-0033111,P.Cooper,1,6.0,0.0,0.74956,1,6.0
2017,REG,LA,00-0033760,J.Davis,1,1.0,0.0,-0.35737,1,1.0
2017,REG,LA,00-0033895,G.Everett,1,13.0,0.0,1.08335,1,13.0
2017,REG,LAC,00-0022942,P.Rivers,18,-2.0,0.0,-0.4519,8,-0.11111
2017,REG,LAC,00-0024264,K.Clemens,5,-5.0,0.0,-0.43721,2,-1.0
2017,REG,LAC,00-0029269,T.Benjamin,13,96.0,0.0,0.40645,11,7.38462
2017,REG,LAC,00-0030279,K.Allen,2,9.0,0.0,0.09396,2,4.5
2017,REG,LAC,00-0031055,A.Williams,9,25.0,0.0,-0.29525,2,2.77778
2017,REG,LAC,00-0031277,B.Oliver,35,83.0,0.0,-0.22802,7,2.37143
2017,REG,LAC,00-0032144,M.Gordon,284,1105.0,8.0,-0.0812,16,3.89085
2017,REG,LAC,00-0032897,D.Watt,6,24.0,0.0,-0.00176,5,4.0
2017,REG,LAC,00-0033699,A.Ekeler,47,260.0,2.0,0.00365,11,5.53191
2017,REG,LV,00-0025399,M.Lynch,207,891.0,7.0,-0.07399,15,4.30435
2017,REG,LV,00-0029123,M.King,2,-14.0,0.0,-3.73409,2,-7.0
2017,REG,LV,00-0029492,J.Olawale,9,43.0,1.0,0.34137,5,4.77778
2017,REG,LV,00-0030526,E.Manuel,2,15.0,0.0,1.14982,1,7.5
2017,REG,LV,00-0030578,C.Patterson,13,121.0,2.0,0.38444,7,9.30769
2017,REG,LV,00-0031280,D.Carr,23,66.0,0.0,-0.414,10,2.86957
2017,REG,LV,00-0031544,A.Cooper,1,4.0,0.0,0.52993,1,4.0
2017,REG,LV,00-0032940,D.Washington,57,153.0,2.0,-0.17625,15,2.68421
2017,REG,LV,00-0033025,J.Richard,56,275.0,1.0,-0.13918,13,4.91071
2017,REG,MIA,00-0024226,J.Cutler,19,32.0,0.0,-0.19444,12,1.68421
2017,REG,MIA,00-0025708,M.Moore,3,9.0,0.0,0.03299,2,3.0
2017,REG,MIA,00-0029878,M.Gray,5,14.0,0.0,0.35283,4,2.8
2017,REG,MIA,00-0030874,D.Williams,46,181.0,0.0,-0.32226,9,3.93478
2017,REG,MIA,00-0031076,D.Fales,4,8.0,1.0,0.07968,1,2.0
2017,REG,MIA,00-0031209,S.Perry,8,30.0,0.0,-0.1163,2,3.75
2017,REG,MIA,00-0031382,J.Landry,1,-7.0,0.0,-1.48486,1,-7.0
2017,REG,MIA,00-0031590,J.Ajayi,138,465.0,0.0,-0.17787,7,3.36957
2017,REG,MIA,00-0032791,J.Grant,3,12.0,0.0,-0.06397,3,4.0
2017,REG,MIA,00-0033118,K.Drake,134,644.0,3.0,-0.09446,14,4.80597
2017,REG,MIN,00-0027854,S.Bradford,2,-3.0,0.0,-2.06043,1,-1.5
2017,REG,MIN,00-0028986,C.Keenum,40,160.0,1.0,-0.03093,12,4.0
2017,REG,MIN,00-0030035,A.Thielen,1,11.0,0.0,1.23587,1,11.0
2017,REG,MIN,00-0030513,L.Murray,216,842.0,8.0,-0.09025,16,3.89815
2017,REG,MIN,00-0031237,T.Bridgewater,3,-3.0,0.0,0.0,1,-1.0
2017,REG,MIN,00-0031376,J.McKinnon,151,570.0,3.0,-0.24008,16,3.77483
2017,REG,MIN,00-0031588,S.Diggs,8,13.0,0.0,-0.30958,8,1.625
2017,REG,MIN,00-0032918,C.Ham,7,13.0,1.0,0.42932,5,1.85714
2017,REG,MIN,00-0033893,D.Cook,74,354.0,2.0,-0.08372,4,4.78378
2017,REG,NE,00-0019596,T.Brady,25,28.0,0.0,-0.48815,12,1.12
2017,REG,NE,00-0026625,B.Hoyer,4,-3.0,0.0,-1.9043,2,-0.75
2017,REG,NE,00-0028087,D.Lewis,180,896.0,6.0,0.10335,16,4.97778
2017,REG,NE,00-0028237,C.Hogan,3,17.0,0.0,-0.08154,1,5.66667
2017,REG,NE,00-0029239,B.Bolden,13,67.0,0.0,-0.00567,3,5.15385
2017,REG,NE,00-0029570,N.Ebner,1,14.0,0.0,3.56438,1,14.0
2017,REG,NE,00-0030288,R.Burkhead,64,264.0,5.0,0.0317,10,4.125
2017,REG,NE,00-0030433,M.Gillislee,104,383.0,5.0,-0.15086,9,3.68269
2017,REG,NE,00-0031062,J.White,43,171.0,0.0,-0.16372,12,3.97674
2017,REG,NE,00-0031236,B.Cooks,9,40.0,0.0,-0.14386,6,4.44444
2017,REG,NE,00-0032208,P.Dorsett,1,7.0,0.0,0.28829,1,7.0
2017,REG,NE,00-0033387,J.Hollister,1,5.0,0.0,0.042,1,5.0
2017,REG,NO,00-0020531,D.Brees,33,12.0,2.0,-0.25259,13,0.36364
2017,REG,NO,00-0022999,J.Kuhn,1,2.0,0.0,0.08281,1,2.0
2017,REG,NO,00-0025394,A.Peterson,27,81.0,0.0,-0.13451,4,3.0
2017,REG,NO,00-0025396,T.Ginn,10,39.0,0.0,0.09032,9,3.9
2017,REG,NO,00-0026544,C.Daniel,3,-2.0,0.0,-0.81057,1,-0.66667
2017,REG,NO,00-0027966,M.Ingram,230,1124.0,12.0,-0.02873,16,4.88696
2017,REG,NO,00-0029931,Z.Line,7,28.0,0.0,0.2057,5,4.0
2017,REG,NO,00-0030216,J.Hill,1,-8.0,0.0,-1.55164,1,-8.0
2017,REG,NO,00-0032569,W.Lutz,1,4.0,0.0,-2.75698,1,4.0
2017,REG,NO,00-0032881,T.Lewis,2,14.0,0.0,0.15641,2,7.0
2017,REG,NO,00-0033838,T.Edmunds,9,48.0,1.0,-0.16408,1,5.33333
2017,REG,NO,00-0033906,A.Kamara,121,728.0,8.0,0.25278,16,6.01653
2017,REG,NYG,00-0022803,E.Manning,12,26.0,1.0,-0.81144,7,2.16667
2017,REG,NYG,00-0027994,S.Vereen,45,164.0,0.0,-0.29971,13,3.64444
2017,REG,NYG,00-0030091,T.King,2,3.0,0.0,-0.19938,2,1.5
2017,REG,NYG,00-0030565,G.Smith,4,12.0,0.0,-0.35608,2,3.0
2017,REG,NYG,00-0030860,O.Darkwa,172,751.0,5.0,-0.04907,15,4.36628
2017,REG,NYG,00-0031070,N.Berhe,1,2.0,0.0,2.06948,1,2.0
2017,REG,NYG,00-0031235,O.Beckham,1,8.0,0.0,0.51213,1,8.0
2017,REG,NYG,00-0032385,S.Shepard,4,4.0,0.0,-0.62277,3,1.0
2017,REG,NYG,00-0032417,P.Perkins,41,90.0,0.0,-0.31347,7,2.19512
2017,REG,NYG,00-0032464,K.Raymond,1,-1.0,0.0,-1.75999,1,-1.0
2017,REG,NYG,00-0033881,E.Engram,1,14.0,0.0,1.00191,1,14.0
2017,REG,NYG,00-0033950,W.Gallman,111,476.0,0.0,-0.05054,13,4.28829
2017,REG,NYJ,00-0021206,J.McCown,37,124.0,5.0,0.17895,12,3.35135
2017,REG,NYJ,00-0026184,M.Forte,103,381.0,2.0,-0.18362,12,3.69903
2017,REG,NYJ,00-0028064,B.Powell,178,772.0,5.0,-0.10077,15,4.33708
2017,REG,NYJ,00-0029205,T.Cadet,1,3.0,0.0,-0.22277,1,3.0
2017,REG,NYJ,00-0031568,B.Petty,7,55.0,0.0,0.73234,4,7.85714
2017,REG,NYJ,00-0032688,R.Anderson,3,9.0,0.0,0.00535,3,3.0
2017,REG,NYJ,00-0032740,L.Thomas,2,1.0,0.0,-1.10035,2,0.5
2017,REG,NYJ,00-0033266,J.Natson,1,15.0,0.0,1.63828,1,15.0
2017,REG,NYJ,00-0033295,E.McGuire,89,315.0,1.0,-0.21434,14,3.53933
2017,REG,NYJ,00-0033916,A.Stewart,7,27.0,0.0,-0.09393,4,3.85714
2017,REG,PHI,00-0023564,D.Sproles,15,61.0,0.0,-0.14405,3,4.06667
2017,REG,PHI,00-0027325,L.Blount,174,766.0,2.0,-0.13462,15,4.4023
2017,REG,PHI,00-0027996,T.Smith,1,-3.0,0.0,-1.04485,1,-3.0
2017,REG,PHI,00-0029567,N.Foles,13,3.0,0.0,-0.97443,7,0.23077
2017,REG,PHI,00-0030465,K.Barner,16,57.0,1.0,-0.19292,6,3.5625
2017,REG,PHI,00-0031549,N.Agholor,1,7.0,0.0,0.37996,1,7.0
2017,REG,PHI,00-0031590,J.Ajayi,70,408.0,1.0,0.01386,7,5.82857
2017,REG,PHI,00-0032782,W.Smallwood,47,174.0,1.0,-0.19312,8,3.70213
2017,REG,PHI,00-0032792,N.Sudfeld,1,22.0,0.0,2.48299,1,22.0
2017,REG,PHI,00-0032950,C.Wentz,64,299.0,0.0,0.23311,13,4.67188
2017,REG,PHI,00-0033725,C.Clement,75,321.0,4.0,0.06909,14,4.28
2017,REG,PIT,00-0022924,B.Roethlisberger,28,47.0,0.0,-0.17741,15,1.67857
2017,REG,PIT,00-0026983,D.Heyward-Bey,2,32.0,1.0,1.56137,2,16.0
2017,REG,PIT,00-0028011,S.Ridley,26,108.0,1.0,-0.07473,2,4.15385
2017,REG,PIT,00-0030496,L.Bell,322,1291.0,9.0,-0.05622,15,4.00932
2017,REG,PIT,00-0030524,L.Jones,8,-10.0,0.0,-0.94715,3,-1.25
2017,REG,PIT,00-0030741,R.Nix,3,0.0,1.0,-1.45934,2,0.0
2017,REG,PIT,00-0031332,F.Toussaint,6,25.0,0.0,0.12902,2,4.16667
2017,REG,PIT,00-0031373,M.Bryant,6,22.0,0.0,-0.21948,6,3.66667
2017,REG,PIT,00-0031793,T.Watson,5,8.0,0.0,-0.51504,5,1.6
2017,REG,PIT,00-0033553,J.Conner,32,144.0,0.0,-0.00944,12,4.5
2017,REG,SEA,00-0028434,D.Baldwin,2,-8.0,0.0,-1.42347,2,-4.0
2017,REG,SEA,00-0028957,A.Davis,1,-1.0,0.0,0.0,1,-1.0
2017,REG,SEA,00-0029263,R.Wilson,95,586.0,3.0,0.30073,16,6.16842
2017,REG,SEA,00-0030485,E.Lacy,69,179.0,0.0,-0.28917,9,2.5942
2017,REG,SEA,00-0031897,T.Rawls,58,157.0,0.0,-0.39205,9,2.7069
2017,REG,SEA,00-0032063,M.Davis,68,223.0,0.0,-0.28699,6,3.27941
2017,REG,SEA,00-0032211,T.Lockett,10,58.0,0.0,0.46207,7,5.8
2017,REG,SEA,00-0032393,C.Prosise,11,23.0,0.0,-0.35751,3,2.09091
2017,REG,SEA,00-0032602,J.McKissic,46,187.0,1.0,-0.07948,12,4.06522
2017,REG,SEA,00-0033594,C.Carson,49,208.0,0.0,-0.08815,4,4.2449
2017,REG,SF,00-0026625,B.Hoyer,5,7.0,1.0,0.15247,4,1.4
2017,REG,SF,00-0029892,K.Juszczyk,7,31.0,0.0,-0.27498,7,4.42857
2017,REG,SF,00-0030068,M.Goodwin,4,44.0,0.0,0.6458,4,11.0
2017,REG,SF,00-0031045,C.Hyde,240,938.0,8.0,-0.11991,16,3.90833
2017,REG,SF,00-0031345,J.Garoppolo,15,11.0,1.0,0.10301,5,0.73333
2017,REG,SF,00-0031687,R.Mostert,6,30.0,0.0,-0.55357,3,5.0
2017,REG,SF,00-0033308,M.Breida,105,465.0,2.0,0.00389,16,4.42857
2017,REG,SF,00-0033936,C.Beathard,26,136.0,3.0,0.26665,6,5.23077
2017,REG,TB,00-0023682,R.Fitzpatrick,16,78.0,0.0,0.15545,6,4.875
2017,REG,TB,00-0026189,D.Jackson,3,38.0,0.0,0.71865,3,12.66667
2017,REG,TB,00-0028083,J.Rodgers,64,244.0,1.0,-0.13974,12,3.8125
2017,REG,TB,00-0029613,D.Martin,139,406.0,3.0,-0.20995,11,2.92086
2017,REG,TB,00-0030743,B.Reedy,3,17.0,0.0,0.04794,3,5.66667
2017,REG,TB,00-0031390,C.Sims III,22,95.0,0.0,-0.04167,13,4.31818
2017,REG,TB,00-0031503,J.Winston,33,135.0,1.0,-0.16562,12,4.09091
2017,REG,TB,00-0032009,A.Humphries,1,6.0,0.0,0.52846,1,6.0
2017,REG,TB,00-0032741,P.Barber,108,423.0,3.0,-0.03433,10,3.91667
2017,REG,TB,00-0033434,B.Wilson,3,8.0,0.0,-0.19509,2,2.66667
2017,REG,TEN,00-0024389,D.Walker,2,-2.0,1.0,-0.27069,2,-1.0
2017,REG,TEN,00-0024535,E.Weems,1,0.0,0.0,-3.31236,1,0.0
2017,REG,TEN,00-0028009,D.Murray,184,659.0,6.0,-0.17232,15,3.58152
2017,REG,TEN,00-0029580,R.Matthews,1,-3.0,0.0,-0.99069,1,-3.0
2017,REG,TEN,00-0030711,D.Fluellen,4,21.0,0.0,-0.199,2,5.25
2017,REG,TEN,00-0032130,J.Fowler,2,4.0,1.0,0.43312,2,2.0
2017,REG,TEN,00-0032268,M.Mariota,60,312.0,5.0,0.17309,15,5.2
2017,REG,TEN,00-0032764,D.Henry,176,744.0,5.0,-0.07962,16,4.22727
2017,REG,TEN,00-0033878,A.Jackson,5,55.0,0.0,0.69792,3,11.0
2017,REG,TEN,00-0033911,T.Taylor,8,43.0,0.0,0.07048,7,5.375
2017,REG,WAS,00-0028093,N.Paul,2,4.0,0.0,0.65028,2,2.0
2017,REG,WAS,00-0029604,K.Cousins,49,179.0,4.0,0.03554,16,3.65306
2017,REG,WAS,00-0030404,C.Thompson,64,294.0,2.0,-0.11925,10,4.59375
2017,REG,WAS,00-0031102,K.Bibbs,21,79.0,0.0,-0.09761,3,3.7619
2017,REG,WAS,00-0031941,J.Crowder,7,34.0,0.0,0.04229,6,4.85714
2017,REG,WAS,00-0032048,M.Brown,8,29.0,0.0,-0.53746,2,3.625
2017,REG,WAS,00-0032371,R.Kelley,62,194.0,3.0,-0.12981,7,3.12903
2017,REG,WAS,00-0032760,J.Doctson,1,-14.0,0.0,-2.23983,1,-14.0
2017,REG,WAS,00-0032964,B.Marshall,9,32.0,0.0,-0.25618,3,3.55556
2017,REG,WAS,00-0033384,L.Daniels,3,14.0,0.0,-0.21671,2,4.66667
2017,REG,WAS,00-0033526,S.Perine,175,603.0,1.0,-0.2091,13,3.44571
2018,POST,BAL,00-0032411,K.Dixon,6,13.0,0.0,-1.06511,1,2.16667
2018,POST,BAL,00-0034184,G.Edwards,8,23.0,0.0,-0.42209,1,2.875
2018,POST,BAL,00-0034796,L.Jackson,9,54.0,0.0,-0.08119,1,6.0
2018,POST,CHI,00-0029795,B.Cunningham,1,2.0,0.0,0.82804,1,2.0
2018,POST,CHI,00-0031228,T.Gabriel,2,20.0,0.0,0.76967,1,10.0
2018,POST,CHI,00-0032780,J.Howard,10,35.0,0.0,-0.19529,1,3.5
2018,POST,CHI,00-0033373,T.Mizzell,1,-1.0,0.0,-1.053,1,-1.0
2018,POST,CHI,00-0033556,T.Cohen,1,0.0,0.0,-0.38375,1,0.0
2018,POST,CHI,00-0033869,M.Trubisky,3,9.0,0.0,-0.78131,1,3.0
2018,POST,DAL,00-0030525,T.Austin,1,-3.0,0.0,-1.01112,1,-3.0
2018,POST,DAL,00-0031900,R.Smith,1,1.0,0.0,-0.72211,1,1.0
2018,POST,DAL,00-0033045,E.Elliott,46,184.0,2.0,-0.07027,2,4.0
2018,POST,DAL,00-0033077,D.Prescott,8,32.0,2.0,1.07314,2,4.0
2018,POST,HOU,00-0029615,L.Miller,5,18.0,0.0,0.00508,1,3.6
2018,POST,HOU,00-0031075,A.Blue,2,8.0,0.0,0.20211,1,4.0
2018,POST,HOU,00-0033537,D.Watson,8,76.0,0.0,0.73093,1,9.5
2018,POST,HOU,00-0033925,D.Foreman,1,3.0,0.0,-0.25678,1,3.0
2018,POST,IND,00-0029668,A.Luck,10,46.0,0.0,-0.02462,2,4.6
2018,POST,IND,00-0033251,Z.Pascal,1,14.0,0.0,1.07356,1,14.0
2018,POST,IND,00-0033951,M.Mack,33,194.0,1.0,0.0815,2,5.87879
2018,POST,IND,00-0034367,N.Hines,3,24.0,0.0,0.23109,1,8.0
2018,POST,IND,00-0034400,J.Wilkins,2,9.0,0.0,-0.19506,1,4.5
2018,POST,KC,00-0030874,Dam. Williams,35,159.0,2.0,0.11589,2,4.54286
2018,POST,KC,00-0031325,S.Watkins,1,-2.0,0.0,-1.38483,1,-2.0
2018,POST,KC,00-0033040,T.Hill,1,36.0,1.0,3.17099,1,36.0
2018,POST,KC,00-0033873,P.Mahomes,5,19.0,1.0,0.41227,2,3.8
2018,POST,KC,00-0034301,Dar.Williams,3,9.0,1.0,0.72592,1,3.0
2018,POST,LA,00-0029854,C.Anderson,46,189.0,2.0,0.07602,3,4.1087
2018,POST,LA,00-0030431,R.Woods,4,11.0,0.0,-0.25462,3,2.75
2018,POST,LA,00-0031236,B.Cooks,1,5.0,0.0,1.00121,1,5.0
2018,POST,LA,00-0032241,T.Gurley,30,160.0,2.0,0.09164,3,5.33333
2018,POST,LA,00-0033106,J.Goff,9,22.0,0.0,-0.21287,2,2.44444
2018,POST,LA,00-0033943,J.Reynolds,2,25.0,0.0,1.02265,2,12.5
2018,POST,LAC,00-0022942,P.Rivers,3,15.0,0.0,0.31142,1,5.0
2018,POST,LAC,00-0032144,M.Gordon,26,55.0,2.0,-0.07341,2,2.11538
2018,POST,LAC,00-0033699,A.Ekeler,11,29.0,0.0,-0.43825,1,2.63636
2018,POST,LAC,00-0034440,J.Jackson,3,9.0,0.0,-0.12536,2,3.0
2018,POST,NE,00-0019596,T.Brady,5,-4.0,0.0,-0.27801,3,-0.8
2018,POST,NE,00-0027150,J.Edelman,2,15.0,0.0,0.33245,2,7.5
2018,POST,NE,00-0027925,J.Develin,2,5.0,0.0,0.33249,1,2.5
2018,POST,NE,00-0030288,R.Burkhead,23,96.0,3.0,-0.06467,3,4.17391
2018,POST,NE,00-0030578,C.Patterson,3,10.0,0.0,-0.45449,2,3.33333
2018,POST,NE,00-0031062,J.White,8,27.0,0.0,0.13169,2,3.375
2018,POST,NE,00-0034845,S.Michel,71,336.0,6.0,0.12041,3,4.73239
2018,POST,NO,00-0020531,D.Brees,5,-2.0,0.0,-0.30588,2,-0.4
2018,POST,NO,00-0027966,M.Ingram,18,84.0,0.0,-0.20032,2,4.66667
2018,POST,NO,00-0029931,Z.Line,1,4.0,0.0,0.16095,1,4.0
2018,POST,NO,00-0033357,T.Hill,3,8.0,0.0,0.63105,2,2.66667
2018,POST,NO,00-0033906,A.Kamara,24,86.0,0.0,-0.2183,2,3.58333
2018,POST,NO,00-0034765,T.Smith,1,5.0,0.0,0.03398,1,5.0
2018,POST,PHI,00-0023564,D.Sproles,16,25.0,0.0,-0.39899,2,1.5625
2018,POST,PHI,00-0029567,N.Foles,3,-1.0,1.0,0.25717,2,-0.33333
2018,POST,PHI,00-0031549,N.Agholor,1,12.0,0.0,0.73102,1,12.0
2018,POST,PHI,00-0032782,W.Smallwood,19,53.0,0.0,-0.28806,2,2.78947
2018,POST,PHI,00-0034457,J.Adams,1,2.0,0.0,-0.40774,1,2.0
2018,POST,SEA,00-0029263,R.Wilson,3,14.0,1.0,0.68345,1,4.66667
2018,POST,SEA,00-0032063,M.Davis,5,10.0,0.0,-0.10298,1,2.0
2018,POST,SEA,00-0033594,C.Carson,14,20.0,0.0,-0.3835,1,1.42857
2018,POST,SEA,00-0034750,R.Penny,4,29.0,0.0,0.12286,1,7.25
2018,REG,ARI,00-0027854,S.Bradford,2,7.0,0.0,0.19624,1,3.5
2018,REG,ARI,00-0029068,D.Coleman,2,3.0,0.0,-0.05551,2,1.5
2018,REG,ARI,00-0032112,J.Nelson,4,0.0,0.0,-0.46962,4,0.0
2018,REG,ARI,00-0032187,D.Johnson,259,940.0,7.0,-0.20476,16,3.62934
2018,REG,ARI,00-0033789,T.Logan,2,2.0,0.0,-0.90494,2,1.0
2018,REG,ARI,00-0033933,C.Williams,1,9.0,0.0,0.81564,1,9.0
2018,REG,ARI,00-0034343,J.Rosen,23,138.0,0.0,0.16881,12,6.0
2018,REG,ARI,00-0034681,C.Edmonds,60,208.0,2.0,-0.10744,16,3.46667
2018,REG,ARI,00-0034775,C.Kirk,3,35.0,0.0,0.85794,3,11.66667
2018,REG,ATL,00-0022787,M.Schaub,1,0.0,0.0,-1.40486,1,0.0
2018,REG,ATL,00-0026143,M.Ryan,33,125.0,3.0,0.17421,15,3.78788
2018,REG,ATL,00-0027944,J.Jones,2,12.0,0.0,0.23453,2,6.0
2018,REG,ATL,00-0029632,M.Sanu,7,44.0,0.0,0.27719,6,6.28571
2018,REG,ATL,00-0031285,D.Freeman,14,68.0,0.0,-0.29793,2,4.85714
2018,REG,ATL,00-0031569,J.Langford,9,25.0,0.0,-0.30665,1,2.77778
2018,REG,ATL,00-0032058,T.Coleman,167,800.0,4.0,-0.07085,16,4.79042
2018,REG,ATL,00-0033094,M.Hall,2,0.0,0.0,-0.7129,2,0.0
2018,REG,ATL,00-0033567,B.Hill,20,157.0,0.0,-0.17665,4,7.85
2018,REG,ATL,00-0034378,I.Smith,90,315.0,4.0,-0.17818,13,3.5
2018,REG,ATL,00-0034837,C.Ridley,6,27.0,0.0,0.00314,6,4.5
2018,REG,BAL,00-0026158,J.Flacco,19,45.0,0.0,0.0092,8,2.36842
2018,REG,BAL,00-0030663,W.Snead IV,1,13.0,0.0,1.46459,1,13.0
2018,REG,BAL,00-0031051,J.Brown,3,4.0,0.0,-0.5193,3,1.33333
2018,REG,BAL,00-0031558,M.Williams,3,8.0,0.0,0.31804,3,2.66667
2018,REG,BAL,00-0031577,J.Allen,41,110.0,3.0,-0.14259,10,2.68293
2018,REG,BAL,00-0032200,T.Montgomery,15,78.0,0.0,0.2373,4,5.2
2018,REG,BAL,00-0032398,C.Moore,5,17.0,0.0,0.57796,5,3.4
2018,REG,BAL,00-0032411,K.Dixon,60,333.0,2.0,0.0209,6,5.55
2018,REG,BAL,00-0032426,A.Collins,114,411.0,7.0,-0.17583,10,3.60526
2018,REG,BAL,00-0034184,G.Edwards,139,718.0,2.0,0.08874,11,5.16547
2018,REG,BAL,00-0034201,D.Turner,1,4.0,0.0,-0.06166,1,4.0
2018,REG,BAL,00-0034796,L.Jackson,147,695.0,5.0,0.01311,15,4.72789
2018,REG,BAL,00-0034830,H.Hurst,1,0.0,0.0,-0.58957,1,0.0
2018,REG,BUF,00-0023645,D.Anderson,1,-1.0,0.0,1.4741,1,-1.0
2018,REG,BUF,00-0027029,L.McCoy,161,514.0,3.0,-0.22335,14,3.19255
2018,REG,BUF,00-0027531,C.Ivory,115,385.0,1.0,-0.16251,13,3.34783
2018,REG,BUF,00-0028581,P.DiMarco,1,9.0,0.0,1.16448,1,9.0
2018,REG,BUF,00-0028825,T.Pryor,1,-1.0,0.0,-1.07393,1,-1.0
2018,REG,BUF,00-0030533,M.Barkley,3,-2.0,0.0,-1.25616,1,-0.66667
2018,REG,BUF,00-0031959,M.Murphy,52,250.0,0.0,-0.08504,9,4.80769
2018,REG,BUF,00-0033466,I.McKenzie,10,66.0,2.0,0.52222,4,6.6
2018,REG,BUF,00-0033891,Z.Jones,1,0.0,0.0,-0.86246,1,0.0
2018,REG,BUF,00-0033958,N.Peterman,10,50.0,1.0,0.22323,3,5.0
2018,REG,BUF,00-0034407,R.McCloud,2,4.0,0.0,-0.4941,2,2.0
2018,REG,BUF,00-0034509,K.Ford,21,79.0,0.0,-0.11089,2,3.7619
2018,REG,BUF,00-0034721,C.Bojorquez,1,0.0,0.0,-4.05668,1,0.0
2018,REG,BUF,00-0034857,J.Allen,89,631.0,8.0,0.38,12,7.08989
2018,REG,CAR,00-0027939,C.Newton,101,488.0,4.0,0.1009,14,4.83168
2018,REG,CAR,00-0029205,T.Cadet,11,17.0,0.0,-0.70875,1,1.54545
2018,REG,CAR,00-0029572,J.Wright,2,39.0,0.0,1.15634,2,19.5
2018,REG,CAR,00-0029854,C.Anderson,24,104.0,0.0,-0.0256,7,4.33333
2018,REG,CAR,00-0031363,M.Palardy,1,0.0,0.0,-0.947,1,0.0
2018,REG,CAR,00-0031599,C.Artis-Payne,19,69.0,1.0,-0.02108,4,3.63158
2018,REG,CAR,00-0031800,T.Heinicke,5,31.0,0.0,0.5781,2,6.2
2018,REG,CAR,00-0033280,C.McCaffrey,219,1098.0,7.0,0.03404,16,5.0137
2018,REG,CAR,00-0033282,C.Samuel,8,84.0,2.0,0.69821,6,10.5
2018,REG,CAR,00-0033296,A.Armah,9,15.0,2.0,0.14482,8,1.66667
2018,REG,CAR,00-0034577,K.Allen,5,19.0,1.0,0.3288,1,3.8
2018,REG,CAR,00-0034827,D.Moore,13,172.0,0.0,0.31749,11,13.23077
2018,REG,CHI,00-0026544,C.Daniel,13,3.0,0.0,-0.3965,4,0.23077
2018,REG,CHI,00-0029657,A.Hicks,1,1.0,1.0,2.64243,1,1.0
2018,REG,CHI,00-0029795,B.Cunningham,11,20.0,0.0,-0.71074,4,1.81818
2018,REG,CHI,00-0030710,T.Burton,1,2.0,0.0,0.07936,1,2.0
2018,REG,CHI,00-0031228,T.Gabriel,9,61.0,0.0,0.29447,6,6.77778
2018,REG,CHI,00-0031428,A.Robinson II,1,9.0,0.0,0.95227,1,9.0
2018,REG,CHI,00-0032780,J.Howard,250,935.0,9.0,-0.10065,16,3.74
2018,REG,CHI,00-0033373,T.Mizzell,9,16.0,0.0,-0.28503,7,1.77778
2018,REG,CHI,00-0033556,T.Cohen,99,444.0,3.0,-0.11235,16,4.48485
2018,REG,CHI,00-0033869,M.Trubisky,68,421.0,3.0,0.41755,14,6.19118
2018,REG,CHI,00-0034353,A.Miller,6,26.0,0.0,0.02339,5,4.33333
2018,REG,CIN,00-0027973,A.Dalton,16,99.0,0.0,-0.20236,7,6.1875
2018,REG,CIN,00-0030456,G.Bernard,56,211.0,3.0,-0.07747,11,3.76786
2018,REG,CIN,00-0032436,J.Driskel,25,130.0,2.0,0.28118,8,5.2
2018,REG,CIN,00-0032543,A.Erickson,3,22.0,0.0,0.47844,3,7.33333
2018,REG,CIN,00-0032807,C.Fejedelem,2,6.0,0.0,-0.36357,2,3.0
2018,REG,CIN,00-0033009,T.Boyd,2,3.0,0.0,-0.54955,2,1.5
2018,REG,CIN,00-0033460,J.Ross,4,9.0,0.0,-0.47826,4,2.25
2018,REG,CIN,00-0033897,J.Mixon,237,1168.0,8.0,-0.0459,14,4.92827
2018,REG,CIN,00-0034679,M.Walton,14,34.0,0.0,-0.39951,5,2.42857
2018,REG,CLE,00-0028118,T.Taylor,16,125.0,1.0,0.56435,3,7.8125
2018,REG,CLE,00-0029129,R.Streater,1,-11.0,0.0,-0.8162,1,-11.0
2018,REG,CLE,00-0031045,C.Hyde,114,382.0,5.0,-0.14588,6,3.35088
2018,REG,CLE,00-0031382,J.Landry,3,60.0,1.0,1.76103,2,20.0
2018,REG,CLE,00-0032054,B.Perriman,4,2.0,0.0,-0.66936,3,0.5
2018,REG,CLE,00-0032257,D.Johnson,42,201.0,0.0,-0.01918,15,4.78571
2018,REG,CLE,00-0034772,A.Callaway,2,7.0,0.0,-0.15978,1,3.5
2018,REG,CLE,00-0034791,N.Chubb,192,996.0,8.0,0.00965,16,5.1875
2018,REG,CLE,00-0034855,B.Mayfield,39,131.0,0.0,-0.24222,11,3.35897
2018,REG,DAL,00-0030196,J.Heath,1,3.0,0.0,2.15131,1,3.0
2018,REG,DAL,00-0030525,T.Austin,6,55.0,0.0,0.27938,5,9.16667
2018,REG,DAL,00-0031544,A.Cooper,1,11.0,0.0,0.70198,1,11.0
2018,REG,DAL,00-0031900,R.Smith,44,127.0,1.0,-0.17494,12,2.88636
2018,REG,DAL,00-0033045,E.Elliott,304,1434.0,6.0,-0.03211,15,4.71711
2018,REG,DAL,00-0033049,D.Jackson,6,16.0,0.0,-0.23902,1,2.66667
2018,REG,DAL,00-0033077,D.Prescott,76,305.0,6.0,0.12568,15,4.01316
2018,REG,DAL,00-0033928,J.Lewis,2,12.0,0.0,0.365,2,6.0
2018,REG,DEN,00-0027685,E.Sanders,4,53.0,1.0,0.93428,4,13.25
2018,REG,DEN,00-0028986,C.Keenum,27,93.0,2.0,0.1175,11,3.44444
2018,REG,DEN,00-0032956,A.Janovich,2,5.0,0.0,1.14975,2,2.5
2018,REG,DEN,00-0032972,D.Booker,34,183.0,1.0,0.06978,10,5.38235
2018,REG,DEN,00-0033375,T.Patrick,3,17.0,0.0,0.2596,3,5.66667
2018,REG,DEN,00-0033597,C.Kelly,1,-1.0,0.0,0.0,1,-1.0
2018,REG,DEN,00-0034109,P.Lindsay,193,1037.0,9.0,0.02646,15,5.37306
2018,REG,DEN,00-0034348,C.Sutton,1,-1.0,0.0,-0.84206,1,-1.0
2018,REG,DEN,00-0034838,R.Freeman,130,521.0,5.0,-0.1375,14,4.00769
2018,REG,DET,00-0023662,M.Cassel,2,13.0,0.0,1.17631,2,6.5
2018,REG,DET,00-0026498,M.Stafford,25,71.0,0.0,-0.29897,13,2.84
2018,REG,DET,00-0027325,L.Blount,155,418.0,5.0,-0.24364,16,2.69677
2018,REG,DET,00-0027891,G.Tate,3,42.0,0.0,0.78009,3,14.0
2018,REG,DET,00-0028292,N.Bellore,1,0.0,0.0,-1.48853,1,0.0
2018,REG,DET,00-0029410,T.Wilson,1,7.0,0.0,2.87343,1,7.0
2018,REG,DET,00-0030107,T.Riddick,40,171.0,0.0,-0.13644,10,4.275
2018,REG,DET,00-0031326,B.Ellington,1,2.0,0.0,-0.50991,1,2.0
2018,REG,DET,00-0031665,Z.Zenner,55,265.0,3.0,0.11409,7,4.81818
2018,REG,DET,00-0032104,A.Abdullah,1,1.0,0.0,-0.43787,1,1.0
2018,REG,DET,00-0033572,J.Agnew,1,17.0,0.0,1.00504,1,17.0
2018,REG,DET,00-0033932,K.Golladay,1,8.0,0.0,0.63842,1,8.0
2018,REG,DET,00-0034349,K.Johnson,118,641.0,3.0,-0.01901,10,5.4322
2018,REG,DET,00-0034646,B.Powell,1,4.0,0.0,0.0214,1,4.0
2018,REG,GB,00-0023459,A.Rodgers,44,269.0,2.0,0.51484,14,6.11364
2018,REG,GB,00-0031102,K.Bibbs,1,2.0,0.0,-0.42574,1,2.0
2018,REG,GB,00-0032200,T.Montgomery,26,105.0,1.0,-0.10842,7,4.03846
2018,REG,GB,00-0033293,A.Jones,133,728.0,8.0,0.04899,12,5.47368
2018,REG,GB,00-0033899,D.Kizer,5,39.0,0.0,1.4958,2,7.8
2018,REG,GB,00-0033948,J.Williams,121,464.0,3.0,-0.13644,16,3.83471
2018,REG,GB,00-0034179,R.Greene,1,26.0,0.0,4.05929,1,26.0
2018,REG,GB,00-0034272,M.Valdes-Scantling,2,29.0,0.0,1.18595,1,14.5
2018,REG,GB,00-0034279,E.St. Brown,1,5.0,0.0,0.10629,1,5.0
2018,REG,HOU,00-0029615,L.Miller,210,973.0,5.0,-0.05748,14,4.63333
2018,REG,HOU,00-0029677,B.Weeden,1,-1.0,0.0,0.0,1,-1.0
2018,REG,HOU,00-0030564,D.Hopkins,1,-7.0,0.0,-1.45712,1,-7.0
2018,REG,HOU,00-0031075,A.Blue,150,499.0,2.0,-0.21663,16,3.32667
2018,REG,HOU,00-0031763,D.Carter,1,7.0,0.0,0.13842,1,7.0
2018,REG,HOU,00-0033537,D.Watson,99,551.0,5.0,0.10035,16,5.56566
2018,REG,HOU,00-0033925,D.Foreman,7,-1.0,0.0,-0.69952,1,-0.14286
2018,REG,HOU,00-0034366,K.Coutee,3,0.0,0.0,-0.67554,2,0.0
2018,REG,IND,00-0029273,R.Turbin,4,10.0,0.0,-1.30178,1,2.5
2018,REG,IND,00-0029668,A.Luck,46,148.0,0.0,-0.19813,14,3.21739
2018,REG,IND,00-0030432,C.Michael,2,9.0,0.0,-0.30824,1,4.5
2018,REG,IND,00-0031387,E.Ebron,3,-8.0,1.0,-1.19811,3,-2.66667
2018,REG,IND,00-0032355,C.Rogers,1,-4.0,0.0,-1.13685,1,-4.0
2018,REG,IND,00-0032980,M.Johnson,1,-2.0,0.0,-0.9097,1,-2.0
2018,REG,IND,00-0033119,J.Brissett,7,-7.0,0.0,-0.53421,2,-1.0
2018,REG,IND,00-0033251,Z.Pascal,2,10.0,0.0,0.05841,2,5.0
2018,REG,IND,00-0033951,M.Mack,197,908.0,9.0,0.0427,12,4.60914
2018,REG,IND,00-0033955,J.McNichols,2,4.0,0.0,-0.54772,1,2.0
2018,REG,IND,00-0034367,N.Hines,85,314.0,2.0,-0.14503,16,3.69412
2018,REG,IND,00-0034400,J.Wilkins,60,336.0,1.0,0.08144,10,5.6
2018,REG,JAX,00-0026213,J.Charles,6,7.0,0.0,-0.52797,2,1.16667
2018,REG,JAX,00-0028093,N.Paul,1,-3.0,0.0,-1.36052,1,-3.0
2018,REG,JAX,00-0030112,T.Bohanon,1,0.0,0.0,-0.3976,1,0.0
2018,REG,JAX,00-0031045,C.Hyde,58,189.0,0.0,-0.38676,7,3.25862
2018,REG,JAX,00-0031407,B.Bortles,58,365.0,1.0,0.27582,13,6.2931
2018,REG,JAX,00-0031731,C.Grant,13,40.0,0.0,-0.38697,5,3.07692
2018,REG,JAX,00-0032209,T.Yeldon,104,414.0,1.0,-0.16767,14,3.98077
2018,REG,JAX,00-0032593,B.Wilds,6,15.0,0.0,-0.31209,3,2.5
2018,REG,JAX,00-0033104,C.Kessler,19,123.0,0.0,0.58713,5,6.47368
2018,REG,JAX,00-0033839,D.Westbrook,9,98.0,0.0,0.50542,8,10.88889
2018,REG,JAX,00-0033856,L.Fournette,133,439.0,5.0,-0.13386,8,3.30075
2018,REG,JAX,00-0034427,D.Williams,8,36.0,0.0,-0.06426,3,4.5
2018,REG,KC,00-0026197,C.Henne,1,3.0,0.0,-0.33085,1,3.0
2018,REG,KC,00-0028074,A.Sherman,1,2.0,0.0,1.70108,1,2.0
2018,REG,KC,00-0030414,S.Ware,51,246.0,2.0,-0.02662,11,4.82353
2018,REG,KC,00-0030668,C.West,2,-1.0,0.0,-0.4944,2,-0.5
2018,REG,KC,00-0030874,Dam. Williams,50,256.0,4.0,-0.00735,8,5.12
2018,REG,KC,00-0031060,D.Thomas,1,6.0,0.0,0.38549,1,6.0
2018,REG,KC,00-0031325,S.Watkins,5,52.0,0.0,0.55322,4,10.4
2018,REG,KC,00-0033040,T.Hill,22,151.0,1.0,0.10684,13,6.86364
2018,REG,KC,00-0033873,P.Mahomes,61,272.0,2.0,0.25039,16,4.45902
2018,REG,KC,00-0033923,K.Hunt,181,824.0,7.0,0.0086,11,4.55249
2018,REG,KC,00-0034301,Dar.Williams,13,44.0,0.0,-0.00982,2,3.38462
2018,REG,LA,00-0028872,J.Hekker,1,3.0,0.0,-3.55889,1,3.0
2018,REG,LA,00-0029854,C.Anderson,43,299.0,2.0,0.29342,2,6.95349
2018,REG,LA,00-0030431,R.Woods,19,157.0,1.0,0.3441,11,8.26316
2018,REG,LA,00-0031236,B.Cooks,10,68.0,1.0,0.68525,7,6.8
2018,REG,LA,00-0031806,M.Brown,43,212.0,0.0,0.05052,8,4.93023
2018,REG,LA,00-0032241,T.Gurley,260,1251.0,17.0,0.08234,14,4.81154
2018,REG,LA,00-0032245,S.Mannion,7,-9.0,0.0,-0.16644,3,-1.28571
2018,REG,LA,00-0033106,J.Goff,43,108.0,2.0,-0.22165,16,2.51163
2018,REG,LA,00-0033760,J.Davis,2,19.0,0.0,-0.22574,2,9.5
2018,REG,LA,00-0033895,G.Everett,2,16.0,0.0,0.39532,1,8.0
2018,REG,LA,00-0033908,C.Kupp,4,25.0,0.0,0.43882,3,6.25
2018,REG,LA,00-0033943,J.Reynolds,2,8.0,0.0,0.11404,2,4.0
2018,REG,LA,00-0034808,J.Kelly,27,74.0,0.0,-0.32702,3,2.74074
2018,REG,LAC,00-0022942,P.Rivers,18,7.0,0.0,-0.81005,10,0.38889
2018,REG,LAC,00-0029249,M.Ingram,1,0.0,0.0,-1.01994,1,0.0
2018,REG,LAC,00-0029269,T.Benjamin,7,41.0,0.0,0.02754,7,5.85714
2018,REG,LAC,00-0030279,K.Allen,9,75.0,0.0,0.06353,5,8.33333
2018,REG,LAC,00-0030565,G.Smith,8,2.0,0.0,-0.70821,4,0.25
2018,REG,LAC,00-0032144,M.Gordon,176,885.0,10.0,0.06956,12,5.02841
2018,REG,LAC,00-0032160,Ty.Williams,2,15.0,0.0,-0.2151,2,7.5
2018,REG,LAC,00-0032897,D.Watt,4,11.0,0.0,-0.06169,3,2.75
2018,REG,LAC,00-0033536,M.Williams,7,28.0,1.0,-0.0819,7,4.0
2018,REG,LAC,00-0033699,A.Ekeler,106,554.0,3.0,0.0792,14,5.22642
2018,REG,LAC,00-0034440,J.Jackson,50,206.0,2.0,-0.06919,8,4.12
2018,REG,LAC,00-0034560,J.Jones,1,0.0,0.0,-0.75266,1,0.0
2018,REG,LAC,00-0034565,D.Newsome,11,49.0,0.0,0.10964,3,4.45455
2018,REG,LV,00-0025399,M.Lynch,90,376.0,3.0,-0.03066,6,4.17778
2018,REG,LV,00-0026176,J.Nelson,1,-2.0,0.0,-1.17307,1,-2.0
2018,REG,LV,00-0028114,D.Harris,2,12.0,0.0,-0.40487,2,6.0
2018,REG,LV,00-0029613,D.Martin,172,723.0,4.0,-0.08745,15,4.20349
2018,REG,LV,00-0030968,K.Smith,1,0.0,0.0,-4.5332,1,0.0
2018,REG,LV,00-0031166,S.Roberts,3,5.0,0.0,-0.47538,3,1.66667
2018,REG,LV,00-0031280,D.Carr,24,47.0,1.0,-0.14835,11,1.95833
2018,REG,LV,00-0031288,A.McCarron,3,-2.0,0.0,-1.082,2,-0.66667
2018,REG,LV,00-0031373,M.Bryant,3,23.0,0.0,0.06096,3,7.66667
2018,REG,LV,00-0031544,A.Cooper,1,9.0,0.0,0.58975,1,9.0
2018,REG,LV,00-0031610,D.Waller,1,21.0,0.0,1.44586,1,21.0
2018,REG,LV,00-0032940,D.Washington,30,115.0,0.0,-0.29632,8,3.83333
2018,REG,LV,00-0033025,J.Richard,56,259.0,1.0,-0.30339,15,4.625
2018,REG,LV,00-0034684,J.Townsend,1,42.0,0.0,5.24649,1,42.0
2018,REG,MIA,00-0023500,F.Gore,156,722.0,0.0,-0.02504,14,4.62821
2018,REG,MIA,00-0026035,D.Amendola,1,-2.0,0.0,-0.71842,1,-2.0
2018,REG,MIA,00-0029239,B.Bolden,8,91.0,2.0,0.20407,4,11.375
2018,REG,MIA,00-0029682,B.Osweiler,8,21.0,0.0,-0.61252,5,2.625
2018,REG,MIA,00-0029701,R.Tannehill,32,145.0,0.0,-0.33631,11,4.53125
2018,REG,MIA,00-0030669,A.Wilson,8,16.0,0.0,-0.2905,5,2.0
2018,REG,MIA,00-0032791,J.Grant,1,5.0,0.0,1.17449,1,5.0
2018,REG,MIA,00-0033060,L.Carroo,1,14.0,0.0,2.88457,1,14.0
2018,REG,MIA,00-0033118,K.Drake,120,535.0,4.0,-0.1275,16,4.45833
2018,REG,MIA,00-0034799,K.Ballage,36,191.0,1.0,-0.19476,8,5.30556
2018,REG,MIN,00-0029604,K.Cousins,44,120.0,1.0,-0.51266,15,2.72727
2018,REG,MIN,00-0030035,A.Thielen,5,30.0,0.0,-0.24924,5,6.0
2018,REG,MIN,00-0030513,L.Murray,140,578.0,6.0,-0.14602,16,4.12857
2018,REG,MIN,00-0031588,S.Diggs,10,62.0,0.0,0.2768,8,6.2
2018,REG,MIN,00-0032918,C.Ham,6,8.0,0.0,-0.48932,5,1.33333
2018,REG,MIN,00-0033893,D.Cook,133,615.0,2.0,-0.16634,11,4.62406
2018,REG,MIN,00-0034208,M.Boone,11,47.0,0.0,-0.17867,5,4.27273
2018,REG,MIN,00-0034221,R.Thomas,8,30.0,0.0,-0.17521,5,3.75
2018,REG,NE,00-0019596,T.Brady,23,35.0,2.0,0.08975,12,1.52174
2018,REG,NE,00-0026625,B.Hoyer,11,-8.0,0.0,0.01149,5,-0.72727
2018,REG,NE,00-0027150,J.Edelman,9,107.0,0.0,1.05267,5,11.88889
2018,REG,NE,00-0027925,J.Develin,6,8.0,4.0,0.69056,3,1.33333
2018,REG,NE,00-0030288,R.Burkhead,57,186.0,0.0,-0.21347,7,3.26316
2018,REG,NE,00-0030465,K.Barner,19,71.0,0.0,-0.21796,5,3.73684
2018,REG,NE,00-0030578,C.Patterson,42,228.0,1.0,0.13165,11,5.42857
2018,REG,NE,00-0031062,J.White,94,425.0,5.0,-0.05164,16,4.52128
2018,REG,NE,00-0031301,J.Hill,4,25.0,0.0,0.00365,1,6.25
2018,REG,NE,00-0032208,P.Dorsett,4,29.0,0.0,0.27998,2,7.25
2018,REG,NE,00-0034845,S.Michel,209,931.0,6.0,-0.01457,13,4.45455
2018,REG,NO,00-0020531,D.Brees,31,22.0,4.0,0.24564,12,0.70968
2018,REG,NO,00-0025396,T.Ginn,3,26.0,0.0,0.26435,3,8.66667
2018,REG,NO,00-0027966,M.Ingram,138,645.0,6.0,-0.0625,12,4.67391
2018,REG,NO,00-0029931,Z.Line,9,41.0,0.0,0.08761,5,4.55556
2018,REG,NO,00-0030433,M.Gillislee,16,43.0,0.0,-0.88613,4,2.6875
2018,REG,NO,00-0031237,T.Bridgewater,11,5.0,0.0,-0.82922,4,0.45455
2018,REG,NO,00-0032450,D.Washington,27,154.0,0.0,-0.04494,4,5.7037
2018,REG,NO,00-0032881,T.Lewis,2,10.0,0.0,-2.15828,2,5.0
2018,REG,NO,00-0032975,J.Williams,3,0.0,0.0,-0.62405,3,0.0
2018,REG,NO,00-0033357,T.Hill,38,196.0,2.0,0.21921,12,5.15789
2018,REG,NO,00-0033906,A.Kamara,197,883.0,14.0,0.07802,15,4.48223
2018,REG,NYG,00-0022803,E.Manning,15,20.0,1.0,0.45233,9,1.33333
2018,REG,NYG,00-0026153,J.Stewart,6,17.0,0.0,-0.31507,3,2.83333
2018,REG,NYG,00-0031235,O.Beckham,5,19.0,0.0,-0.35244,5,3.8
2018,REG,NYG,00-0032385,S.Shepard,3,33.0,0.0,0.52751,3,11.0
2018,REG,NYG,00-0032813,E.Penny,7,25.0,0.0,-0.11047,3,3.57143
2018,REG,NYG,00-0032943,R.Dixon,1,14.0,0.0,0.87929,1,14.0
2018,REG,NYG,00-0032966,C.Coleman,1,5.0,0.0,0.05683,1,5.0
2018,REG,NYG,00-0033881,E.Engram,3,36.0,0.0,1.39282,2,12.0
2018,REG,NYG,00-0033950,W.Gallman,51,176.0,1.0,-0.16054,13,3.45098
2018,REG,NYG,00-0034369,K.Lauletta,1,-2.0,0.0,-1.81399,1,-2.0
2018,REG,NYG,00-0034844,S.Barkley,263,1307.0,11.0,-0.02987,16,4.96958
2018,REG,NYJ,00-0021206,J.McCown,5,32.0,0.0,0.56937,3,6.4
2018,REG,NYJ,00-0027691,A.Roberts,2,20.0,0.0,0.70176,2,10.0
2018,REG,NYJ,00-0028064,B.Powell,80,343.0,0.0,-0.13739,7,4.2875
2018,REG,NYJ,00-0030170,R.Miles,1,4.0,0.0,1.84755,1,4.0
2018,REG,NYJ,00-0030656,I.Crowell,143,685.0,6.0,-0.06655,13,4.79021
2018,REG,NYJ,00-0031023,Q.Enunwa,1,0.0,0.0,-0.44031,1,0.0
2018,REG,NYJ,00-0032688,R.Anderson,2,-8.0,0.0,-1.79528,2,-4.0
2018,REG,NYJ,00-0033295,E.McGuire,92,276.0,3.0,-0.35993,8,3.0
2018,REG,NYJ,00-0033581,D.Henderson,2,19.0,0.0,-0.70002,1,9.5
2018,REG,NYJ,00-0034164,T.Cannon,38,113.0,1.0,-0.18639,9,2.97368
2018,REG,NYJ,00-0034869,S.Darnold,43,135.0,1.0,-0.13787,11,3.13953
2018,REG,PHI,00-0023564,D.Sproles,29,120.0,1.0,0.00989,6,4.13793
2018,REG,PHI,00-0027891,G.Tate,1,-8.0,0.0,-1.37942,1,-8.0
2018,REG,PHI,00-0029567,N.Foles,9,17.0,0.0,0.92023,5,1.88889
2018,REG,PHI,00-0031549,N.Agholor,3,32.0,0.0,0.62556,3,10.66667
2018,REG,PHI,00-0031590,J.Ajayi,46,184.0,3.0,-0.10573,4,4.0
2018,REG,PHI,00-0032782,W.Smallwood,88,364.0,3.0,0.04455,13,4.13636
2018,REG,PHI,00-0032792,N.Sudfeld,2,-2.0,0.0,-1.09337,1,-1.0
2018,REG,PHI,00-0032950,C.Wentz,34,93.0,0.0,-0.05282,11,2.73529
2018,REG,PHI,00-0033725,C.Clement,69,259.0,2.0,-0.09153,11,3.75362
2018,REG,PHI,00-0034457,J.Adams,121,511.0,3.0,-0.18612,12,4.22314
2018,REG,PIT,00-0022924,B.Roethlisberger,31,98.0,3.0,0.35925,14,3.16129
2018,REG,PIT,00-0026983,D.Heyward-Bey,1,-7.0,0.0,-2.09654,1,-7.0
2018,REG,PIT,00-0028011,S.Ridley,29,80.0,1.0,-0.43249,8,2.75862
2018,REG,PIT,00-0030741,R.Nix,1,4.0,0.0,-2.36722,1,4.0
2018,REG,PIT,00-0031782,E.Rogers,1,-4.0,0.0,-1.06874,1,-4.0
2018,REG,PIT,00-0033553,J.Conner,215,973.0,12.0,-0.01983,13,4.52558
2018,REG,PIT,00-0033562,R.Switzer,6,21.0,0.0,-0.23864,5,3.5
2018,REG,PIT,00-0033857,J.Smith-Schuster,1,13.0,0.0,0.60362,1,13.0
2018,REG,PIT,00-0033949,J.Dobbs,4,11.0,0.0,0.35482,3,2.75
2018,REG,PIT,00-0034331,J.Samuels,56,256.0,0.0,-0.04525,8,4.57143
2018,REG,SEA,00-0027675,E.Dickson,1,9.0,0.0,1.91751,1,9.0
2018,REG,SEA,00-0029263,R.Wilson,67,376.0,0.0,0.238,15,5.61194
2018,REG,SEA,00-0032063,M.Davis,112,514.0,4.0,0.021,14,4.58929
2018,REG,SEA,00-0032211,T.Lockett,13,62.0,0.0,0.10569,11,4.76923
2018,REG,SEA,00-0032393,C.Prosise,1,-3.0,0.0,-1.28484,1,-3.0
2018,REG,SEA,00-0032472,T.Madden,3,3.0,0.0,-0.13182,2,1.0
2018,REG,SEA,00-0032602,J.McKissic,3,8.0,0.0,-0.08506,2,2.66667
2018,REG,SEA,00-0033589,D.Moore,1,5.0,0.0,0.01318,1,5.0
2018,REG,SEA,00-0033594,C.Carson,247,1151.0,9.0,-0.00116,14,4.65992
2018,REG,SEA,00-0034160,M.Dickson,1,9.0,0.0,2.14254,1,9.0
2018,REG,SEA,00-0034750,R.Penny,85,419.0,2.0,-0.03276,12,4.92941
2018,REG,SF,00-0029141,A.Morris,111,428.0,2.0,-0.15602,11,3.85586
2018,REG,SF,00-0029892,K.Juszczyk,8,30.0,0.0,-1.01203,6,3.75
2018,REG,SF,00-0030068,M.Goodwin,4,9.0,0.0,-0.36108,4,2.25
2018,REG,SF,00-0031345,J.Garoppolo,8,33.0,0.0,0.12619,3,4.125
2018,REG,SF,00-0031687,R.Mostert,34,261.0,1.0,0.01036,6,7.67647
2018,REG,SF,00-0032065,B.Pinion,1,0.0,0.0,-0.947,1,0.0
2018,REG,SF,00-0033288,G.Kittle,1,10.0,0.0,0.5363,1,10.0
2018,REG,SF,00-0033308,M.Breida,153,814.0,3.0,0.01909,14,5.32026
2018,REG,SF,00-0033319,N.Mullens,19,-16.0,0.0,-0.52528,7,-0.84211
2018,REG,SF,00-0033936,C.Beathard,19,69.0,1.0,-0.00138,5,3.63158
2018,REG,SF,00-0034115,J.Wilson,66,266.0,0.0,-0.24491,6,4.0303
2018,REG,SF,00-0034860,D.Pettis,1,-2.0,0.0,-1.17987,1,-2.0
2018,REG,TB,00-0023682,R.Fitzpatrick,36,152.0,2.0,0.03119,7,4.22222
2018,REG,TB,00-0026189,D.Jackson,6,29.0,1.0,0.17901,5,4.83333
2018,REG,TB,00-0028083,J.Rodgers,33,106.0,1.0,-0.1484,12,3.21212
2018,REG,TB,00-0029692,B.Anger,1,0.0,0.0,-0.947,1,0.0
2018,REG,TB,00-0031503,J.Winston,49,281.0,1.0,0.27575,11,5.73469
2018,REG,TB,00-0032009,A.Humphries,2,11.0,0.0,0.19007,2,5.5
2018,REG,TB,00-0032741,P.Barber,234,871.0,5.0,-0.18289,16,3.72222
2018,REG,TB,00-0034621,S.Wilson,6,29.0,0.0,-0.04685,4,4.83333
2018,REG,TB,00-0034816,R.Jones,17,45.0,1.0,-0.16635,3,2.64706
2018,REG,TB,00-0034816,R.Jones II,6,-1.0,0.0,-0.73677,2,-0.16667
2018,REG,TEN,00-0027948,B.Gabbert,6,0.0,0.0,0.33396,3,0.0
2018,REG,TEN,00-0028042,L.Stocker,1,0.0,0.0,-4.02553,1,0.0
2018,REG,TEN,00-0028087,D.Lewis,155,517.0,1.0,-0.2417,15,3.33548
2018,REG,TEN,00-0030711,D.Fluellen,4,16.0,0.0,-0.13096,2,4.0
2018,REG,TEN,00-0031972,D.Jennings,1,2.0,0.0,-0.578,1,2.0
2018,REG,TEN,00-0032268,M.Mariota,64,357.0,2.0,0.15033,14,5.57812
2018,REG,TEN,00-0032764,D.Henry,215,1059.0,12.0,0.04931,16,4.92558
2018,REG,TEN,00-0032778,T.Sharpe,1,16.0,0.0,1.15487,1,16.0
2018,REG,TEN,00-0033871,C.Davis,6,55.0,0.0,0.15344,6,9.16667
2018,REG,TEN,00-0034652,C.Batson,1,1.0,0.0,-0.16684,1,1.0
2018,REG,WAS,00-0023436,A.Smith,41,168.0,1.0,0.29093,10,4.09756
2018,REG,WAS,00-0025394,A.Peterson,251,1042.0,7.0,-0.09668,16,4.15139
2018,REG,WAS,00-0026300,J.Johnson,23,120.0,1.0,0.10643,4,5.21739
2018,REG,WAS,00-0026898,M.Sanchez,1,8.0,0.0,1.59006,1,8.0
2018,REG,WAS,00-0027688,C.McCoy,10,63.0,0.0,0.42073,2,6.3
2018,REG,WAS,00-0030404,C.Thompson,43,178.0,0.0,-0.22312,10,4.13953
2018,REG,WAS,00-0031102,K.Bibbs,20,101.0,3.0,0.23533,8,5.05
2018,REG,WAS,00-0031257,P.Richardson,2,9.0,0.0,0.04141,2,4.5
2018,REG,WAS,00-0031941,J.Crowder,4,30.0,0.0,0.12635,3,7.5
2018,REG,WAS,00-0032362,M.Harris,2,10.0,0.0,-0.00588,2,5.0
2018,REG,WAS,00-0032371,R.Kelley,4,8.0,0.0,-0.22754,2,2.0
2018,REG,WAS,00-0032964,B.Marshall,3,9.0,0.0,-0.2092,2,3.0
2018,REG,WAS,00-0033464,J.Chesson,1,-4.0,0.0,-1.29403,1,-4.0
2018,REG,WAS,00-0033526,S.Perine,8,32.0,0.0,0.04032,4,4.0
2018,REG,WAS,00-0034339,T.Quinn,1,0.0,0.0,-0.57194,1,0.0
2019,POST,BAL,00-0027966,M.Ingram II,6,22.0,0.0,-0.20789,1,3.66667
2019,POST,BAL,00-0034184,G.Edwards,3,20.0,0.0,-0.00635,1,6.66667
2019,POST,BAL,00-0034796,L.Jackson,20,143.0,0.0,-0.01191,1,7.15
2019,POST,BUF,00-0023500,F.Gore,8,22.0,0.0,-0.30158,1,2.75
2019,POST,BUF,00-0034857,J.Allen,9,92.0,0.0,0.59198,1,10.22222
2019,POST,BUF,00-0035250,D.Singletary,13,58.0,0.0,-0.11271,1,4.46154
2019,POST,GB,00-0023459,A.Rodgers,6,14.0,0.0,-0.64716,2,2.33333
2019,POST,GB,00-0032404,T.Ervin,2,25.0,0.0,0.75423,1,12.5
2019,POST,GB,00-0033293,A.Jones,33,118.0,3.0,-0.00264,2,3.57576
2019,POST,GB,00-0033948,J.Williams,4,9.0,0.0,-0.20562,2,2.25
2019,POST,GB,00-0034521,A.Lazard,1,5.0,0.0,0.09549,1,5.0
2019,POST,HOU,00-0031045,C.Hyde,29,92.0,0.0,-0.24358,2,3.17241
2019,POST,HOU,00-0032257,D.Johnson,4,49.0,0.0,0.94764,2,12.25
2019,POST,HOU,00-0033537,D.Watson,21,92.0,2.0,0.03893,2,4.38095
2019,POST,HOU,00-0034361,J.Reid,1,2.0,0.0,-2.80552,1,2.0
2019,POST,KC,00-0030506,T.Kelce,1,2.0,0.0,0.56524,1,2.0
2019,POST,KC,00-0030874,Dam.Williams,46,196.0,4.0,0.12116,3,4.26087
2019,POST,KC,00-0031325,S.Watkins,1,14.0,0.0,0.60484,1,14.0
2019,POST,KC,00-0033040,T.Hill,2,11.0,0.0,0.00677,2,5.5
2019,POST,KC,00-0033873,P.Mahomes,24,135.0,2.0,0.48573,3,5.625
2019,POST,KC,00-0035140,M.Hardman,1,-6.0,0.0,-1.14763,1,-6.0
2019,POST,KC,00-0035148,D.Thompson,2,7.0,0.0,0.13253,2,3.5
2019,POST,MIN,00-0029604,K.Cousins,2,-1.0,0.0,-0.12101,1,-0.5
2019,POST,MIN,00-0030035,A.Thielen,1,3.0,0.0,-0.23662,1,3.0
2019,POST,MIN,00-0031588,S.Diggs,2,8.0,0.0,-0.12154,1,4.0
2019,POST,MIN,00-0032104,A.Abdullah,1,9.0,0.0,-0.38842,1,9.0
2019,POST,MIN,00-0032918,C.Ham,1,3.0,0.0,0.54305,1,3.0
2019,POST,MIN,00-0033893,D.Cook,37,112.0,2.0,-0.21732,2,3.02703
2019,POST,MIN,00-0034972,A.Mattison,6,23.0,0.0,-0.05113,2,3.83333
2019,POST,NE,00-0027150,J.Edelman,2,12.0,1.0,1.21088,1,6.0
2019,POST,NE,00-0030288,R.Burkhead,3,4.0,0.0,-0.48058,1,1.33333
2019,POST,NE,00-0031062,J.White,1,14.0,0.0,1.41387,1,14.0
2019,POST,NE,00-0032442,E.Roberts,1,0.0,0.0,-1.61413,1,0.0
2019,POST,NE,00-0034845,S.Michel,14,61.0,0.0,-0.26055,1,4.35714
2019,POST,NE,00-0035624,N.Harry,1,7.0,0.0,0.17289,1,7.0
2019,POST,NO,00-0020531,D.Brees,1,5.0,0.0,0.16157,1,5.0
2019,POST,NO,00-0030513,L.Murray,5,21.0,0.0,0.11507,1,4.2
2019,POST,NO,00-0033357,T.Hill,4,50.0,0.0,1.18473,1,12.5
2019,POST,NO,00-0033906,A.Kamara,7,21.0,1.0,-0.16281,1,3.0
2019,POST,PHI,00-0021206,J.McCown,5,23.0,0.0,0.17682,1,4.6
2019,POST,PHI,00-0033733,G.Ward,1,3.0,0.0,-0.15932,1,3.0
2019,POST,PHI,00-0034414,B.Scott,6,25.0,0.0,-0.26447,1,4.16667
2019,POST,PHI,00-0035243,M.Sanders,14,69.0,0.0,0.00401,1,4.92857
2019,POST,SEA,00-0025399,M.Lynch,18,33.0,3.0,-0.16732,2,1.83333
2019,POST,SEA,00-0029263,R.Wilson,16,109.0,0.0,0.51175,2,6.8125
2019,POST,SEA,00-0030089,L.Willson,1,1.0,0.0,-0.4335,1,1.0
2019,POST,SEA,00-0033589,D.Moore,1,6.0,0.0,0.18934,1,6.0
2019,POST,SEA,00-0035594,T.Homer,14,25.0,0.0,-0.40727,2,1.78571
2019,POST,SF,00-0031345,J.Garoppolo,10,1.0,0.0,0.00707,3,0.1
2019,POST,SF,00-0031687,R.Mostert,53,336.0,5.0,0.31369,3,6.33962
2019,POST,SF,00-0032058,T.Coleman,33,154.0,2.0,0.07556,3,4.66667
2019,POST,SF,00-0033308,M.Breida,9,19.0,0.0,-0.77484,2,2.11111
2019,POST,SF,00-0035719,D.Samuel,6,102.0,0.0,1.31748,3,17.0
2019,POST,TEN,00-0028087,D.Lewis,2,8.0,0.0,-0.46718,1,4.0
2019,POST,TEN,00-0029701,R.Tannehill,13,35.0,1.0,0.23058,3,2.69231
2019,POST,TEN,00-0032268,M.Mariota,1,5.0,0.0,0.476,1,5.0
2019,POST,TEN,00-0032764,D.Henry,84,446.0,2.0,0.09281,3,5.30952
2019,POST,TEN,00-0035676,A.Brown,1,9.0,0.0,0.87671,1,9.0
2019,REG,ARI,00-0029141,A.Morris,1,4.0,0.0,0.87437,1,4.0
2019,REG,ARI,00-0031589,B.Hundley,7,41.0,0.0,0.26384,2,5.85714
2019,REG,ARI,00-0031665,Z.Zenner,2,-3.0,0.0,-0.75633,2,-1.5
2019,REG,ARI,00-0032187,D.Johnson,94,345.0,2.0,-0.14776,12,3.67021
2019,REG,ARI,00-0033111,P.Cooper,1,2.0,0.0,-0.10623,1,2.0
2019,REG,ARI,00-0033118,K.Drake,123,643.0,8.0,0.09603,8,5.22764
2019,REG,ARI,00-0034681,C.Edmonds,60,303.0,4.0,0.04427,10,5.05
2019,REG,ARI,00-0034775,C.Kirk,10,93.0,0.0,0.44356,9,9.3
2019,REG,ARI,00-0035228,K.Murray,93,544.0,4.0,-0.00479,16,5.84946
2019,REG,ARI,00-0035287,K.Johnson,1,3.0,0.0,-0.64796,1,3.0
2019,REG,ARI,00-0035527,A.Isabella,4,15.0,0.0,-0.27532,3,3.75
2019,REG,ATL,00-0022787,M.Schaub,3,-3.0,0.0,-1.10201,3,-1.0
2019,REG,ATL,00-0026143,M.Ryan,35,147.0,1.0,0.29182,15,4.2
2019,REG,ATL,00-0027944,J.Jones,2,-3.0,0.0,-0.79663,2,-1.5
2019,REG,ATL,00-0029632,M.Sanu,2,3.0,0.0,-0.221,2,1.5
2019,REG,ATL,00-0030465,K.Barner,4,28.0,0.0,0.25006,3,7.0
2019,REG,ATL,00-0030968,K.Smith,5,8.0,0.0,-0.43342,4,1.6
2019,REG,ATL,00-0031285,D.Freeman,184,656.0,2.0,-0.22446,14,3.56522
2019,REG,ATL,00-0033567,B.Hill,78,323.0,2.0,-0.08958,10,4.14103
2019,REG,ATL,00-0034378,I.Smith,22,106.0,1.0,0.16405,7,4.81818
2019,REG,ATL,00-0034411,R.Gage,4,12.0,0.0,-0.27747,3,3.0
2019,REG,ATL,00-0034837,C.Ridley,2,34.0,0.0,1.0071,2,17.0
2019,REG,ATL,00-0035273,Q.Ollison,22,50.0,4.0,0.01263,6,2.27273
2019,REG,BAL,00-0027539,A.Levine,1,60.0,0.0,5.28389,1,60.0
2019,REG,BAL,00-0027539,A.Levine Sr.,1,2.0,0.0,1.87139,1,2.0
2019,REG,BAL,00-0027966,M.Ingram,115,585.0,7.0,0.05924,8,5.08696
2019,REG,BAL,00-0027966,M.Ingram II,89,433.0,3.0,0.10924,7,4.86517
2019,REG,BAL,00-0029665,R.Griffin,4,9.0,0.0,-1.22813,1,2.25
2019,REG,BAL,00-0029665,R.Griffin III,16,52.0,0.0,-0.54802,4,3.25
2019,REG,BAL,00-0030663,W.Snead,1,2.0,0.0,-0.46669,1,2.0
2019,REG,BAL,00-0030663,W.Snead IV,1,0.0,0.0,-0.95127,1,0.0
2019,REG,BAL,00-0031060,D.Thomas,1,1.0,0.0,-0.51782,1,1.0
2019,REG,BAL,00-0032398,C.Moore,1,0.0,0.0,-0.39616,1,0.0
2019,REG,BAL,00-0034184,G.Edwards,133,711.0,2.0,0.06156,16,5.34586
2019,REG,BAL,00-0034796,L.Jackson,178,1206.0,7.0,0.30837,15,6.77528
2019,REG,BAL,00-0034975,J.Hill,58,225.0,2.0,-0.09857,15,3.87931
2019,REG,BAL,00-0035146,T.McSorley,1,1.0,0.0,0.45316,1,1.0
2019,REG,BUF,00-0023500,F.Gore,166,599.0,2.0,-0.19776,15,3.60843
2019,REG,BUF,00-0027691,A.Roberts,1,7.0,0.0,-0.00246,1,7.0
2019,REG,BUF,00-0028581,P.DiMarco,3,7.0,0.0,-0.36255,3,2.33333
2019,REG,BUF,00-0030533,M.Barkley,2,-4.0,0.0,-1.23291,1,-2.0
2019,REG,BUF,00-0031051,J.Brown,2,7.0,0.0,-0.33973,2,3.5
2019,REG,BUF,00-0031209,S.Perry,3,3.0,0.0,-0.72671,1,1.0
2019,REG,BUF,00-0032209,T.Yeldon,17,63.0,0.0,-0.30267,3,3.70588
2019,REG,BUF,00-0033466,I.McKenzie,8,49.0,0.0,0.12832,5,6.125
2019,REG,BUF,00-0034510,R.Foster,2,29.0,0.0,0.90733,2,14.5
2019,REG,BUF,00-0034857,J.Allen,89,414.0,5.0,0.05453,12,4.65169
2019,REG,BUF,00-0034857,Jos.Allen,21,96.0,4.0,0.70363,3,4.57143
2019,REG,BUF,00-0035250,D.Singletary,151,775.0,2.0,0.01959,12,5.13245
2019,REG,BUF,00-0035689,D.Knox,1,9.0,0.0,0.90922,1,9.0
2019,REG,CAR,00-0027939,C.Newton,5,-2.0,0.0,-1.8735,2,-0.4
2019,REG,CAR,00-0028128,C.Jones,1,5.0,0.0,2.82013,1,5.0
2019,REG,CAR,00-0029572,J.Wright,1,-7.0,0.0,-1.80985,1,-7.0
2019,REG,CAR,00-0032063,M.Davis,2,2.0,0.0,-1.05807,1,1.0
2019,REG,CAR,00-0033280,C.McCaffrey,288,1387.0,15.0,-0.04949,16,4.81597
2019,REG,CAR,00-0033282,C.Samuel,19,130.0,1.0,0.33047,9,6.84211
2019,REG,CAR,00-0033296,A.Armah,6,11.0,1.0,-0.3017,5,1.83333
2019,REG,CAR,00-0034577,K.Allen,32,106.0,2.0,-0.06635,11,3.3125
2019,REG,CAR,00-0034578,R.Bonnafon,16,116.0,1.0,0.15129,7,7.25
2019,REG,CAR,00-0034827,D.Moore,6,40.0,0.0,0.24652,6,6.66667
2019,REG,CAR,00-0035251,W.Grier,7,22.0,0.0,-1.23255,2,3.14286
2019,REG,CAR,00-0035275,J.Scarlett,4,9.0,0.0,-1.12325,1,2.25
2019,REG,CHI,00-0026544,C.Daniel,6,6.0,0.0,-0.16966,2,1.0
2019,REG,CHI,00-0030578,C.Patterson,17,103.0,0.0,0.01789,11,6.05882
2019,REG,CHI,00-0031228,T.Gabriel,3,20.0,0.0,0.36464,3,6.66667
2019,REG,CHI,00-0031428,A.Robinson,1,2.0,0.0,-0.58011,1,2.0
2019,REG,CHI,00-0032063,M.Davis,11,25.0,0.0,-0.57707,4,2.27273
2019,REG,CHI,00-0033556,T.Cohen,64,213.0,0.0,-0.12879,15,3.32812
2019,REG,CHI,00-0033869,M.Trubisky,48,193.0,2.0,-0.02246,13,4.02083
2019,REG,CHI,00-0034353,A.Miller,1,-1.0,0.0,-5.32069,1,-1.0
2019,REG,CHI,00-0034597,R.Nall,2,8.0,0.0,0.07493,1,4.0
2019,REG,CHI,00-0035685,D.Montgomery,242,889.0,6.0,-0.16992,16,3.67355
2019,REG,CIN,00-0027973,A.Dalton,33,73.0,4.0,0.13494,12,2.21212
2019,REG,CIN,00-0030456,G.Bernard,53,170.0,0.0,-0.29177,16,3.20755
2019,REG,CIN,00-0032543,A.Erickson,5,33.0,0.0,0.07426,4,6.6
2019,REG,CIN,00-0033009,T.Boyd,4,23.0,0.0,0.20414,4,5.75
2019,REG,CIN,00-0033460,J.Ross III,3,4.0,0.0,-0.32483,2,1.33333
2019,REG,CIN,00-0033897,J.Mixon,278,1137.0,5.0,-0.07898,16,4.08993
2019,REG,CIN,00-0035652,R.Finley,10,77.0,0.0,0.02801,3,7.7
2019,REG,CLE,00-0031235,O.Beckham,3,10.0,0.0,-0.21801,2,3.33333
2019,REG,CLE,00-0031382,J.Landry,1,10.0,0.0,0.67648,1,10.0
2019,REG,CLE,00-0031395,G.Gilbert,3,-3.0,0.0,-0.90425,3,-1.0
2019,REG,CLE,00-0033923,K.Hunt,43,179.0,2.0,-0.14373,8,4.16279
2019,REG,CLE,00-0034253,D.Hilliard,13,49.0,2.0,-0.05463,4,3.76923
2019,REG,CLE,00-0034791,N.Chubb,298,1494.0,8.0,-0.07618,16,5.01342
2019,REG,CLE,00-0034855,B.Mayfield,28,141.0,3.0,0.38481,13,5.03571
2019,REG,CLE,00-0035628,D.Johnson,4,21.0,0.0,-0.50782,2,5.25
2019,REG,DAL,00-0028002,R.Cobb,3,11.0,0.0,-0.13501,2,3.66667
2019,REG,DAL,00-0030525,T.Austin,6,47.0,1.0,0.473,5,7.83333
2019,REG,DAL,00-0031544,A.Cooper,1,6.0,0.0,0.24029,1,6.0
2019,REG,DAL,00-0033045,E.Elliott,301,1357.0,12.0,-0.01849,16,4.50831
2019,REG,DAL,00-0033077,D.Prescott,52,277.0,3.0,0.32269,15,5.32692
2019,REG,DAL,00-0035261,T.Pollard,87,455.0,2.0,-0.00867,14,5.22989
2019,REG,DEN,00-0026158,J.Flacco,12,20.0,0.0,0.16743,6,1.66667
2019,REG,DEN,00-0031319,D.Spencer,3,6.0,0.0,-0.26727,3,2.0
2019,REG,DEN,00-0032434,B.Allen,10,39.0,0.0,0.50244,3,3.9
2019,REG,DEN,00-0032956,A.Janovich,1,1.0,1.0,1.21494,1,1.0
2019,REG,DEN,00-0032972,D.Booker,2,9.0,0.0,-0.54691,2,4.5
2019,REG,DEN,00-0034109,P.Lindsay,225,1011.0,7.0,-0.05206,16,4.49333
2019,REG,DEN,00-0034348,C.Sutton,3,17.0,0.0,0.94112,2,5.66667
2019,REG,DEN,00-0034838,R.Freeman,132,496.0,3.0,-0.13211,16,3.75758
2019,REG,DEN,00-0034959,A.Beck,1,3.0,0.0,0.69018,1,3.0
2019,REG,DEN,00-0035644,N.Fant,3,-12.0,0.0,-1.55683,2,-4.0
2019,REG,DEN,00-0035704,D.Lock,18,72.0,0.0,-0.46603,5,4.0
2019,REG,DET,00-0026498,M.Stafford,20,66.0,0.0,-0.3299,7,3.3
2019,REG,DET,00-0029293,M.Jones,2,0.0,0.0,-0.80072,2,0.0
2019,REG,DET,00-0029854,C.Anderson,16,43.0,0.0,-0.4365,2,2.6875
2019,REG,DET,00-0032417,P.Perkins,12,29.0,0.0,-0.24967,3,2.41667
2019,REG,DET,00-0032436,J.Driskel,22,151.0,1.0,0.45045,3,6.86364
2019,REG,DET,00-0032540,T.Carson,12,34.0,0.0,-0.35047,1,2.83333
2019,REG,DET,00-0032602,J.McKissic,38,205.0,0.0,-0.07804,13,5.39474
2019,REG,DET,00-0033094,M.Hall,1,7.0,0.0,0.3411,1,7.0
2019,REG,DET,00-0033572,J.Agnew,1,9.0,0.0,0.96291,1,9.0
2019,REG,DET,00-0034349,K.Johnson,113,403.0,3.0,-0.18163,8,3.56637
2019,REG,DET,00-0034432,B.Scarbrough,89,377.0,1.0,-0.14992,6,4.23596
2019,REG,DET,00-0035040,D.Blough,8,31.0,0.0,0.18622,3,3.875
2019,REG,DET,00-0035489,W.Hills,10,21.0,2.0,0.03853,1,2.1
2019,REG,DET,00-0035537,T.Johnson,63,273.0,0.0,-0.13376,15,4.33333
2019,REG,GB,00-0023459,A.Rodgers,47,183.0,1.0,0.00481,16,3.89362
2019,REG,GB,00-0032404,T.Ervin,1,10.0,0.0,0.61766,1,10.0
2019,REG,GB,00-0032540,T.Carson,6,14.0,0.0,-0.3618,1,2.33333
2019,REG,GB,00-0032626,G.Allison,1,7.0,0.0,0.29594,1,7.0
2019,REG,GB,00-0032794,D.Vitale,1,3.0,0.0,-0.29762,1,3.0
2019,REG,GB,00-0033293,A.Jones,236,1084.0,16.0,-0.00583,16,4.59322
2019,REG,GB,00-0033948,J.Williams,107,460.0,1.0,-0.05634,13,4.29907
2019,REG,GB,00-0034177,T.Boyle,5,-7.0,0.0,0.0,2,-1.4
2019,REG,GB,00-0034272,M.Valdes-Scantling,2,9.0,0.0,0.0831,2,4.5
2019,REG,GB,00-0034521,A.Lazard,1,21.0,0.0,1.32558,1,21.0
2019,REG,GB,00-0034995,D.Williams,5,11.0,0.0,-0.35311,2,2.2
2019,REG,HOU,00-0028063,T.Jones,9,40.0,0.0,0.02419,1,4.44444
2019,REG,HOU,00-0029692,B.Anger,1,-5.0,0.0,-0.24313,1,-5.0
2019,REG,HOU,00-0030564,D.Hopkins,2,18.0,0.0,0.98805,2,9.0
2019,REG,HOU,00-0031045,C.Hyde,245,1070.0,6.0,-0.05613,16,4.36735
2019,REG,HOU,00-0031288,A.McCarron,5,39.0,1.0,0.11981,1,7.8
2019,REG,HOU,00-0032257,D.Johnson,83,410.0,2.0,-0.14362,16,4.93976
2019,REG,HOU,00-0033537,D.Watson,82,413.0,7.0,0.29722,15,5.03659
2019,REG,HOU,00-0034366,K.Coutee,2,14.0,1.0,0.90863,2,7.0
2019,REG,HOU,00-0034449,G.Howell,5,10.0,0.0,0.13009,2,2.0
2019,REG,IND,00-0026625,B.Hoyer,8,2.0,0.0,-0.49383,4,0.25
2019,REG,IND,00-0032355,C.Rogers,1,18.0,0.0,1.09846,1,18.0
2019,REG,IND,00-0032975,J.Williams,49,235.0,1.0,0.05071,4,4.79592
2019,REG,IND,00-0033119,J.Brissett,56,228.0,4.0,0.16966,15,4.07143
2019,REG,IND,00-0033251,Z.Pascal,2,16.0,0.0,0.45366,2,8.0
2019,REG,IND,00-0033951,M.Mack,248,1091.0,8.0,0.00728,14,4.39919
2019,REG,IND,00-0034342,Q.Nelson,1,0.0,0.0,-0.96378,1,0.0
2019,REG,IND,00-0034367,N.Hines,52,199.0,2.0,0.01038,16,3.82692
2019,REG,IND,00-0034400,J.Wilkins,51,307.0,2.0,0.14377,12,6.01961
2019,REG,IND,00-0035639,P.Campbell,4,34.0,0.0,0.28434,2,8.5
2019,REG,JAX,00-0029567,N.Foles,4,23.0,0.0,0.37974,2,5.75
2019,REG,JAX,00-0031431,M.Lee,1,1.0,0.0,-0.49449,1,1.0
2019,REG,JAX,00-0033681,K.Cole,1,6.0,0.0,0.29501,1,6.0
2019,REG,JAX,00-0033839,D.Westbrook,5,27.0,0.0,0.16482,4,5.4
2019,REG,JAX,00-0033856,L.Fournette,266,1152.0,3.0,-0.06902,15,4.33083
2019,REG,JAX,00-0034777,D.Chark Jr.,2,20.0,0.0,0.41432,2,10.0
2019,REG,JAX,00-0035184,D.Ozigbo,9,27.0,0.0,-0.05908,1,3.0
2019,REG,JAX,00-0035268,R.Armstead,35,108.0,0.0,-0.25994,11,3.08571
2019,REG,JAX,00-0035289,G.Minshew,21,125.0,0.0,-0.02619,6,5.95238
2019,REG,JAX,00-0035289,G.Minshew II,46,219.0,0.0,-0.07372,8,4.76087
2019,REG,KC,00-0025708,M.Moore,5,-1.0,0.0,-0.76102,5,-0.2
2019,REG,KC,00-0027029,L.McCoy,101,465.0,4.0,-0.05773,12,4.60396
2019,REG,KC,00-0028074,A.Sherman,4,9.0,0.0,0.76021,3,2.25
2019,REG,KC,00-0030414,S.Ware,17,51.0,0.0,-0.0697,3,3.0
2019,REG,KC,00-0030506,T.Kelce,1,4.0,1.0,2.75979,1,4.0
2019,REG,KC,00-0030874,Dam.Williams,111,498.0,5.0,-0.12281,11,4.48649
2019,REG,KC,00-0031060,D.Thomas,1,4.0,0.0,0.5649,1,4.0
2019,REG,KC,00-0031325,S.Watkins,2,12.0,0.0,0.10928,1,6.0
2019,REG,KC,00-0033040,T.Hill,8,23.0,0.0,-0.21429,7,2.875
2019,REG,KC,00-0033873,P.Mahomes,43,218.0,2.0,0.28296,13,5.06977
2019,REG,KC,00-0034301,D.Williams,41,141.0,3.0,-0.24943,8,3.43902
2019,REG,KC,00-0035140,M.Hardman,4,17.0,0.0,-0.02999,4,4.25
2019,REG,KC,00-0035148,D.Thompson,37,128.0,1.0,-0.05755,8,3.45946
2019,REG,LA,00-0030431,R.Woods,17,115.0,1.0,0.3102,9,6.76471
2019,REG,LA,00-0031236,B.Cooks,6,52.0,0.0,0.38003,5,8.66667
2019,REG,LA,00-0031407,B.Bortles,2,-9.0,0.0,-0.79985,2,-4.5
2019,REG,LA,00-0031806,M.Brown,69,255.0,5.0,-0.14846,13,3.69565
2019,REG,LA,00-0032241,T.Gurley,224,857.0,12.0,-0.12244,15,3.82589
2019,REG,LA,00-0033106,J.Goff,34,40.0,2.0,-0.37532,13,1.17647
2019,REG,LA,00-0033895,G.Everett,1,0.0,0.0,-1.56496,1,0.0
2019,REG,LA,00-0033908,C.Kupp,2,4.0,0.0,-0.27577,2,2.0
2019,REG,LA,00-0033943,J.Reynolds,5,23.0,0.0,-0.06527,3,4.6
2019,REG,LA,00-0034808,J.Kelly,3,9.0,0.0,-0.68879,1,3.0
2019,REG,LA,00-0035664,D.Henderson,39,147.0,0.0,-0.24796,7,3.76923
2019,REG,LA,00-0035669,N.Scott,1,6.0,0.0,-2.57831,1,6.0
2019,REG,LAC,00-0022942,P.Rivers,12,29.0,0.0,-0.85425,9,2.41667
2019,REG,LAC,00-0028118,T.Taylor,10,7.0,0.0,-0.90879,3,0.7
2019,REG,LAC,00-0030279,K.Allen,3,16.0,0.0,-0.07657,3,5.33333
2019,REG,LAC,00-0032144,M.Gordon,162,612.0,8.0,-0.10083,12,3.77778
2019,REG,LAC,00-0032897,D.Watt,7,10.0,1.0,0.45371,5,1.42857
2019,REG,LAC,00-0033164,T.Pope,10,20.0,0.0,-0.35979,1,2.0
2019,REG,LAC,00-0033536,M.Williams,1,2.0,0.0,-0.52057,1,2.0
2019,REG,LAC,00-0033699,A.Ekeler,132,557.0,3.0,-0.07801,16,4.2197
2019,REG,LAC,00-0034440,J.Jackson,29,200.0,0.0,0.17714,7,6.89655
2019,REG,LV,00-0029119,D.Carrier,1,27.0,0.0,4.19971,1,27.0
2019,REG,LV,00-0030520,M.Glennon,2,0.0,0.0,-0.43126,1,0.0
2019,REG,LV,00-0031280,D.Carr,27,82.0,2.0,-0.40987,14,3.03704
2019,REG,LV,00-0031610,D.Waller,2,5.0,0.0,-0.14125,2,2.5
2019,REG,LV,00-0032320,E.Harris,1,4.0,0.0,1.76445,1,4.0
2019,REG,LV,00-0032423,T.Davis,4,73.0,1.0,0.40875,3,18.25
2019,REG,LV,00-0032940,D.Washington,108,387.0,3.0,-0.15279,16,3.58333
2019,REG,LV,00-0033025,J.Richard,39,145.0,0.0,-0.20282,16,3.71795
2019,REG,LV,00-0033891,Z.Jones,1,3.0,0.0,-0.29133,1,3.0
2019,REG,LV,00-0035125,A.Ingold,10,17.0,0.0,0.2349,10,1.7
2019,REG,LV,00-0035700,J.Jacobs,242,1150.0,7.0,-0.03922,13,4.75207
2019,REG,MIA,00-0023682,R.Fitzpatrick,54,243.0,4.0,0.06456,14,4.5
2019,REG,MIA,00-0030669,A.Wilson,5,45.0,0.0,0.4172,4,9.0
2019,REG,MIA,00-0032791,J.Grant,4,5.0,1.0,-0.23079,4,1.25
2019,REG,MIA,00-0033118,K.Drake,47,174.0,0.0,-0.20983,6,3.70213
2019,REG,MIA,00-0033400,M.Haack,1,2.0,0.0,2.42377,1,2.0
2019,REG,MIA,00-0033471,I.Ford,1,11.0,0.0,1.10193,1,11.0
2019,REG,MIA,00-0033526,S.Perine,5,16.0,0.0,-0.06932,1,3.2
2019,REG,MIA,00-0034201,D.Turner,4,6.0,0.0,-0.39276,1,1.5
2019,REG,MIA,00-0034343,J.Rosen,3,13.0,0.0,-0.34762,1,4.33333
2019,REG,MIA,00-0034679,M.Walton,53,201.0,0.0,-0.14992,7,3.79245
2019,REG,MIA,00-0034799,K.Ballage,74,135.0,3.0,-0.2845,12,1.82432
2019,REG,MIA,00-0035311,M.Gaskin,36,133.0,1.0,-0.06826,6,3.69444
2019,REG,MIA,00-0035342,P.Laird,62,168.0,1.0,-0.35083,8,2.70968
2019,REG,MIN,00-0029604,K.Cousins,31,63.0,1.0,-0.19909,12,2.03226
2019,REG,MIN,00-0030035,A.Thielen,4,6.0,1.0,-0.24604,4,1.5
2019,REG,MIN,00-0031588,S.Diggs,5,61.0,0.0,0.95182,4,12.2
2019,REG,MIN,00-0032104,A.Abdullah,23,115.0,0.0,-0.15892,8,5.0
2019,REG,MIN,00-0032245,S.Mannion,6,-5.0,0.0,-0.98059,3,-0.83333
2019,REG,MIN,00-0032918,C.Ham,7,17.0,0.0,-0.83348,6,2.42857
2019,REG,MIN,00-0033893,D.Cook,250,1135.0,13.0,0.02111,14,4.54
2019,REG,MIN,00-0034208,M.Boone,49,273.0,3.0,0.02117,5,5.57143
2019,REG,MIN,00-0034972,A.Mattison,100,462.0,1.0,-0.12628,13,4.62
2019,REG,MIN,00-0035006,O.Johnson,1,6.0,0.0,0.30577,1,6.0
2019,REG,NE,00-0019596,T.Brady,26,34.0,3.0,0.03328,10,1.30769
2019,REG,NE,00-0027150,J.Edelman,8,27.0,0.0,0.1496,6,3.375
2019,REG,NE,00-0027793,A.Brown,1,5.0,0.0,0.36676,1,5.0
2019,REG,NE,00-0027925,J.Develin,2,3.0,0.0,0.13919,1,1.5
2019,REG,NE,00-0029239,B.Bolden,15,68.0,3.0,0.21517,8,4.53333
2019,REG,NE,00-0029632,M.Sanu,1,8.0,0.0,0.51581,1,8.0
2019,REG,NE,00-0029664,J.Gordon,1,1.0,0.0,-0.57991,1,1.0
2019,REG,NE,00-0030288,R.Burkhead,65,302.0,3.0,0.01863,12,4.64615
2019,REG,NE,00-0031062,J.White,69,263.0,1.0,-0.22721,15,3.81159
2019,REG,NE,00-0032208,P.Dorsett,3,21.0,0.0,0.15313,2,7.0
2019,REG,NE,00-0034845,S.Michel,247,912.0,7.0,-0.09563,16,3.69231
2019,REG,NE,00-0035264,J.Stidham,2,-2.0,0.0,0.0,1,-1.0
2019,REG,NE,00-0035624,N.Harry,5,49.0,0.0,0.68213,3,9.8
2019,REG,NE,00-0035657,D.Harris,4,12.0,0.0,-0.37722,1,3.0
2019,REG,NO,00-0020531,D.Brees,9,-4.0,1.0,0.24806,5,-0.44444
2019,REG,NO,00-0025396,T.Ginn,3,18.0,0.0,0.1092,3,6.0
2019,REG,NO,00-0029931,Z.Line,7,20.0,0.0,0.17763,5,2.85714
2019,REG,NO,00-0030513,L.Murray,146,637.0,5.0,-0.02958,16,4.36301
2019,REG,NO,00-0031237,T.Bridgewater,29,31.0,0.0,-0.59797,9,1.06897
2019,REG,NO,00-0031665,Z.Zenner,1,1.0,0.0,-0.48229,1,1.0
2019,REG,NO,00-0032450,D.Washington,8,60.0,0.0,-0.02775,3,7.5
2019,REG,NO,00-0032765,M.Thomas,1,-9.0,0.0,-1.69913,1,-9.0
2019,REG,NO,00-0033357,T.Hill,28,156.0,1.0,0.1857,13,5.57143
2019,REG,NO,00-0033906,A.Kamara,171,797.0,5.0,-0.11401,14,4.66082
2019,REG,NO,00-0035215,D.Harris,4,31.0,0.0,0.65664,3,7.75
2019,REG,NYG,00-0022803,E.Manning,4,7.0,0.0,-0.19107,3,1.75
2019,REG,NYG,00-0027891,G.Tate,1,16.0,0.0,1.03227,1,16.0
2019,REG,NYG,00-0030670,B.Fowler,1,20.0,0.0,1.389,1,20.0
2019,REG,NYG,00-0031577,J.Allen,10,36.0,1.0,0.08508,3,3.6
2019,REG,NYG,00-0032385,S.Shepard,6,72.0,0.0,0.57852,5,12.0
2019,REG,NYG,00-0032813,E.Penny,15,39.0,0.0,-0.37582,7,2.6
2019,REG,NYG,00-0033881,E.Engram,3,7.0,0.0,-0.20299,2,2.33333
2019,REG,NYG,00-0033950,W.Gallman Jr,29,110.0,2.0,-0.28432,6,3.7931
2019,REG,NYG,00-0034256,D.Scott,1,5.0,0.0,-0.14263,1,5.0
2019,REG,NYG,00-0034844,S.Barkley,217,1003.0,6.0,-0.08626,13,4.62212
2019,REG,NYG,00-0035013,J.Hilliman,30,91.0,0.0,-0.34125,3,3.03333
2019,REG,NYG,00-0035710,D.Jones,45,279.0,2.0,0.36009,13,6.2
2019,REG,NYJ,00-0028064,B.Powell,59,229.0,0.0,-0.1675,12,3.88136
2019,REG,NYJ,00-0030496,L.Bell,245,789.0,3.0,-0.19083,15,3.22041
2019,REG,NYJ,00-0031941,J.Crowder,1,4.0,0.0,-0.32919,1,4.0
2019,REG,NYJ,00-0032200,T.Montgomery,32,103.0,0.0,-0.28378,11,3.21875
2019,REG,NYJ,00-0032688,Ro.Anderson,1,4.0,0.0,-0.18186,1,4.0
2019,REG,NYJ,00-0034457,Jo.Adams,8,12.0,0.0,-0.28822,2,1.5
2019,REG,NYJ,00-0034631,V.Smith,3,52.0,1.0,1.73335,3,17.33333
2019,REG,NYJ,00-0034869,S.Darnold,33,62.0,2.0,-0.23373,13,1.87879
2019,REG,NYJ,00-0035259,T.Wesco,1,2.0,0.0,2.10862,1,2.0
2019,REG,PHI,00-0021206,J.McCown,2,-2.0,0.0,0.0,1,-1.0
2019,REG,PHI,00-0023564,D.Sproles,18,66.0,0.0,-0.21359,5,3.66667
2019,REG,PHI,00-0029137,A.Jeffery,1,2.0,1.0,0.65718,1,2.0
2019,REG,PHI,00-0031549,N.Agholor,2,7.0,0.0,-0.20346,1,3.5
2019,REG,PHI,00-0031590,J.Ajayi,10,30.0,0.0,-0.19314,3,3.0
2019,REG,PHI,00-0032780,J.Howard,119,525.0,6.0,-0.0038,9,4.41176
2019,REG,PHI,00-0032950,C.Wentz,64,243.0,1.0,-0.16576,15,3.79688
2019,REG,PHI,00-0033733,G.Ward,1,5.0,0.0,-0.21652,1,5.0
2019,REG,PHI,00-0034414,B.Scott,61,245.0,5.0,-0.06599,8,4.01639
2019,REG,PHI,00-0035243,M.Sanders,180,818.0,3.0,-0.07658,16,4.54444
2019,REG,PIT,00-0022924,B.Roethlisberger,1,7.0,0.0,0.03243,1,7.0
2019,REG,PIT,00-0030470,V.McDonald,1,2.0,0.0,-0.79568,1,2.0
2019,REG,PIT,00-0031502,J.Berry,2,-8.0,0.0,-4.71018,2,-4.0
2019,REG,PIT,00-0032935,J.Holton,1,9.0,0.0,0.76221,1,9.0
2019,REG,PIT,00-0033553,J.Conner,116,464.0,4.0,-0.2067,10,4.0
2019,REG,PIT,00-0033838,T.Edmunds,20,85.0,0.0,-0.32093,4,4.25
2019,REG,PIT,00-0033838,Tr.Edmunds,2,7.0,0.0,-0.1328,1,3.5
2019,REG,PIT,00-0034331,J.Samuels,66,175.0,1.0,-0.22764,12,2.65152
2019,REG,PIT,00-0034771,M.Rudolph,21,42.0,0.0,-0.70836,8,2.0
2019,REG,PIT,00-0035216,D.Johnson,4,41.0,0.0,0.38368,4,10.25
2019,REG,PIT,00-0035217,B.Snell,28,118.0,0.0,-0.02948,5,4.21429
2019,REG,PIT,00-0035217,B.Snell Jr.,80,308.0,2.0,-0.15106,6,3.85
2019,REG,PIT,00-0035551,T.Brooks-James,8,7.0,0.0,-0.73932,3,0.875
2019,REG,PIT,00-0035577,D.Hodges,21,68.0,0.0,-0.62897,8,3.2381
2019,REG,PIT,00-0035596,K.Whyte Jr.,24,122.0,0.0,0.03819,6,5.08333
2019,REG,SEA,00-0025399,M.Lynch,12,34.0,1.0,-0.41858,1,2.83333
2019,REG,SEA,00-0029263,R.Wilson,75,342.0,3.0,-0.11658,16,4.56
2019,REG,SEA,00-0032211,T.Lockett,4,-5.0,0.0,-0.77707,4,-1.25
2019,REG,SEA,00-0032393,C.Prosise,24,72.0,1.0,-0.36858,8,3.0
2019,REG,SEA,00-0033589,D.Moore,3,25.0,0.0,0.24187,3,8.33333
2019,REG,SEA,00-0033594,C.Carson,278,1230.0,7.0,-0.09203,15,4.42446
2019,REG,SEA,00-0034159,W.Dissly,1,7.0,0.0,0.39738,1,7.0
2019,REG,SEA,00-0034750,R.Penny,65,370.0,3.0,0.06685,8,5.69231
2019,REG,SEA,00-0035594,T.Homer,18,114.0,0.0,0.16835,4,6.33333
2019,REG,SEA,00-0035640,DK.Metcalf,2,11.0,0.0,0.12723,2,5.5
2019,REG,SF,00-0029892,K.Juszczyk,3,7.0,0.0,-0.33095,2,2.33333
2019,REG,SF,00-0030068,M.Goodwin,1,15.0,0.0,1.07525,1,15.0
2019,REG,SF,00-0031345,J.Garoppolo,46,62.0,1.0,-0.31368,15,1.34783
2019,REG,SF,00-0031687,R.Mostert,137,772.0,8.0,0.05185,15,5.63504
2019,REG,SF,00-0032058,T.Coleman,137,544.0,6.0,-0.11202,14,3.9708
2019,REG,SF,00-0033288,G.Kittle,5,22.0,0.0,-0.4308,4,4.4
2019,REG,SF,00-0033308,M.Breida,123,623.0,1.0,-0.08967,12,5.06504
2019,REG,SF,00-0033319,N.Mullens,3,-3.0,0.0,-1.15398,1,-1.0
2019,REG,SF,00-0034115,J.Wilson,27,105.0,4.0,0.03653,5,3.88889
2019,REG,SF,00-0034286,R.James Jr.,2,-1.0,0.0,-0.82612,2,-0.5
2019,REG,SF,00-0035719,D.Samuel,14,159.0,3.0,0.69525,8,11.35714
2019,REG,TB,00-0029857,R.Griffin,4,-1.0,0.0,-0.6165,1,-0.25
2019,REG,TB,00-0031503,J.Winston,61,250.0,1.0,0.12283,16,4.09836
2019,REG,TB,00-0032054,B.Perriman,2,16.0,0.0,0.33421,2,8.0
2019,REG,TB,00-0032741,P.Barber,155,470.0,6.0,-0.21051,15,3.03226
2019,REG,TB,00-0033789,T.Logan,3,10.0,0.0,-0.20068,3,3.33333
2019,REG,TB,00-0033854,D.Ogunbowale,11,17.0,2.0,-0.00244,10,1.54545
2019,REG,TB,00-0033921,C.Godwin,1,8.0,0.0,0.53533,1,8.0
2019,REG,TB,00-0034705,J.Franklin,1,11.0,0.0,0.83522,1,11.0
2019,REG,TB,00-0034816,R.Jones,172,724.0,6.0,-0.14395,16,4.2093
2019,REG,TB,00-0035298,S.Miller,2,16.0,0.0,0.08975,2,8.0
2019,REG,TEN,00-0025825,B.Kern,1,0.0,0.0,-2.77641,1,0.0
2019,REG,TEN,00-0028087,D.Lewis,54,209.0,0.0,-0.25275,13,3.87037
2019,REG,TEN,00-0029701,R.Tannehill,44,185.0,4.0,0.37937,12,4.20455
2019,REG,TEN,00-0032009,A.Humphries,1,1.0,0.0,-0.46114,1,1.0
2019,REG,TEN,00-0032268,M.Mariota,24,129.0,0.0,0.15933,6,5.375
2019,REG,TEN,00-0032464,K.Raymond,1,-5.0,0.0,-1.23976,1,-5.0
2019,REG,TEN,00-0032764,D.Henry,303,1540.0,16.0,-0.01317,15,5.08251
2019,REG,TEN,00-0033858,J.Smith,4,78.0,0.0,1.16925,4,19.5
2019,REG,TEN,00-0034654,D.Dawkins,11,26.0,0.0,-0.21534,2,2.36364
2019,REG,TEN,00-0035676,A.Brown,3,60.0,1.0,1.1291,3,20.0
2019,REG,WAS,00-0025394,A.Peterson,211,898.0,5.0,-0.12125,15,4.25592
2019,REG,WAS,00-0027688,C.McCoy,2,14.0,0.0,0.59675,1,7.0
2019,REG,WAS,00-0028986,C.Keenum,9,12.0,1.0,-0.70962,5,1.33333
2019,REG,WAS,00-0030404,C.Thompson,37,138.0,0.0,-0.19522,9,3.72973
2019,REG,WAS,00-0031257,P.Richardson,1,0.0,0.0,-0.58019,1,0.0
2019,REG,WAS,00-0032377,J.Ferguson,3,9.0,0.0,-0.02176,1,3.0
2019,REG,WAS,00-0032782,W.Smallwood,22,81.0,0.0,-0.35022,8,3.68182
2019,REG,WAS,00-0034358,D.Guice,42,245.0,2.0,0.07147,5,5.83333
2019,REG,WAS,00-0034928,S.Sims,9,85.0,1.0,0.27526,6,9.44444
2019,REG,WAS,00-0035232,D.Haskins,21,101.0,0.0,0.05836,7,4.80952
2020,POST,BAL,00-0034184,G.Edwards,18,80.0,0.0,0.04488,2,4.44444
2020,POST,BAL,00-0034796,L.Jackson,25,170.0,1.0,0.17486,2,6.8
2020,POST,BAL,00-0035662,M.Brown,2,19.0,0.0,0.7061,1,9.5
2020,POST,BAL,00-0035993,T.Huntley,3,32.0,0.0,0.29509,1,10.66667
2020,POST,BAL,00-0036158,J.Dobbins,19,85.0,1.0,-0.04161,2,4.47368
2020,POST,BUF,00-0032209,T.Yeldon,5,19.0,0.0,0.04937,2,3.8
2020,POST,BUF,00-0033466,I.McKenzie,2,9.0,0.0,1.4846,1,4.5
2020,POST,BUF,00-0034857,J.Allen,25,145.0,1.0,0.25353,3,5.8
2020,POST,BUF,00-0035250,D.Singletary,16,63.0,0.0,-0.15707,3,3.9375
2020,POST,BUF,00-0036251,Z.Moss,7,21.0,0.0,-0.33483,1,3.0
2020,POST,CHI,00-0030578,C.Patterson,1,2.0,0.0,-0.55367,1,2.0
2020,POST,CHI,00-0031763,D.Carter,1,3.0,0.0,-0.13206,1,3.0
2020,POST,CHI,00-0033869,M.Trubisky,3,10.0,0.0,-1.19292,1,3.33333
2020,POST,CHI,00-0034353,A.Miller,1,2.0,0.0,-0.37151,1,2.0
2020,POST,CHI,00-0034597,R.Nall,1,0.0,0.0,-0.34014,1,0.0
2020,POST,CHI,00-0035685,D.Montgomery,12,31.0,0.0,-0.31194,1,2.58333
2020,POST,CLE,00-0033923,K.Hunt,14,80.0,3.0,0.44351,2,5.71429
2020,POST,CLE,00-0034791,N.Chubb,31,145.0,0.0,0.00812,2,4.67742
2020,POST,CLE,00-0034855,B.Mayfield,8,14.0,0.0,0.2149,2,1.75
2020,POST,GB,00-0023459,A.Rodgers,4,-3.0,1.0,-0.60207,1,-0.75
2020,POST,GB,00-0033293,A.Jones,20,126.0,1.0,0.16118,2,6.3
2020,POST,GB,00-0033948,J.Williams,19,88.0,0.0,0.21611,2,4.63158
2020,POST,GB,00-0036265,A.Dillon,9,44.0,0.0,0.00811,2,4.88889
2020,POST,IND,00-0022942,P.Rivers,1,-1.0,0.0,0.0,1,-1.0
2020,POST,IND,00-0033119,J.Brissett,1,0.0,0.0,-0.2563,1,0.0
2020,POST,IND,00-0034367,N.Hines,6,75.0,0.0,0.63627,1,12.5
2020,POST,IND,00-0036223,J.Taylor,22,78.0,1.0,-0.16989,1,3.54545
2020,POST,IND,00-0036252,M.Pittman,1,11.0,0.0,0.80943,1,11.0
2020,POST,KC,00-0026197,C.Henne,2,12.0,0.0,-0.63036,1,6.0
2020,POST,KC,00-0030496,L.Bell,2,6.0,0.0,-0.29738,1,3.0
2020,POST,KC,00-0033040,T.Hill,4,14.0,0.0,0.21572,2,3.5
2020,POST,KC,00-0033873,P.Mahomes,13,52.0,1.0,0.03473,3,4.0
2020,POST,KC,00-0034301,Darr.Williams,28,135.0,1.0,0.2109,3,4.82143
2020,POST,KC,00-0035140,M.Hardman,2,54.0,0.0,1.50035,2,27.0
2020,POST,KC,00-0036360,C.Edwards-Helaire,15,71.0,1.0,0.06111,2,4.73333
2020,POST,LA,00-0030431,R.Woods,1,-3.0,0.0,-0.87017,1,-3.0
2020,POST,LA,00-0031806,M.Brown,9,30.0,0.0,-0.41047,1,3.33333
2020,POST,LA,00-0033106,J.Goff,5,10.0,0.0,-0.75987,2,2.0
2020,POST,LA,00-0034899,J.Wolford,1,2.0,0.0,-0.3069,1,2.0
2020,POST,LA,00-0036414,C.Akers,46,221.0,2.0,0.1161,2,4.80435
2020,POST,NO,00-0020531,D.Brees,5,5.0,0.0,-0.77326,2,1.0
2020,POST,NO,00-0030513,L.Murray,4,9.0,0.0,-0.3685,1,2.25
2020,POST,NO,00-0032200,T.Montgomery,4,14.0,0.0,-0.11935,1,3.5
2020,POST,NO,00-0032450,D.Washington,1,2.0,0.0,-0.57251,1,2.0
2020,POST,NO,00-0033357,T.Hill,4,15.0,0.0,0.0077,1,3.75
2020,POST,NO,00-0033906,A.Kamara,41,184.0,1.0,0.01122,2,4.4878
2020,POST,NO,00-0035215,D.Harris,1,-2.0,0.0,-1.34242,1,-2.0
2020,POST,PIT,00-0022924,B.Roethlisberger,1,0.0,0.0,-8.03272,1,0.0
2020,POST,PIT,00-0032897,D.Watt,2,2.0,0.0,-0.58958,1,1.0
2020,POST,PIT,00-0033553,J.Conner,11,37.0,1.0,0.21029,1,3.36364
2020,POST,PIT,00-0035217,B.Snell,2,13.0,0.0,0.19068,1,6.5
2020,POST,SEA,00-0029263,R.Wilson,4,50.0,0.0,0.73684,1,12.5
2020,POST,SEA,00-0031045,C.Hyde,4,5.0,0.0,-0.38942,1,1.25
2020,POST,SEA,00-0033589,D.Moore,1,4.0,0.0,-0.0237,1,4.0
2020,POST,SEA,00-0033594,C.Carson,16,77.0,0.0,-0.07932,1,4.8125
2020,POST,TB,00-0019596,T.Brady,13,-3.0,1.0,-0.34112,4,-0.23077
2020,POST,TB,00-0027793,A.Brown,1,22.0,0.0,1.40594,1,22.0
2020,POST,TB,00-0033856,L.Fournette,65,300.0,3.0,0.04471,4,4.61538
2020,POST,TB,00-0033921,C.Godwin,1,6.0,0.0,0.0882,1,6.0
2020,POST,TB,00-0034816,R.Jones,35,139.0,0.0,-0.10266,3,3.97143
2020,POST,TB,00-0035298,S.Miller,2,5.0,0.0,-0.19479,2,2.5
2020,POST,TB,00-0036450,K.Vaughn,5,21.0,0.0,-1.12313,1,4.2
2020,POST,TEN,00-0029701,R.Tannehill,2,6.0,0.0,0.99042,1,3.0
2020,POST,TEN,00-0032764,D.Henry,18,40.0,0.0,-0.3134,1,2.22222
2020,POST,TEN,00-0033955,J.McNichols,1,4.0,0.0,-0.46874,1,4.0
2020,POST,TEN,00-0036297,D.Evans,1,1.0,0.0,-0.53697,1,1.0
2020,POST,WAS,00-0031800,T.Heinicke,6,46.0,1.0,0.79101,1,7.66667
2020,POST,WAS,00-0032602,J.McKissic,2,5.0,1.0,0.92391,1,2.5
2020,POST,WAS,00-0034928,S.Sims,1,4.0,0.0,-0.11914,1,4.0
2020,POST,WAS,00-0036328,A.Gibson,14,31.0,0.0,-0.29369,1,2.21429
2020,REG,ARI,00-0030564,D.Hopkins,1,1.0,0.0,0.99336,1,1.0
2020,REG,ARI,00-0032577,D.Foster,2,2.0,0.0,-0.97692,2,1.0
2020,REG,ARI,00-0033118,K.Drake,239,955.0,10.0,-0.03054,15,3.99582
2020,REG,ARI,00-0034681,C.Edmonds,97,448.0,1.0,-0.0692,15,4.61856
2020,REG,ARI,00-0034775,C.Kirk,2,3.0,0.0,0.87828,2,1.5
2020,REG,ARI,00-0035228,K.Murray,134,819.0,11.0,0.32078,16,6.11194
2020,REG,ARI,00-0035527,A.Isabella,1,-6.0,0.0,-1.80325,1,-6.0
2020,REG,ARI,00-0035752,C.Streveler,4,15.0,0.0,0.24209,2,3.75
2020,REG,ATL,00-0022787,M.Schaub,3,-4.0,0.0,0.0,1,-1.33333
2020,REG,ATL,00-0026143,M.Ryan,29,92.0,2.0,0.02844,13,3.17241
2020,REG,ATL,00-0030968,K.Smith,4,7.0,0.0,0.79989,4,1.75
2020,REG,ATL,00-0032241,T.Gurley,195,678.0,9.0,-0.10149,15,3.47692
2020,REG,ATL,00-0032592,S.Neasman,1,2.0,0.0,-3.10542,1,2.0
2020,REG,ATL,00-0033567,B.Hill,100,465.0,1.0,-0.1416,16,4.65
2020,REG,ATL,00-0034378,I.Smith,63,268.0,1.0,-0.03151,12,4.25397
2020,REG,ATL,00-0034411,R.Gage,2,9.0,0.0,-0.0952,2,4.5
2020,REG,ATL,00-0034646,B.Powell,2,7.0,0.0,-0.29153,2,3.5
2020,REG,ATL,00-0034837,C.Ridley,5,1.0,0.0,-0.55559,5,0.2
2020,REG,ATL,00-0035208,O.Zaccheaus,1,0.0,0.0,-1.80254,1,0.0
2020,REG,ATL,00-0035273,Q.Ollison,1,3.0,0.0,0.73392,1,3.0
2020,REG,ATL,00-0035551,T.Brooks-James,3,4.0,0.0,-0.79894,1,1.33333
2020,REG,BAL,00-0027966,M.Ingram,72,299.0,2.0,-0.07736,10,4.15278
2020,REG,BAL,00-0029665,R.Griffin,12,69.0,0.0,-0.15782,4,5.75
2020,REG,BAL,00-0032575,M.Skura,1,0.0,0.0,-0.59213,1,0.0
2020,REG,BAL,00-0033376,P.Ricard,1,-1.0,0.0,-5.4246,1,-1.0
2020,REG,BAL,00-0034184,G.Edwards,144,723.0,6.0,0.12404,16,5.02083
2020,REG,BAL,00-0034796,L.Jackson,159,1005.0,7.0,0.2514,15,6.32075
2020,REG,BAL,00-0034975,J.Hill,12,60.0,0.0,-0.09552,3,5.0
2020,REG,BAL,00-0035146,T.McSorley,5,17.0,0.0,0.02488,2,3.4
2020,REG,BAL,00-0035662,M.Brown,1,1.0,0.0,-0.63431,1,1.0
2020,REG,BAL,00-0035993,T.Huntley,10,22.0,0.0,-0.59434,2,2.2
2020,REG,BAL,00-0036158,J.Dobbins,135,805.0,9.0,0.20108,15,5.96296
2020,REG,BAL,00-0036331,D.Duvernay,4,70.0,0.0,1.25576,4,17.5
2020,REG,BUF,00-0027691,A.Roberts,1,-3.0,0.0,-1.13362,1,-3.0
2020,REG,BUF,00-0030533,M.Barkley,6,-6.0,0.0,-0.25259,2,-1.0
2020,REG,BUF,00-0031588,S.Diggs,1,1.0,0.0,-0.73086,1,1.0
2020,REG,BUF,00-0032209,T.Yeldon,10,70.0,0.0,0.43047,2,7.0
2020,REG,BUF,00-0033466,I.McKenzie,10,9.0,0.0,-0.2159,7,0.9
2020,REG,BUF,00-0034857,J.Allen,102,421.0,8.0,0.00121,16,4.12745
2020,REG,BUF,00-0035250,D.Singletary,156,687.0,2.0,-0.09008,16,4.40385
2020,REG,BUF,00-0036188,A.Williams,12,63.0,2.0,0.186,1,5.25
2020,REG,BUF,00-0036196,G.Davis,1,0.0,0.0,-0.74276,1,0.0
2020,REG,BUF,00-0036251,Z.Moss,112,481.0,4.0,-0.06674,13,4.29464
2020,REG,CAR,00-0031237,T.Bridgewater,53,279.0,5.0,0.21765,14,5.26415
2020,REG,CAR,00-0032063,M.Davis,165,642.0,6.0,-0.11802,14,3.89091
2020,REG,CAR,00-0032688,R.Anderson,4,15.0,0.0,-0.26655,3,3.75
2020,REG,CAR,00-0033275,P.Walker,5,-2.0,0.0,-0.47976,1,-0.4
2020,REG,CAR,00-0033280,C.McCaffrey,59,225.0,5.0,0.06667,3,3.81356
2020,REG,CAR,00-0033282,C.Samuel,41,200.0,2.0,-0.08684,15,4.87805
2020,REG,CAR,00-0033296,A.Armah,6,9.0,0.0,-0.10585,5,1.5
2020,REG,CAR,00-0034052,B.Zylstra,1,1.0,0.0,-0.3698,1,1.0
2020,REG,CAR,00-0034164,T.Cannon,10,33.0,0.0,-0.28928,5,3.3
2020,REG,CAR,00-0034578,R.Bonnafon,12,69.0,0.0,0.13465,2,5.75
2020,REG,CAR,00-0034827,D.Moore,2,22.0,0.0,0.48448,2,11.0
2020,REG,CAR,00-0035950,M.Hartsfield,2,2.0,0.0,-0.58119,1,1.0
2020,REG,CAR,00-0035957,R.Smith,41,156.0,1.0,0.05051,7,3.80488
2020,REG,CAR,00-0036293,J.Chinn,2,29.0,0.0,0.78116,2,14.5
2020,REG,CAR,00-0036433,T.Stevens,4,24.0,0.0,0.43282,1,6.0
2020,REG,CHI,00-0029567,N.Foles,16,1.0,1.0,-0.41617,7,0.0625
2020,REG,CHI,00-0030558,B.Mingo,1,11.0,0.0,2.89508,1,11.0
2020,REG,CHI,00-0030578,C.Patterson,64,232.0,1.0,-0.14125,15,3.625
2020,REG,CHI,00-0031428,A.Robinson,1,-1.0,0.0,-0.90355,1,-1.0
2020,REG,CHI,00-0033556,T.Cohen,14,74.0,0.0,0.13003,3,5.28571
2020,REG,CHI,00-0033869,M.Trubisky,33,195.0,1.0,0.27932,10,5.90909
2020,REG,CHI,00-0034353,A.Miller,2,12.0,0.0,0.30521,2,6.0
2020,REG,CHI,00-0034426,J.Wims,1,2.0,0.0,-0.33841,1,2.0
2020,REG,CHI,00-0034597,R.Nall,3,0.0,0.0,-0.43775,2,0.0
2020,REG,CHI,00-0035685,D.Montgomery,248,1070.0,8.0,-0.03634,15,4.31452
2020,REG,CHI,00-0036208,A.Pierce,6,34.0,1.0,0.09784,3,5.66667
2020,REG,CHI,00-0036290,C.Kmet,1,-3.0,0.0,-1.02273,1,-3.0
2020,REG,CHI,00-0036309,D.Mooney,4,20.0,0.0,0.03749,4,5.0
2020,REG,CIN,00-0030456,G.Bernard,124,416.0,3.0,-0.16368,14,3.35484
2020,REG,CIN,00-0030471,S.Williams,2,46.0,0.0,3.9854,2,23.0
2020,REG,CIN,00-0032434,B.Allen,13,27.0,0.0,0.18948,5,2.07692
2020,REG,CIN,00-0032543,A.Erickson,5,7.0,0.0,-1.21799,5,1.4
2020,REG,CIN,00-0033009,T.Boyd,5,49.0,0.0,0.42561,4,9.8
2020,REG,CIN,00-0033114,M.Thomas,1,1.0,0.0,-0.44268,1,1.0
2020,REG,CIN,00-0033526,S.Perine,63,301.0,3.0,-0.0168,10,4.77778
2020,REG,CIN,00-0033897,J.Mixon,119,428.0,3.0,-0.17876,6,3.59664
2020,REG,CIN,00-0035291,T.Williams,26,157.0,0.0,-0.55526,6,6.03846
2020,REG,CIN,00-0035652,R.Finley,11,66.0,1.0,0.30733,2,6.0
2020,REG,CIN,00-0036410,T.Higgins,5,28.0,0.0,0.20234,4,5.6
2020,REG,CIN,00-0036442,J.Burrow,37,142.0,3.0,-0.00382,9,3.83784
2020,REG,CLE,00-0031235,O.Beckham,3,72.0,1.0,1.68497,2,24.0
2020,REG,CLE,00-0031382,J.Landry,4,10.0,1.0,0.29244,3,2.5
2020,REG,CLE,00-0032956,A.Janovich,2,4.0,0.0,0.12584,1,2.0
2020,REG,CLE,00-0033266,J.Natson,1,3.0,0.0,-0.18112,1,3.0
2020,REG,CLE,00-0033923,K.Hunt,198,841.0,6.0,-0.08372,16,4.24747
2020,REG,CLE,00-0034253,D.Hilliard,9,48.0,0.0,-0.11172,2,5.33333
2020,REG,CLE,00-0034791,N.Chubb,190,1065.0,12.0,0.0892,12,5.60526
2020,REG,CLE,00-0034855,B.Mayfield,54,165.0,1.0,-0.12981,16,3.05556
2020,REG,CLE,00-0035039,S.Carlson,1,0.0,0.0,1.053,1,0.0
2020,REG,CLE,00-0035042,J.Gillan,1,-2.0,0.0,-3.30217,1,-2.0
2020,REG,CLE,00-0035628,D.Johnson,33,166.0,0.0,-0.0656,7,5.0303
2020,REG,DAL,00-0027973,A.Dalton,28,114.0,0.0,0.08006,10,4.07143
2020,REG,DAL,00-0028664,C.Jones,1,0.0,0.0,-0.02216,1,0.0
2020,REG,DAL,00-0031395,G.Gilbert,3,28.0,0.0,0.53173,1,9.33333
2020,REG,DAL,00-0031544,A.Cooper,7,14.0,0.0,-0.02434,6,2.0
2020,REG,DAL,00-0032062,B.Bell,1,2.0,0.0,0.73489,1,2.0
2020,REG,DAL,00-0033045,E.Elliott,245,979.0,6.0,-0.11758,15,3.99592
2020,REG,DAL,00-0033077,D.Prescott,19,93.0,3.0,0.52144,5,4.89474
2020,REG,DAL,00-0033083,D.Thompson,1,3.0,0.0,-2.53656,1,3.0
2020,REG,DAL,00-0033591,N.Brown,1,4.0,0.0,-0.18137,1,4.0
2020,REG,DAL,00-0034418,C.Wilson,3,-12.0,0.0,-1.92421,2,-4.0
2020,REG,DAL,00-0035261,T.Pollard,101,435.0,4.0,-0.02513,15,4.30693
2020,REG,DAL,00-0036139,R.Dowdle,7,24.0,0.0,-0.35822,2,3.42857
2020,REG,DAL,00-0036358,C.Lamb,11,82.0,1.0,0.77765,9,7.45455
2020,REG,DAL,00-0036384,B.DiNucci,6,22.0,0.0,0.08605,2,3.66667
2020,REG,DEN,00-0030092,S.Martin,1,0.0,0.0,-0.00725,1,0.0
2020,REG,DEN,00-0031319,D.Spencer,3,19.0,0.0,0.41625,3,6.33333
2020,REG,DEN,00-0032144,M.Gordon,215,986.0,9.0,-0.0776,15,4.58605
2020,REG,DEN,00-0032436,J.Driskel,6,28.0,0.0,0.58553,3,4.66667
2020,REG,DEN,00-0034109,P.Lindsay,118,502.0,1.0,-0.15929,11,4.25424
2020,REG,DEN,00-0034838,R.Freeman,35,170.0,0.0,-0.00829,11,4.85714
2020,REG,DEN,00-0034955,B.Rypien,5,-5.0,0.0,-0.87842,1,-1.0
2020,REG,DEN,00-0035704,D.Lock,44,160.0,3.0,0.03096,12,3.63636
2020,REG,DEN,00-0035864,K.Hinton,2,7.0,0.0,-0.70431,1,3.5
2020,REG,DEN,00-0035912,L.Bellamy,4,11.0,0.0,-0.23972,2,2.75
2020,REG,DEN,00-0036412,K.Hamler,9,40.0,0.0,-0.13417,7,4.44444
2020,REG,DET,00-0025394,A.Peterson,156,604.0,7.0,-0.0778,16,3.87179
2020,REG,DET,00-0026035,D.Amendola,1,2.0,0.0,0.76851,1,2.0
2020,REG,DET,00-0026498,M.Stafford,29,112.0,0.0,0.14423,13,3.86207
2020,REG,DET,00-0026544,C.Daniel,2,16.0,0.0,0.43409,2,8.0
2020,REG,DET,00-0029632,M.Sanu,1,3.0,0.0,0.48219,1,3.0
2020,REG,DET,00-0032975,J.Williams,1,5.0,0.0,-5.37057,1,5.0
2020,REG,DET,00-0033094,M.Hall,1,1.0,0.0,-0.52103,1,1.0
2020,REG,DET,00-0033572,J.Agnew,6,33.0,0.0,-0.29508,6,5.5
2020,REG,DET,00-0034171,J.Cabinda,1,0.0,0.0,-3.81746,1,0.0
2020,REG,DET,00-0034349,K.Johnson,52,181.0,2.0,-0.18677,11,3.48077
2020,REG,DET,00-0035040,D.Blough,1,18.0,0.0,1.87051,1,18.0
2020,REG,DET,00-0035229,T.Hockenson,1,0.0,0.0,-4.99289,1,0.0
2020,REG,DET,00-0035327,C.Moore,1,3.0,0.0,-2.62906,1,3.0
2020,REG,DET,00-0036275,D.Swift,114,521.0,8.0,-0.05353,12,4.57018
2020,REG,GB,00-0023459,A.Rodgers,38,149.0,3.0,0.07738,15,3.92105
2020,REG,GB,00-0032404,T.Ervin,13,67.0,0.0,0.02114,4,5.15385
2020,REG,GB,00-0033293,A.Jones,202,1104.0,9.0,0.06678,14,5.46535
2020,REG,GB,00-0033948,J.Williams,121,505.0,2.0,0.02897,14,4.17355
2020,REG,GB,00-0034177,T.Boyle,13,-9.0,0.0,-0.48556,7,-0.69231
2020,REG,GB,00-0034272,M.Valdes-Scantling,4,13.0,0.0,-0.19191,4,3.25
2020,REG,GB,00-0034279,E.St. Brown,1,7.0,0.0,0.52749,1,7.0
2020,REG,GB,00-0034521,A.Lazard,2,17.0,0.0,0.19756,2,8.5
2020,REG,GB,00-0034995,D.Williams,2,8.0,0.0,-0.13127,1,4.0
2020,REG,GB,00-0035161,J.Lovett,3,6.0,0.0,-0.38484,1,2.0
2020,REG,GB,00-0035480,M.Taylor,1,9.0,0.0,0.73422,1,9.0
2020,REG,GB,00-0036265,A.Dillon,46,242.0,2.0,0.21239,9,5.26087
2020,REG,HOU,00-0032187,D.Johnson,34,239.0,2.0,0.19541,3,7.02941
2020,REG,HOU,00-0032187,Da.Johnson,113,452.0,4.0,-0.09116,9,4.0
2020,REG,HOU,00-0032257,D.Johnson,67,201.0,1.0,-0.29076,9,3.0
2020,REG,HOU,00-0032257,Du.Johnson,10,34.0,0.0,-0.6077,2,3.4
2020,REG,HOU,00-0032393,C.Prosise,10,19.0,0.0,-0.88574,4,1.9
2020,REG,HOU,00-0033127,W.Fuller,1,0.0,0.0,-0.86077,1,0.0
2020,REG,HOU,00-0033537,D.Watson,90,444.0,3.0,0.15925,16,4.93333
2020,REG,HOU,00-0034364,J.Akins,1,4.0,0.0,0.75279,1,4.0
2020,REG,HOU,00-0034449,B.Howell,16,64.0,0.0,-0.03283,2,4.0
2020,REG,HOU,00-0036069,S.Phillips,2,9.0,0.0,-0.00426,1,4.5
2020,REG,IND,00-0022942,P.Rivers,18,-8.0,0.0,-0.56215,10,-0.44444
2020,REG,IND,00-0030710,T.Burton,2,3.0,2.0,0.8922,2,1.5
2020,REG,IND,00-0033119,J.Brissett,17,19.0,3.0,0.33632,9,1.11765
2020,REG,IND,00-0033951,M.Mack,4,26.0,0.0,0.22044,1,6.5
2020,REG,IND,00-0034367,N.Hines,90,380.0,3.0,-0.11525,14,4.22222
2020,REG,IND,00-0034400,J.Wilkins,86,308.0,1.0,-0.25056,12,3.5814
2020,REG,IND,00-0035021,A.Dulin,2,11.0,0.0,0.03727,2,5.5
2020,REG,IND,00-0035639,P.Campbell,2,16.0,0.0,0.25369,2,8.0
2020,REG,IND,00-0035848,D.Harris,6,46.0,0.0,-0.10612,4,7.66667
2020,REG,IND,00-0036223,J.Taylor,232,1169.0,11.0,0.06449,15,5.03879
2020,REG,IND,00-0036252,M.Pittman,3,26.0,0.0,0.47168,3,8.66667
2020,REG,JAX,00-0030404,C.Thompson,7,20.0,0.0,-0.24172,4,2.85714
2020,REG,JAX,00-0030520,M.Glennon,6,17.0,0.0,-0.6353,3,2.83333
2020,REG,JAX,00-0033681,K.Cole Sr.,1,2.0,0.0,-0.46803,1,2.0
2020,REG,JAX,00-0033854,D.Ogunbowale,32,145.0,0.0,-0.12354,4,4.53125
2020,REG,JAX,00-0035184,D.Ozigbo,1,1.0,0.0,-0.39105,1,1.0
2020,REG,JAX,00-0035289,G.Minshew,12,60.0,0.0,0.21311,3,5.0
2020,REG,JAX,00-0035289,G.Minshew II,17,93.0,1.0,0.29805,6,5.47059
2020,REG,JAX,00-0035313,T.Godwin,1,3.0,0.0,-0.42591,1,3.0
2020,REG,JAX,00-0035567,C.Reynolds,1,4.0,0.0,-0.18512,1,4.0
2020,REG,JAX,00-0035831,J.Robinson,241,1070.0,7.0,-0.05107,14,4.43983
2020,REG,JAX,00-0036268,L.Shenault,8,48.0,0.0,0.20502,3,6.0
2020,REG,JAX,00-0036268,L.Shenault Jr.,10,43.0,0.0,-0.05689,8,4.3
2020,REG,JAX,00-0036312,J.Luton,1,13.0,1.0,2.30461,1,13.0
2020,REG,KC,00-0026197,C.Henne,7,-2.0,1.0,-0.22725,3,-0.28571
2020,REG,KC,00-0028074,A.Sherman,3,8.0,0.0,-0.13591,3,2.66667
2020,REG,KC,00-0030496,L.Bell,63,242.0,1.0,-0.14366,9,3.84127
2020,REG,KC,00-0031325,S.Watkins,1,3.0,0.0,-0.21544,1,3.0
2020,REG,KC,00-0032940,D.Washington,3,5.0,0.0,-0.1568,1,1.66667
2020,REG,KC,00-0033040,T.Hill,13,123.0,2.0,0.56777,9,9.46154
2020,REG,KC,00-0033873,P.Mahomes,62,308.0,3.0,0.28316,12,4.96774
2020,REG,KC,00-0034301,D.Williams,11,35.0,0.0,-0.26082,4,3.18182
2020,REG,KC,00-0034301,Darr.Williams,28,134.0,1.0,0.19012,5,4.78571
2020,REG,KC,00-0035140,M.Hardman,4,31.0,0.0,0.17786,4,7.75
2020,REG,KC,00-0035148,D.Thompson,27,97.0,1.0,-0.29849,5,3.59259
2020,REG,KC,00-0036360,C.Edwards-Helaire,181,803.0,4.0,-0.05112,13,4.43646
2020,REG,LA,00-0030431,R.Woods,24,155.0,2.0,0.04642,13,6.45833
2020,REG,LA,00-0031806,M.Brown,101,419.0,5.0,-0.11204,15,4.14851
2020,REG,LA,00-0033106,J.Goff,51,99.0,4.0,-0.119,14,1.94118
2020,REG,LA,00-0033110,T.Higbee,1,1.0,0.0,-0.68804,1,1.0
2020,REG,LA,00-0033895,G.Everett,1,2.0,1.0,0.87936,1,2.0
2020,REG,LA,00-0033908,C.Kupp,4,33.0,0.0,0.54637,3,8.25
2020,REG,LA,00-0033943,J.Reynolds,1,5.0,0.0,0.13487,1,5.0
2020,REG,LA,00-0034899,J.Wolford,6,56.0,0.0,1.17996,1,9.33333
2020,REG,LA,00-0035664,D.Henderson,138,624.0,5.0,0.01984,15,4.52174
2020,REG,LA,00-0036414,C.Akers,145,625.0,2.0,-0.22398,11,4.31034
2020,REG,LA,00-0036415,V.Jefferson,1,-1.0,0.0,-0.77339,1,-1.0
2020,REG,LAC,00-0028118,T.Taylor,7,7.0,0.0,-0.92451,2,1.0
2020,REG,LAC,00-0030279,K.Allen,1,-1.0,0.0,-1.05216,1,-1.0
2020,REG,LAC,00-0031543,T.Long,1,-28.0,0.0,-1.92504,1,-28.0
2020,REG,LAC,00-0033164,T.Pope,15,76.0,0.0,0.04821,4,5.06667
2020,REG,LAC,00-0033536,M.Williams,1,1.0,0.0,-0.74919,1,1.0
2020,REG,LAC,00-0033699,A.Ekeler,116,530.0,1.0,-0.08511,10,4.56897
2020,REG,LAC,00-0034440,J.Jackson,59,270.0,0.0,-0.04422,8,4.57627
2020,REG,LAC,00-0034799,K.Ballage,88,290.0,3.0,-0.05276,8,3.29545
2020,REG,LAC,00-0035282,E.Stick,1,-2.0,0.0,-1.07891,1,-2.0
2020,REG,LAC,00-0035414,J.Guyton,2,0.0,0.0,-0.74471,2,0.0
2020,REG,LAC,00-0035457,T.Johnson,3,17.0,0.0,0.09594,2,5.66667
2020,REG,LAC,00-0035908,G.Nabers,2,7.0,0.0,0.06985,2,3.5
2020,REG,LAC,00-0036355,J.Herbert,56,234.0,5.0,-0.00504,13,4.17857
2020,REG,LAC,00-0036370,J.Kelley,111,354.0,2.0,-0.27149,12,3.18919
2020,REG,LAC,00-0036377,J.Reed,5,29.0,1.0,0.04536,3,5.8
2020,REG,LV,00-0030107,T.Riddick,6,14.0,0.0,-0.08674,3,2.33333
2020,REG,LV,00-0030196,J.Heath,1,1.0,0.0,2.12223,1,1.0
2020,REG,LV,00-0031280,D.Carr,39,140.0,3.0,0.20057,13,3.58974
2020,REG,LV,00-0032268,M.Mariota,9,88.0,1.0,1.24942,1,9.77778
2020,REG,LV,00-0032972,D.Booker,93,423.0,3.0,0.03148,15,4.54839
2020,REG,LV,00-0033025,J.Richard,22,123.0,1.0,0.25233,10,5.59091
2020,REG,LV,00-0033958,N.Peterman,1,9.0,0.0,1.33064,1,9.0
2020,REG,LV,00-0035125,A.Ingold,3,4.0,0.0,0.03405,3,1.33333
2020,REG,LV,00-0035190,A.Cole,1,0.0,0.0,-0.55639,1,0.0
2020,REG,LV,00-0035700,J.Jacobs,273,1065.0,12.0,-0.12103,15,3.9011
2020,REG,LV,00-0036357,H.Ruggs,9,49.0,0.0,-0.5097,8,5.44444
2020,REG,MIA,00-0023682,R.Fitzpatrick,31,151.0,2.0,0.15783,8,4.87097
2020,REG,MIA,00-0032780,J.Howard,28,33.0,4.0,-0.19417,5,1.17857
2020,REG,MIA,00-0032791,J.Grant,3,20.0,0.0,-0.24478,3,6.66667
2020,REG,MIA,00-0032807,C.Fejedelem,2,23.0,0.0,2.70153,2,11.5
2020,REG,MIA,00-0032940,D.Washington,28,86.0,0.0,-0.26183,3,3.07143
2020,REG,MIA,00-0033308,M.Breida,59,254.0,0.0,-0.08588,10,4.30508
2020,REG,MIA,00-0035311,M.Gaskin,142,584.0,3.0,-0.17191,10,4.11268
2020,REG,MIA,00-0035342,P.Laird,13,72.0,0.0,-0.03184,6,5.53846
2020,REG,MIA,00-0036020,S.Ahmed,75,319.0,3.0,-0.03645,6,4.25333
2020,REG,MIA,00-0036212,T.Tagovailoa,36,109.0,3.0,0.06214,8,3.02778
2020,REG,MIA,00-0036245,M.Perry,3,5.0,0.0,-0.31119,3,1.66667
2020,REG,MIA,00-0036364,L.Bowden,9,32.0,0.0,0.06551,7,3.55556
2020,REG,MIN,00-0029604,K.Cousins,33,156.0,1.0,0.0212,11,4.72727
2020,REG,MIN,00-0030035,A.Thielen,3,15.0,0.0,-0.01379,3,5.0
2020,REG,MIN,00-0032104,A.Abdullah,8,42.0,0.0,0.23741,4,5.25
2020,REG,MIN,00-0032918,C.Ham,5,18.0,0.0,-0.09543,5,3.6
2020,REG,MIN,00-0033893,D.Cook,315,1557.0,16.0,0.05128,14,4.94286
2020,REG,MIN,00-0034208,M.Boone,11,59.0,1.0,-0.12637,5,5.36364
2020,REG,MIN,00-0034972,A.Mattison,96,434.0,2.0,-0.07546,13,4.52083
2020,REG,MIN,00-0036322,J.Jefferson,1,2.0,0.0,-0.56042,1,2.0
2020,REG,NE,00-0026625,B.Hoyer,1,8.0,0.0,1.70234,1,8.0
2020,REG,NE,00-0027150,J.Edelman,2,22.0,0.0,0.74368,2,11.0
2020,REG,NE,00-0027939,C.Newton,139,592.0,12.0,0.13237,15,4.25899
2020,REG,NE,00-0030288,R.Burkhead,67,274.0,3.0,0.06138,10,4.08955
2020,REG,NE,00-0031062,J.White,35,121.0,2.0,-0.19166,10,3.45714
2020,REG,NE,00-0031339,D.Moncrief,1,4.0,0.0,0.90274,1,4.0
2020,REG,NE,00-0031868,D.Byrd,2,15.0,0.0,0.46417,2,7.5
2020,REG,NE,00-0034845,S.Michel,79,449.0,1.0,0.0661,8,5.68354
2020,REG,NE,00-0034960,J.Meyers,2,9.0,0.0,0.1197,2,4.5
2020,REG,NE,00-0035264,J.Stidham,7,7.0,0.0,-0.63978,4,1.0
2020,REG,NE,00-0035624,N.Harry,2,0.0,0.0,-0.6074,2,0.0
2020,REG,NE,00-0035645,G.Olszewski,5,23.0,0.0,-0.28047,3,4.6
2020,REG,NE,00-0035657,D.Harris,137,691.0,2.0,0.04434,10,5.0438
2020,REG,NE,00-0036096,J.Taylor,23,110.0,0.0,0.08713,5,4.78261
2020,REG,NE,00-0036100,I.Zuber,2,21.0,0.0,0.76211,2,10.5
2020,REG,NO,00-0020531,D.Brees,18,-2.0,2.0,-0.24199,8,-0.11111
2020,REG,NO,00-0027685,E.Sanders,1,12.0,0.0,1.14545,1,12.0
2020,REG,NO,00-0030513,L.Murray,146,656.0,4.0,0.02226,15,4.49315
2020,REG,NO,00-0031503,J.Winston,8,-6.0,0.0,-0.38645,3,-0.75
2020,REG,NO,00-0031595,M.Burton,7,18.0,0.0,0.13574,5,2.57143
2020,REG,NO,00-0032200,T.Montgomery,19,101.0,0.0,0.00163,2,5.31579
2020,REG,NO,00-0032450,D.Washington,8,15.0,0.0,-0.4142,2,1.875
2020,REG,NO,00-0032765,M.Thomas,1,1.0,0.0,-0.53961,1,1.0
2020,REG,NO,00-0032881,T.Lewis,2,14.0,0.0,-0.06488,2,7.0
2020,REG,NO,00-0033357,T.Hill,87,457.0,8.0,0.15426,16,5.25287
2020,REG,NO,00-0033906,A.Kamara,187,932.0,16.0,0.04826,15,4.98396
2020,REG,NO,00-0034765,T.Smith,1,3.0,0.0,-0.04267,1,3.0
2020,REG,NO,00-0035215,D.Harris,6,51.0,0.0,0.40816,5,8.5
2020,REG,NO,00-0035860,T.Jones,3,13.0,0.0,0.14289,1,4.33333
2020,REG,NYG,00-0027688,C.McCoy,9,12.0,0.0,-0.53548,3,1.33333
2020,REG,NYG,00-0028087,D.Lewis,29,115.0,2.0,-0.12925,12,3.96552
2020,REG,NYG,00-0029141,A.Morris,55,238.0,1.0,0.00237,9,4.32727
2020,REG,NYG,00-0031285,D.Freeman,54,172.0,1.0,-0.16823,5,3.18519
2020,REG,NYG,00-0032385,S.Shepard,6,49.0,1.0,0.71811,5,8.16667
2020,REG,NYG,00-0032813,E.Penny,6,15.0,0.0,0.00765,5,2.5
2020,REG,NYG,00-0033367,C.Board,1,3.0,0.0,-0.08846,1,3.0
2020,REG,NYG,00-0033881,E.Engram,6,26.0,1.0,0.17697,4,4.33333
2020,REG,NYG,00-0033950,W.Gallman,69,275.0,5.0,0.04876,7,3.98551
2020,REG,NYG,00-0033950,W.Gallman Jr.,78,407.0,1.0,-0.01347,6,5.21795
2020,REG,NYG,00-0034844,S.Barkley,19,34.0,0.0,-0.43027,2,1.78947
2020,REG,NYG,00-0035535,D.Slayton,2,-1.0,0.0,-0.77032,2,-0.5
2020,REG,NYG,00-0035710,D.Jones,65,423.0,1.0,-0.01185,13,6.50769
2020,REG,NYJ,00-0023500,F.Gore,187,653.0,2.0,-0.22089,15,3.49198
2020,REG,NYJ,00-0026158,J.Flacco,6,22.0,0.0,-0.03852,3,3.66667
2020,REG,NYJ,00-0030496,L.Bell,19,74.0,0.0,-0.35699,2,3.89474
2020,REG,NYJ,00-0031941,J.Crowder,1,14.0,0.0,0.90348,1,14.0
2020,REG,NYJ,00-0032054,B.Perriman,1,6.0,0.0,0.30083,1,6.0
2020,REG,NYJ,00-0033859,J.Malone,1,12.0,0.0,0.47812,1,12.0
2020,REG,NYJ,00-0034419,B.Berrios,3,29.0,0.0,0.44757,2,9.66667
2020,REG,NYJ,00-0034457,J.Adams,29,157.0,2.0,0.01012,6,5.41379
2020,REG,NYJ,00-0034799,K.Ballage,3,13.0,0.0,-0.01627,2,4.33333
2020,REG,NYJ,00-0034869,S.Darnold,37,217.0,2.0,0.33982,11,5.86486
2020,REG,NYJ,00-0035259,T.Wesco,1,0.0,0.0,-1.08906,1,0.0
2020,REG,NYJ,00-0035537,T.Johnson,54,254.0,1.0,0.01776,8,4.7037
2020,REG,NYJ,00-0036269,L.Perine,64,232.0,2.0,-0.15673,9,3.625
2020,REG,PHI,00-0026189,D.Jackson,1,12.0,0.0,0.81613,1,12.0
2020,REG,PHI,00-0030061,Z.Ertz,1,0.0,0.0,-0.947,1,0.0
2020,REG,PHI,00-0032780,J.Howard,7,27.0,0.0,-0.2122,2,3.85714
2020,REG,PHI,00-0032792,N.Sudfeld,2,12.0,0.0,-2.98778,1,6.0
2020,REG,PHI,00-0032950,C.Wentz,54,276.0,5.0,0.16426,12,5.11111
2020,REG,PHI,00-0033725,C.Clement,21,75.0,1.0,-0.11857,8,3.57143
2020,REG,PHI,00-0033733,G.Ward,2,-4.0,0.0,-1.46358,2,-2.0
2020,REG,PHI,00-0034414,B.Scott,80,374.0,1.0,-0.05815,15,4.675
2020,REG,PHI,00-0035243,M.Sanders,168,867.0,6.0,-0.00661,12,5.16071
2020,REG,PHI,00-0036000,A.Killins,1,-12.0,0.0,-1.77501,1,-12.0
2020,REG,PHI,00-0036278,J.Huntley,5,19.0,0.0,0.20019,3,3.8
2020,REG,PHI,00-0036387,J.Reagor,4,26.0,0.0,0.1066,4,6.5
2020,REG,PHI,00-0036389,J.Hurts,65,354.0,3.0,0.01361,12,5.44615
2020,REG,PHI,00-0036398,J.Hightower,1,1.0,0.0,-0.55648,1,1.0
2020,REG,PIT,00-0022924,B.Roethlisberger,25,11.0,0.0,-0.78514,12,0.44
2020,REG,PIT,00-0033553,J.Conner,169,721.0,6.0,0.00563,13,4.26627
2020,REG,PIT,00-0033949,J.Dobbs,2,20.0,0.0,0.3306,1,10.0
2020,REG,PIT,00-0034331,J.Samuels,9,28.0,0.0,-0.29634,6,3.11111
2020,REG,PIT,00-0034407,R.McCloud,4,65.0,0.0,0.75883,3,16.25
2020,REG,PIT,00-0034771,M.Rudolph,7,-6.0,0.0,-1.08543,3,-0.85714
2020,REG,PIT,00-0035216,D.Johnson,2,13.0,0.0,0.38953,2,6.5
2020,REG,PIT,00-0035216,Di.Johnson,1,2.0,0.0,-0.35933,1,2.0
2020,REG,PIT,00-0035217,B.Snell,111,368.0,4.0,-0.26932,15,3.31532
2020,REG,PIT,00-0036326,C.Claypool,10,16.0,2.0,-0.01602,6,1.6
2020,REG,PIT,00-0036336,A.McFarland,33,113.0,0.0,-0.15337,11,3.42424
2020,REG,SEA,00-0028292,N.Bellore,1,5.0,0.0,-0.65807,1,5.0
2020,REG,SEA,00-0029263,R.Wilson,83,513.0,2.0,0.02432,16,6.18072
2020,REG,SEA,00-0030565,G.Smith,2,-2.0,0.0,-1.50416,1,-1.0
2020,REG,SEA,00-0031045,C.Hyde,81,356.0,4.0,0.00821,10,4.39506
2020,REG,SEA,00-0032426,A.Collins,18,77.0,2.0,0.1095,3,4.27778
2020,REG,SEA,00-0033589,D.Moore,8,61.0,0.0,0.63879,7,7.625
2020,REG,SEA,00-0033594,C.Carson,141,681.0,5.0,0.1195,12,4.82979
2020,REG,SEA,00-0034432,B.Scarbrough,6,31.0,0.0,0.01343,1,5.16667
2020,REG,SEA,00-0034750,R.Penny,11,34.0,0.0,-0.16051,3,3.09091
2020,REG,SEA,00-0035022,P.Hart,1,19.0,0.0,1.16645,1,19.0
2020,REG,SEA,00-0035594,T.Homer,25,88.0,0.0,-0.39565,8,3.52
2020,REG,SEA,00-0036425,D.Dallas,34,108.0,2.0,-0.12078,6,3.17647
2020,REG,SF,00-0029892,K.Juszczyk,17,64.0,2.0,0.28398,10,3.76471
2020,REG,SF,00-0031345,J.Garoppolo,10,25.0,0.0,0.18932,4,2.5
2020,REG,SF,00-0031376,J.McKinnon,81,319.0,5.0,-0.12889,12,3.93827
2020,REG,SF,00-0031687,R.Mostert,104,521.0,2.0,-0.1022,8,5.00962
2020,REG,SF,00-0032058,T.Coleman,28,53.0,0.0,-0.3016,6,1.89286
2020,REG,SF,00-0033288,G.Kittle,2,17.0,0.0,0.6251,2,8.5
2020,REG,SF,00-0033319,N.Mullens,9,8.0,0.0,-0.28282,5,0.88889
2020,REG,SF,00-0033936,C.Beathard,6,28.0,0.0,-0.32099,2,4.66667
2020,REG,SF,00-0034115,J.Wilson,126,600.0,7.0,-0.06778,11,4.7619
2020,REG,SF,00-0035187,A.Walter,1,3.0,0.0,-0.21482,1,3.0
2020,REG,SF,00-0035719,D.Samuel,8,26.0,0.0,-0.20382,6,3.25
2020,REG,SF,00-0035806,J.Hasty,39,148.0,1.0,0.00077,6,3.79487
2020,REG,SF,00-0036261,B.Aiyuk,6,77.0,2.0,1.22855,4,12.83333
2020,REG,TB,00-0019596,T.Brady,30,6.0,3.0,-0.6062,12,0.2
2020,REG,TB,00-0027029,L.McCoy,10,31.0,0.0,-0.19287,4,3.1
2020,REG,TB,00-0027793,A.Brown,2,-2.0,0.0,-0.40909,2,-1.0
2020,REG,TB,00-0027948,B.Gabbert,9,16.0,0.0,-0.44707,4,1.77778
2020,REG,TB,00-0033856,L.Fournette,97,367.0,6.0,-0.01108,12,3.78351
2020,REG,TB,00-0034816,R.Jones,192,978.0,7.0,0.0252,14,5.09375
2020,REG,TB,00-0035298,S.Miller,3,14.0,0.0,0.09968,3,4.66667
2020,REG,TB,00-0036450,K.Vaughn,26,109.0,0.0,-0.07052,5,4.19231
2020,REG,TEN,00-0029701,R.Tannehill,45,266.0,7.0,0.61088,14,5.91111
2020,REG,TEN,00-0031209,S.Perry,2,9.0,0.0,0.18225,1,4.5
2020,REG,TEN,00-0032464,K.Raymond,1,-3.0,0.0,-1.22414,1,-3.0
2020,REG,TEN,00-0032764,D.Henry,380,2027.0,17.0,0.08882,16,5.33421
2020,REG,TEN,00-0033858,J.Smith,2,4.0,1.0,-0.10715,2,2.0
2020,REG,TEN,00-0033925,D.Foreman,22,95.0,0.0,-0.12062,5,4.31818
2020,REG,TEN,00-0033955,J.McNichols,47,204.0,1.0,-0.154,10,4.34043
2020,REG,TEN,00-0034438,L.Woodside,7,10.0,0.0,-0.50782,3,1.42857
2020,REG,TEN,00-0034652,C.Batson,4,20.0,0.0,-0.10695,4,5.0
2020,REG,TEN,00-0035632,A.Hooker,1,4.0,0.0,2.55193,1,4.0
2020,REG,TEN,00-0036297,D.Evans,14,54.0,0.0,-0.05935,4,3.85714
2020,REG,WAS,00-0023436,A.Smith,10,3.0,0.0,-0.64341,5,0.3
2020,REG,WAS,00-0031260,L.Thomas,3,5.0,0.0,-0.19039,3,1.66667
2020,REG,WAS,00-0031800,T.Heinicke,3,22.0,0.0,1.06845,1,7.33333
2020,REG,WAS,00-0032602,J.McKissic,85,365.0,1.0,-0.07317,16,4.29412
2020,REG,WAS,00-0032741,P.Barber,95,258.0,4.0,-0.0572,14,2.71579
2020,REG,WAS,00-0034104,C.Sims,1,5.0,0.0,0.04468,1,5.0
2020,REG,WAS,00-0034577,K.Allen,7,26.0,1.0,0.17415,3,3.71429
2020,REG,WAS,00-0034928,S.Sims,1,18.0,0.0,1.21877,1,18.0
2020,REG,WAS,00-0035232,D.Haskins,21,46.0,1.0,0.00144,6,2.19048
2020,REG,WAS,00-0035659,T.McLaurin,2,30.0,0.0,1.28948,2,15.0
2020,REG,WAS,00-0036142,I.Wright,3,16.0,0.0,0.06248,3,5.33333
2020,REG,WAS,00-0036328,A.Gibson,170,795.0,11.0,0.03202,14,4.67647
2020,REG,WAS,00-0036340,A.Gandy-Golden,1,22.0,0.0,2.06165,1,22.0
2021,POST,ARI,00-0033553,J.Conner,4,19.0,1.0,0.63733,1,4.75
2021,POST,ARI,00-0034681,C.Edmonds,8,28.0,0.0,-0.3694,1,3.5
2021,POST,ARI,00-0035228,K.Murray,2,6.0,0.0,1.05335,1,3.0
2021,POST,ARI,00-0036383,E.Benjamin,4,8.0,0.0,-0.28181,1,2.0
2021,POST,BUF,00-0033466,I.McKenzie,6,44.0,0.0,0.3634,2,7.33333
2021,POST,BUF,00-0033869,M.Trubisky,3,-2.0,0.0,0.0,1,-0.66667
2021,POST,BUF,00-0034857,J.Allen,17,134.0,0.0,0.83888,2,7.88235
2021,POST,BUF,00-0035250,D.Singletary,26,107.0,3.0,0.27428,2,4.11538
2021,POST,BUF,00-0036251,Z.Moss,1,0.0,0.0,-0.2565,1,0.0
2021,POST,CIN,00-0033009,T.Boyd,1,3.0,0.0,-0.97813,1,3.0
2021,POST,CIN,00-0033526,S.Perine,3,2.0,0.0,-1.1475,2,0.66667
2021,POST,CIN,00-0033897,J.Mixon,67,262.0,1.0,-0.13275,4,3.91045
2021,POST,CIN,00-0036442,J.Burrow,11,31.0,0.0,0.61085,4,2.81818
2021,POST,CIN,00-0036857,C.Evans,2,13.0,0.0,0.11713,2,6.5
2021,POST,CIN,00-0036900,J.Chase,6,32.0,0.0,0.53519,4,5.33333
2021,POST,DAL,00-0033045,E.Elliott,12,31.0,0.0,-0.19525,1,2.58333
2021,POST,DAL,00-0033077,D.Prescott,4,27.0,1.0,0.39115,1,6.75
2021,POST,DAL,00-0035261,T.Pollard,4,14.0,0.0,-0.12058,1,3.5
2021,POST,DAL,00-0036358,C.Lamb,1,5.0,0.0,0.19651,1,5.0
2021,POST,GB,00-0033293,A.Jones,12,41.0,0.0,-0.02649,1,3.41667
2021,POST,GB,00-0034279,E.St. Brown,1,1.0,0.0,-0.44706,1,1.0
2021,POST,GB,00-0036265,A.Dillon,7,25.0,1.0,0.07185,1,3.57143
2021,POST,KC,00-0031376,J.McKinnon,34,150.0,0.0,-0.08555,3,4.41176
2021,POST,KC,00-0031595,M.Burton,2,4.0,0.0,0.61051,2,2.0
2021,POST,KC,00-0033040,T.Hill,1,-2.0,0.0,-0.80293,1,-2.0
2021,POST,KC,00-0033873,P.Mahomes,13,117.0,1.0,0.66074,3,9.0
2021,POST,KC,00-0034301,Da.Williams,1,4.0,0.0,0.36103,1,4.0
2021,POST,KC,00-0035140,M.Hardman,6,55.0,1.0,-0.66947,3,9.16667
2021,POST,KC,00-0035715,D.Gore,3,3.0,0.0,-0.07906,1,1.0
2021,POST,KC,00-0036360,C.Edwards-Helaire,13,96.0,0.0,0.19618,2,7.38462
2021,POST,LA,00-0026498,M.Stafford,18,42.0,2.0,-0.58928,4,2.33333
2021,POST,LA,00-0033908,C.Kupp,2,5.0,0.0,0.59757,2,2.5
2021,POST,LA,00-0034845,S.Michel,26,80.0,0.0,-0.25219,4,3.07692
2021,POST,LA,00-0035664,D.Henderson,4,7.0,0.0,-0.4975,1,1.75
2021,POST,LA,00-0036414,C.Akers,67,172.0,0.0,-0.47168,4,2.56716
2021,POST,LA,00-0036415,V.Jefferson,1,15.0,0.0,1.40026,1,15.0
2021,POST,LA,00-0036860,J.Funk,2,5.0,0.0,-1.04658,1,2.5
2021,POST,LV,00-0031280,D.Carr,1,20.0,0.0,2.26573,1,20.0
2021,POST,LV,00-0035700,J.Jacobs,13,83.0,0.0,0.05365,1,6.38462
2021,POST,NE,00-0033307,K.Bourne,1,14.0,0.0,0.87127,1,14.0
2021,POST,NE,00-0035657,D.Harris,9,30.0,0.0,-0.2615,1,3.33333
2021,POST,NE,00-0036875,R.Stevenson,8,27.0,0.0,0.07899,1,3.375
2021,POST,NE,00-0036972,M.Jones,2,18.0,0.0,0.96645,1,9.0
2021,POST,PHI,00-0034414,B.Scott,1,34.0,1.0,3.38613,1,34.0
2021,POST,PHI,00-0035243,M.Sanders,7,16.0,0.0,-0.45936,1,2.28571
2021,POST,PHI,00-0036389,J.Hurts,8,39.0,0.0,-0.0975,1,4.875
2021,POST,PHI,00-0036919,K.Gainwell,1,6.0,0.0,0.26104,1,6.0
2021,POST,PIT,00-0022924,B.Roethlisberger,2,-1.0,0.0,0.22077,1,-0.5
2021,POST,PIT,00-0034799,K.Ballage,4,13.0,0.0,0.19776,1,3.25
2021,POST,PIT,00-0035217,B.Snell,2,15.0,0.0,1.33898,1,7.5
2021,POST,PIT,00-0036893,N.Harris,12,29.0,0.0,-0.25369,1,2.41667
2021,POST,SF,00-0029892,K.Juszczyk,3,14.0,0.0,-0.20778,2,4.66667
2021,POST,SF,00-0031345,J.Garoppolo,2,5.0,0.0,-0.4755,2,2.5
2021,POST,SF,00-0035719,D.Samuel,27,137.0,1.0,-0.07931,3,5.07407
2021,POST,SF,00-0036567,E.Mitchell,55,169.0,1.0,-0.26413,3,3.07273
2021,POST,TB,00-0019596,T.Brady,1,0.0,0.0,0.0,1,0.0
2021,POST,TB,00-0030456,G.Bernard,13,44.0,1.0,-0.26033,1,3.38462
2021,POST,TB,00-0033856,L.Fournette,13,51.0,2.0,0.26049,1,3.92308
2021,POST,TB,00-0035298,S.Miller,1,9.0,0.0,1.06644,1,9.0
2021,POST,TB,00-0036450,K.Vaughn,17,53.0,1.0,-0.11157,1,3.11765
2021,POST,TEN,00-0029701,R.Tannehill,3,12.0,0.0,-0.90093,1,4.0
2021,POST,TEN,00-0032764,D.Henry,21,62.0,1.0,-0.2135,1,2.95238
2021,POST,TEN,00-0033925,D.Foreman,4,66.0,0.0,0.76364,1,16.5
2021,REG,ARI,00-0022824,A.Lee,1,0.0,0.0,-2.51207,1,0.0
2021,REG,ARI,00-0027688,C.McCoy,22,37.0,0.0,-0.57209,7,1.68182
2021,REG,ARI,00-0030061,Z.Ertz,1,4.0,0.0,0.45529,1,4.0
2021,REG,ARI,00-0033553,J.Conner,202,752.0,15.0,-0.01808,15,3.72277
2021,REG,ARI,00-0034681,C.Edmonds,116,592.0,2.0,0.1003,12,5.10345
2021,REG,ARI,00-0034775,C.Kirk,1,11.0,0.0,0.65125,1,11.0
2021,REG,ARI,00-0035228,K.Murray,88,423.0,5.0,0.05275,14,4.80682
2021,REG,ARI,00-0035500,G.Dortch,1,24.0,0.0,1.46593,1,24.0
2021,REG,ARI,00-0035752,C.Streveler,3,6.0,0.0,-1.90209,2,2.0
2021,REG,ARI,00-0035924,J.Ward,9,33.0,0.0,0.31397,5,3.66667
2021,REG,ARI,00-0036383,E.Benjamin,34,118.0,1.0,-0.1775,7,3.47059
2021,REG,ARI,00-0036936,R.Moore,18,76.0,0.0,-0.00889,9,4.22222
2021,REG,ATL,00-0026143,M.Ryan,41,82.0,1.0,-0.43534,15,2.0
2021,REG,ATL,00-0030578,C.Patterson,153,618.0,6.0,-0.10121,16,4.03922
2021,REG,ATL,00-0030968,K.Smith,9,31.0,0.0,-0.3886,5,3.44444
2021,REG,ATL,00-0032063,M.Davis,138,503.0,3.0,-0.12904,17,3.64493
2021,REG,ATL,00-0033950,W.Gallman,28,104.0,0.0,-0.16507,6,3.71429
2021,REG,ATL,00-0035208,O.Zaccheaus,1,2.0,0.0,0.5175,1,2.0
2021,REG,ATL,00-0035273,Q.Ollison,21,105.0,1.0,-0.22455,6,5.0
2021,REG,ATL,00-0036825,F.Franks,3,6.0,0.0,-0.5209,2,2.0
2021,REG,BAL,00-0026300,J.Johnson,5,10.0,0.0,-1.01028,1,2.0
2021,REG,BAL,00-0030496,L.Bell,31,83.0,2.0,-0.17865,5,2.67742
2021,REG,BAL,00-0030513,L.Murray,119,501.0,6.0,-0.0575,14,4.21008
2021,REG,BAL,00-0031285,D.Freeman,133,576.0,5.0,-0.02227,16,4.33083
2021,REG,BAL,00-0033376,P.Ricard,2,4.0,0.0,0.3564,2,2.0
2021,REG,BAL,00-0034164,T.Cannon,2,5.0,0.0,-0.94681,1,2.5
2021,REG,BAL,00-0034753,M.Andrews,1,0.0,0.0,-1.09245,1,0.0
2021,REG,BAL,00-0034796,L.Jackson,134,767.0,2.0,0.11578,12,5.72388
2021,REG,BAL,00-0035662,M.Brown,1,5.0,0.0,0.94446,1,5.0
2021,REG,BAL,00-0035993,T.Huntley,47,294.0,2.0,0.33448,6,6.25532
2021,REG,BAL,00-0036331,D.Duvernay,7,50.0,0.0,0.35159,7,7.14286
2021,REG,BAL,00-0036457,T.Williams,35,185.0,1.0,-0.02087,7,5.28571
2021,REG,BAL,00-0036582,N.McCrary,1,-1.0,0.0,-0.72564,1,-1.0
2021,REG,BUF,00-0027685,E.Sanders,2,31.0,0.0,1.01267,2,15.5
2021,REG,BUF,00-0033308,M.Breida,26,125.0,1.0,-0.33061,7,4.80769
2021,REG,BUF,00-0033466,I.McKenzie,9,47.0,1.0,0.21639,8,5.22222
2021,REG,BUF,00-0033550,D.Webb,2,-3.0,0.0,0.0,1,-1.5
2021,REG,BUF,00-0033869,M.Trubisky,13,24.0,1.0,-0.2965,4,1.84615
2021,REG,BUF,00-0034857,J.Allen,120,754.0,5.0,0.47425,16,6.28333
2021,REG,BUF,00-0034857,Jos.Allen,4,9.0,1.0,-0.31578,1,2.25
2021,REG,BUF,00-0035250,D.Singletary,188,870.0,7.0,-0.02032,17,4.62766
2021,REG,BUF,00-0036187,R.Gilliam,3,3.0,0.0,-1.06688,2,1.0
2021,REG,BUF,00-0036251,Z.Moss,96,345.0,4.0,-0.10136,13,3.59375
2021,REG,CAR,00-0027939,C.Newton,48,230.0,5.0,0.03676,7,4.79167
2021,REG,CAR,00-0032104,A.Abdullah,44,136.0,0.0,-0.22385,10,3.09091
2021,REG,CAR,00-0032688,R.Anderson,3,36.0,0.0,0.74164,2,12.0
2021,REG,CAR,00-0033275,P.Walker,7,13.0,0.0,-0.79879,4,1.85714
2021,REG,CAR,00-0033280,C.McCaffrey,99,442.0,1.0,0.01796,7,4.46465
2021,REG,CAR,00-0034496,S.Chandler,1,14.0,0.0,3.51594,1,14.0
2021,REG,CAR,00-0034578,R.Bonnafon,1,4.0,0.0,-0.20133,1,4.0
2021,REG,CAR,00-0034827,Dj.Moore,8,48.0,0.0,0.92596,7,6.0
2021,REG,CAR,00-0034838,R.Freeman,21,77.0,0.0,0.0572,6,3.66667
2021,REG,CAR,00-0034869,S.Darnold,48,222.0,5.0,0.08081,11,4.625
2021,REG,CAR,00-0036555,C.Hubbard,172,612.0,5.0,-0.13929,15,3.55814
2021,REG,CAR,00-0036572,S.Smith,1,-3.0,0.0,-1.40088,1,-3.0
2021,REG,CAR,00-0037005,T.Tremble,3,11.0,1.0,0.22068,3,3.66667
2021,REG,CHI,00-0027973,A.Dalton,16,76.0,0.0,-0.04758,6,4.75
2021,REG,CHI,00-0029567,N.Foles,4,8.0,0.0,-0.00386,1,2.0
2021,REG,CHI,00-0030068,M.Goodwin,2,-1.0,0.0,-0.62088,2,-0.5
2021,REG,CHI,00-0030874,D.Williams,40,164.0,2.0,-0.03304,8,4.1
2021,REG,CHI,00-0032791,J.Grant,5,33.0,0.0,0.18871,4,6.6
2021,REG,CHI,00-0034597,R.Nall,1,4.0,0.0,-0.5555,1,4.0
2021,REG,CHI,00-0035685,D.Montgomery,225,846.0,7.0,-0.09602,13,3.76
2021,REG,CHI,00-0036290,C.Kmet,1,0.0,0.0,-0.22225,1,0.0
2021,REG,CHI,00-0036309,D.Mooney,6,32.0,1.0,0.16073,5,5.33333
2021,REG,CHI,00-0036906,K.Herbert,103,433.0,2.0,-0.02898,13,4.20388
2021,REG,CHI,00-0036945,J.Fields,72,420.0,2.0,0.09344,12,5.83333
2021,REG,CIN,00-0032434,B.Allen,7,-1.0,0.0,-0.97508,5,-0.14286
2021,REG,CIN,00-0033009,T.Boyd,2,22.0,0.0,0.67778,2,11.0
2021,REG,CIN,00-0033526,S.Perine,55,246.0,1.0,-0.12282,12,4.47273
2021,REG,CIN,00-0033897,J.Mixon,294,1205.0,13.0,-0.08651,16,4.09864
2021,REG,CIN,00-0035291,T.Williams,15,51.0,0.0,-0.01412,2,3.4
2021,REG,CIN,00-0035399,S.Morgan,1,3.0,0.0,-0.1719,1,3.0
2021,REG,CIN,00-0036442,J.Burrow,40,118.0,2.0,0.08676,15,2.95
2021,REG,CIN,00-0036857,C.Evans,17,77.0,0.0,0.0402,4,4.52941
2021,REG,CIN,00-0036900,J.Chase,7,21.0,0.0,-0.31815,5,3.0
2021,REG,CLE,00-0028986,C.Keenum,12,22.0,0.0,-0.37588,3,1.83333
2021,REG,CLE,00-0031235,O.Beckham,2,14.0,0.0,0.23299,2,7.0
2021,REG,CLE,00-0031382,J.Landry,6,40.0,2.0,0.83551,5,6.66667
2021,REG,CLE,00-0032956,A.Janovich,2,0.0,1.0,0.21048,1,0.0
2021,REG,CLE,00-0033885,D.Njoku,1,1.0,0.0,-0.50571,1,1.0
2021,REG,CLE,00-0033923,K.Hunt,79,386.0,5.0,0.08341,8,4.88608
2021,REG,CLE,00-0034311,J.Stanton,3,5.0,0.0,0.2032,2,1.66667
2021,REG,CLE,00-0034791,N.Chubb,228,1259.0,8.0,0.04662,14,5.52193
2021,REG,CLE,00-0034808,J.Kelly,2,13.0,0.0,0.10154,1,6.5
2021,REG,CLE,00-0034855,B.Mayfield,37,134.0,1.0,0.16517,12,3.62162
2021,REG,CLE,00-0035042,J.Gillan,1,0.0,0.0,-3.34227,1,0.0
2021,REG,CLE,00-0035628,D.Johnson,100,534.0,3.0,0.06435,12,5.34
2021,REG,CLE,00-0036654,D.Felton,7,24.0,0.0,-0.36342,4,3.42857
2021,REG,CLE,00-0036999,A.Schwartz,6,39.0,0.0,0.19136,5,6.5
2021,REG,DAL,00-0033045,E.Elliott,240,1002.0,10.0,-0.06712,17,4.175
2021,REG,DAL,00-0033077,D.Prescott,49,131.0,1.0,-0.47665,13,2.67347
2021,REG,DAL,00-0033662,C.Rush,9,-8.0,0.0,-0.06864,4,-0.88889
2021,REG,DAL,00-0033725,C.Clement,33,140.0,0.0,-0.14983,5,4.24242
2021,REG,DAL,00-0034378,I.Smith,1,4.0,1.0,2.17642,1,4.0
2021,REG,DAL,00-0034418,C.Wilson,3,11.0,0.0,0.34428,3,3.66667
2021,REG,DAL,00-0035261,T.Pollard,130,719.0,2.0,0.09909,15,5.53077
2021,REG,DAL,00-0036358,C.Lamb,9,76.0,0.0,0.45375,8,8.44444
2021,REG,DAL,00-0036768,J.Hardy,4,29.0,1.0,0.65876,2,7.25
2021,REG,DEN,00-0031237,T.Bridgewater,30,106.0,2.0,0.05485,12,3.53333
2021,REG,DEN,00-0032144,M.Gordon,203,918.0,8.0,-0.09298,16,4.52217
2021,REG,DEN,00-0034208,M.Boone,4,35.0,0.0,0.4286,1,8.75
2021,REG,DEN,00-0035448,D.Crockett,3,7.0,0.0,-0.29781,1,2.33333
2021,REG,DEN,00-0035704,D.Lock,10,53.0,2.0,0.01383,4,5.3
2021,REG,DEN,00-0036407,J.Jeudy,2,3.0,0.0,-0.42741,2,1.5
2021,REG,DEN,00-0036997,J.Williams,203,903.0,4.0,-0.08504,17,4.44828
2021,REG,DET,00-0032464,K.Raymond,4,28.0,0.0,0.35345,4,7.0
2021,REG,DET,00-0033106,J.Goff,17,87.0,0.0,-0.81844,8,5.11765
2021,REG,DET,00-0033948,J.Williams,153,601.0,3.0,-0.02024,13,3.9281
2021,REG,DET,00-0034171,J.Cabinda,3,23.0,0.0,0.46332,2,7.66667
2021,REG,DET,00-0034177,T.Boyle,2,13.0,0.0,0.93892,2,6.5
2021,REG,DET,00-0034614,G.Igwebuike,18,118.0,1.0,-0.25406,6,6.55556
2021,REG,DET,00-0035040,D.Blough,1,6.0,0.0,0.34444,1,6.0
2021,REG,DET,00-0035327,C.Moore,1,28.0,0.0,4.78689,1,28.0
2021,REG,DET,00-0035567,C.Reynolds,55,230.0,0.0,-0.14119,5,4.18182
2021,REG,DET,00-0036275,D.Swift,151,617.0,5.0,-0.17794,13,4.08609
2021,REG,DET,00-0036670,J.Jefferson,15,74.0,2.0,0.21308,4,4.93333
2021,REG,DET,00-0036963,A.St. Brown,7,61.0,1.0,0.72738,5,8.71429
2021,REG,GB,00-0023459,A.Rodgers,15,54.0,1.0,-0.09138,8,3.6
2021,REG,GB,00-0023459,Aa.Rodgers,18,47.0,2.0,0.40011,5,2.61111
2021,REG,GB,00-0028002,R.Cobb,1,1.0,0.0,-0.46128,1,1.0
2021,REG,GB,00-0033293,A.Jones,171,799.0,4.0,0.0088,15,4.67251
2021,REG,GB,00-0034131,K.Benkert,2,-1.0,0.0,0.0,1,-0.5
2021,REG,GB,00-0034279,E.St. Brown,3,14.0,0.0,-0.15934,3,4.66667
2021,REG,GB,00-0034521,A.Lazard,3,32.0,0.0,0.91899,3,10.66667
2021,REG,GB,00-0035973,P.Taylor,23,89.0,1.0,0.01254,4,3.86957
2021,REG,GB,00-0036264,J.Love,13,27.0,0.0,0.13134,5,2.07692
2021,REG,GB,00-0036265,A.Dillon,187,803.0,5.0,0.03295,17,4.29412
2021,REG,GB,00-0036669,K.Hill,10,24.0,0.0,-0.3665,3,2.4
2021,REG,GB,00-0036991,Am.Rodgers,1,11.0,0.0,0.95669,1,11.0
2021,REG,HOU,00-0027966,M.Ingram,92,294.0,1.0,-0.18273,7,3.19565
2021,REG,HOU,00-0028118,T.Taylor,14,96.0,2.0,0.49545,4,6.85714
2021,REG,HOU,00-0028118,Ty.Taylor,5,55.0,1.0,1.33657,2,11.0
2021,REG,HOU,00-0030288,R.Burkhead,122,427.0,3.0,-0.04291,11,3.5
2021,REG,HOU,00-0031236,B.Cooks,2,21.0,0.0,0.41508,2,10.5
2021,REG,HOU,00-0032128,C.Conley,1,3.0,0.0,0.43001,1,3.0
2021,REG,HOU,00-0032187,D.Johnson,67,228.0,0.0,-0.32356,13,3.40299
2021,REG,HOU,00-0032208,P.Dorsett,1,0.0,0.0,-0.52801,1,0.0
2021,REG,HOU,00-0034109,P.Lindsay,50,130.0,1.0,-0.31307,10,2.6
2021,REG,HOU,00-0034278,T.Smith,1,7.0,0.0,0.2343,1,7.0
2021,REG,HOU,00-0034331,J.Samuels,5,9.0,0.0,-0.50083,2,1.8
2021,REG,HOU,00-0034364,J.Akins,1,3.0,0.0,0.49853,1,3.0
2021,REG,HOU,00-0034838,R.Freeman,35,92.0,0.0,-0.30615,5,2.62857
2021,REG,HOU,00-0036069,S.Phillips,6,13.0,0.0,-0.27609,2,2.16667
2021,REG,HOU,00-0036898,D.Mills,19,44.0,0.0,-0.38358,12,2.31579
2021,REG,IND,00-0032950,C.Wentz,58,215.0,1.0,0.13548,16,3.7069
2021,REG,IND,00-0033251,Z.Pascal,2,21.0,0.0,0.95892,2,10.5
2021,REG,IND,00-0033951,M.Mack,28,101.0,0.0,-0.20903,5,3.60714
2021,REG,IND,00-0034367,N.Hines,56,276.0,2.0,0.07133,15,4.92857
2021,REG,IND,00-0035021,A.Dulin,3,32.0,0.0,0.1129,2,10.66667
2021,REG,IND,00-0036223,J.Taylor,332,1811.0,18.0,0.10382,17,5.45482
2021,REG,IND,00-0036252,M.Pittman,5,44.0,0.0,0.31479,4,8.8
2021,REG,IND,00-0036493,De.Jackson,13,31.0,1.0,-0.38478,3,2.38462
2021,REG,IND,00-0036879,S.Ehlinger,3,9.0,0.0,0.01397,3,3.0
2021,REG,JAX,00-0030525,T.Austin,3,21.0,0.0,0.53517,1,7.0
2021,REG,JAX,00-0031045,C.Hyde,72,253.0,1.0,-0.34781,10,3.51389
2021,REG,JAX,00-0033572,J.Agnew,7,111.0,1.0,1.15117,5,15.85714
2021,REG,JAX,00-0033854,D.Ogunbowale,44,137.0,1.0,-0.23407,7,3.11364
2021,REG,JAX,00-0033936,C.Beathard,1,2.0,0.0,-0.55041,1,2.0
2021,REG,JAX,00-0035268,R.Armstead,15,80.0,0.0,0.11311,2,5.33333
2021,REG,JAX,00-0035378,A.Wingard,1,4.0,0.0,2.79574,1,4.0
2021,REG,JAX,00-0035831,J.Robinson,164,767.0,8.0,-0.06861,14,4.67683
2021,REG,JAX,00-0035835,N.Cottrell,1,3.0,0.0,-0.0875,1,3.0
2021,REG,JAX,00-0036268,L.Shenault,11,41.0,0.0,-0.11446,8,3.72727
2021,REG,JAX,00-0036698,M.Sargent,1,2.0,0.0,-0.64359,1,2.0
2021,REG,JAX,00-0036971,T.Lawrence,73,334.0,2.0,0.15499,17,4.57534
2021,REG,KC,00-0026197,C.Henne,8,0.0,0.0,-0.24841,4,0.0
2021,REG,KC,00-0030506,T.Kelce,2,3.0,1.0,0.17253,2,1.5
2021,REG,KC,00-0031376,J.McKinnon,12,62.0,0.0,-0.1611,4,5.16667
2021,REG,KC,00-0031595,M.Burton,8,26.0,1.0,0.93716,8,3.25
2021,REG,KC,00-0032062,B.Bell,4,10.0,0.0,0.82092,4,2.5
2021,REG,KC,00-0033040,T.Hill,9,96.0,0.0,0.3308,9,10.66667
2021,REG,KC,00-0033873,P.Mahomes,67,381.0,2.0,0.21386,15,5.68657
2021,REG,KC,00-0034301,Da.Williams,144,558.0,6.0,0.03431,17,3.875
2021,REG,KC,00-0035140,M.Hardman,8,46.0,0.0,-0.19432,7,5.75
2021,REG,KC,00-0035715,D.Gore,51,256.0,2.0,0.0059,7,5.01961
2021,REG,KC,00-0036360,C.Edwards-Helaire,119,517.0,4.0,-0.07392,10,4.34454
2021,REG,LA,00-0026498,M.Stafford,32,43.0,0.0,-0.05943,14,1.34375
2021,REG,LA,00-0028872,J.Hekker,1,0.0,0.0,-4.70834,1,0.0
2021,REG,LA,00-0030431,R.Woods,8,46.0,1.0,0.24246,5,5.75
2021,REG,LA,00-0033908,C.Kupp,4,18.0,0.0,-0.3594,4,4.5
2021,REG,LA,00-0034449,B.Howell,5,11.0,0.0,-0.8052,1,2.2
2021,REG,LA,00-0034845,S.Michel,208,845.0,4.0,-0.1013,17,4.0625
2021,REG,LA,00-0034899,J.Wolford,2,-1.0,0.0,-0.51628,1,-0.5
2021,REG,LA,00-0035664,D.Henderson,149,688.0,5.0,-0.00926,12,4.61745
2021,REG,LA,00-0036414,C.Akers,5,3.0,0.0,-0.30332,1,0.6
2021,REG,LA,00-0036415,V.Jefferson,2,20.0,0.0,0.67751,2,10.0
2021,REG,LA,00-0036698,M.Sargent,2,5.0,0.0,-0.54384,1,2.5
2021,REG,LA,00-0036860,J.Funk,2,5.0,0.0,-0.51618,2,2.5
2021,REG,LAC,00-0026544,C.Daniel,2,-2.0,0.0,0.0,1,-1.0
2021,REG,LAC,00-0027691,A.Roberts,3,19.0,0.0,0.25348,3,6.33333
2021,REG,LAC,00-0033699,A.Ekeler,208,911.0,12.0,-0.00431,16,4.37981
2021,REG,LAC,00-0034440,J.Jackson,69,364.0,2.0,0.00018,12,5.27536
2021,REG,LAC,00-0035414,J.Guyton,7,34.0,0.0,-0.13941,6,4.85714
2021,REG,LAC,00-0035883,M.Ffrench,1,3.0,0.0,-0.28047,1,3.0
2021,REG,LAC,00-0035908,G.Nabers,3,8.0,0.0,-0.06266,3,2.66667
2021,REG,LAC,00-0036355,J.Herbert,63,302.0,3.0,0.17711,17,4.79365
2021,REG,LAC,00-0036370,J.Kelley,33,102.0,0.0,-0.45681,8,3.09091
2021,REG,LAC,00-0036650,L.Rountree,36,87.0,1.0,-0.28346,8,2.41667
2021,REG,LAC,00-0036988,J.Palmer,1,6.0,0.0,0.21983,1,6.0
2021,REG,LV,00-0026189,D.Jackson,1,4.0,0.0,0.00335,1,4.0
2021,REG,LV,00-0031280,D.Carr,40,108.0,0.0,-0.10318,14,2.7
2021,REG,LV,00-0032268,M.Mariota,13,87.0,1.0,0.55718,7,6.69231
2021,REG,LV,00-0032741,P.Barber,55,212.0,2.0,-0.17941,8,3.85455
2021,REG,LV,00-0033025,J.Richard,9,40.0,0.0,-0.14671,5,4.44444
2021,REG,LV,00-0033118,K.Drake,63,254.0,2.0,-0.14458,12,4.03175
2021,REG,LV,00-0033891,Z.Jones,2,3.0,0.0,-0.25844,2,1.5
2021,REG,LV,00-0033958,N.Peterman,2,2.0,0.0,0.37674,1,1.0
2021,REG,LV,00-0034726,D.Leavitt,2,6.0,0.0,1.57835,2,3.0
2021,REG,LV,00-0034983,H.Renfrow,3,3.0,0.0,-0.53419,3,1.0
2021,REG,LV,00-0035125,A.Ingold,2,1.0,0.0,0.1413,2,0.5
2021,REG,LV,00-0035700,J.Jacobs,217,872.0,9.0,-0.14829,15,4.01843
2021,REG,LV,00-0036357,H.Ruggs,3,16.0,0.0,-0.38052,3,5.33333
2021,REG,LV,00-0036365,B.Edwards,1,0.0,0.0,-1.83144,1,0.0
2021,REG,LV,00-0036523,T.Ragas,1,9.0,0.0,1.17826,1,9.0
2021,REG,MIA,00-0030669,A.Wilson,4,17.0,0.0,-0.17817,3,4.25
2021,REG,MIA,00-0031363,M.Palardy,1,1.0,0.0,3.457,1,1.0
2021,REG,MIA,00-0031806,M.Brown,33,125.0,1.0,-0.25874,6,3.78788
2021,REG,MIA,00-0032257,D.Johnson,71,330.0,3.0,-0.02073,5,4.64789
2021,REG,MIA,00-0032807,C.Fejedelem,1,0.0,0.0,-3.50586,1,0.0
2021,REG,MIA,00-0033119,J.Brissett,19,70.0,1.0,0.1601,7,3.68421
2021,REG,MIA,00-0034109,P.Lindsay,38,119.0,0.0,-0.1926,4,3.13158
2021,REG,MIA,00-0034798,D.Smythe,2,3.0,0.0,0.67009,1,1.5
2021,REG,MIA,00-0035311,M.Gaskin,173,612.0,3.0,-0.16552,17,3.53757
2021,REG,MIA,00-0035342,P.Laird,1,4.0,0.0,-0.14823,1,4.0
2021,REG,MIA,00-0035350,P.Williams,1,7.0,0.0,0.39215,1,7.0
2021,REG,MIA,00-0036020,S.Ahmed,54,149.0,0.0,-0.22157,11,2.75926
2021,REG,MIA,00-0036212,T.Tagovailoa,42,128.0,3.0,-0.12074,12,3.04762
2021,REG,MIA,00-0036613,J.Waddle,2,3.0,1.0,0.51353,2,1.5
2021,REG,MIN,00-0029604,K.Cousins,29,115.0,1.0,-0.15445,14,3.96552
2021,REG,MIN,00-0030035,A.Thielen,1,2.0,0.0,-0.19406,1,2.0
2021,REG,MIN,00-0032104,A.Abdullah,7,30.0,0.0,-0.16354,3,4.28571
2021,REG,MIN,00-0032245,S.Mannion,2,14.0,0.0,1.25088,1,7.0
2021,REG,MIN,00-0032918,C.Ham,7,34.0,0.0,0.0163,6,4.85714
2021,REG,MIN,00-0033893,D.Cook,251,1159.0,6.0,-0.03895,13,4.61753
2021,REG,MIN,00-0034972,A.Mattison,135,491.0,3.0,-0.19256,15,3.63704
2021,REG,MIN,00-0036322,J.Jefferson,6,14.0,0.0,-0.37413,6,2.33333
2021,REG,MIN,00-0036345,K.Osborn,1,10.0,0.0,0.54704,1,10.0
2021,REG,MIN,00-0036842,K.Nwangwu,14,61.0,0.0,-0.04603,6,4.35714
2021,REG,NE,00-0026625,B.Hoyer,11,-8.0,0.0,-0.36805,5,-0.72727
2021,REG,NE,00-0029239,B.Bolden,45,226.0,1.0,-0.02442,15,5.02222
2021,REG,NE,00-0031062,J.White,10,38.0,1.0,0.1743,3,3.8
2021,REG,NE,00-0031549,N.Agholor,3,11.0,0.0,-0.16731,3,3.66667
2021,REG,NE,00-0033307,K.Bourne,12,125.0,0.0,0.79824,8,10.41667
2021,REG,NE,00-0033858,J.Smith,9,40.0,0.0,0.02174,9,4.44444
2021,REG,NE,00-0034960,J.Meyers,1,9.0,0.0,0.92307,1,9.0
2021,REG,NE,00-0035280,J.Bailey,1,0.0,0.0,-0.947,1,0.0
2021,REG,NE,00-0035645,G.Olszewski,1,9.0,0.0,0.76596,1,9.0
2021,REG,NE,00-0035657,D.Harris,202,929.0,15.0,0.01579,15,4.59901
2021,REG,NE,00-0036096,J.Taylor,19,37.0,2.0,-0.2692,5,1.94737
2021,REG,NE,00-0036875,R.Stevenson,133,606.0,5.0,0.01679,12,4.55639
2021,REG,NE,00-0036972,M.Jones,44,129.0,0.0,-0.00466,14,2.93182
2021,REG,NO,00-0027966,M.Ingram,68,260.0,1.0,-0.21341,7,3.82353
2021,REG,NO,00-0030085,K.Stills,1,1.0,0.0,-0.47514,1,1.0
2021,REG,NO,00-0031503,J.Winston,32,166.0,1.0,0.52752,6,5.1875
2021,REG,NO,00-0032156,T.Siemian,9,20.0,1.0,-0.41907,4,2.22222
2021,REG,NO,00-0032200,T.Montgomery,15,44.0,0.0,-0.40136,6,2.93333
2021,REG,NO,00-0032450,D.Washington,4,16.0,0.0,-0.05547,3,4.0
2021,REG,NO,00-0033296,A.Armah,5,21.0,0.0,0.09449,4,4.2
2021,REG,NO,00-0033357,T.Hill,70,374.0,5.0,0.20417,11,5.34286
2021,REG,NO,00-0033906,A.Kamara,241,898.0,4.0,-0.16792,13,3.72614
2021,REG,NO,00-0035184,D.Ozigbo,1,-3.0,0.0,-1.04458,1,-3.0
2021,REG,NO,00-0035215,D.Harris,5,41.0,0.0,0.22746,5,8.2
2021,REG,NO,00-0035860,T.Jones,54,142.0,0.0,-0.34611,10,2.62963
2021,REG,NO,00-0036727,A.Prentice,3,5.0,0.0,-0.16774,3,1.66667
2021,REG,NO,00-0036929,I.Book,3,6.0,0.0,0.33986,1,2.0
2021,REG,NYG,00-0030520,M.Glennon,7,33.0,1.0,-0.52961,5,4.71429
2021,REG,NYG,00-0032385,S.Shepard,1,-9.0,0.0,-1.43972,1,-9.0
2021,REG,NYG,00-0032813,E.Penny,25,99.0,1.0,0.02035,8,3.96
2021,REG,NYG,00-0032972,D.Booker,145,593.0,2.0,-0.09013,16,4.08966
2021,REG,NYG,00-0033111,P.Cooper,1,3.0,0.0,-0.19439,1,3.0
2021,REG,NYG,00-0033367,C.Board,1,6.0,0.0,0.33306,1,6.0
2021,REG,NYG,00-0033460,J.Ross,1,16.0,0.0,0.97993,1,16.0
2021,REG,NYG,00-0033881,E.Engram,1,-3.0,0.0,-1.5245,1,-3.0
2021,REG,NYG,00-0034844,S.Barkley,162,593.0,2.0,-0.12562,13,3.66049
2021,REG,NYG,00-0035535,D.Slayton,1,-13.0,0.0,-1.74538,1,-13.0
2021,REG,NYG,00-0035602,A.Bachman,1,-3.0,0.0,-3.79186,1,-3.0
2021,REG,NYG,00-0035710,D.Jones,64,298.0,2.0,0.11918,11,4.65625
2021,REG,NYG,00-0036197,J.Fromm,8,65.0,0.0,0.57499,2,8.125
2021,REG,NYG,00-0036569,G.Brightwell,1,4.0,0.0,0.15015,1,4.0
2021,REG,NYG,00-0036913,K.Toney,3,6.0,0.0,-1.10758,3,2.0
2021,REG,NYJ,00-0026158,J.Flacco,2,3.0,0.0,0.08355,1,1.5
2021,REG,NYJ,00-0026300,J.Johnson,6,18.0,0.0,0.32768,2,3.0
2021,REG,NYJ,00-0032058,T.Coleman,84,356.0,0.0,-0.07,11,4.2381
2021,REG,NYJ,00-0034401,M.White,5,-1.0,0.0,-0.13404,1,-0.2
2021,REG,NYJ,00-0034419,B.Berrios,7,40.0,2.0,0.71635,4,5.71429
2021,REG,NYJ,00-0035187,A.Walter,26,101.0,1.0,-0.06438,4,3.88462
2021,REG,NYJ,00-0035510,J.Smith,1,-1.0,0.0,-0.92862,1,-1.0
2021,REG,NYJ,00-0035537,T.Johnson,60,239.0,2.0,-0.17251,14,3.98333
2021,REG,NYJ,00-0035537,Ty.Johnson,1,-1.0,0.0,-0.91086,1,-1.0
2021,REG,NYJ,00-0036269,L.Perine,8,31.0,0.0,-0.22326,2,3.875
2021,REG,NYJ,00-0036313,B.Mann,1,4.0,0.0,-2.56835,1,4.0
2021,REG,NYJ,00-0036924,M.Carter,24,136.0,0.0,0.08548,2,5.66667
2021,REG,NYJ,00-0036924,Mi.Carter,124,503.0,4.0,-0.06805,12,4.05645
2021,REG,NYJ,00-0036980,E.Moore,5,54.0,1.0,1.09757,5,10.8
2021,REG,NYJ,00-0037013,Z.Wilson,30,185.0,4.0,0.25377,12,6.16667
2021,REG,PHI,00-0032780,J.Howard,86,406.0,3.0,-0.00665,7,4.72093
2021,REG,PHI,00-0034414,B.Scott,87,373.0,7.0,0.03669,8,4.28736
2021,REG,PHI,00-0035243,M.Sanders,138,754.0,0.0,0.01048,12,5.46377
2021,REG,PHI,00-0035289,G.Minshew,9,21.0,0.0,-0.12031,2,2.33333
2021,REG,PHI,00-0036271,Q.Watkins,1,3.0,0.0,-0.16651,1,3.0
2021,REG,PHI,00-0036278,J.Huntley,13,51.0,0.0,-0.12712,1,3.92308
2021,REG,PHI,00-0036387,J.Reagor,10,32.0,0.0,-0.15066,7,3.2
2021,REG,PHI,00-0036389,J.Hurts,139,784.0,10.0,0.29202,15,5.64029
2021,REG,PHI,00-0036919,K.Gainwell,69,291.0,5.0,0.03986,12,4.21739
2021,REG,PIT,00-0022924,B.Roethlisberger,20,5.0,1.0,-0.09897,11,0.25
2021,REG,PIT,00-0031387,E.Ebron,1,1.0,1.0,2.16809,1,1.0
2021,REG,PIT,00-0032897,D.Watt,1,1.0,0.0,2.14325,1,1.0
2021,REG,PIT,00-0033857,J.Smith-Schuster,3,9.0,1.0,0.23469,2,3.0
2021,REG,PIT,00-0034407,R.McCloud,2,15.0,0.0,0.01979,2,7.5
2021,REG,PIT,00-0034676,J.Washington,2,13.0,0.0,0.30442,1,6.5
2021,REG,PIT,00-0034771,M.Rudolph,5,53.0,0.0,0.61119,2,10.6
2021,REG,PIT,00-0034799,K.Ballage,12,36.0,0.0,-0.16946,6,3.0
2021,REG,PIT,00-0035216,D.Johnson,5,53.0,0.0,0.78799,4,10.6
2021,REG,PIT,00-0035217,B.Snell,36,98.0,0.0,-0.31059,12,2.72222
2021,REG,PIT,00-0036326,C.Claypool,14,96.0,0.0,0.2729,9,6.85714
2021,REG,PIT,00-0036336,A.McFarland,3,3.0,0.0,-0.68642,2,1.0
2021,REG,PIT,00-0036893,N.Harris,307,1200.0,7.0,-0.06314,17,3.90879
2021,REG,SEA,00-0025394,A.Peterson,11,16.0,1.0,-0.26965,1,1.45455
2021,REG,SEA,00-0029263,R.Wilson,43,183.0,2.0,-0.05646,13,4.25581
2021,REG,SEA,00-0030565,G.Smith,9,42.0,1.0,0.40743,4,4.66667
2021,REG,SEA,00-0032211,T.Lockett,2,9.0,0.0,-0.07761,2,4.5
2021,REG,SEA,00-0032426,A.Collins,108,411.0,2.0,-0.11195,11,3.80556
2021,REG,SEA,00-0033594,C.Carson,54,232.0,3.0,-0.03279,4,4.2963
2021,REG,SEA,00-0033895,G.Everett,3,20.0,0.0,0.11863,3,6.66667
2021,REG,SEA,00-0034750,R.Penny,119,749.0,6.0,0.09413,10,6.29412
2021,REG,SEA,00-0035594,T.Homer,21,177.0,1.0,0.46263,10,8.42857
2021,REG,SEA,00-0035640,D.Metcalf,1,6.0,0.0,0.22244,1,6.0
2021,REG,SEA,00-0036247,F.Swain,5,32.0,0.0,0.23402,5,6.4
2021,REG,SEA,00-0036425,D.Dallas,33,138.0,2.0,0.05733,11,4.18182
2021,REG,SEA,00-0036620,D.Eskridge,4,59.0,0.0,1.88389,3,14.75
2021,REG,SF,00-0029892,K.Juszczyk,8,22.0,1.0,-0.23155,4,2.75
2021,REG,SF,00-0031345,J.Garoppolo,38,47.0,3.0,0.08704,14,1.23684
2021,REG,SF,00-0031687,R.Mostert,2,20.0,0.0,0.76086,1,10.0
2021,REG,SF,00-0033288,G.Kittle,3,20.0,0.0,0.57966,3,6.66667
2021,REG,SF,00-0034115,J.Wilson,79,294.0,2.0,-0.12836,6,3.72152
2021,REG,SF,00-0034164,T.Cannon,1,-1.0,0.0,-0.63937,1,-1.0
2021,REG,SF,00-0035719,D.Samuel,59,365.0,8.0,0.35338,12,6.18644
2021,REG,SF,00-0035760,J.Patrick,2,12.0,0.0,0.40989,1,6.0
2021,REG,SF,00-0035806,J.Hasty,16,68.0,1.0,0.16728,8,4.25
2021,REG,SF,00-0036261,B.Aiyuk,5,17.0,0.0,-0.25295,5,3.4
2021,REG,SF,00-0036567,E.Mitchell,207,963.0,5.0,-0.07485,11,4.65217
2021,REG,SF,00-0036984,T.Sermon,41,167.0,1.0,-0.04089,5,4.07317
2021,REG,SF,00-0037012,T.Lance,39,168.0,1.0,-0.04503,6,4.30769
2021,REG,TB,00-0019596,T.Brady,28,81.0,2.0,0.13752,13,2.89286
2021,REG,TB,00-0027793,A.Brown,1,6.0,0.0,0.30848,1,6.0
2021,REG,TB,00-0027948,B.Gabbert,9,-7.0,0.0,-1.60789,4,-0.77778
2021,REG,TB,00-0030456,G.Bernard,8,58.0,0.0,0.21541,4,7.25
2021,REG,TB,00-0030465,K.Barner,4,0.0,0.0,-0.54955,1,0.0
2021,REG,TB,00-0030496,L.Bell,9,18.0,0.0,-0.13841,3,2.0
2021,REG,TB,00-0031408,M.Evans,1,10.0,0.0,0.63756,1,10.0
2021,REG,TB,00-0032054,B.Perriman,1,-3.0,0.0,-0.73783,1,-3.0
2021,REG,TB,00-0033215,C.Grayson,1,14.0,0.0,1.0173,1,14.0
2021,REG,TB,00-0033856,L.Fournette,180,812.0,8.0,0.04683,14,4.51111
2021,REG,TB,00-0033921,C.Godwin,5,21.0,1.0,0.42496,5,4.2
2021,REG,TB,00-0034816,R.Jones,101,428.0,4.0,-0.03815,15,4.23762
2021,REG,TB,00-0035298,S.Miller,2,43.0,1.0,2.26771,1,21.5
2021,REG,TB,00-0036450,K.Vaughn,36,180.0,2.0,-0.08917,6,5.0
2021,REG,TB,00-0036877,J.Darden,1,11.0,0.0,0.66172,1,11.0
2021,REG,TEN,00-0025394,A.Peterson,27,82.0,1.0,-0.2555,3,3.03704
2021,REG,TEN,00-0029701,R.Tannehill,55,270.0,7.0,0.62344,17,4.90909
2021,REG,TEN,00-0032355,C.Rogers,1,9.0,0.0,0.75138,1,9.0
2021,REG,TEN,00-0032764,D.Henry,220,937.0,10.0,-0.02201,8,4.25909
2021,REG,TEN,00-0032980,M.Johnson,2,-2.0,0.0,-0.71022,2,-1.0
2021,REG,TEN,00-0033925,D.Foreman,133,566.0,3.0,-0.1035,9,4.25564
2021,REG,TEN,00-0033955,J.McNichols,41,156.0,0.0,-0.21335,11,3.80488
2021,REG,TEN,00-0034253,D.Hilliard,56,350.0,2.0,0.1618,7,6.25
2021,REG,TEN,00-0034438,L.Woodside,6,-6.0,0.0,-0.76031,4,-1.0
2021,REG,TEN,00-0034652,C.Batson,2,15.0,0.0,0.29731,1,7.5
2021,REG,TEN,00-0035099,K.Blasingame,3,6.0,0.0,-0.85392,1,2.0
2021,REG,TEN,00-0035676,A.Brown,2,10.0,0.0,0.27602,2,5.0
2021,REG,TEN,00-0036297,D.Evans,2,7.0,0.0,-0.62311,1,3.5
2021,REG,TEN,00-0036698,M.Sargent,2,4.0,0.0,-0.15367,2,2.0
2021,REG,WAS,00-0023682,R.Fitzpatrick,1,2.0,0.0,-1.19552,1,2.0
2021,REG,WAS,00-0031763,D.Carter,10,89.0,0.0,0.26878,10,8.9
2021,REG,WAS,00-0031800,T.Heinicke,62,313.0,1.0,0.07097,15,5.04839
2021,REG,WAS,00-0032602,J.McKissic,49,212.0,2.0,0.06123,11,4.32653
2021,REG,WAS,00-0032782,W.Smallwood,5,25.0,0.0,0.15308,2,5.0
2021,REG,WAS,00-0032975,J.Williams,17,79.0,1.0,0.43011,5,4.64706
2021,REG,WAS,00-0033282,C.Samuel,4,11.0,0.0,-0.47463,3,2.75
2021,REG,WAS,00-0034104,C.Sims,1,7.0,0.0,0.40346,1,7.0
2021,REG,WAS,00-0034577,K.Allen,2,11.0,0.0,-0.11796,1,5.5
2021,REG,WAS,00-0035659,T.McLaurin,1,12.0,0.0,0.77918,1,12.0
2021,REG,WAS,00-0036328,A.Gibson,259,1037.0,7.0,-0.09316,16,4.00386
2021,REG,WAS,00-0036626,D.Brown,1,-4.0,0.0,-1.22775,1,-4.0
2021,REG,WAS,00-0036671,D.Milne,1,1.0,0.0,-0.69403,1,1.0
2021,REG,WAS,00-0036755,J.Patterson,68,266.0,2.0,-0.07004,14,3.91176
2022,POST,BAL,00-0034184,G.Edwards,12,39.0,0.0,0.10452,1,3.25
2022,POST,BAL,00-0034753,M.Andrews,1,0.0,0.0,-1.2812,1,0.0
2022,POST,BAL,00-0035993,T.Huntley,9,54.0,0.0,-0.94378,1,6.0
2022,POST,BAL,00-0036158,J.Dobbins,13,62.0,0.0,-0.05842,1,4.76923
2022,POST,BUF,00-0034857,J.Allen,12,46.0,1.0,0.32569,2,3.83333
2022,POST,BUF,00-0035250,D.Singletary,16,73.0,0.0,0.09298,2,4.5625
2022,POST,BUF,00-0037248,J.Cook,17,52.0,1.0,-0.24301,2,3.05882
2022,POST,CIN,00-0033526,S.Perine,14,58.0,1.0,0.07725,3,4.14286
2022,POST,CIN,00-0033897,J.Mixon,39,163.0,1.0,0.02231,3,4.17949
2022,POST,CIN,00-0036442,J.Burrow,15,70.0,1.0,0.27327,3,4.66667
2022,POST,CIN,00-0036900,J.Chase,1,3.0,0.0,-0.13517,1,3.0
2022,POST,DAL,00-0033045,E.Elliott,23,53.0,0.0,-0.22493,2,2.30435
2022,POST,DAL,00-0033077,D.Prescott,11,46.0,1.0,0.71138,2,4.18182
2022,POST,DAL,00-0035261,T.Pollard,21,99.0,0.0,-0.0945,2,4.71429
2022,POST,DAL,00-0036358,C.Lamb,2,6.0,0.0,0.662,1,3.0
2022,POST,JAX,00-0033572,J.Agnew,1,2.0,0.0,-0.34179,1,2.0
2022,POST,JAX,00-0034775,C.Kirk,1,18.0,0.0,1.38541,1,18.0
2022,POST,JAX,00-0035806,J.Hasty,4,36.0,0.0,0.32869,1,9.0
2022,POST,JAX,00-0036971,T.Lawrence,5,34.0,0.0,0.94879,2,6.8
2022,POST,JAX,00-0036973,T.Etienne,30,171.0,1.0,0.21686,2,5.7
2022,POST,KC,00-0026197,C.Henne,1,-1.0,0.0,0.0,1,-1.0
2022,POST,KC,00-0031376,J.McKinnon,19,60.0,0.0,-0.13939,3,3.15789
2022,POST,KC,00-0033873,P.Mahomes,12,57.0,0.0,0.05311,3,4.75
2022,POST,KC,00-0034816,R.Jones,1,0.0,0.0,-0.59791,1,0.0
2022,POST,KC,00-0035140,M.Hardman,2,7.0,0.0,0.47252,1,3.5
2022,POST,KC,00-0036637,N.Gray,1,0.0,0.0,-1.63005,1,0.0
2022,POST,KC,00-0036913,K.Toney,1,14.0,0.0,1.33546,1,14.0
2022,POST,KC,00-0037197,I.Pacheco,37,197.0,1.0,0.05448,3,5.32432
2022,POST,KC,00-0038090,S.Moore,2,7.0,0.0,-0.12288,2,3.5
2022,POST,LAC,00-0033699,A.Ekeler,13,35.0,2.0,-0.07033,1,2.69231
2022,POST,LAC,00-0036355,J.Herbert,3,12.0,0.0,-0.03047,1,4.0
2022,POST,LAC,00-0036370,J.Kelley,7,20.0,0.0,-0.23812,1,2.85714
2022,POST,MIA,00-0033040,T.Hill,2,5.0,0.0,-0.11571,1,2.5
2022,POST,MIA,00-0034115,J.Wilson,10,23.0,1.0,-0.29626,1,2.3
2022,POST,MIA,00-0036020,S.Ahmed,5,3.0,0.0,-0.61251,1,0.6
2022,POST,MIA,00-0036613,J.Waddle,1,8.0,0.0,1.86142,1,8.0
2022,POST,MIA,00-0037327,S.Thompson,2,3.0,0.0,-0.35657,1,1.5
2022,POST,MIN,00-0029604,K.Cousins,1,1.0,1.0,0.62266,1,1.0
2022,POST,MIN,00-0033893,D.Cook,15,60.0,0.0,-0.06334,1,4.0
2022,POST,NYG,00-0033308,M.Breida,7,31.0,1.0,0.30187,2,4.42857
2022,POST,NYG,00-0034844,S.Barkley,18,114.0,2.0,0.09304,2,6.33333
2022,POST,NYG,00-0035535,D.Slayton,1,3.0,0.0,-0.34061,1,3.0
2022,POST,NYG,00-0035710,D.Jones,23,102.0,0.0,0.42032,2,4.43478
2022,POST,NYG,00-0036569,G.Brightwell,1,10.0,0.0,-0.38947,1,10.0
2022,POST,PHI,00-0034414,B.Scott,15,61.0,2.0,0.09285,3,4.06667
2022,POST,PHI,00-0035243,M.Sanders,35,148.0,2.0,-0.01708,3,4.22857
2022,POST,PHI,00-0035289,G.Minshew,2,-2.0,0.0,-2.22705,1,-1.0
2022,POST,PHI,00-0036389,J.Hurts,36,143.0,5.0,0.20976,3,3.97222
2022,POST,PHI,00-0036919,K.Gainwell,33,181.0,1.0,0.40935,3,5.48485
2022,POST,SEA,00-0030565,G.Smith,4,28.0,0.0,0.31294,1,7.0
2022,POST,SEA,00-0036425,D.Dallas,6,13.0,0.0,-0.25921,1,2.16667
2022,POST,SEA,00-0038134,K.Walker,15,63.0,1.0,0.11687,1,4.2
2022,POST,SF,00-0026300,J.Johnson,2,2.0,0.0,-2.29559,1,1.0
2022,POST,SF,00-0029892,K.Juszczyk,1,8.0,0.0,0.79537,1,8.0
2022,POST,SF,00-0033280,C.McCaffrey,40,238.0,2.0,0.1236,3,5.95
2022,POST,SF,00-0033288,G.Kittle,1,4.0,0.0,-0.04812,1,4.0
2022,POST,SF,00-0035719,D.Samuel,13,34.0,0.0,-0.64213,3,2.61538
2022,POST,SF,00-0036567,E.Mitchell,23,53.0,0.0,-0.30974,2,2.30435
2022,POST,SF,00-0037525,J.Mason,2,12.0,0.0,-0.07236,1,6.0
2022,POST,SF,00-0037834,B.Purdy,7,24.0,1.0,-0.21073,2,3.42857
2022,POST,TB,00-0033856,L.Fournette,5,11.0,0.0,-0.40094,1,2.2
2022,POST,TB,00-0037256,R.White,7,41.0,0.0,0.22702,1,5.85714
2022,REG,ARI,00-0027688,C.McCoy,14,36.0,0.0,0.08649,4,2.57143
2022,REG,ARI,00-0033111,P.Cooper,4,15.0,0.0,-0.12341,2,3.75
2022,REG,ARI,00-0033553,J.Conner,183,782.0,7.0,-0.01352,13,4.27322
2022,REG,ARI,00-0033725,C.Clement,15,55.0,1.0,-0.05022,2,3.66667
2022,REG,ARI,00-0034301,D.Williams,21,102.0,1.0,0.1952,5,4.85714
2022,REG,ARI,00-0035040,D.Blough,4,5.0,0.0,-1.25209,2,1.25
2022,REG,ARI,00-0035146,T.McSorley,15,61.0,0.0,-0.41268,5,4.06667
2022,REG,ARI,00-0035228,K.Murray,68,418.0,3.0,0.18436,11,6.14706
2022,REG,ARI,00-0035500,G.Dortch,7,44.0,0.0,0.28113,4,6.28571
2022,REG,ARI,00-0035662,M.Brown,1,1.0,0.0,-0.22808,1,1.0
2022,REG,ARI,00-0036383,E.Benjamin,71,299.0,2.0,0.02443,9,4.21127
2022,REG,ARI,00-0036936,R.Moore,6,-5.0,0.0,-1.25919,4,-0.83333
2022,REG,ARI,00-0037299,K.Ingram,27,60.0,1.0,-0.3419,10,2.22222
2022,REG,ATL,00-0030578,C.Patterson,144,695.0,8.0,-0.00175,13,4.82639
2022,REG,ATL,00-0030874,D.Williams,2,2.0,0.0,-0.56489,1,1.0
2022,REG,ATL,00-0030968,K.Smith,1,2.0,0.0,0.19935,1,2.0
2022,REG,ATL,00-0032268,M.Mariota,85,438.0,4.0,0.1164,13,5.15294
2022,REG,ATL,00-0035208,O.Zaccheaus,2,7.0,0.0,-0.23562,2,3.5
2022,REG,ATL,00-0036825,F.Franks,1,0.0,0.0,-0.8381,1,0.0
2022,REG,ATL,00-0036829,C.Huntley,76,366.0,1.0,0.05238,12,4.81579
2022,REG,ATL,00-0036950,A.Williams,22,109.0,1.0,0.01003,10,4.95455
2022,REG,ATL,00-0037263,T.Allgeier,211,1035.0,3.0,0.05376,16,4.90521
2022,REG,ATL,00-0038122,D.Ridder,16,64.0,0.0,-0.76766,4,4.0
2022,REG,BAL,00-0032063,M.Davis,8,18.0,0.0,-0.37464,3,2.25
2022,REG,BAL,00-0033118,K.Drake,109,482.0,4.0,-0.11467,12,4.42202
2022,REG,BAL,00-0033376,P.Ricard,7,16.0,0.0,-0.4956,7,2.28571
2022,REG,BAL,00-0034184,G.Edwards,87,433.0,3.0,-0.00034,9,4.97701
2022,REG,BAL,00-0034753,M.Andrews,3,8.0,0.0,1.30753,3,2.66667
2022,REG,BAL,00-0034796,L.Jackson,112,764.0,3.0,0.35511,12,6.82143
2022,REG,BAL,00-0034975,J.Hill,49,262.0,0.0,-0.06502,12,5.34694
2022,REG,BAL,00-0035527,A.Isabella,1,1.0,0.0,-0.55485,1,1.0
2022,REG,BAL,00-0035993,T.Huntley,44,137.0,1.0,-0.06348,5,3.11364
2022,REG,BAL,00-0036158,J.Dobbins,92,520.0,2.0,0.09886,8,5.65217
2022,REG,BAL,00-0036331,D.Duvernay,12,84.0,1.0,0.45448,6,7.0
2022,REG,BAL,00-0037175,A.Brown,3,-5.0,0.0,0.0,1,-1.66667
2022,REG,BUF,00-0028986,C.Keenum,5,0.0,0.0,-1.07831,2,0.0
2022,REG,BUF,00-0031588,S.Diggs,1,-3.0,0.0,-1.29242,1,-3.0
2022,REG,BUF,00-0032257,D.Johnson,2,4.0,0.0,-0.48352,1,2.0
2022,REG,BUF,00-0033466,I.McKenzie,10,55.0,1.0,0.1904,8,5.5
2022,REG,BUF,00-0034367,N.Hines,6,-3.0,0.0,-0.81335,5,-0.5
2022,REG,BUF,00-0034857,J.Allen,125,762.0,7.0,0.32322,16,6.096
2022,REG,BUF,00-0035250,D.Singletary,177,819.0,5.0,-0.09479,16,4.62712
2022,REG,BUF,00-0036251,Z.Moss,17,91.0,0.0,-0.41856,5,5.35294
2022,REG,BUF,00-0037248,J.Cook,89,507.0,2.0,0.07304,15,5.69663
2022,REG,CAR,00-0033275,P.Walker,6,39.0,0.0,0.23864,4,6.5
2022,REG,CAR,00-0033280,C.McCaffrey,87,393.0,2.0,0.00114,6,4.51724
2022,REG,CAR,00-0033925,D.Foreman,204,914.0,5.0,0.01978,16,4.48039
2022,REG,CAR,00-0034496,S.Chandler,1,2.0,0.0,2.16509,1,2.0
2022,REG,CAR,00-0034827,D.Moore,10,53.0,0.0,0.18353,8,5.3
2022,REG,CAR,00-0034855,B.Mayfield,16,52.0,1.0,-0.25083,5,3.25
2022,REG,CAR,00-0034869,S.Darnold,26,106.0,2.0,-0.15406,6,4.07692
2022,REG,CAR,00-0036268,L.Shenault,9,65.0,1.0,0.27605,7,7.22222
2022,REG,CAR,00-0036543,S.Brown,9,43.0,0.0,0.08779,2,4.77778
2022,REG,CAR,00-0036555,C.Hubbard,95,466.0,2.0,0.01888,12,4.90526
2022,REG,CAR,00-0037429,R.Blackshear,23,77.0,3.0,0.05521,7,3.34783
2022,REG,CHI,00-0032156,T.Siemian,4,8.0,0.0,-0.21663,1,2.0
2022,REG,CHI,00-0033958,N.Peterman,2,7.0,0.0,-0.11736,1,3.5
2022,REG,CHI,00-0034177,T.Boyle,2,-2.0,0.0,0.0,1,-1.0
2022,REG,CHI,00-0034279,E.St. Brown,6,54.0,0.0,0.22105,4,9.0
2022,REG,CHI,00-0034860,D.Pettis,2,37.0,0.0,1.41516,2,18.5
2022,REG,CHI,00-0035685,D.Montgomery,201,801.0,5.0,-0.07619,16,3.98507
2022,REG,CHI,00-0036290,C.Kmet,2,9.0,0.0,0.56932,1,4.5
2022,REG,CHI,00-0036297,D.Evans,14,64.0,0.0,0.2116,3,4.57143
2022,REG,CHI,00-0036309,D.Mooney,1,2.0,0.0,-0.60938,1,2.0
2022,REG,CHI,00-0036326,C.Claypool,1,4.0,0.0,-0.05839,1,4.0
2022,REG,CHI,00-0036635,I.Smith-Marsette,1,-1.0,0.0,-0.90305,1,-1.0
2022,REG,CHI,00-0036906,K.Herbert,129,731.0,4.0,0.00909,13,5.66667
2022,REG,CHI,00-0036945,J.Fields,160,1143.0,8.0,0.40739,15,7.14375
2022,REG,CHI,00-0037087,T.Ebner,24,54.0,0.0,-0.34806,5,2.25
2022,REG,CHI,00-0037745,V.Jones,9,103.0,1.0,0.23653,7,11.44444
2022,REG,CIN,00-0032434,B.Allen,3,-1.0,0.0,0.15597,1,-0.33333
2022,REG,CIN,00-0033292,T.Taylor,4,15.0,0.0,-0.53921,2,3.75
2022,REG,CIN,00-0033526,S.Perine,96,394.0,2.0,-0.0409,16,4.10417
2022,REG,CIN,00-0033897,J.Mixon,210,814.0,7.0,-0.05522,14,3.87619
2022,REG,CIN,00-0035291,T.Williams,6,30.0,0.0,-0.10225,4,5.0
2022,REG,CIN,00-0035341,T.Irwin,1,11.0,0.0,0.63533,1,11.0
2022,REG,CIN,00-0036442,J.Burrow,75,257.0,5.0,0.0365,16,3.42667
2022,REG,CIN,00-0036900,J.Chase,5,8.0,0.0,-1.20444,4,1.6
2022,REG,CLE,00-0033119,J.Brissett,49,243.0,2.0,0.40482,13,4.95918
2022,REG,CLE,00-0033537,D.Watson,36,175.0,1.0,0.1728,6,4.86111
2022,REG,CLE,00-0033885,D.Njoku,2,-8.0,0.0,-1.24129,2,-4.0
2022,REG,CLE,00-0033923,K.Hunt,123,468.0,3.0,-0.09396,17,3.80488
2022,REG,CLE,00-0034791,N.Chubb,303,1525.0,12.0,0.04712,17,5.033
2022,REG,CLE,00-0035628,D.Johnson,4,17.0,0.0,-0.01598,1,4.25
2022,REG,CLE,00-0036232,H.Bryant,1,8.0,0.0,0.91342,1,8.0
2022,REG,CLE,00-0036233,D.Peoples-Jones,1,2.0,0.0,-0.38478,1,2.0
2022,REG,CLE,00-0036654,D.Felton,1,-4.0,0.0,-1.29092,1,-4.0
2022,REG,CLE,00-0036999,A.Schwartz,4,57.0,1.0,1.00226,3,14.25
2022,REG,CLE,00-0037267,J.Ford,8,12.0,0.0,-0.42864,2,1.5
2022,REG,CLE,00-0037300,M.Woods,1,-5.0,0.0,-1.52765,1,-5.0
2022,REG,DAL,00-0029692,B.Anger,2,0.0,0.0,-2.4407,2,0.0
2022,REG,DAL,00-0033045,E.Elliott,231,876.0,12.0,-0.05065,15,3.79221
2022,REG,DAL,00-0033077,D.Prescott,45,182.0,1.0,0.12275,11,4.04444
2022,REG,DAL,00-0033662,C.Rush,9,6.0,0.0,-0.36546,4,0.66667
2022,REG,DAL,00-0035261,T.Pollard,193,1007.0,9.0,0.02342,16,5.21762
2022,REG,DAL,00-0036358,C.Lamb,10,47.0,0.0,0.00597,7,4.7
2022,REG,DAL,00-0037563,M.Davis,38,161.0,1.0,-0.09216,6,4.23684
2022,REG,DAL,00-0037569,P.Hendershot,1,2.0,1.0,1.1326,1,2.0
2022,REG,DAL,00-0037801,K.Turpin,3,17.0,0.0,0.00556,3,5.66667
2022,REG,DEN,00-0029263,R.Wilson,55,277.0,3.0,0.27684,15,5.03636
2022,REG,DEN,00-0030513,L.Murray,161,703.0,5.0,-0.04811,12,4.36646
2022,REG,DEN,00-0032144,M.Gordon,90,318.0,2.0,-0.32906,10,3.53333
2022,REG,DEN,00-0033951,M.Mack,16,84.0,1.0,-0.05574,5,5.25
2022,REG,DEN,00-0034208,M.Boone,24,102.0,0.0,-0.15376,6,4.25
2022,REG,DEN,00-0034348,C.Sutton,1,5.0,0.0,0.17087,1,5.0
2022,REG,DEN,00-0034681,C.Edmonds,26,125.0,0.0,-0.10358,5,4.80769
2022,REG,DEN,00-0034955,B.Rypien,6,7.0,0.0,-0.09027,3,1.16667
2022,REG,DEN,00-0034959,A.Beck,2,0.0,0.0,-1.03452,2,0.0
2022,REG,DEN,00-0035184,D.Ozigbo,3,4.0,0.0,-0.50072,2,1.33333
2022,REG,DEN,00-0035864,K.Hinton,2,13.0,0.0,0.03637,2,6.5
2022,REG,DEN,00-0036407,J.Jeudy,4,40.0,0.0,0.37539,2,10.0
2022,REG,DEN,00-0036412,K.Hamler,2,23.0,0.0,0.7727,2,11.5
2022,REG,DEN,00-0036997,J.Williams,47,204.0,0.0,-0.13428,4,4.34043
2022,REG,DEN,00-0037085,T.Badie,1,0.0,0.0,-0.72143,1,0.0
2022,REG,DEN,00-0037272,M.Washington,5,30.0,0.0,-0.00359,5,6.0
2022,REG,DET,00-0032464,K.Raymond,7,36.0,0.0,0.32845,6,5.14286
2022,REG,DET,00-0032792,N.Sudfeld,5,-4.0,0.0,-0.69626,2,-0.8
2022,REG,DET,00-0033106,J.Goff,30,73.0,0.0,-0.53468,14,2.43333
2022,REG,DET,00-0033948,Ja.Williams,263,1066.0,17.0,-0.09496,17,4.05323
2022,REG,DET,00-0034171,J.Cabinda,1,4.0,0.0,-0.12419,1,4.0
2022,REG,DET,00-0034440,J.Jackson,43,170.0,1.0,-0.25224,12,3.95349
2022,REG,DET,00-0035327,C.Moore,2,55.0,0.0,3.41871,2,27.5
2022,REG,DET,00-0035567,C.Reynolds,23,102.0,0.0,-0.18479,6,4.43478
2022,REG,DET,00-0036275,D.Swift,100,542.0,5.0,0.06569,14,5.42
2022,REG,DET,00-0036963,A.St. Brown,9,95.0,0.0,0.53966,8,10.55556
2022,REG,DET,00-0037240,J.Williams,1,40.0,0.0,2.36443,1,40.0
2022,REG,GB,00-0023459,A.Rodgers,34,94.0,1.0,-0.22985,14,2.76471
2022,REG,GB,00-0033293,A.Jones,213,1121.0,2.0,0.05674,17,5.26291
2022,REG,GB,00-0034521,A.Lazard,2,0.0,0.0,-2.00195,1,0.0
2022,REG,GB,00-0034726,D.Leavitt,1,0.0,0.0,-3.23669,1,0.0
2022,REG,GB,00-0035973,P.Taylor,10,31.0,0.0,-0.18931,3,3.1
2022,REG,GB,00-0036264,J.Love,1,-1.0,0.0,0.0,1,-1.0
2022,REG,GB,00-0036265,A.Dillon,186,770.0,7.0,0.01226,17,4.13978
2022,REG,GB,00-0036669,K.Hill,1,7.0,0.0,0.54607,1,7.0
2022,REG,GB,00-0037816,R.Doubs,1,11.0,0.0,0.51828,1,11.0
2022,REG,GB,00-0038124,C.Watson,7,80.0,2.0,0.94998,6,11.42857
2022,REG,HOU,00-0030288,R.Burkhead,26,80.0,0.0,-0.26191,7,3.07692
2022,REG,HOU,00-0031236,B.Cooks,2,7.0,0.0,-0.25141,2,3.5
2022,REG,HOU,00-0032398,C.Moore,3,3.0,0.0,-0.64934,3,1.0
2022,REG,HOU,00-0032436,J.Driskel,20,75.0,0.0,-0.45226,7,3.75
2022,REG,HOU,00-0033854,D.Ogunbowale,43,123.0,1.0,-0.16789,8,2.86047
2022,REG,HOU,00-0034355,M.Stewart,1,3.0,0.0,2.42454,1,3.0
2022,REG,HOU,00-0034577,K.Allen,6,13.0,0.0,-1.02383,2,2.16667
2022,REG,HOU,00-0034838,R.Freeman,41,117.0,0.0,-0.3762,4,2.85366
2022,REG,HOU,00-0036383,E.Benjamin,3,1.0,0.0,-0.56554,1,0.33333
2022,REG,HOU,00-0036898,D.Mills,32,108.0,2.0,0.06716,11,3.375
2022,REG,HOU,00-0036991,A.Rodgers,2,7.0,0.0,-0.22509,2,3.5
2022,REG,HOU,00-0037258,D.Pierce,220,939.0,4.0,-0.127,13,4.26818
2022,REG,IND,00-0026143,M.Ryan,27,70.0,1.0,-0.40871,11,2.59259
2022,REG,IND,00-0029567,N.Foles,2,8.0,0.0,-2.12782,2,4.0
2022,REG,IND,00-0034109,P.Lindsay,16,49.0,0.0,-0.11037,3,3.0625
2022,REG,IND,00-0034367,N.Hines,18,36.0,1.0,-0.46767,7,2.0
2022,REG,IND,00-0034400,J.Wilkins,13,58.0,0.0,-0.10101,4,4.46154
2022,REG,IND,00-0035021,A.Dulin,2,8.0,0.0,0.17172,2,4.0
2022,REG,IND,00-0035639,P.Campbell,5,58.0,0.0,0.45857,5,11.6
2022,REG,IND,00-0036223,J.Taylor,192,861.0,4.0,-0.14924,10,4.48438
2022,REG,IND,00-0036251,Z.Moss,76,365.0,1.0,-0.04077,8,4.80263
2022,REG,IND,00-0036252,M.Pittman,3,30.0,0.0,0.5032,2,10.0
2022,REG,IND,00-0036493,D.Jackson,68,236.0,1.0,-0.22961,11,3.47059
2022,REG,IND,00-0036876,K.Granson,1,0.0,0.0,-1.75258,1,0.0
2022,REG,IND,00-0036879,S.Ehlinger,17,87.0,0.0,0.32834,4,5.11765
2022,REG,JAX,00-0033572,J.Agnew,12,86.0,0.0,0.50699,8,7.16667
2022,REG,JAX,00-0033881,E.Engram,2,13.0,0.0,0.23601,2,6.5
2022,REG,JAX,00-0033891,Z.Jones,4,18.0,0.0,0.12967,4,4.5
2022,REG,JAX,00-0033936,C.Beathard,4,-4.0,0.0,0.0,2,-1.0
2022,REG,JAX,00-0034775,C.Kirk,5,11.0,0.0,-0.16624,5,2.2
2022,REG,JAX,00-0035806,J.Hasty,46,194.0,2.0,-0.15221,12,4.21739
2022,REG,JAX,00-0035831,J.Robinson,81,340.0,3.0,-0.09839,6,4.19753
2022,REG,JAX,00-0036971,T.Lawrence,62,291.0,5.0,-0.08419,17,4.69355
2022,REG,JAX,00-0036973,T.Etienne,221,1125.0,5.0,-0.03934,17,5.0905
2022,REG,JAX,00-0037265,S.Conner,12,42.0,1.0,-0.17102,5,3.5
2022,REG,KC,00-0026197,C.Henne,5,-5.0,0.0,-1.02449,2,-1.0
2022,REG,KC,00-0030506,T.Kelce,2,5.0,0.0,0.24433,2,2.5
2022,REG,KC,00-0031376,J.McKinnon,72,291.0,1.0,-0.13838,16,4.04167
2022,REG,KC,00-0031595,M.Burton,5,7.0,0.0,-0.38504,5,1.4
2022,REG,KC,00-0033873,P.Mahomes,62,358.0,4.0,0.39209,16,5.77419
2022,REG,KC,00-0034272,M.Valdes-Scantling,1,-3.0,0.0,-1.00383,1,-3.0
2022,REG,KC,00-0034816,R.Jones,17,70.0,1.0,0.06601,5,4.11765
2022,REG,KC,00-0035140,M.Hardman,4,31.0,2.0,0.50066,3,7.75
2022,REG,KC,00-0035889,T.Townsend,1,0.0,0.0,-0.947,1,0.0
2022,REG,KC,00-0036360,C.Edwards-Helaire,71,302.0,3.0,0.02813,9,4.25352
2022,REG,KC,00-0036637,N.Gray,1,1.0,1.0,1.45464,1,1.0
2022,REG,KC,00-0036913,K.Toney,5,59.0,1.0,1.0679,2,11.8
2022,REG,KC,00-0037197,I.Pacheco,170,830.0,5.0,-0.02258,17,4.88235
2022,REG,KC,00-0038090,S.Moore,3,24.0,0.0,0.45292,2,8.0
2022,REG,LA,00-0026498,M.Stafford,13,9.0,1.0,-0.19251,7,0.69231
2022,REG,LA,00-0031806,M.Brown,18,81.0,1.0,-0.02742,6,4.5
2022,REG,LA,00-0033908,C.Kupp,9,52.0,1.0,0.14564,5,5.77778
2022,REG,LA,00-0034646,B.Powell,17,80.0,0.0,0.09283,12,4.70588
2022,REG,LA,00-0034855,B.Mayfield,15,37.0,0.0,-0.20802,5,2.46667
2022,REG,LA,00-0034899,J.Wolford,8,32.0,0.0,0.25696,2,4.0
2022,REG,LA,00-0035664,D.Henderson,70,283.0,3.0,0.02059,9,4.04286
2022,REG,LA,00-0035939,B.Perkins,19,90.0,0.0,0.12982,5,4.73684
2022,REG,LA,00-0036414,C.Akers,188,786.0,7.0,-0.07046,15,4.18085
2022,REG,LA,00-0036849,T.Atwell,9,34.0,1.0,-0.03264,5,3.77778
2022,REG,LA,00-0036862,B.Skowronek,1,17.0,1.0,1.97395,1,17.0
2022,REG,LA,00-0037557,R.Rivers,9,21.0,0.0,-0.41034,2,2.33333
2022,REG,LA,00-0037840,K.Williams,35,139.0,0.0,-0.12149,8,3.97143
2022,REG,LAC,00-0026544,C.Daniel,1,4.0,0.0,-0.80762,1,4.0
2022,REG,LAC,00-0030279,K.Allen,1,8.0,0.0,0.5884,1,8.0
2022,REG,LAC,00-0031763,D.Carter,2,-15.0,0.0,-1.55389,2,-7.5
2022,REG,LAC,00-0033699,A.Ekeler,204,915.0,13.0,-0.01262,17,4.48529
2022,REG,LAC,00-0033895,G.Everett,1,0.0,0.0,-0.56681,1,0.0
2022,REG,LAC,00-0034845,S.Michel,36,106.0,0.0,-0.07803,10,2.94444
2022,REG,LAC,00-0036355,J.Herbert,54,147.0,0.0,0.18872,17,2.72222
2022,REG,LAC,00-0036370,J.Kelley,69,287.0,2.0,0.03651,12,4.15942
2022,REG,LAC,00-0036650,L.Rountree,13,19.0,0.0,-0.55835,2,1.46154
2022,REG,LAC,00-0036988,J.Palmer,1,4.0,0.0,0.72686,1,4.0
2022,REG,LAC,00-0037331,Z.Horvath,4,8.0,0.0,0.05581,3,2.0
2022,REG,LAC,00-0038045,I.Spiller,18,41.0,0.0,-0.39501,5,2.27778
2022,REG,LV,00-0029239,B.Bolden,17,66.0,0.0,-0.36969,6,3.88235
2022,REG,LV,00-0031280,D.Carr,24,102.0,0.0,0.07213,9,4.25
2022,REG,LV,00-0031381,D.Adams,3,-1.0,0.0,-1.27683,3,-0.33333
2022,REG,LV,00-0032104,A.Abdullah,4,20.0,0.0,-0.07795,2,5.0
2022,REG,LV,00-0032496,M.Farley,1,-3.0,0.0,-4.07863,1,-3.0
2022,REG,LV,00-0033555,M.Hollins,4,40.0,0.0,0.53975,2,10.0
2022,REG,LV,00-0035264,J.Stidham,14,84.0,0.0,0.34462,2,6.0
2022,REG,LV,00-0035700,J.Jacobs,341,1653.0,12.0,-0.00493,17,4.84751
2022,REG,LV,00-0036527,D.Turner,4,26.0,0.0,0.0672,2,6.5
2022,REG,LV,00-0038040,Z.White,17,70.0,0.0,-0.08897,11,4.11765
2022,REG,MIA,00-0031237,T.Bridgewater,3,27.0,0.0,1.12341,3,9.0
2022,REG,MIA,00-0031687,R.Mostert,181,891.0,3.0,-0.00546,16,4.92265
2022,REG,MIA,00-0032807,C.Fejedelem,1,0.0,0.0,-3.7733,1,0.0
2022,REG,MIA,00-0033040,T.Hill,7,32.0,1.0,0.28957,6,4.57143
2022,REG,MIA,00-0034115,J.Wilson,84,392.0,3.0,0.13612,8,4.66667
2022,REG,MIA,00-0034418,C.Wilson,1,8.0,0.0,0.54642,1,8.0
2022,REG,MIA,00-0034681,C.Edmonds,42,120.0,2.0,-0.30983,8,2.85714
2022,REG,MIA,00-0034798,D.Smythe,2,1.0,1.0,0.69969,2,0.5
2022,REG,MIA,00-0035125,A.Ingold,6,8.0,1.0,0.58055,6,1.33333
2022,REG,MIA,00-0035311,M.Gaskin,10,26.0,0.0,-0.49948,2,2.6
2022,REG,MIA,00-0036020,S.Ahmed,12,64.0,1.0,0.27144,5,5.33333
2022,REG,MIA,00-0036212,T.Tagovailoa,24,70.0,0.0,-0.38185,10,2.91667
2022,REG,MIA,00-0036613,J.Waddle,3,26.0,0.0,0.65813,3,8.66667
2022,REG,MIA,00-0037327,S.Thompson,14,21.0,0.0,-0.79349,5,1.5
2022,REG,MIN,00-0029604,K.Cousins,31,97.0,2.0,0.0396,12,3.12903
2022,REG,MIN,00-0030035,A.Thielen,1,4.0,0.0,-0.13352,1,4.0
2022,REG,MIN,00-0032918,C.Ham,4,7.0,2.0,0.27131,3,1.75
2022,REG,MIN,00-0033319,N.Mullens,4,8.0,0.0,-0.18254,1,2.0
2022,REG,MIN,00-0033893,D.Cook,264,1173.0,8.0,-0.18393,17,4.44318
2022,REG,MIN,00-0034972,A.Mattison,74,283.0,5.0,0.00517,17,3.82432
2022,REG,MIN,00-0036322,J.Jefferson,4,24.0,1.0,0.56918,3,6.0
2022,REG,MIN,00-0036345,K.Osborn,3,6.0,0.0,1.05917,3,2.0
2022,REG,MIN,00-0036387,J.Reagor,4,25.0,0.0,0.68803,4,6.25
2022,REG,MIN,00-0036842,K.Nwangwu,9,14.0,0.0,-0.47117,2,1.55556
2022,REG,MIN,00-0037276,T.Chandler,6,20.0,0.0,-0.21235,1,3.33333
2022,REG,NE,00-0032200,T.Montgomery,2,-2.0,0.0,-1.54559,1,-1.0
2022,REG,NE,00-0033307,K.Bourne,6,39.0,0.0,-0.26966,6,6.5
2022,REG,NE,00-0033858,J.Smith,1,5.0,0.0,0.703,1,5.0
2022,REG,NE,00-0034960,J.Meyers,2,9.0,0.0,0.51945,2,4.5
2022,REG,NE,00-0035657,D.Harris,106,462.0,3.0,-0.03506,11,4.35849
2022,REG,NE,00-0036096,J.Taylor,10,9.0,0.0,-0.54911,1,0.9
2022,REG,NE,00-0036875,R.Stevenson,210,1040.0,5.0,-0.04558,17,4.95238
2022,REG,NE,00-0036972,M.Jones,47,102.0,1.0,-0.09086,13,2.17021
2022,REG,NE,00-0037286,K.Harris,18,52.0,1.0,-0.10783,5,2.88889
2022,REG,NE,00-0038098,P.Strong,10,100.0,1.0,0.57372,3,10.0
2022,REG,NE,00-0038104,T.Thornton,3,16.0,1.0,0.24637,1,5.33333
2022,REG,NE,00-0038108,B.Zappe,10,0.0,0.0,-0.60997,3,0.0
2022,REG,NO,00-0027966,M.Ingram,64,233.0,1.0,-0.17068,9,3.64062
2022,REG,NO,00-0027973,A.Dalton,30,54.0,0.0,-0.29119,12,1.8
2022,REG,NO,00-0030513,L.Murray,11,57.0,1.0,0.26097,1,5.18182
2022,REG,NO,00-0031503,J.Winston,5,16.0,0.0,-0.64387,3,3.2
2022,REG,NO,00-0032187,D.Johnson,12,24.0,0.0,-0.82314,3,2.0
2022,REG,NO,00-0032450,D.Washington,11,38.0,0.0,-0.30373,3,3.45455
2022,REG,NO,00-0032780,J.Howard,1,1.0,0.0,-0.4762,1,1.0
2022,REG,NO,00-0033357,T.Hill,96,575.0,7.0,0.18789,16,5.98958
2022,REG,NO,00-0033906,A.Kamara,223,897.0,2.0,-0.18408,15,4.02242
2022,REG,NO,00-0035860,T.Jones,2,8.0,0.0,-0.17595,1,4.0
2022,REG,NO,00-0036383,E.Benjamin,4,13.0,0.0,-0.22765,2,3.25
2022,REG,NO,00-0036727,A.Prentice,4,9.0,0.0,0.36392,3,2.25
2022,REG,NO,00-0037545,R.Shaheed,4,57.0,1.0,1.14583,4,14.25
2022,REG,NYG,00-0028118,T.Taylor,5,70.0,0.0,1.82742,2,14.0
2022,REG,NYG,00-0033308,M.Breida,54,220.0,1.0,0.01091,16,4.07407
2022,REG,NYG,00-0033550,D.Webb,6,41.0,1.0,1.14596,1,6.83333
2022,REG,NYG,00-0034286,R.James,2,6.0,0.0,-0.27666,2,3.0
2022,REG,NYG,00-0034844,S.Barkley,295,1312.0,10.0,-0.05258,16,4.44746
2022,REG,NYG,00-0035042,J.Gillan,3,-3.0,0.0,-1.98768,3,-1.0
2022,REG,NYG,00-0035710,D.Jones,120,708.0,7.0,0.3273,16,5.9
2022,REG,NYG,00-0036569,G.Brightwell,31,141.0,1.0,-0.1427,8,4.54839
2022,REG,NYG,00-0036913,K.Toney,2,23.0,0.0,0.52911,1,11.5
2022,REG,NYG,00-0038115,D.Bellinger,1,2.0,1.0,1.28657,1,2.0
2022,REG,NYG,00-0038117,W.Robinson,2,-1.0,0.0,-0.6412,2,-0.5
2022,REG,NYJ,00-0026158,J.Flacco,3,6.0,0.0,-0.04564,2,2.0
2022,REG,NYJ,00-0034270,T.Conklin,2,3.0,0.0,0.62864,2,1.5
2022,REG,NYJ,00-0034401,M.White,6,9.0,1.0,0.4293,2,1.5
2022,REG,NYJ,00-0034419,B.Berrios,9,91.0,2.0,0.69101,6,10.11111
2022,REG,NYJ,00-0035537,T.Johnson,30,160.0,1.0,-0.13648,9,5.33333
2022,REG,NYJ,00-0035752,C.Streveler,9,54.0,0.0,0.16652,1,6.0
2022,REG,NYJ,00-0035831,J.Robinson,29,85.0,0.0,-0.23169,4,2.93103
2022,REG,NYJ,00-0036329,A.Davis,1,2.0,0.0,2.28095,1,2.0
2022,REG,NYJ,00-0036924,Mi.Carter,114,402.0,3.0,-0.19027,16,3.52632
2022,REG,NYJ,00-0036980,E.Moore,5,5.0,0.0,-0.21539,5,1.0
2022,REG,NYJ,00-0037013,Z.Wilson,28,102.0,1.0,-0.0037,9,3.64286
2022,REG,NYJ,00-0037157,Z.Knight,85,300.0,1.0,-0.16276,7,3.52941
2022,REG,NYJ,00-0037740,G.Wilson,4,4.0,0.0,-0.5665,4,1.0
2022,REG,NYJ,00-0038120,Br.Hall,80,463.0,4.0,0.17361,7,5.7875
2022,REG,PHI,00-0033251,Z.Pascal,1,0.0,0.0,-3.61139,1,0.0
2022,REG,PHI,00-0034414,B.Scott,54,217.0,3.0,-0.04686,13,4.01852
2022,REG,PHI,00-0035243,M.Sanders,260,1269.0,11.0,0.04884,17,4.88077
2022,REG,PHI,00-0035289,G.Minshew,7,3.0,1.0,-1.62491,4,0.42857
2022,REG,PHI,00-0036271,Q.Watkins,3,1.0,0.0,-0.89786,2,0.33333
2022,REG,PHI,00-0036389,J.Hurts,167,760.0,13.0,0.29786,15,4.5509
2022,REG,PHI,00-0036919,K.Gainwell,53,240.0,4.0,0.14862,15,4.5283
2022,REG,PHI,00-0036984,T.Sermon,2,19.0,0.0,1.15032,1,9.5
2022,REG,PIT,00-0032897,D.Watt,9,21.0,1.0,0.26536,8,2.33333
2022,REG,PIT,00-0033869,M.Trubisky,19,38.0,2.0,-0.17174,6,2.0
2022,REG,PIT,00-0034335,M.Allen,1,4.0,0.0,2.64326,1,4.0
2022,REG,PIT,00-0034928,S.Sims,13,70.0,0.0,0.15729,8,5.38462
2022,REG,PIT,00-0035216,D.Johnson,7,25.0,0.0,0.06057,5,3.57143
2022,REG,PIT,00-0035217,B.Snell,20,90.0,1.0,0.21652,3,4.5
2022,REG,PIT,00-0035645,G.Olszewski,8,39.0,0.0,0.19033,6,4.875
2022,REG,PIT,00-0036326,C.Claypool,8,55.0,0.0,0.29917,3,6.875
2022,REG,PIT,00-0036336,A.McFarland,6,30.0,0.0,0.12865,1,5.0
2022,REG,PIT,00-0036893,N.Harris,272,1034.0,7.0,-0.10534,17,3.80147
2022,REG,PIT,00-0037228,J.Warren,77,379.0,1.0,0.10896,15,4.92208
2022,REG,PIT,00-0037247,G.Pickens,3,24.0,1.0,0.69455,2,8.0
2022,REG,PIT,00-0037304,Co.Heyward,2,27.0,0.0,0.37682,2,13.5
2022,REG,PIT,00-0038102,K.Pickett,55,237.0,3.0,0.17784,13,4.30909
2022,REG,SEA,00-0028292,N.Bellore,1,3.0,0.0,0.05244,1,3.0
2022,REG,SEA,00-0030068,M.Goodwin,2,5.0,0.0,-0.25498,2,2.5
2022,REG,SEA,00-0030565,G.Smith,68,366.0,1.0,0.01968,17,5.38235
2022,REG,SEA,00-0034160,M.Dickson,2,-18.0,0.0,-4.22618,2,-9.0
2022,REG,SEA,00-0034614,G.Igwebuike,3,4.0,0.0,-0.47392,1,1.33333
2022,REG,SEA,00-0034750,R.Penny,57,346.0,2.0,0.23061,5,6.07018
2022,REG,SEA,00-0035594,T.Homer,19,74.0,0.0,-0.12732,8,3.89474
2022,REG,SEA,00-0035860,T.Jones,8,16.0,0.0,-0.39786,2,2.0
2022,REG,SEA,00-0036425,D.Dallas,35,186.0,0.0,0.08817,10,5.31429
2022,REG,SEA,00-0036620,D.Eskridge,2,10.0,0.0,0.22343,2,5.0
2022,REG,SEA,00-0038134,K.Walker,228,1050.0,9.0,-0.06496,15,4.60526
2022,REG,SF,00-0026300,J.Johnson,2,3.0,0.0,-1.80766,1,1.5
2022,REG,SF,00-0029892,K.Juszczyk,7,26.0,1.0,0.27269,6,3.71429
2022,REG,SF,00-0031345,J.Garoppolo,23,33.0,2.0,-0.13332,10,1.43478
2022,REG,SF,00-0032058,T.Coleman,12,26.0,1.0,-0.52743,2,2.16667
2022,REG,SF,00-0033280,C.McCaffrey,159,746.0,6.0,0.01196,11,4.69182
2022,REG,SF,00-0034115,J.Wilson,92,468.0,2.0,-0.04131,8,5.08696
2022,REG,SF,00-0034407,R.McCloud,4,78.0,1.0,0.96931,2,19.5
2022,REG,SF,00-0035719,D.Samuel,42,232.0,3.0,-0.19957,13,5.52381
2022,REG,SF,00-0036261,B.Aiyuk,2,23.0,0.0,0.76182,2,11.5
2022,REG,SF,00-0036567,E.Mitchell,45,279.0,2.0,0.21688,5,6.2
2022,REG,SF,00-0037012,T.Lance,16,67.0,0.0,0.30438,2,4.1875
2022,REG,SF,00-0037525,J.Mason,43,258.0,1.0,0.06878,8,6.0
2022,REG,SF,00-0037827,T.Davis-Price,34,99.0,0.0,-0.39802,5,2.91176
2022,REG,SF,00-0037828,D.Gray,1,9.0,0.0,0.80612,1,9.0
2022,REG,SF,00-0037834,B.Purdy,22,13.0,1.0,-0.476,9,0.59091
2022,REG,TB,00-0019596,T.Brady,29,-1.0,1.0,-0.70584,14,-0.03448
2022,REG,TB,00-0027944,J.Jones,5,45.0,0.0,0.63817,4,9.0
2022,REG,TB,00-0030456,G.Bernard,8,28.0,0.0,-0.7502,2,3.5
2022,REG,TB,00-0032054,B.Perriman,2,-7.0,0.0,-1.79307,2,-3.5
2022,REG,TB,00-0033856,L.Fournette,189,668.0,3.0,-0.19643,15,3.53439
2022,REG,TB,00-0033921,C.Godwin,3,5.0,0.0,-0.50258,3,1.66667
2022,REG,TB,00-0035298,S.Miller,1,8.0,0.0,-0.36121,1,8.0
2022,REG,TB,00-0036450,K.Vaughn,17,53.0,0.0,-0.1759,5,3.11765
2022,REG,TB,00-0036877,J.Darden,1,2.0,0.0,-0.40466,1,2.0
2022,REG,TB,00-0037256,R.White,130,481.0,1.0,-0.13813,16,3.7
2022,REG,TB,00-0037487,D.Thompkins,2,26.0,0.0,0.9988,2,13.0
2022,REG,TEN,00-0029701,R.Tannehill,34,98.0,2.0,-0.10453,12,2.88235
2022,REG,TEN,00-0032764,D.Henry,349,1538.0,13.0,-0.06393,16,4.40688
2022,REG,TEN,00-0033949,J.Dobbs,8,44.0,0.0,0.22344,2,5.5
2022,REG,TEN,00-0034253,D.Hilliard,22,145.0,0.0,0.0276,10,6.59091
2022,REG,TEN,00-0035924,J.Ward,5,25.0,0.0,-0.17465,2,5.0
2022,REG,TEN,00-0036652,R.McMath,1,4.0,0.0,-0.26016,1,4.0
2022,REG,TEN,00-0037594,J.Chestnut,9,12.0,0.0,-0.55409,2,1.33333
2022,REG,TEN,00-0037617,H.Haskins,25,93.0,0.0,-0.09811,5,3.72
2022,REG,TEN,00-0037742,T.Burks,4,47.0,0.0,0.90993,4,11.75
2022,REG,TEN,00-0037809,C.Okonkwo,3,2.0,0.0,-1.0583,3,0.66667
2022,REG,TEN,00-0038128,M.Willis,27,123.0,1.0,-0.25505,7,4.55556
2022,REG,WAS,00-0031800,T.Heinicke,28,96.0,1.0,-0.15685,9,3.42857
2022,REG,WAS,00-0032602,J.McKissic,22,95.0,0.0,-0.18105,7,4.31818
2022,REG,WAS,00-0032950,C.Wentz,22,86.0,1.0,0.27614,7,3.90909
2022,REG,WAS,00-0032975,J.Williams,37,152.0,0.0,-0.20922,7,4.10811
2022,REG,WAS,00-0033282,C.Samuel,38,187.0,1.0,-0.06009,13,4.92105
2022,REG,WAS,00-0034578,R.Bonnafon,3,8.0,0.0,-0.35802,1,2.66667
2022,REG,WAS,00-0035659,T.McLaurin,7,29.0,0.0,0.18394,6,4.14286
2022,REG,WAS,00-0036328,A.Gibson,149,546.0,3.0,-0.1053,15,3.66443
2022,REG,WAS,00-0036626,D.Brown,1,15.0,0.0,0.91958,1,15.0
2022,REG,WAS,00-0036755,J.Patterson,17,78.0,0.0,-0.06448,1,4.58824
2022,REG,WAS,00-0037077,S.Howell,5,35.0,1.0,1.10538,1,7.0
2022,REG,WAS,00-0037168,A.Rogers,2,26.0,0.0,0.72572,2,13.0
2022,REG,WAS,00-0037741,J.Dotson,2,-7.0,0.0,-0.8898,2,-3.5
2022,REG,WAS,00-0037746,B.Robinson,205,797.0,2.0,-0.03042,12,3.8878
2023,POST,BAL,00-0033893,D.Cook,8,23.0,0.0,-0.18212,1,2.875
2023,POST,BAL,00-0034184,G.Edwards,13,60.0,0.0,0.10922,2,4.61538
2023,POST,BAL,00-0034796,L.Jackson,19,154.0,2.0,0.80385,2,8.10526
2023,POST,BAL,00-0034975,J.Hill,16,69.0,0.0,-0.09102,2,4.3125
2023,POST,BAL,00-0039064,Z.Flowers,2,4.0,0.0,-0.42447,1,2.0
2023,POST,BUF,00-0031588,S.Diggs,1,7.0,0.0,0.60121,1,7.0
2023,POST,BUF,00-0034857,J.Allen,20,146.0,3.0,0.85077,2,7.3
2023,POST,BUF,00-0035537,T.Johnson,15,54.0,0.0,0.05732,2,3.6
2023,POST,BUF,00-0036888,D.Hamlin,1,2.0,0.0,-2.69717,1,2.0
2023,POST,BUF,00-0037248,J.Cook,36,140.0,0.0,-0.04127,2,3.88889
2023,POST,CLE,00-0026158,J.Flacco,3,13.0,0.0,0.61334,1,4.33333
2023,POST,CLE,00-0033923,K.Hunt,8,26.0,1.0,-0.10249,1,3.25
2023,POST,CLE,00-0037267,J.Ford,9,17.0,0.0,-0.52934,1,1.88889
2023,POST,DAL,00-0031236,B.Cooks,1,6.0,0.0,0.25669,1,6.0
2023,POST,DAL,00-0033077,D.Prescott,7,45.0,0.0,0.7955,1,6.42857
2023,POST,DAL,00-0035261,T.Pollard,15,56.0,1.0,0.13603,1,3.73333
2023,POST,DAL,00-0036139,R.Dowdle,3,11.0,0.0,0.30618,1,3.66667
2023,POST,DAL,00-0036358,C.Lamb,1,5.0,0.0,-0.32308,1,5.0
2023,POST,DET,00-0033106,J.Goff,9,3.0,0.0,-0.29319,2,0.33333
2023,POST,DET,00-0035567,C.Reynolds,1,1.0,1.0,2.02822,1,1.0
2023,POST,DET,00-0035685,D.Montgomery,39,183.0,2.0,0.02053,3,4.69231
2023,POST,DET,00-0036963,A.St. Brown,1,2.0,0.0,-0.99822,1,2.0
2023,POST,DET,00-0037240,J.Williams,1,42.0,1.0,3.95338,1,42.0
2023,POST,DET,00-0039139,J.Gibbs,29,144.0,3.0,-0.02508,3,4.96552
2023,POST,GB,00-0033293,A.Jones,39,226.0,3.0,0.21206,2,5.79487
2023,POST,GB,00-0035973,P.Taylor,3,6.0,0.0,-0.61556,1,2.0
2023,POST,GB,00-0036264,J.Love,6,2.0,0.0,-0.84241,2,0.33333
2023,POST,GB,00-0038797,E.Wilson,12,36.0,0.0,-0.235,2,3.0
2023,POST,GB,00-0039146,J.Reed,1,9.0,0.0,0.92116,1,9.0
2023,POST,HOU,00-0033854,D.Ogunbowale,2,7.0,0.0,-0.68104,1,3.5
2023,POST,HOU,00-0035250,D.Singletary,22,88.0,1.0,-0.21215,2,4.0
2023,POST,HOU,00-0036554,N.Collins,1,4.0,0.0,-0.1148,1,4.0
2023,POST,HOU,00-0036898,D.Mills,3,-4.0,0.0,0.0,1,-1.33333
2023,POST,HOU,00-0037258,D.Pierce,3,0.0,0.0,-0.67533,1,0.0
2023,POST,HOU,00-0037614,J.Metchie,1,9.0,0.0,0.72324,1,9.0
2023,POST,HOU,00-0039163,C.Stroud,4,10.0,0.0,-0.38595,2,2.5
2023,POST,KC,00-0030506,T.Kelce,1,5.0,0.0,0.45832,1,5.0
2023,POST,KC,00-0033873,P.Mahomes,23,141.0,0.0,0.39872,4,6.13043
2023,POST,KC,00-0035140,M.Hardman,2,-5.0,0.0,-1.89127,2,-2.5
2023,POST,KC,00-0036360,C.Edwards-Helaire,11,53.0,0.0,-0.2574,4,4.81818
2023,POST,KC,00-0037197,I.Pacheco,81,313.0,3.0,-0.25626,4,3.8642
2023,POST,KC,00-0039067,R.Rice,2,5.0,0.0,0.15583,1,2.5
2023,POST,LA,00-0037557,R.Rivers,3,9.0,0.0,-0.22213,1,3.0
2023,POST,LA,00-0037840,K.Williams,13,61.0,0.0,-0.06954,1,4.69231
2023,POST,LA,00-0039075,P.Nacua,1,-2.0,0.0,-1.11459,1,-2.0
2023,POST,MIA,00-0031687,R.Mostert,8,33.0,0.0,-0.04583,1,4.125
2023,POST,MIA,00-0036212,T.Tagovailoa,3,25.0,0.0,0.53764,1,8.33333
2023,POST,MIA,00-0036613,J.Waddle,1,9.0,0.0,0.76024,1,9.0
2023,POST,MIA,00-0039040,D.Achane,6,9.0,0.0,-0.14684,1,1.5
2023,POST,PHI,00-0036275,D.Swift,10,34.0,0.0,-0.24146,1,3.4
2023,POST,PHI,00-0036389,J.Hurts,2,5.0,0.0,-0.52174,1,2.5
2023,POST,PHI,00-0036919,K.Gainwell,4,3.0,0.0,-0.61754,1,0.75
2023,POST,PIT,00-0034771,M.Rudolph,2,16.0,0.0,-0.42085,1,8.0
2023,POST,PIT,00-0036893,N.Harris,12,37.0,0.0,-0.2269,1,3.08333
2023,POST,PIT,00-0037228,J.Warren,8,38.0,0.0,-0.04171,1,4.75
2023,POST,PIT,00-0037247,G.Pickens,1,15.0,0.0,0.92054,1,15.0
2023,POST,SF,00-0029892,K.Juszczyk,2,5.0,0.0,0.0187,2,2.5
2023,POST,SF,00-0033280,C.McCaffrey,59,268.0,4.0,-0.03962,3,4.54237
2023,POST,SF,00-0035719,D.Samuel,6,15.0,0.0,-0.23813,2,2.5
2023,POST,SF,00-0036259,J.Jennings,1,-1.0,0.0,-1.08078,1,-1.0
2023,POST,SF,00-0036567,E.Mitchell,6,15.0,1.0,0.05092,2,2.5
2023,POST,SF,00-0037834,B.Purdy,14,74.0,0.0,0.2355,3,5.28571
2023,POST,TB,00-0034681,C.Edmonds,11,31.0,0.0,-0.314,2,2.81818
2023,POST,TB,00-0034855,B.Mayfield,4,31.0,0.0,0.49311,2,7.75
2023,POST,TB,00-0037256,R.White,27,127.0,0.0,0.00941,2,4.7037
2023,POST,TB,00-0037487,D.Thompkins,1,10.0,0.0,1.05642,1,10.0
2023,POST,TB,00-0039052,T.Palmer,1,9.0,0.0,0.74875,1,9.0
2023,REG,ARI,00-0030874,D.Williams,11,43.0,0.0,-0.17347,3,3.90909
2023,REG,ARI,00-0033553,J.Conner,210,1040.0,7.0,0.05738,13,4.95238
2023,REG,ARI,00-0033949,J.Dobbs,49,258.0,3.0,0.14984,8,5.26531
2023,REG,ARI,00-0034490,E.Turner,1,2.0,0.0,1.94362,1,2.0
2023,REG,ARI,00-0035228,K.Murray,45,244.0,3.0,0.14973,8,5.42222
2023,REG,ARI,00-0035500,G.Dortch,1,5.0,0.0,-0.08316,1,5.0
2023,REG,ARI,00-0035662,M.Brown,2,23.0,0.0,0.42537,2,11.5
2023,REG,ARI,00-0035859,B.Gillikin,1,10.0,0.0,3.48146,1,10.0
2023,REG,ARI,00-0035860,T.Jones,5,25.0,0.0,-0.02458,3,5.0
2023,REG,ARI,00-0036924,M.Carter,22,149.0,0.0,0.16479,5,6.77273
2023,REG,ARI,00-0036936,R.Moore,28,178.0,1.0,0.03386,12,6.35714
2023,REG,ARI,00-0037299,K.Ingram,35,74.0,0.0,-0.32333,7,2.11429
2023,REG,ARI,00-0038582,C.Tune,9,30.0,1.0,0.04575,5,3.33333
2023,REG,ARI,00-0038705,E.Demercado,58,284.0,2.0,-0.09132,10,4.89655
2023,REG,ATL,00-0030578,C.Patterson,50,181.0,0.0,-0.15965,11,3.62
2023,REG,ATL,00-0031800,T.Heinicke,15,124.0,1.0,0.67167,5,8.26667
2023,REG,ATL,00-0033858,J.Smith,1,0.0,0.0,-0.42153,1,0.0
2023,REG,ATL,00-0034438,L.Woodside,1,6.0,0.0,0.32587,1,6.0
2023,REG,ATL,00-0034854,K.Hodge,1,0.0,0.0,-0.65255,1,0.0
2023,REG,ATL,00-0036970,K.Pitts,1,-4.0,0.0,-1.6512,1,-4.0
2023,REG,ATL,00-0037263,T.Allgeier,187,683.0,4.0,-0.1222,17,3.65241
2023,REG,ATL,00-0038122,D.Ridder,53,193.0,5.0,-0.27237,14,3.64151
2023,REG,ATL,00-0038542,B.Robinson,214,976.0,4.0,-0.1248,17,4.56075
2023,REG,BAL,00-0032144,M.Gordon,26,81.0,1.0,-0.27347,4,3.11538
2023,REG,BAL,00-0033118,K.Drake,1,0.0,0.0,-0.52065,1,0.0
2023,REG,BAL,00-0034184,G.Edwards,199,810.0,13.0,-0.05918,17,4.07035
2023,REG,BAL,00-0034753,M.Andrews,1,0.0,0.0,-1.58927,1,0.0
2023,REG,BAL,00-0034796,L.Jackson,148,821.0,5.0,0.06865,16,5.5473
2023,REG,BAL,00-0034975,J.Hill,84,387.0,3.0,0.00965,14,4.60714
2023,REG,BAL,00-0035993,T.Huntley,15,55.0,0.0,-0.33365,4,3.66667
2023,REG,BAL,00-0036158,J.Dobbins,8,22.0,1.0,-0.23007,1,2.75
2023,REG,BAL,00-0036331,D.Duvernay,4,15.0,0.0,-0.13819,2,3.75
2023,REG,BAL,00-0036550,R.Bateman,1,18.0,0.0,2.52125,1,18.0
2023,REG,BAL,00-0038454,K.Mitchell,47,396.0,2.0,0.37028,6,8.42553
2023,REG,BAL,00-0039064,Z.Flowers,8,56.0,1.0,0.53826,7,7.0
2023,REG,BUF,00-0030513,L.Murray,79,300.0,4.0,-0.03243,15,3.79747
2023,REG,BUF,00-0031588,S.Diggs,1,5.0,0.0,0.87349,1,5.0
2023,REG,BUF,00-0033856,L.Fournette,12,40.0,0.0,-0.09355,2,3.33333
2023,REG,BUF,00-0034577,K.Allen,13,-13.0,0.0,-0.66433,6,-1.0
2023,REG,BUF,00-0034857,J.Allen,111,524.0,15.0,0.48993,17,4.72072
2023,REG,BUF,00-0035215,D.Harty,4,0.0,0.0,-0.63014,3,0.0
2023,REG,BUF,00-0035537,T.Johnson,30,132.0,0.0,-0.0247,7,4.4
2023,REG,BUF,00-0035657,D.Harris,23,94.0,1.0,0.09453,6,4.08696
2023,REG,BUF,00-0036196,G.Davis,1,-2.0,0.0,-0.88038,1,-2.0
2023,REG,BUF,00-0037248,J.Cook,237,1122.0,2.0,-0.03081,17,4.73418
2023,REG,BUF,00-0037261,K.Shakir,1,10.0,0.0,0.53832,1,10.0
2023,REG,CAR,00-0027973,A.Dalton,3,12.0,0.0,0.47615,2,4.0
2023,REG,CAR,00-0028872,J.Hekker,1,-11.0,0.0,-6.0536,1,-11.0
2023,REG,CAR,00-0030035,A.Thielen,1,6.0,0.0,0.23642,1,6.0
2023,REG,CAR,00-0035243,M.Sanders,129,432.0,1.0,-0.23679,16,3.34884
2023,REG,CAR,00-0036268,L.Shenault,12,55.0,0.0,-0.01768,6,4.58333
2023,REG,CAR,00-0036555,C.Hubbard,238,902.0,5.0,-0.0904,17,3.78992
2023,REG,CAR,00-0036635,I.Smith-Marsette,8,74.0,1.0,0.52372,4,9.25
2023,REG,CAR,00-0037429,R.Blackshear,15,46.0,0.0,-0.22933,8,3.06667
2023,REG,CAR,00-0039150,B.Young,40,253.0,0.0,0.56673,15,6.325
2023,REG,CHI,00-0033292,T.Taylor,1,-2.0,0.0,-1.35152,1,-2.0
2023,REG,CHI,00-0033925,D.Foreman,109,425.0,4.0,-0.03801,9,3.89908
2023,REG,CHI,00-0033958,N.Peterman,2,-4.0,0.0,0.0,1,-2.0
2023,REG,CHI,00-0034827,D.Moore,4,21.0,1.0,-0.40306,2,5.25
2023,REG,CHI,00-0035099,K.Blasingame,8,26.0,0.0,-0.2072,1,3.25
2023,REG,CHI,00-0036290,C.Kmet,3,2.0,0.0,0.26793,3,0.66667
2023,REG,CHI,00-0036297,D.Evans,30,105.0,1.0,-0.00018,5,3.5
2023,REG,CHI,00-0036309,D.Mooney,2,5.0,0.0,-0.38121,2,2.5
2023,REG,CHI,00-0036906,K.Herbert,133,611.0,2.0,-0.0118,12,4.59398
2023,REG,CHI,00-0036945,J.Fields,124,657.0,4.0,0.20818,13,5.29839
2023,REG,CHI,00-0037745,V.Jones,8,51.0,0.0,0.02756,6,6.375
2023,REG,CHI,00-0038416,T.Bagent,23,109.0,2.0,0.47927,5,4.73913
2023,REG,CHI,00-0038941,T.Scott,7,41.0,0.0,0.03703,5,5.85714
2023,REG,CHI,00-0039021,R.Johnson,81,352.0,2.0,-0.08168,15,4.34568
2023,REG,CIN,00-0033009,T.Boyd,2,11.0,0.0,0.36636,2,5.5
2023,REG,CIN,00-0033897,J.Mixon,257,1034.0,9.0,-0.07022,17,4.02335
2023,REG,CIN,00-0035100,J.Browning,27,127.0,3.0,0.35317,9,4.7037
2023,REG,CIN,00-0035291,T.Williams,15,69.0,0.0,-0.13962,10,4.6
2023,REG,CIN,00-0036442,J.Burrow,31,88.0,0.0,-0.1133,10,2.83871
2023,REG,CIN,00-0036857,C.Evans,2,12.0,0.0,-0.32577,1,6.0
2023,REG,CIN,00-0036900,J.Chase,3,-6.0,0.0,-0.91266,2,-2.0
2023,REG,CIN,00-0038576,C.Jones,2,13.0,0.0,0.54997,1,6.5
2023,REG,CIN,00-0038597,C.Brown,44,179.0,0.0,-0.2048,8,4.06818
2023,REG,CLE,00-0026158,J.Flacco,9,2.0,0.0,-0.05222,4,0.22222
2023,REG,CLE,00-0030068,M.Goodwin,4,33.0,0.0,0.36381,4,8.25
2023,REG,CLE,00-0032436,J.Driskel,7,33.0,0.0,0.06787,1,4.71429
2023,REG,CLE,00-0033275,P.Walker,13,30.0,0.0,-0.40397,4,2.30769
2023,REG,CLE,00-0033537,D.Watson,29,142.0,1.0,0.34267,5,4.89655
2023,REG,CLE,00-0033923,K.Hunt,135,411.0,9.0,-0.03662,14,3.04444
2023,REG,CLE,00-0034791,N.Chubb,28,170.0,0.0,0.14692,2,6.07143
2023,REG,CLE,00-0036232,H.Bryant,5,8.0,0.0,0.44449,4,1.6
2023,REG,CLE,00-0036980,E.Moore,9,11.0,0.0,-1.14033,6,1.22222
2023,REG,CLE,00-0037267,J.Ford,206,813.0,4.0,-0.17616,17,3.9466
2023,REG,CLE,00-0038098,P.Strong,64,291.0,1.0,-0.16995,13,4.54688
2023,REG,CLE,00-0038583,D.Thompson-Robinson,15,65.0,0.0,0.11901,5,4.33333
2023,REG,CLE,00-0038979,C.Tillman,1,8.0,0.0,0.23409,1,8.0
2023,REG,DAL,00-0031236,B.Cooks,5,35.0,0.0,0.34198,5,7.0
2023,REG,DAL,00-0033077,D.Prescott,56,242.0,2.0,0.23376,16,4.32143
2023,REG,DAL,00-0033662,C.Rush,12,-5.0,0.0,-0.47382,5,-0.41667
2023,REG,DAL,00-0035261,T.Pollard,253,1005.0,6.0,-0.06644,17,3.97233
2023,REG,DAL,00-0036139,R.Dowdle,89,361.0,2.0,-0.0592,16,4.05618
2023,REG,DAL,00-0036358,C.Lamb,14,113.0,2.0,0.59917,11,8.07143
2023,REG,DAL,00-0037569,P.Hendershot,1,0.0,0.0,-0.20439,1,0.0
2023,REG,DAL,00-0037801,K.Turpin,11,110.0,1.0,0.68009,8,10.0
2023,REG,DAL,00-0038622,D.Vaughn,23,40.0,0.0,-0.56127,6,1.73913
2023,REG,DAL,00-0038738,H.Luepke,6,19.0,1.0,0.78274,4,3.16667
2023,REG,DEN,00-0029263,R.Wilson,80,341.0,3.0,0.21957,14,4.2625
2023,REG,DEN,00-0031595,M.Burton,8,9.0,0.0,-0.4475,7,1.125
2023,REG,DEN,00-0032943,R.Dixon,1,0.0,0.0,-0.947,1,0.0
2023,REG,DEN,00-0033526,S.Perine,53,238.0,1.0,-0.17909,16,4.49057
2023,REG,DEN,00-0035264,J.Stidham,9,8.0,0.0,-0.57139,2,0.88889
2023,REG,DEN,00-0036997,J.Williams,219,774.0,3.0,-0.17259,16,3.53425
2023,REG,DEN,00-0038794,J.McLaughlin,76,410.0,1.0,0.07736,16,5.39474
2023,REG,DEN,00-0038976,M.Mims,9,30.0,0.0,-0.14832,8,3.33333
2023,REG,DET,00-0031237,T.Bridgewater,2,-2.0,0.0,-1.33776,1,-1.0
2023,REG,DET,00-0032464,K.Raymond,7,75.0,0.0,0.47532,7,10.71429
2023,REG,DET,00-0033106,J.Goff,32,21.0,2.0,-0.68458,12,0.65625
2023,REG,DET,00-0033557,J.Reeves-Maybin,2,3.0,0.0,-0.33034,2,1.5
2023,REG,DET,00-0034171,J.Cabinda,1,0.0,0.0,-1.80906,1,0.0
2023,REG,DET,00-0035184,D.Ozigbo,3,5.0,0.0,-0.53612,1,1.66667
2023,REG,DET,00-0035567,C.Reynolds,41,179.0,1.0,-0.10926,6,4.36585
2023,REG,DET,00-0035685,D.Montgomery,220,1015.0,13.0,0.05153,14,4.61364
2023,REG,DET,00-0036963,A.St. Brown,4,24.0,0.0,0.30876,3,6.0
2023,REG,DET,00-0037157,Z.Knight,3,13.0,0.0,-0.06844,1,4.33333
2023,REG,DET,00-0037240,J.Williams,3,29.0,1.0,0.83477,3,9.66667
2023,REG,DET,00-0039065,S.LaPorta,1,4.0,0.0,0.13319,1,4.0
2023,REG,DET,00-0039139,J.Gibbs,182,945.0,10.0,-0.02847,15,5.19231
2023,REG,GB,00-0033118,K.Drake,1,0.0,0.0,-0.38271,1,0.0
2023,REG,GB,00-0033293,A.Jones,142,656.0,2.0,0.01678,11,4.61972
2023,REG,GB,00-0035133,K.Nixon,1,11.0,0.0,0.54599,1,11.0
2023,REG,GB,00-0035831,J.Robinson,1,2.0,0.0,-0.48172,1,2.0
2023,REG,GB,00-0035973,P.Taylor,32,141.0,0.0,-0.10329,10,4.40625
2023,REG,GB,00-0036264,J.Love,51,247.0,4.0,-0.14397,17,4.84314
2023,REG,GB,00-0036265,A.Dillon,178,613.0,2.0,-0.132,15,3.44382
2023,REG,GB,00-0037091,B.Melton,3,21.0,0.0,0.4583,2,7.0
2023,REG,GB,00-0038124,C.Watson,4,11.0,0.0,-0.38019,3,2.75
2023,REG,GB,00-0038391,S.Clifford,3,-2.0,0.0,-1.16389,2,-0.66667
2023,REG,GB,00-0038393,D.Wicks,1,1.0,0.0,-0.37585,1,1.0
2023,REG,GB,00-0038797,Em.Wilson,14,85.0,0.0,0.04032,5,6.07143
2023,REG,GB,00-0039146,J.Reed,12,119.0,2.0,0.37787,5,9.91667
2023,REG,HOU,00-0028986,C.Keenum,2,1.0,0.0,-0.82547,1,0.5
2023,REG,HOU,00-0030431,R.Woods,1,7.0,0.0,0.13572,1,7.0
2023,REG,HOU,00-0033591,N.Brown,1,-1.0,0.0,-1.10927,1,-1.0
2023,REG,HOU,00-0033729,C.Johnston,1,-23.0,0.0,-1.83287,1,-23.0
2023,REG,HOU,00-0033854,D.Ogunbowale,8,35.0,0.0,-0.25057,6,4.375
2023,REG,HOU,00-0034208,M.Boone,5,23.0,0.0,-0.39963,5,4.6
2023,REG,HOU,00-0034928,S.Sims,1,1.0,0.0,-1.56557,1,1.0
2023,REG,HOU,00-0034959,A.Beck,5,3.0,1.0,-0.29256,3,0.6
2023,REG,HOU,00-0035250,D.Singletary,216,898.0,4.0,-0.07676,16,4.15741
2023,REG,HOU,00-0036554,N.Collins,1,7.0,0.0,0.34551,1,7.0
2023,REG,HOU,00-0036898,D.Mills,2,9.0,0.0,0.28794,1,4.5
2023,REG,HOU,00-0037258,D.Pierce,145,416.0,2.0,-0.28109,13,2.86897
2023,REG,HOU,00-0037614,J.Metchie,1,4.0,0.0,-0.29381,1,4.0
2023,REG,HOU,00-0038618,X.Hutchinson,5,49.0,0.0,0.57406,4,9.8
2023,REG,HOU,00-0038977,N.Dell,10,39.0,0.0,-0.08855,5,3.9
2023,REG,HOU,00-0038977,T.Dell,1,12.0,0.0,0.73012,1,12.0
2023,REG,HOU,00-0039163,C.Stroud,41,157.0,3.0,0.14904,14,3.82927
2023,REG,IND,00-0033466,I.McKenzie,3,14.0,0.0,-0.17053,3,4.66667
2023,REG,IND,00-0035289,G.Minshew,34,100.0,3.0,-0.08164,14,2.94118
2023,REG,IND,00-0036223,J.Taylor,169,741.0,7.0,-0.06011,10,4.38462
2023,REG,IND,00-0036251,Z.Moss,183,794.0,5.0,-0.07667,14,4.3388
2023,REG,IND,00-0036493,D.Jackson,13,14.0,0.0,-0.82285,1,1.07692
2023,REG,IND,00-0036860,J.Funk,2,10.0,0.0,-0.44194,1,5.0
2023,REG,IND,00-0036876,K.Granson,1,2.0,0.0,2.84027,1,2.0
2023,REG,IND,00-0036984,T.Sermon,35,160.0,0.0,-0.03179,6,4.57143
2023,REG,IND,00-0037120,T.Goodson,13,87.0,0.0,-0.20659,3,6.69231
2023,REG,IND,00-0038397,E.Hull,1,1.0,0.0,-1.48695,1,1.0
2023,REG,IND,00-0039164,A.Richardson,25,136.0,4.0,0.0172,4,5.44
2023,REG,JAX,00-0030533,M.Barkley,3,-3.0,0.0,-1.33734,1,-1.0
2023,REG,JAX,00-0033572,J.Agnew,4,-2.0,0.0,-0.67698,3,-0.5
2023,REG,JAX,00-0033936,C.Beathard,8,35.0,0.0,0.25264,4,4.375
2023,REG,JAX,00-0034775,C.Kirk,1,6.0,0.0,-0.59534,1,6.0
2023,REG,JAX,00-0034837,C.Ridley,9,23.0,0.0,-0.32763,6,2.55556
2023,REG,JAX,00-0035628,D.Johnson,41,108.0,0.0,-0.32452,15,2.63415
2023,REG,JAX,00-0036971,T.Lawrence,70,339.0,4.0,0.01985,16,4.84286
2023,REG,JAX,00-0036973,T.Etienne,269,1008.0,11.0,-0.12152,17,3.74721
2023,REG,JAX,00-0038555,T.Bigsby,50,132.0,2.0,-0.24672,13,2.64
2023,REG,KC,00-0027948,B.Gabbert,7,45.0,0.0,-0.08854,2,6.42857
2023,REG,KC,00-0031376,J.McKinnon,21,60.0,1.0,-0.00085,10,2.85714
2023,REG,KC,00-0033873,P.Mahomes,75,388.0,0.0,0.17776,15,5.17333
2023,REG,KC,00-0035140,M.Hardman,1,3.0,0.0,-0.3561,1,3.0
2023,REG,KC,00-0036269,L.Perine,22,77.0,0.0,-0.10816,2,3.5
2023,REG,KC,00-0036360,C.Edwards-Helaire,70,223.0,1.0,-0.21202,15,3.18571
2023,REG,KC,00-0036637,N.Gray,1,1.0,0.0,-2.7568,1,1.0
2023,REG,KC,00-0036913,K.Toney,11,31.0,0.0,-0.41408,8,2.81818
2023,REG,KC,00-0037197,I.Pacheco,206,935.0,7.0,-0.02289,14,4.53883
2023,REG,KC,00-0038090,S.Moore,3,23.0,0.0,0.33059,2,7.66667
2023,REG,KC,00-0039067,R.Rice,1,-3.0,0.0,-2.20213,1,-3.0
2023,REG,LA,00-0026498,M.Stafford,21,65.0,0.0,0.18884,14,3.09524
2023,REG,LA,00-0032775,D.Robinson,1,23.0,0.0,1.35726,1,23.0
2023,REG,LA,00-0032950,C.Wentz,17,56.0,1.0,0.05671,1,3.29412
2023,REG,LA,00-0033908,C.Kupp,1,-3.0,0.0,-0.94488,1,-3.0
2023,REG,LA,00-0034838,R.Freeman,77,319.0,2.0,-0.08485,9,4.14286
2023,REG,LA,00-0034955,B.Rypien,3,19.0,0.0,0.44537,1,6.33333
2023,REG,LA,00-0035664,D.Henderson,46,112.0,2.0,-0.25622,4,2.43478
2023,REG,LA,00-0036414,C.Akers,22,29.0,1.0,-0.12258,1,1.31818
2023,REG,LA,00-0036415,V.Jefferson,1,4.0,0.0,-0.17589,1,4.0
2023,REG,LA,00-0036849,T.Atwell,5,31.0,0.0,0.39427,4,6.2
2023,REG,LA,00-0036862,B.Skowronek,2,9.0,0.0,-0.85962,2,4.5
2023,REG,LA,00-0037557,R.Rivers,32,129.0,0.0,-0.14218,5,4.03125
2023,REG,LA,00-0037840,K.Williams,229,1144.0,12.0,0.10257,12,4.99563
2023,REG,LA,00-0039075,P.Nacua,12,89.0,0.0,0.32234,7,7.41667
2023,REG,LA,00-0039136,Z.Evans,9,19.0,0.0,-0.5792,4,2.11111
2023,REG,LAC,00-0030279,K.Allen,2,6.0,0.0,0.07698,1,3.0
2023,REG,LAC,00-0033536,M.Williams,1,3.0,0.0,-0.29057,1,3.0
2023,REG,LAC,00-0033699,A.Ekeler,179,628.0,5.0,-0.22974,14,3.50838
2023,REG,LAC,00-0033895,G.Everett,3,10.0,0.0,-0.24539,3,3.33333
2023,REG,LAC,00-0035282,E.Stick,27,144.0,1.0,0.29769,4,5.33333
2023,REG,LAC,00-0036355,J.Herbert,52,228.0,3.0,0.10355,12,4.38462
2023,REG,LAC,00-0036370,J.Kelley,107,405.0,2.0,-0.24443,17,3.78505
2023,REG,LAC,00-0036648,N.Niemann,1,0.0,0.0,-2.80689,1,0.0
2023,REG,LAC,00-0036988,J.Palmer,1,6.0,0.0,0.22557,1,6.0
2023,REG,LAC,00-0038045,I.Spiller,37,96.0,0.0,-0.38813,9,2.59459
2023,REG,LAC,00-0038544,Q.Johnston,3,9.0,0.0,-0.30184,3,3.0
2023,REG,LAC,00-0038573,D.Davis,14,101.0,0.0,0.37057,7,7.21429
2023,REG,LAC,00-0038862,E.Dotson,4,6.0,0.0,-0.7992,1,1.5
2023,REG,LV,00-0026625,B.Hoyer,3,-3.0,0.0,-0.60512,1,-1.0
2023,REG,LV,00-0029239,B.Bolden,5,31.0,1.0,0.94641,3,6.2
2023,REG,LV,00-0031345,J.Garoppolo,20,39.0,0.0,-0.13556,6,1.95
2023,REG,LV,00-0031763,D.Carter,3,18.0,0.0,1.34809,2,6.0
2023,REG,LV,00-0032104,A.Abdullah,15,89.0,0.0,0.17351,8,5.93333
2023,REG,LV,00-0034960,J.Meyers,4,24.0,2.0,0.70858,4,6.0
2023,REG,LV,00-0035190,A.Cole,1,0.0,0.0,-0.947,1,0.0
2023,REG,LV,00-0035700,J.Jacobs,233,805.0,6.0,-0.19021,13,3.45494
2023,REG,LV,00-0038040,Z.White,104,451.0,1.0,-0.1701,13,4.33654
2023,REG,LV,00-0038563,T.Tucker,10,77.0,0.0,0.12451,10,7.7
2023,REG,LV,00-0038579,A.O'Connell,17,11.0,1.0,-0.24216,7,0.64706
2023,REG,MIA,00-0031687,R.Mostert,209,1012.0,18.0,0.0822,15,4.84211
2023,REG,MIA,00-0033040,T.Hill,6,15.0,0.0,-0.19626,5,2.5
2023,REG,MIA,00-0034115,J.Wilson,41,188.0,0.0,-0.02252,8,4.58537
2023,REG,MIA,00-0034401,M.White,8,-9.0,0.0,-1.47584,5,-1.125
2023,REG,MIA,00-0034419,B.Berrios,1,11.0,0.0,0.7298,1,11.0
2023,REG,MIA,00-0035125,A.Ingold,2,0.0,0.0,-2.38255,1,0.0
2023,REG,MIA,00-0036020,S.Ahmed,22,61.0,1.0,-0.0106,7,2.77273
2023,REG,MIA,00-0036212,T.Tagovailoa,35,74.0,0.0,-1.11795,14,2.11429
2023,REG,MIA,00-0036297,D.Evans,2,16.0,0.0,0.30458,1,8.0
2023,REG,MIA,00-0036613,J.Waddle,3,12.0,0.0,-0.22983,3,4.0
2023,REG,MIA,00-0038092,E.Ezukanma,5,22.0,0.0,-0.29067,2,4.4
2023,REG,MIA,00-0038685,C.Brooks,19,106.0,0.0,-0.17854,3,5.57895
2023,REG,MIA,00-0039040,D.Achane,103,800.0,8.0,0.32266,11,7.76699
2023,REG,MIN,00-0029604,K.Cousins,14,25.0,0.0,0.12053,7,1.78571
2023,REG,MIN,00-0032918,C.Ham,1,7.0,0.0,0.34945,1,7.0
2023,REG,MIN,00-0033319,N.Mullens,10,25.0,0.0,-0.00233,4,2.5
2023,REG,MIN,00-0033949,J.Dobbs,30,163.0,3.0,0.27428,5,5.43333
2023,REG,MIN,00-0034646,B.Powell,5,17.0,0.0,-0.08515,5,3.4
2023,REG,MIN,00-0034972,A.Mattison,180,700.0,0.0,-0.17634,16,3.88889
2023,REG,MIN,00-0036322,J.Jefferson,1,-12.0,0.0,-1.97162,1,-12.0
2023,REG,MIN,00-0036414,C.Akers,38,138.0,1.0,-0.05503,6,3.63158
2023,REG,MIN,00-0036842,K.Nwangwu,5,13.0,0.0,-0.16459,3,2.6
2023,REG,MIN,00-0037276,T.Chandler,102,461.0,3.0,0.0068,12,4.51961
2023,REG,MIN,00-0038598,J.Hall,6,14.0,0.0,-0.32767,3,2.33333
2023,REG,MIN,00-0038994,J.Addison,1,2.0,0.0,-0.41061,1,2.0
2023,REG,NE,00-0032200,T.Montgomery,3,9.0,0.0,-0.10327,3,3.0
2023,REG,NE,00-0033045,E.Elliott,184,642.0,3.0,-0.14828,17,3.48913
2023,REG,NE,00-0033307,K.Bourne,1,4.0,0.0,0.63906,1,4.0
2023,REG,NE,00-0036387,J.Reagor,1,17.0,0.0,1.22008,1,17.0
2023,REG,NE,00-0036875,R.Stevenson,156,619.0,4.0,-0.0824,12,3.96795
2023,REG,NE,00-0036972,M.Jones,27,96.0,0.0,-0.19891,10,3.55556
2023,REG,NE,00-0037286,K.Harris,16,65.0,1.0,-0.14252,4,4.0625
2023,REG,NE,00-0038104,T.Thornton,3,51.0,0.0,1.00613,3,17.0
2023,REG,NE,00-0038108,B.Zappe,17,83.0,1.0,0.27244,6,4.88235
2023,REG,NE,00-0038621,D.Douglas,8,41.0,0.0,0.12813,6,5.125
2023,REG,NO,00-0031280,D.Carr,32,40.0,0.0,-0.63362,15,1.25
2023,REG,NO,00-0031503,J.Winston,5,-6.0,0.0,-0.89409,2,-1.2
2023,REG,NO,00-0033357,T.Hill,81,401.0,4.0,0.08935,16,4.95062
2023,REG,NO,00-0033906,A.Kamara,182,694.0,5.0,-0.00571,13,3.81319
2023,REG,NO,00-0033948,J.Williams,106,306.0,1.0,-0.24763,13,2.88679
2023,REG,NO,00-0035860,T.Jones,21,70.0,2.0,0.08623,3,3.33333
2023,REG,NO,00-0036364,L.Bowden,5,32.0,0.0,-0.18688,3,6.4
2023,REG,NO,00-0036727,A.Prentice,2,12.0,0.0,-2.03143,2,6.0
2023,REG,NO,00-0037545,R.Shaheed,7,37.0,0.0,-0.16143,5,5.28571
2023,REG,NO,00-0038551,K.Miller,41,156.0,1.0,-0.07556,7,3.80488
2023,REG,NYG,00-0028118,T.Taylor,38,197.0,0.0,-0.01086,8,5.18421
2023,REG,NYG,00-0032385,S.Shepard,1,6.0,0.0,0.48487,1,6.0
2023,REG,NYG,00-0033308,M.Breida,55,151.0,1.0,-0.24945,14,2.74545
2023,REG,NYG,00-0034844,S.Barkley,248,962.0,6.0,-0.19887,14,3.87903
2023,REG,NYG,00-0035710,D.Jones,40,206.0,1.0,0.14586,6,5.15
2023,REG,NYG,00-0036493,D.Jackson,1,2.0,0.0,-0.74622,1,2.0
2023,REG,NYG,00-0036569,G.Brightwell,9,19.0,0.0,-0.43331,3,2.11111
2023,REG,NYG,00-0037410,J.Corbin,1,1.0,0.0,1.84879,1,1.0
2023,REG,NYG,00-0038117,W.Robinson,9,87.0,1.0,0.54627,7,9.66667
2023,REG,NYG,00-0038396,E.Gray,17,48.0,0.0,-0.46435,4,2.82353
2023,REG,NYG,00-0038476,T.DeVito,36,195.0,1.0,-0.08974,8,5.41667
2023,REG,NYJ,00-0032156,T.Siemian,11,40.0,0.0,-0.66453,4,3.63636
2023,REG,NYJ,00-0033893,D.Cook,67,214.0,0.0,-0.37109,14,3.19403
2023,REG,NYJ,00-0034177,T.Boyle,4,5.0,0.0,0.67292,3,1.25
2023,REG,NYJ,00-0034270,T.Conklin,1,0.0,0.0,-3.54223,1,0.0
2023,REG,NYJ,00-0034433,N.Bawden,2,4.0,1.0,0.1868,2,2.0
2023,REG,NYJ,00-0036329,A.Davis,2,3.0,0.0,-0.23477,2,1.5
2023,REG,NYJ,00-0036924,Mi.Carter,8,38.0,0.0,-0.07112,6,4.75
2023,REG,NYJ,00-0037013,Z.Wilson,37,211.0,0.0,-0.45561,11,5.7027
2023,REG,NYJ,00-0037740,G.Wilson,4,0.0,0.0,0.08882,4,0.0
2023,REG,NYJ,00-0038120,Bre.Hall,224,994.0,5.0,-0.09244,17,4.4375
2023,REG,NYJ,00-0038389,I.Abanikanda,22,70.0,0.0,-0.13389,6,3.18182
2023,REG,NYJ,00-0038496,X.Gipson,8,68.0,1.0,0.47984,7,8.5
2023,REG,PHI,00-0032268,M.Mariota,8,52.0,0.0,0.70939,2,6.5
2023,REG,PHI,00-0034351,D.Goedert,1,1.0,0.0,-0.45956,1,1.0
2023,REG,PHI,00-0034414,B.Scott,20,86.0,0.0,-0.15871,9,4.3
2023,REG,PHI,00-0034750,R.Penny,11,33.0,0.0,-0.29949,3,3.0
2023,REG,PHI,00-0036275,D.Swift,229,1049.0,5.0,0.00836,16,4.58079
2023,REG,PHI,00-0036389,J.Hurts,157,605.0,15.0,0.1356,17,3.8535
2023,REG,PHI,00-0036919,K.Gainwell,85,364.0,2.0,-0.13701,16,4.28235
2023,REG,PIT,00-0033869,M.Trubisky,16,54.0,2.0,-0.04312,4,3.375
2023,REG,PIT,00-0034771,M.Rudolph,10,8.0,0.0,-0.33801,3,0.8
2023,REG,PIT,00-0036893,N.Harris,256,1035.0,8.0,-0.10114,17,4.04297
2023,REG,PIT,00-0037228,J.Warren,149,784.0,4.0,-0.02704,17,5.26174
2023,REG,PIT,00-0037247,G.Pickens,3,18.0,0.0,0.24248,3,6.0
2023,REG,PIT,00-0037304,Co.Heyward,1,0.0,0.0,-1.86711,1,0.0
2023,REG,PIT,00-0037837,C.Austin,11,57.0,1.0,0.31029,9,5.18182
2023,REG,PIT,00-0038102,K.Pickett,42,54.0,1.0,-0.12293,12,1.28571
2023,REG,SEA,00-0030565,G.Smith,37,155.0,1.0,-0.13315,14,4.18919
2023,REG,SEA,00-0035704,D.Lock,5,14.0,0.0,-0.04218,3,2.8
2023,REG,SEA,00-0036425,D.Dallas,10,36.0,0.0,0.01563,7,3.6
2023,REG,SEA,00-0036620,D.Eskridge,2,5.0,0.0,-0.40665,2,2.5
2023,REG,SEA,00-0038134,K.Walker,219,905.0,8.0,-0.04259,15,4.13242
2023,REG,SEA,00-0038752,J.Bobo,1,3.0,1.0,0.7756,1,3.0
2023,REG,SEA,00-0039165,Z.Charbonnet,108,462.0,1.0,-0.06594,16,4.27778
2023,REG,SF,00-0029892,K.Juszczyk,5,6.0,0.0,-0.38147,3,1.2
2023,REG,SF,00-0033280,C.McCaffrey,272,1459.0,14.0,0.0529,16,5.36397
2023,REG,SF,00-0033288,G.Kittle,1,2.0,0.0,0.56452,1,2.0
2023,REG,SF,00-0034407,R.McCloud,3,30.0,0.0,0.64663,2,10.0
2023,REG,SF,00-0034869,S.Darnold,21,15.0,1.0,-0.39558,10,0.71429
2023,REG,SF,00-0035719,D.Samuel,37,225.0,5.0,0.27822,15,6.08108
2023,REG,SF,00-0036567,E.Mitchell,75,281.0,2.0,-0.15071,11,3.74667
2023,REG,SF,00-0037525,J.Mason,40,206.0,3.0,0.14122,9,5.15
2023,REG,SF,00-0037827,T.Davis-Price,6,21.0,0.0,-0.62243,1,3.5
2023,REG,SF,00-0037834,B.Purdy,39,144.0,2.0,0.29301,13,3.69231
2023,REG,TB,00-0033921,C.Godwin,4,38.0,1.0,0.82884,4,9.5
2023,REG,TB,00-0034681,C.Edmonds,49,176.0,0.0,-0.1307,13,3.59184
2023,REG,TB,00-0034855,B.Mayfield,62,163.0,1.0,-0.23361,17,2.62903
2023,REG,TB,00-0036450,K.Vaughn,24,42.0,0.0,-0.46403,5,1.75
2023,REG,TB,00-0036928,K.Trask,1,-1.0,0.0,-1.7197,1,-1.0
2023,REG,TB,00-0037256,R.White,272,990.0,6.0,-0.16539,17,3.63971
2023,REG,TB,00-0037487,D.Thompkins,8,56.0,0.0,0.4907,7,7.0
2023,REG,TB,00-0038821,R.Jarrett,1,0.0,0.0,-0.47981,1,0.0
2023,REG,TB,00-0038951,S.Tucker,15,23.0,0.0,-0.41395,3,1.53333
2023,REG,TB,00-0039052,T.Palmer,3,22.0,0.0,0.3639,3,7.33333
2023,REG,TEN,00-0029701,R.Tannehill,17,74.0,1.0,-0.23929,6,4.35294
2023,REG,TEN,00-0030564,D.Hopkins,2,9.0,0.0,0.13351,2,4.5
2023,REG,TEN,00-0032398,C.Moore,2,39.0,0.0,1.04581,2,19.5
2023,REG,TEN,00-0032764,D.Henry,280,1167.0,12.0,-0.00749,17,4.16786
2023,REG,TEN,00-0035632,A.Hooker,1,2.0,0.0,2.15793,1,2.0
2023,REG,TEN,00-0035924,J.Ward,3,11.0,0.0,-0.60614,1,3.66667
2023,REG,TEN,00-0037607,R.Stonehouse,1,-11.0,0.0,-3.44838,1,-11.0
2023,REG,TEN,00-0037742,T.Burks,5,18.0,0.0,-0.10557,5,3.6
2023,REG,TEN,00-0037809,C.Okonkwo,2,6.0,0.0,-0.00995,2,3.0
2023,REG,TEN,00-0038128,M.Willis,5,21.0,0.0,-1.39367,2,4.2
2023,REG,TEN,00-0038490,T.Zentner,1,0.0,0.0,-2.25709,1,0.0
2023,REG,TEN,00-0039032,T.Spears,100,453.0,2.0,-0.00736,17,4.53
2023,REG,TEN,00-0039152,W.Levis,25,57.0,1.0,-0.37713,7,2.28
2023,REG,WAS,00-0030140,T.Way,1,0.0,0.0,-4.31733,1,0.0
2023,REG,WAS,00-0031260,L.Thomas,1,2.0,0.0,0.51073,1,2.0
2023,REG,WAS,00-0032975,J.Williams,1,-2.0,0.0,-0.99475,1,-2.0
2023,REG,WAS,00-0033119,J.Brissett,3,19.0,0.0,0.43198,2,6.33333
2023,REG,WAS,00-0033282,C.Samuel,7,39.0,1.0,0.53724,6,5.57143
2023,REG,WAS,00-0035715,D.Gore,3,26.0,0.0,-0.44121,2,8.66667
2023,REG,WAS,00-0036328,A.Gibson,65,265.0,1.0,-0.10363,15,4.07692
2023,REG,WAS,00-0036626,D.Brown,1,0.0,0.0,-0.85523,1,0.0
2023,REG,WAS,00-0037077,S.Howell,49,263.0,5.0,0.50376,16,5.36735
2023,REG,WAS,00-0037746,B.Robinson,179,733.0,5.0,-0.11808,15,4.09497
2023,REG,WAS,00-0038611,C.Rodriguez,51,247.0,2.0,-0.06832,8,4.84314
2024,POST,BAL,00-0032764,D.Henry,42,270.0,3.0,0.16417,2,6.42857
2024,POST,BAL,00-0034753,M.Andrews,4,8.0,0.0,0.75398,2,2.0
2024,POST,BAL,00-0034796,L.Jackson,21,120.0,0.0,0.22141,2,5.71429
2024,POST,BAL,00-0034928,S.Sims,1,15.0,0.0,0.8967,1,15.0
2024,POST,BAL,00-0034975,J.Hill,12,62.0,0.0,0.00784,2,5.16667
2024,POST,BUF,00-0033282,C.Samuel,1,0.0,0.0,-0.947,1,0.0
2024,POST,BUF,00-0033869,M.Trubisky,3,-3.0,0.0,-1.35154,1,-1.0
2024,POST,BUF,00-0034857,J.Allen,29,105.0,2.0,0.16055,3,3.62069
2024,POST,BUF,00-0035537,Ty.Johnson,20,94.0,0.0,0.01292,3,4.7
2024,POST,BUF,00-0037248,J.Cook,53,272.0,3.0,0.16787,3,5.13208
2024,POST,BUF,00-0039875,R.Davis,7,36.0,1.0,0.26368,3,5.14286
2024,POST,DEN,00-0036997,J.Williams,7,29.0,0.0,-0.1346,1,4.14286
2024,POST,DEN,00-0037085,T.Badie,2,8.0,0.0,-0.12017,1,4.0
2024,POST,DEN,00-0038794,J.McLaughlin,2,-2.0,0.0,-0.86275,1,-1.0
2024,POST,DEN,00-0038976,M.Mims,2,1.0,0.0,-0.3861,1,0.5
2024,POST,DEN,00-0039732,B.Nix,4,43.0,0.0,0.58975,1,10.75
2024,POST,DET,00-0033106,J.Goff,1,7.0,0.0,1.67815,1,7.0
2024,POST,DET,00-0035685,D.Montgomery,7,28.0,0.0,-0.08645,1,4.0
2024,POST,DET,00-0037240,Ja.Williams,1,61.0,1.0,5.16989,1,61.0
2024,POST,DET,00-0039139,J.Gibbs,14,105.0,2.0,0.38189,1,7.5
2024,POST,GB,00-0035700,J.Jacobs,18,81.0,1.0,-0.00152,1,4.5
2024,POST,GB,00-0036264,J.Love,2,10.0,0.0,0.28352,1,5.0
2024,POST,GB,00-0038797,Em.Wilson,3,6.0,0.0,-0.69104,1,2.0
2024,POST,GB,00-0038996,T.Kraft,2,10.0,0.0,1.32295,1,5.0
2024,POST,HOU,00-0033854,D.Ogunbowale,2,14.0,0.0,0.3123,2,7.0
2024,POST,HOU,00-0033897,J.Mixon,43,194.0,2.0,-0.06067,2,4.51163
2024,POST,HOU,00-0037258,D.Pierce,6,25.0,0.0,-0.27925,2,4.16667
2024,POST,HOU,00-0039163,C.Stroud,12,84.0,0.0,0.57226,2,7.0
2024,POST,KC,00-0033526,S.Perine,1,8.0,0.0,0.72618,1,8.0
2024,POST,KC,00-0033873,P.Mahomes,22,82.0,2.0,0.01177,3,3.72727
2024,POST,KC,00-0033923,K.Hunt,28,117.0,2.0,0.02159,3,4.17857
2024,POST,KC,00-0037197,I.Pacheco,13,37.0,0.0,-0.23392,3,2.84615
2024,POST,KC,00-0037284,M.Araiza,1,-18.0,0.0,-1.91762,1,-18.0
2024,POST,KC,00-0039894,X.Worthy,3,8.0,0.0,-0.16163,2,2.66667
2024,POST,LA,00-0026498,M.Stafford,4,4.0,0.0,-1.21061,2,1.0
2024,POST,LA,00-0037557,R.Rivers,3,8.0,0.0,-0.79328,1,2.66667
2024,POST,LA,00-0037840,K.Williams,35,182.0,0.0,-0.23277,2,5.2
2024,POST,LA,00-0039075,P.Nacua,1,7.0,0.0,0.22476,1,7.0
2024,POST,LAC,00-0034184,G.Edwards,7,22.0,0.0,-0.27549,1,3.14286
2024,POST,LAC,00-0036158,J.Dobbins,9,26.0,0.0,-0.29537,1,2.88889
2024,POST,LAC,00-0037617,H.Haskins,1,5.0,0.0,0.93657,1,5.0
2024,POST,LAC,00-0038573,D.Davis,1,-3.0,0.0,-1.20287,1,-3.0
2024,POST,MIN,00-0033293,A.Jones,13,48.0,0.0,-0.23208,1,3.69231
2024,POST,MIN,00-0034869,S.Darnold,4,19.0,0.0,1.39299,1,4.75
2024,POST,MIN,00-0036414,C.Akers,5,39.0,0.0,-0.07005,1,7.8
2024,POST,PHI,00-0034351,D.Goedert,2,13.0,0.0,0.49274,1,6.5
2024,POST,PHI,00-0034844,S.Barkley,91,499.0,5.0,-0.03615,4,5.48352
2024,POST,PHI,00-0036389,J.Hurts,35,194.0,5.0,0.2871,4,5.54286
2024,POST,PHI,00-0036919,K.Gainwell,13,42.0,0.0,-0.16393,4,3.23077
2024,POST,PHI,00-0038102,K.Pickett,5,-7.0,0.0,-0.93711,2,-1.4
2024,POST,PHI,00-0039746,W.Shipley,4,77.0,1.0,1.47526,1,19.25
2024,POST,PIT,00-0029263,R.Wilson,3,6.0,0.0,-0.42914,1,2.0
2024,POST,PIT,00-0036893,N.Harris,6,17.0,0.0,-0.22435,1,2.83333
2024,POST,PIT,00-0037228,J.Warren,2,6.0,0.0,0.05688,1,3.0
2024,POST,TB,00-0034855,B.Mayfield,7,23.0,0.0,-1.06784,1,3.28571
2024,POST,TB,00-0037256,R.White,1,1.0,0.0,-0.26226,1,1.0
2024,POST,TB,00-0039361,B.Irving,17,77.0,0.0,-0.06301,1,4.52941
2024,POST,WAS,00-0032268,M.Mariota,2,1.0,0.0,-2.02966,2,0.5
2024,POST,WAS,00-0033699,A.Ekeler,22,89.0,0.0,-0.19341,3,4.04545
2024,POST,WAS,00-0033955,J.McNichols,5,9.0,1.0,-0.15764,2,1.8
2024,POST,WAS,00-0037746,B.Robinson,36,129.0,2.0,0.02856,3,3.58333
2024,POST,WAS,00-0039910,J.Daniels,35,135.0,1.0,0.1095,3,3.85714
2024,REG,ARI,00-0033553,J.Conner,239,1094.0,8.0,0.00515,16,4.57741
2024,REG,ARI,00-0035228,K.Murray,80,572.0,5.0,0.22417,17,7.15
2024,REG,ARI,00-0035500,G.Dortch,5,31.0,0.0,0.44903,5,6.2
2024,REG,ARI,00-0035860,T.Jones,4,55.0,1.0,0.71606,1,13.75
2024,REG,ARI,00-0036425,D.Dallas,9,49.0,0.0,0.14234,4,5.44444
2024,REG,ARI,00-0036924,M.Carter,35,131.0,1.0,-0.01367,3,3.74286
2024,REG,ARI,00-0037744,T.McBride,1,2.0,1.0,0.60106,1,2.0
2024,REG,ARI,00-0038559,Mi.Wilson,1,7.0,0.0,-0.81448,1,7.0
2024,REG,ARI,00-0038582,C.Tune,7,-4.0,0.0,-1.50566,5,-0.57143
2024,REG,ARI,00-0038705,E.Demercado,24,223.0,1.0,0.51509,9,9.29167
2024,REG,ARI,00-0039921,T.Benson,63,291.0,1.0,-0.0789,12,4.61905
2024,REG,ATL,00-0029604,K.Cousins,23,0.0,0.0,-0.72922,10,0.0
2024,REG,ATL,00-0034407,R.McCloud,10,79.0,0.0,0.23677,10,7.9
2024,REG,ATL,00-0037238,D.London,1,-3.0,0.0,-2.36974,1,-3.0
2024,REG,ATL,00-0037263,T.Allgeier,138,644.0,3.0,0.03975,16,4.66667
2024,REG,ATL,00-0038542,B.Robinson,305,1456.0,14.0,0.05881,17,4.77377
2024,REG,ATL,00-0039393,J.McClellan,13,32.0,0.0,-0.54651,2,2.46154
2024,REG,ATL,00-0039917,M.Penix,7,11.0,1.0,0.08366,3,1.57143
2024,REG,BAL,00-0026300,J.Johnson,4,1.0,0.0,-0.89071,2,0.25
2024,REG,BAL,00-0032764,D.Henry,325,1921.0,16.0,0.12491,17,5.91077
2024,REG,BAL,00-0034753,M.Andrews,4,5.0,0.0,0.86155,4,1.25
2024,REG,BAL,00-0034796,L.Jackson,140,915.0,4.0,0.08324,17,6.53571
2024,REG,BAL,00-0034975,J.Hill,47,223.0,1.0,0.0153,15,4.74468
2024,REG,BAL,00-0038046,C.Kolar,1,2.0,0.0,1.71891,1,2.0
2024,REG,BAL,00-0038454,K.Mitchell,15,30.0,0.0,-0.34755,2,2.0
2024,REG,BAL,00-0039064,Z.Flowers,9,56.0,0.0,0.23847,8,6.22222
2024,REG,BAL,00-0039796,R.Ali,10,31.0,0.0,-0.11566,3,3.1
2024,REG,BUF,00-0033282,C.Samuel,5,14.0,0.0,-0.37672,5,2.8
2024,REG,BUF,00-0033869,M.Trubisky,17,1.0,0.0,-0.71111,7,0.05882
2024,REG,BUF,00-0034857,J.Allen,102,531.0,12.0,0.55888,16,5.20588
2024,REG,BUF,00-0035537,Ty.Johnson,41,213.0,1.0,0.01629,13,5.19512
2024,REG,BUF,00-0036187,R.Gilliam,3,7.0,0.0,-0.14151,2,2.33333
2024,REG,BUF,00-0037248,J.Cook,207,1009.0,16.0,0.05138,16,4.8744
2024,REG,BUF,00-0037261,K.Shakir,2,4.0,0.0,-0.49067,2,2.0
2024,REG,BUF,00-0039875,R.Davis,113,442.0,3.0,-0.04944,15,3.9115
2024,REG,BUF,00-0039901,K.Coleman,1,9.0,0.0,0.7819,1,9.0
2024,REG,CAR,00-0027973,A.Dalton,11,34.0,0.0,-0.31197,5,3.09091
2024,REG,CAR,00-0033589,D.Moore,1,0.0,0.0,-1.34701,1,0.0
2024,REG,CAR,00-0034208,M.Boone,13,51.0,0.0,-0.07498,5,3.92308
2024,REG,CAR,00-0035216,Di.Johnson,2,6.0,0.0,1.01944,1,3.0
2024,REG,CAR,00-0035243,M.Sanders,55,205.0,2.0,-0.15745,11,3.72727
2024,REG,CAR,00-0036555,C.Hubbard,251,1195.0,10.0,0.04283,15,4.76096
2024,REG,CAR,00-0037429,R.Blackshear,15,80.0,0.0,-0.04412,3,5.33333
2024,REG,CAR,00-0037487,D.Thompkins,2,7.0,0.0,-0.07279,2,3.5
2024,REG,CAR,00-0037745,V.Jones,1,0.0,0.0,-0.67453,1,0.0
2024,REG,CAR,00-0039062,J.Mingo,2,5.0,0.0,-2.66458,2,2.5
2024,REG,CAR,00-0039150,B.Young,43,249.0,6.0,0.36158,13,5.7907
2024,REG,CAR,00-0039342,X.Legette,6,24.0,0.0,-0.09846,5,4.0
2024,REG,CAR,00-0039344,J.Brooks,9,22.0,0.0,-0.30866,3,2.44444
2024,REG,CHI,00-0034827,D.Moore,14,75.0,0.0,0.09814,10,5.35714
2024,REG,CHI,00-0035594,T.Homer,6,23.0,0.0,0.01684,3,3.83333
2024,REG,CHI,00-0036275,D.Swift,253,959.0,6.0,-0.15386,17,3.79051
2024,REG,CHI,00-0036297,D.Evans,3,3.0,0.0,-0.4316,1,1.0
2024,REG,CHI,00-0036906,K.Herbert,8,16.0,1.0,0.43289,3,2.0
2024,REG,CHI,00-0037745,V.Jones,2,11.0,0.0,0.0772,1,5.5
2024,REG,CHI,00-0038416,T.Bagent,6,-7.0,0.0,0.0,2,-1.16667
2024,REG,CHI,00-0039021,R.Johnson,55,150.0,6.0,-0.08095,12,2.72727
2024,REG,CHI,00-0039918,C.Williams,81,489.0,0.0,0.14361,17,6.03704
2024,REG,CHI,00-0039919,R.Odunze,3,15.0,0.0,0.19195,2,5.0
2024,REG,CIN,00-0034613,T.Hudson,1,1.0,0.0,1.75751,1,1.0
2024,REG,CIN,00-0035100,J.Browning,2,-2.0,0.0,-0.82992,2,-1.0
2024,REG,CIN,00-0035631,D.Sample,1,-4.0,0.0,-1.47945,1,-4.0
2024,REG,CIN,00-0036251,Z.Moss,74,242.0,2.0,-0.27016,8,3.27027
2024,REG,CIN,00-0036442,J.Burrow,42,201.0,2.0,0.38221,16,4.78571
2024,REG,CIN,00-0036900,J.Chase,3,32.0,0.0,0.67391,3,10.66667
2024,REG,CIN,00-0036906,K.Herbert,28,114.0,0.0,-0.05033,5,4.07143
2024,REG,CIN,00-0038597,C.Brown,230,990.0,7.0,-0.02089,16,4.30435
2024,REG,CLE,00-0031503,J.Winston,25,83.0,1.0,0.66811,10,3.32
2024,REG,CLE,00-0033537,D.Watson,31,148.0,1.0,-0.05952,7,4.77419
2024,REG,CLE,00-0033925,D.Foreman,71,232.0,0.0,-0.34027,10,3.26761
2024,REG,CLE,00-0034791,N.Chubb,102,332.0,3.0,-0.20171,8,3.2549
2024,REG,CLE,00-0036913,K.Toney,2,-4.0,0.0,-0.80286,2,-2.0
2024,REG,CLE,00-0036980,E.Moore,1,1.0,0.0,-0.43551,1,1.0
2024,REG,CLE,00-0037267,J.Ford,104,565.0,3.0,0.04839,14,5.43269
2024,REG,CLE,00-0038098,P.Strong,26,108.0,0.0,-0.05831,9,4.15385
2024,REG,CLE,00-0038108,B.Zappe,2,2.0,0.0,-0.14493,1,1.0
2024,REG,CLE,00-0038583,D.Thompson-Robinson,21,122.0,0.0,0.2853,5,5.80952
2024,REG,CLE,00-0038979,C.Tillman,1,-5.0,0.0,-2.40895,1,-5.0
2024,REG,CLE,00-0039617,J.Kibodi,5,24.0,0.0,-0.14742,1,4.8
2024,REG,DAL,00-0031236,B.Cooks,3,-3.0,0.0,-0.94016,3,-1.0
2024,REG,DAL,00-0033045,E.Elliott,74,226.0,3.0,-0.21814,15,3.05405
2024,REG,DAL,00-0033077,D.Prescott,13,54.0,1.0,0.34715,8,4.15385
2024,REG,DAL,00-0033662,C.Rush,26,18.0,0.0,-0.69871,11,0.69231
2024,REG,DAL,00-0033893,D.Cook,8,20.0,0.0,-0.33277,2,2.5
2024,REG,DAL,00-0036139,R.Dowdle,235,1079.0,2.0,-0.0448,16,4.59149
2024,REG,DAL,00-0036358,C.Lamb,14,70.0,0.0,-0.27431,9,5.0
2024,REG,DAL,00-0037012,T.Lance,11,41.0,0.0,-0.19241,4,3.72727
2024,REG,DAL,00-0037801,K.Turpin,16,92.0,0.0,0.19932,11,5.75
2024,REG,DAL,00-0038622,D.Vaughn,17,70.0,0.0,-0.24069,5,4.11765
2024,REG,DAL,00-0038738,H.Luepke,12,38.0,0.0,0.07799,6,3.16667
2024,REG,DEN,00-0031595,M.Burton,7,8.0,1.0,-0.14921,5,1.14286
2024,REG,DEN,00-0035264,J.Stidham,4,5.0,0.0,-0.5152,2,1.25
2024,REG,DEN,00-0036997,J.Williams,139,513.0,4.0,-0.17191,16,3.69065
2024,REG,DEN,00-0037085,T.Badie,11,86.0,0.0,0.18184,3,7.81818
2024,REG,DEN,00-0038794,J.McLaughlin,113,496.0,1.0,-0.00875,16,4.38938
2024,REG,DEN,00-0038976,M.Mims,13,42.0,0.0,-0.19834,8,3.23077
2024,REG,DEN,00-0039373,A.Estime,76,310.0,2.0,-0.09776,13,4.07895
2024,REG,DEN,00-0039573,B.Watson,4,10.0,0.0,-0.04492,1,2.5
2024,REG,DEN,00-0039732,B.Nix,92,430.0,4.0,0.23989,17,4.67391
2024,REG,DEN,00-0039868,T.Franklin,2,8.0,0.0,-0.12587,2,4.0
2024,REG,DET,00-0032464,K.Raymond,2,0.0,0.0,-0.49195,2,0.0
2024,REG,DET,00-0033106,J.Goff,35,56.0,0.0,-0.08928,16,1.6
2024,REG,DET,00-0033557,J.Reeves-Maybin,1,1.0,0.0,-2.93332,1,1.0
2024,REG,DET,00-0035567,C.Reynolds,31,139.0,0.0,-0.15705,7,4.48387
2024,REG,DET,00-0035685,D.Montgomery,186,775.0,12.0,-0.04748,14,4.16667
2024,REG,DET,00-0036670,J.Jefferson,6,22.0,0.0,-0.13084,2,3.66667
2024,REG,DET,00-0036963,A.St. Brown,2,6.0,0.0,-0.31881,2,3.0
2024,REG,DET,00-0037240,J.Williams,8,56.0,0.0,0.15999,7,7.0
2024,REG,DET,00-0037240,Ja.Williams,3,5.0,1.0,0.50837,2,1.66667
2024,REG,DET,00-0038550,H.Hooker,5,2.0,0.0,-0.59915,2,0.4
2024,REG,DET,00-0039139,J.Gibbs,250,1412.0,16.0,0.14026,17,5.648
2024,REG,DET,00-0039364,S.Vaki,6,14.0,0.0,-0.52911,2,2.33333
2024,REG,GB,00-0035700,J.Jacobs,303,1329.0,15.0,-0.0667,17,4.38614
2024,REG,GB,00-0036264,J.Love,25,83.0,1.0,0.24441,11,3.32
2024,REG,GB,00-0037091,B.Melton,8,54.0,0.0,0.12889,6,6.75
2024,REG,GB,00-0038124,C.Watson,4,23.0,0.0,0.12522,3,5.75
2024,REG,GB,00-0038128,M.Willis,20,138.0,1.0,0.19592,5,6.9
2024,REG,GB,00-0038685,C.Brooks,36,183.0,1.0,0.13301,10,5.08333
2024,REG,GB,00-0038797,Em.Wilson,103,502.0,4.0,0.08941,17,4.87379
2024,REG,GB,00-0038996,T.Kraft,3,6.0,0.0,1.08801,3,2.0
2024,REG,GB,00-0039146,J.Reed,20,163.0,1.0,-0.14377,13,8.15
2024,REG,GB,00-0039811,M.Lloyd,6,15.0,0.0,-0.30086,1,2.5
2024,REG,HOU,00-0031588,S.Diggs,3,8.0,1.0,0.21006,3,2.66667
2024,REG,HOU,00-0033854,D.Ogunbowale,30,112.0,0.0,-0.27985,11,3.73333
2024,REG,HOU,00-0033897,J.Mixon,247,1016.0,11.0,-0.0612,14,4.11336
2024,REG,HOU,00-0034928,S.Sims,1,0.0,0.0,-0.49847,1,0.0
2024,REG,HOU,00-0036096,J.Taylor,10,44.0,0.0,-0.0025,3,4.4
2024,REG,HOU,00-0036414,C.Akers,40,147.0,1.0,-0.30428,5,3.675
2024,REG,HOU,00-0036898,D.Mills,3,11.0,0.0,-0.3799,1,3.66667
2024,REG,HOU,00-0037258,D.Pierce,40,293.0,2.0,0.177,8,7.325
2024,REG,HOU,00-0038977,T.Dell,9,43.0,0.0,-0.25145,6,4.77778
2024,REG,HOU,00-0039163,C.Stroud,52,233.0,0.0,-0.1386,16,4.48077
2024,REG,HOU,00-0039603,B.Brooks,1,2.0,0.0,-0.33625,1,2.0
2024,REG,IND,00-0026158,J.Flacco,9,26.0,0.0,-0.77802,5,2.88889
2024,REG,IND,00-0035021,A.Dulin,5,45.0,0.0,0.60957,4,9.0
2024,REG,IND,00-0036223,J.Taylor,305,1431.0,11.0,-0.07511,14,4.6918
2024,REG,IND,00-0036984,T.Sermon,56,159.0,2.0,-0.20074,9,2.83929
2024,REG,IND,00-0037120,T.Goodson,32,153.0,1.0,0.08399,5,4.78125
2024,REG,IND,00-0038997,J.Downs,1,-1.0,0.0,-0.87242,1,-1.0
2024,REG,IND,00-0039164,A.Richardson,87,499.0,6.0,0.27343,11,5.73563
2024,REG,IND,00-0039890,A.Mitchell,4,6.0,0.0,-2.19723,4,1.5
2024,REG,JAX,00-0035628,D.Johnson,32,143.0,0.0,0.09995,10,4.46875
2024,REG,JAX,00-0036331,D.Duvernay,4,3.0,0.0,-0.26677,4,0.75
2024,REG,JAX,00-0036971,T.Lawrence,26,119.0,3.0,0.32349,10,4.57692
2024,REG,JAX,00-0036972,M.Jones,28,92.0,1.0,0.02499,7,3.28571
2024,REG,JAX,00-0036973,T.Etienne,150,558.0,2.0,-0.17708,15,3.72
2024,REG,JAX,00-0038555,T.Bigsby,168,766.0,7.0,-0.00501,15,4.55952
2024,REG,JAX,00-0039893,B.Thomas,6,48.0,0.0,0.42791,5,8.0
2024,REG,KC,00-0030506,T.Kelce,1,1.0,0.0,-0.09223,1,1.0
2024,REG,KC,00-0032950,C.Wentz,3,0.0,0.0,-1.18087,1,0.0
2024,REG,KC,00-0033526,S.Perine,20,92.0,1.0,-0.03449,9,4.6
2024,REG,KC,00-0033873,P.Mahomes,58,307.0,2.0,0.41919,15,5.2931
2024,REG,KC,00-0033923,K.Hunt,200,728.0,7.0,0.01074,13,3.64
2024,REG,KC,00-0035140,M.Hardman,5,62.0,1.0,1.13288,3,12.4
2024,REG,KC,00-0036637,N.Gray,1,-4.0,0.0,-1.48386,1,-4.0
2024,REG,KC,00-0037197,I.Pacheco,83,310.0,1.0,-0.1647,7,3.73494
2024,REG,KC,00-0037324,C.Oladokun,1,5.0,0.0,-0.55511,1,5.0
2024,REG,KC,00-0039067,R.Rice,1,1.0,0.0,2.34961,1,1.0
2024,REG,KC,00-0039325,C.Steele,56,183.0,0.0,-0.21399,12,3.26786
2024,REG,KC,00-0039825,J.Hicks,1,1.0,0.0,-2.83456,1,1.0
2024,REG,KC,00-0039894,X.Worthy,20,104.0,3.0,0.148,12,5.2
2024,REG,LA,00-0026498,M.Stafford,30,41.0,0.0,-0.10039,11,1.36667
2024,REG,LA,00-0031345,J.Garoppolo,2,5.0,0.0,-0.99429,1,2.5
2024,REG,LA,00-0033908,C.Kupp,2,10.0,0.0,0.10785,1,5.0
2024,REG,LA,00-0036849,T.Atwell,3,7.0,0.0,-0.60257,2,2.33333
2024,REG,LA,00-0037557,R.Rivers,22,99.0,0.0,0.13405,4,4.5
2024,REG,LA,00-0037840,K.Williams,316,1299.0,14.0,-0.07447,16,4.11076
2024,REG,LA,00-0038359,X.Smith,4,36.0,0.0,0.707,2,9.0
2024,REG,LA,00-0039075,P.Nacua,11,46.0,1.0,0.19507,5,4.18182
2024,REG,LA,00-0039703,C.Schrader,1,3.0,0.0,-0.32089,1,3.0
2024,REG,LA,00-0039738,B.Corum,58,207.0,0.0,-0.168,14,3.56897
2024,REG,LA,00-0039751,J.Whittington,2,12.0,0.0,1.53582,1,6.0
2024,REG,LAC,00-0031800,T.Heinicke,2,20.0,0.0,0.22418,2,10.0
2024,REG,LAC,00-0034162,J.Scott,1,0.0,0.0,-0.38324,1,0.0
2024,REG,LAC,00-0034184,G.Edwards,102,365.0,4.0,-0.13795,11,3.57843
2024,REG,LAC,00-0036158,J.Dobbins,195,905.0,9.0,0.02174,13,4.64103
2024,REG,LAC,00-0036355,J.Herbert,70,306.0,2.0,0.05952,16,4.37143
2024,REG,LAC,00-0036387,J.Reagor,3,-3.0,0.0,-0.78055,2,-1.0
2024,REG,LAC,00-0037617,H.Haskins,34,89.0,2.0,-0.10823,10,2.61765
2024,REG,LAC,00-0038544,Q.Johnston,3,6.0,0.0,-0.27129,3,2.0
2024,REG,LAC,00-0038573,D.Davis,12,39.0,0.0,-0.33648,10,3.25
2024,REG,LAC,00-0039391,K.Vidal,43,155.0,0.0,-0.19554,9,3.60465
2024,REG,LV,00-0032104,A.Abdullah,66,311.0,2.0,-0.11487,12,4.71212
2024,REG,LV,00-0034960,J.Meyers,2,23.0,0.0,0.70568,2,11.5
2024,REG,LV,00-0034972,A.Mattison,134,420.0,4.0,-0.22975,14,3.13433
2024,REG,LV,00-0035289,G.Minshew,19,58.0,0.0,-0.39814,10,3.05263
2024,REG,LV,00-0036527,D.Turner,5,33.0,1.0,0.18456,5,6.6
2024,REG,LV,00-0037450,T.McAllister,2,11.0,0.0,-0.00824,1,5.5
2024,REG,LV,00-0037509,S.McCormick,39,183.0,0.0,0.01148,4,4.69231
2024,REG,LV,00-0038040,Z.White,65,183.0,1.0,-0.55828,8,2.81538
2024,REG,LV,00-0038122,D.Ridder,9,36.0,0.0,0.16641,4,4.0
2024,REG,LV,00-0038563,T.Tucker,9,44.0,1.0,0.30435,8,4.88889
2024,REG,LV,00-0038579,A.O'Connell,21,30.0,1.0,-0.38675,5,1.42857
2024,REG,LV,00-0039244,C.Collier,5,12.0,0.0,-0.60094,2,2.4
2024,REG,LV,00-0039338,B.Bowers,5,13.0,0.0,-0.17245,5,2.6
2024,REG,LV,00-0039407,D.Laube,1,0.0,0.0,-4.66818,1,0.0
2024,REG,MIA,00-0031687,R.Mostert,85,278.0,2.0,-0.35529,11,3.27059
2024,REG,MIA,00-0033040,T.Hill,8,53.0,0.0,-0.15451,5,6.625
2024,REG,MIA,00-0033858,J.Smith,2,-1.0,0.0,-0.82023,2,-0.5
2024,REG,MIA,00-0034115,J.Wilson,16,57.0,0.0,-0.28915,6,3.5625
2024,REG,MIA,00-0034177,T.Boyle,2,10.0,0.0,0.32469,2,5.0
2024,REG,MIA,00-0035125,A.Ingold,10,17.0,1.0,-1.02386,7,1.7
2024,REG,MIA,00-0035280,J.Bailey,1,0.0,0.0,-2.46695,1,0.0
2024,REG,MIA,00-0035993,T.Huntley,26,135.0,2.0,-0.02062,5,5.19231
2024,REG,MIA,00-0036212,T.Tagovailoa,17,49.0,0.0,0.02777,9,2.88235
2024,REG,MIA,00-0036613,J.Waddle,4,12.0,0.0,-0.03582,4,3.0
2024,REG,MIA,00-0037327,S.Thompson,1,4.0,0.0,-2.46102,1,4.0
2024,REG,MIA,00-0039040,D.Achane,203,907.0,6.0,-0.05557,17,4.46798
2024,REG,MIA,00-0039874,J.Wright,68,249.0,0.0,-0.29871,13,3.66176
2024,REG,MIA,00-0039880,M.Washington,5,25.0,1.0,0.13942,5,5.0
2024,REG,MIN,00-0032918,C.Ham,2,10.0,1.0,0.7291,1,5.0
2024,REG,MIN,00-0033293,A.Jones,255,1138.0,5.0,-0.05273,17,4.46275
2024,REG,MIN,00-0033319,N.Mullens,3,-2.0,0.0,0.0,2,-0.66667
2024,REG,MIN,00-0034869,S.Darnold,67,212.0,1.0,-0.04692,15,3.16418
2024,REG,MIN,00-0035311,M.Gaskin,3,-1.0,0.0,-0.74567,2,-0.33333
2024,REG,MIN,00-0036322,J.Jefferson,1,3.0,0.0,-0.21872,1,3.0
2024,REG,MIN,00-0036414,C.Akers,64,297.0,1.0,-0.09925,10,4.64062
2024,REG,MIN,00-0037276,T.Chandler,56,182.0,0.0,-0.18752,10,3.25
2024,REG,MIN,00-0037291,J.Nailor,3,-4.0,0.0,-1.02196,3,-1.33333
2024,REG,MIN,00-0038994,J.Addison,3,20.0,1.0,0.9102,3,6.66667
2024,REG,NE,00-0033119,J.Brissett,15,62.0,0.0,0.20744,5,4.13333
2024,REG,NE,00-0033307,K.Bourne,1,6.0,0.0,0.69923,1,6.0
2024,REG,NE,00-0035806,J.Hasty,20,69.0,0.0,-0.05063,9,3.45
2024,REG,NE,00-0036328,A.Gibson,120,538.0,1.0,-0.08876,17,4.48333
2024,REG,NE,00-0036875,R.Stevenson,207,801.0,7.0,-0.18288,15,3.86957
2024,REG,NE,00-0037253,M.Jones,1,5.0,0.0,0.03802,1,5.0
2024,REG,NE,00-0038621,D.Douglas,3,16.0,0.0,0.24536,3,5.33333
2024,REG,NE,00-0039398,J.Milton,10,16.0,1.0,-0.39628,1,1.6
2024,REG,NE,00-0039692,D.Pettus,1,2.0,0.0,1.9274,1,2.0
2024,REG,NE,00-0039757,T.Jennings,13,33.0,0.0,-0.3065,2,2.53846
2024,REG,NE,00-0039851,D.Maye,54,421.0,2.0,0.37238,12,7.7963
2024,REG,NE,00-0039907,J.Polk,1,0.0,0.0,-0.68848,1,0.0
2024,REG,NO,00-0031280,D.Carr,17,71.0,1.0,-0.06438,8,4.17647
2024,REG,NO,00-0033357,T.Hill,39,278.0,6.0,0.61418,8,7.12821
2024,REG,NO,00-0033906,A.Kamara,228,950.0,6.0,-0.07971,14,4.16667
2024,REG,NO,00-0033948,Ja.Williams,48,164.0,1.0,-0.2015,12,3.41667
2024,REG,NO,00-0034272,M.Valdes-Scantling,1,4.0,0.0,-0.27036,1,4.0
2024,REG,NO,00-0036360,C.Edwards-Helaire,13,46.0,0.0,-0.15069,2,3.53846
2024,REG,NO,00-0037231,K.Austin,1,9.0,0.0,0.84122,1,9.0
2024,REG,NO,00-0037239,C.Olave,1,7.0,0.0,0.88486,1,7.0
2024,REG,NO,00-0037545,R.Shaheed,6,29.0,0.0,0.19543,3,4.83333
2024,REG,NO,00-0038551,K.Miller,39,148.0,1.0,-0.13771,6,3.79487
2024,REG,NO,00-0038678,J.Mims,20,70.0,0.0,-0.15884,7,3.5
2024,REG,NO,00-0038998,J.Haener,11,22.0,0.0,-0.14148,6,2.0
2024,REG,NO,00-0039376,S.Rattler,18,146.0,0.0,0.75419,5,8.11111
2024,REG,NO,00-0039611,M.Hayball,1,11.0,0.0,2.87436,1,11.0
2024,REG,NO,00-0039614,J.Jackson,1,-1.0,0.0,-0.87966,1,-1.0
2024,REG,NYG,00-0034177,T.Boyle,1,-1.0,0.0,0.0,1,-1.0
2024,REG,NYG,00-0035250,D.Singletary,113,437.0,4.0,-0.09863,15,3.86726
2024,REG,NYG,00-0035535,D.Slayton,2,17.0,0.0,0.90789,2,8.5
2024,REG,NYG,00-0035704,D.Lock,18,133.0,2.0,0.67086,6,7.38889
2024,REG,NYG,00-0035710,D.Jones,68,265.0,2.0,0.11734,10,3.89706
2024,REG,NYG,00-0038117,W.Robinson,3,18.0,0.0,-0.8937,3,6.0
2024,REG,NYG,00-0038123,D.Belton,1,10.0,0.0,3.06823,1,10.0
2024,REG,NYG,00-0038396,E.Gray,14,31.0,0.0,-1.14713,8,2.21429
2024,REG,NYG,00-0038476,T.DeVito,8,32.0,0.0,-0.34249,2,4.0
2024,REG,NYG,00-0039337,M.Nabers,5,2.0,0.0,-0.11196,4,0.4
2024,REG,NYG,00-0039384,T.Tracy,192,839.0,5.0,-0.10788,17,4.36979
2024,REG,NYJ,00-0023459,A.Rodgers,22,107.0,0.0,0.19457,9,4.86364
2024,REG,NYJ,00-0028118,T.Taylor,3,13.0,0.0,-0.2255,2,4.33333
2024,REG,NYJ,00-0034270,T.Conklin,1,0.0,0.0,-3.27551,1,0.0
2024,REG,NYJ,00-0036329,A.Davis,1,21.0,0.0,3.93402,1,21.0
2024,REG,NYJ,00-0037740,G.Wilson,2,5.0,0.0,-0.06166,2,2.5
2024,REG,NYJ,00-0038120,B.Hall,212,876.0,5.0,-0.0984,16,4.13208
2024,REG,NYJ,00-0038496,X.Gipson,1,5.0,0.0,0.40519,1,5.0
2024,REG,NYJ,00-0039794,B.Allen,92,334.0,2.0,-0.08279,17,3.63043
2024,REG,NYJ,00-0039798,I.Davis,30,174.0,1.0,0.14713,8,5.8
2024,REG,NYJ,00-0039920,M.Corley,2,26.0,0.0,-2.21562,2,13.0
2024,REG,PHI,00-0034844,S.Barkley,348,2005.0,13.0,0.10707,16,5.76149
2024,REG,PHI,00-0036389,J.Hurts,152,630.0,14.0,0.26805,15,4.14474
2024,REG,PHI,00-0036912,D.Smith,1,1.0,0.0,-0.47434,1,1.0
2024,REG,PHI,00-0036919,K.Gainwell,75,290.0,1.0,-0.15333,15,3.86667
2024,REG,PHI,00-0037741,J.Dotson,1,13.0,0.0,0.75212,1,13.0
2024,REG,PHI,00-0037827,T.Davis-Price,3,7.0,0.0,-0.61698,1,2.33333
2024,REG,PHI,00-0038102,K.Pickett,9,15.0,1.0,0.19198,4,1.66667
2024,REG,PHI,00-0038400,T.McKee,5,-1.0,0.0,-0.60057,2,-0.2
2024,REG,PHI,00-0039746,W.Shipley,30,82.0,0.0,-0.27886,5,2.73333
2024,REG,PHI,00-0039747,A.Smith,2,6.0,0.0,0.29815,2,3.0
2024,REG,PIT,00-0029263,R.Wilson,43,155.0,2.0,-0.17661,11,3.60465
2024,REG,PIT,00-0030578,C.Patterson,32,135.0,0.0,-0.24517,12,4.21875
2024,REG,PIT,00-0035924,J.Ward,5,22.0,0.0,0.04093,2,4.4
2024,REG,PIT,00-0036893,N.Harris,263,1043.0,6.0,-0.0645,17,3.96578
2024,REG,PIT,00-0036945,J.Fields,62,289.0,5.0,0.03927,10,4.66129
2024,REG,PIT,00-0037228,J.Warren,120,511.0,1.0,-0.11869,15,4.25833
2024,REG,PIT,00-0037247,G.Pickens,2,-6.0,0.0,-0.9026,2,-3.0
2024,REG,PIT,00-0037609,A.Shampklin,6,17.0,0.0,-0.40241,3,2.83333
2024,REG,SEA,00-0030565,G.Smith,53,272.0,2.0,0.02342,17,5.13208
2024,REG,SEA,00-0034974,J.Love,1,2.0,0.0,2.15277,1,2.0
2024,REG,SEA,00-0036268,L.Shenault,1,1.0,0.0,-0.50397,1,1.0
2024,REG,SEA,00-0037077,S.Howell,1,2.0,0.0,-0.7075,1,2.0
2024,REG,SEA,00-0038134,K.Walker,153,573.0,7.0,-0.07936,11,3.7451
2024,REG,SEA,00-0038543,J.Smith-Njigba,5,26.0,0.0,0.00535,5,5.2
2024,REG,SEA,00-0038636,K.McIntosh,31,172.0,0.0,0.048,7,5.54839
2024,REG,SEA,00-0039165,Z.Charbonnet,135,569.0,8.0,-0.08357,17,4.21481
2024,REG,SEA,00-0039299,G.Holani,3,10.0,0.0,-0.25728,1,3.33333
2024,REG,SF,00-0029892,K.Juszczyk,5,26.0,1.0,-1.45801,5,5.2
2024,REG,SF,00-0032434,B.Allen,3,4.0,0.0,-0.33009,2,1.33333
2024,REG,SF,00-0033280,C.McCaffrey,50,202.0,0.0,-0.05784,4,4.04
2024,REG,SF,00-0033949,J.Dobbs,9,24.0,2.0,-0.31048,2,2.66667
2024,REG,SF,00-0035719,D.Samuel,42,136.0,1.0,-0.21621,12,3.2381
2024,REG,SF,00-0035973,P.Taylor,40,183.0,1.0,0.02982,5,4.575
2024,REG,SF,00-0036450,K.Vaughn,2,4.0,0.0,-0.31627,1,2.0
2024,REG,SF,00-0037525,J.Mason,153,789.0,3.0,-0.03557,12,5.15686
2024,REG,SF,00-0037834,B.Purdy,66,323.0,5.0,0.29128,15,4.89394
2024,REG,SF,00-0039363,I.Guerendo,84,420.0,4.0,0.05776,13,5.0
2024,REG,SF,00-0039365,J.Cowing,1,7.0,0.0,0.38062,1,7.0
2024,REG,SF,00-0039916,R.Pearsall,3,45.0,0.0,0.73539,2,15.0
2024,REG,TB,00-0032385,S.Shepard,8,69.0,0.0,0.33763,4,8.625
2024,REG,TB,00-0033921,C.Godwin,1,2.0,0.0,1.53555,1,2.0
2024,REG,TB,00-0034488,T.Thomas,1,-2.0,0.0,-3.09131,1,-2.0
2024,REG,TB,00-0034855,B.Mayfield,60,378.0,3.0,0.11323,16,6.3
2024,REG,TB,00-0036928,K.Trask,5,-4.0,0.0,-1.32461,2,-0.8
2024,REG,TB,00-0037256,R.White,144,613.0,3.0,-0.10909,15,4.25694
2024,REG,TB,00-0038129,C.Otton,1,-4.0,0.0,-1.31581,1,-4.0
2024,REG,TB,00-0038951,S.Tucker,50,308.0,2.0,0.20255,11,6.16
2024,REG,TB,00-0039361,B.Irving,207,1122.0,8.0,0.10086,17,5.42029
2024,REG,TB,00-0039589,K.Johnson,2,11.0,0.0,0.49576,2,5.5
2024,REG,TB,00-0039855,J.McMillan,4,43.0,0.0,1.10789,4,10.75
2024,REG,TEN,00-0033009,T.Boyd,1,3.0,0.0,0.87417,1,3.0
2024,REG,TEN,00-0034771,M.Rudolph,25,106.0,1.0,0.19956,7,4.24
2024,REG,TEN,00-0034837,C.Ridley,8,55.0,1.0,-0.28943,7,6.875
2024,REG,TEN,00-0035261,T.Pollard,261,1079.0,5.0,-0.10031,16,4.1341
2024,REG,TEN,00-0036370,J.Kelley,1,2.0,0.0,-0.38665,1,2.0
2024,REG,TEN,00-0037594,J.Chestnut,22,102.0,0.0,-0.15348,7,4.63636
2024,REG,TEN,00-0037742,T.Burks,2,1.0,0.0,-0.46705,1,0.5
2024,REG,TEN,00-0037809,C.Okonkwo,1,17.0,0.0,1.08236,1,17.0
2024,REG,TEN,00-0039032,T.Spears,84,312.0,4.0,-0.05747,12,3.71429
2024,REG,TEN,00-0039152,W.Levis,45,183.0,0.0,-0.38881,12,4.06667
2024,REG,TEN,00-0039392,J.Jackson,1,-5.0,0.0,-1.69361,1,-5.0
2024,REG,WAS,00-0032268,M.Mariota,18,91.0,1.0,0.19589,3,5.05556
2024,REG,WAS,00-0033699,A.Ekeler,77,367.0,4.0,0.06492,12,4.76623
2024,REG,WAS,00-0033955,J.McNichols,56,261.0,4.0,0.16051,14,4.66071
2024,REG,WAS,00-0035208,O.Zaccheaus,1,8.0,0.0,0.58753,1,8.0
2024,REG,WAS,00-0035659,T.McLaurin,2,2.0,0.0,-3.09118,2,1.0
2024,REG,WAS,00-0036626,D.Brown,3,26.0,0.0,0.4413,3,8.66667
2024,REG,WAS,00-0037746,B.Robinson,187,799.0,8.0,-0.0646,14,4.27273
2024,REG,WAS,00-0038611,C.Rodriguez,35,173.0,2.0,0.22686,6,4.94286
2024,REG,WAS,00-0039910,J.Daniels,149,891.0,6.0,0.39279,17,5.97987
2025,POST,BUF,00-0034857,J.Allen,23,99.0,2.0,0.4851,2,4.30435
2025,POST,BUF,00-0037248,J.Cook,39,163.0,0.0,-0.16427,2,4.17949
2025,POST,CAR,00-0036139,R.Dowdle,5,9.0,0.0,-0.33435,1,1.8
2025,POST,CAR,00-0036555,C.Hubbard,13,46.0,2.0,0.05379,1,3.53846
2025,POST,CAR,00-0039150,B.Young,3,24.0,1.0,1.60359,1,8.0
2025,POST,CAR,00-0040644,T.Etienne,1,4.0,0.0,-0.44248,1,4.0
2025,POST,CHI,00-0034827,D.Moore,2,3.0,0.0,-0.32754,2,1.5
2025,POST,CHI,00-0036275,D.Swift,32,130.0,1.0,-0.09367,2,4.0625
2025,POST,CHI,00-0036290,C.Kmet,1,1.0,0.0,-0.29593,1,1.0
2025,POST,CHI,00-0039918,C.Williams,9,60.0,0.0,0.56231,2,6.66667
2025,POST,CHI,00-0040236,K.Monangai,21,63.0,0.0,-0.36983,2,3.0
2025,POST,CHI,00-0040735,L.Burden,2,-4.0,0.0,-0.9001,2,-2.0
2025,POST,DEN,00-0035264,J.Stidham,4,23.0,0.0,0.0123,1,5.75
2025,POST,DEN,00-0036727,A.Prentice,1,3.0,0.0,0.0933,1,3.0
2025,POST,DEN,00-0037085,T.Badie,1,4.0,0.0,0.54991,1,4.0
2025,POST,DEN,00-0038794,J.McLaughlin,8,32.0,0.0,-0.2604,2,4.0
2025,POST,DEN,00-0039732,B.Nix,12,29.0,0.0,-0.02604,1,2.41667
2025,POST,DEN,00-0040134,P.Bryant,1,1.0,0.0,-0.37181,1,1.0
2025,POST,DEN,00-0040730,R.Harvey,19,57.0,0.0,-0.19764,2,3.0
2025,POST,GB,00-0035700,J.Jacobs,19,55.0,0.0,-0.25248,1,2.89474
2025,POST,GB,00-0036264,J.Love,1,11.0,0.0,0.45774,1,11.0
2025,POST,GB,00-0038685,C.Brooks,1,16.0,0.0,0.69983,1,16.0
2025,POST,GB,00-0038797,E.Wilson,1,3.0,0.0,-0.15536,1,3.0
2025,POST,GB,00-0039146,J.Reed,1,14.0,0.0,1.04618,1,14.0
2025,POST,HOU,00-0034791,N.Chubb,14,62.0,0.0,0.35597,2,4.42857
2025,POST,HOU,00-0039163,C.Stroud,3,11.0,0.0,-0.07502,2,3.66667
2025,POST,HOU,00-0039359,C.Stover,3,10.0,0.0,0.3826,2,3.33333
2025,POST,HOU,00-0040583,W.Marks,33,129.0,1.0,-0.19064,2,3.90909
2025,POST,JAX,00-0036971,T.Lawrence,6,31.0,0.0,-0.64489,1,5.16667
2025,POST,JAX,00-0036973,T.Etienne,10,67.0,0.0,0.26766,1,6.7
2025,POST,JAX,00-0038606,P.Washington,2,2.0,0.0,-0.47614,1,1.0
2025,POST,JAX,00-0040238,L.Allen,1,3.0,0.0,-0.29552,1,3.0
2025,POST,JAX,00-0040719,B.Tuten,4,51.0,0.0,0.79554,1,12.75
2025,POST,LA,00-0026498,M.Stafford,5,15.0,0.0,0.02394,3,3.0
2025,POST,LA,00-0037840,K.Williams,44,183.0,2.0,0.07005,3,4.15909
2025,POST,LA,00-0039075,P.Nacua,6,24.0,1.0,0.569,3,4.0
2025,POST,LA,00-0039738,B.Corum,26,119.0,0.0,-0.06302,3,4.57692
2025,POST,LA,00-0039751,J.Whittington,1,0.0,0.0,-0.47335,1,0.0
2025,POST,LAC,00-0036355,J.Herbert,10,57.0,0.0,0.16504,1,5.7
2025,POST,LAC,00-0039391,K.Vidal,11,31.0,0.0,-0.24307,1,2.81818
2025,POST,LAC,00-0040666,O.Hampton,1,-1.0,0.0,-0.6998,1,-1.0
2025,POST,NE,00-0036875,R.Stevenson,58,217.0,0.0,-0.12953,4,3.74138
2025,POST,NE,00-0039851,D.Maye,29,178.0,1.0,0.31686,4,6.13793
2025,POST,NE,00-0040734,T.Henderson,30,76.0,0.0,-0.37279,4,2.53333
2025,POST,PHI,00-0034351,D.Goedert,1,1.0,1.0,1.08807,1,1.0
2025,POST,PHI,00-0034844,S.Barkley,26,106.0,0.0,-0.1286,1,4.07692
2025,POST,PHI,00-0036389,J.Hurts,5,14.0,0.0,0.46247,1,2.8
2025,POST,PHI,00-0038555,T.Bigsby,4,19.0,0.0,0.05889,1,4.75
2025,POST,PIT,00-0036919,K.Gainwell,6,20.0,0.0,-0.2405,1,3.33333
2025,POST,PIT,00-0037228,J.Warren,12,43.0,0.0,-0.30608,1,3.58333
2025,POST,SEA,00-0034869,S.Darnold,5,14.0,0.0,-0.35202,2,2.8
2025,POST,SEA,00-0037545,R.Shaheed,4,22.0,0.0,-0.39282,3,5.5
2025,POST,SEA,00-0037745,V.Jones,6,10.0,0.0,-0.53263,1,1.66667
2025,POST,SEA,00-0038134,K.Walker,65,313.0,4.0,0.06574,3,4.81538
2025,POST,SEA,00-0039165,Z.Charbonnet,5,20.0,0.0,-0.00143,1,4.0
2025,POST,SEA,00-0039299,G.Holani,5,10.0,0.0,-0.30366,2,2.0
2025,POST,SEA,00-0039793,A.Barner,1,2.0,0.0,0.46062,1,2.0
2025,POST,SF,00-0029892,K.Juszczyk,1,-3.0,0.0,-3.80449,1,-3.0
2025,POST,SF,00-0033280,C.McCaffrey,26,83.0,0.0,-0.18895,2,3.19231
2025,POST,SF,00-0036972,M.Jones,1,7.0,0.0,1.34121,1,7.0
2025,POST,SF,00-0037746,B.Robinson,3,4.0,0.0,-0.77562,1,1.33333
2025,POST,SF,00-0037834,B.Purdy,14,61.0,0.0,0.05001,2,4.35714
2025,POST,SF,00-0038090,S.Moore,1,3.0,0.0,0.00448,1,3.0
2025,POST,SF,00-0040177,J.James,6,28.0,0.0,-0.14322,1,4.66667
2025,REG,ARI,00-0033119,J.Brissett,38,168.0,1.0,0.19639,12,4.42105
2025,REG,ARI,00-0033553,J.Conner,32,95.0,1.0,-0.08686,3,2.96875
2025,REG,ARI,00-0035228,K.Murray,29,173.0,1.0,0.14099,5,5.96552
2025,REG,ARI,00-0035500,G.Dortch,7,15.0,1.0,-0.19842,5,2.14286
2025,REG,ARI,00-0035628,D.Johnson,1,0.0,0.0,-0.43075,1,0.0
2025,REG,ARI,00-0036924,M.Carter,92,333.0,1.0,-0.07443,13,3.61957
2025,REG,ARI,00-0037157,Z.Knight,83,269.0,4.0,-0.19744,10,3.24096
2025,REG,ARI,00-0038705,E.Demercado,44,312.0,0.0,-0.15685,11,7.09091
2025,REG,ARI,00-0039921,T.Benson,29,160.0,0.0,-0.00718,4,5.51724
2025,REG,ARI,00-0040556,C.Kiner,12,58.0,0.0,0.15732,4,4.83333
2025,REG,ATL,00-0029604,K.Cousins,14,7.0,1.0,-0.17803,6,0.5
2025,REG,ATL,00-0036825,F.Franks,2,4.0,0.0,0.63625,2,2.0
2025,REG,ATL,00-0037263,T.Allgeier,143,514.0,8.0,-0.0808,17,3.59441
2025,REG,ATL,00-0037487,D.Thompkins,1,5.0,0.0,0.34704,1,5.0
2025,REG,ATL,00-0038542,B.Robinson,288,1478.0,7.0,-0.04255,17,5.13194
2025,REG,ATL,00-0039917,M.Penix,21,70.0,1.0,0.33866,9,3.33333
2025,REG,ATL,00-0040547,N.Carter,9,60.0,0.0,-0.18144,2,6.66667
2025,REG,BAL,00-0032764,D.Henry,307,1595.0,16.0,0.02986,17,5.19544
2025,REG,BAL,00-0033376,P.Ricard,1,3.0,0.0,0.51027,1,3.0
2025,REG,BAL,00-0033662,C.Rush,4,-4.0,0.0,-1.39528,2,-1.0
2025,REG,BAL,00-0034753,M.Andrews,10,48.0,1.0,0.65207,6,4.8
2025,REG,BAL,00-0034796,L.Jackson,67,349.0,2.0,0.30759,13,5.20896
2025,REG,BAL,00-0034975,J.Hill,18,93.0,2.0,-0.06968,8,5.16667
2025,REG,BAL,00-0035993,T.Huntley,24,151.0,0.0,0.45198,5,6.29167
2025,REG,BAL,00-0038454,K.Mitchell,59,341.0,1.0,0.04435,12,5.77966
2025,REG,BAL,00-0039064,Z.Flowers,10,62.0,1.0,0.24997,8,6.2
2025,REG,BAL,00-0039796,R.Ali,7,24.0,0.0,-0.53164,4,3.42857
2025,REG,BUF,00-0033869,M.Trubisky,9,6.0,0.0,-0.7551,3,0.66667
2025,REG,BUF,00-0034857,J.Allen,112,579.0,14.0,0.34618,16,5.16964
2025,REG,BUF,00-0035537,Ty.Johnson,50,200.0,3.0,0.05526,17,4.0
2025,REG,BUF,00-0036187,R.Gilliam,2,4.0,0.0,-0.13033,1,2.0
2025,REG,BUF,00-0036980,E.Moore,6,24.0,1.0,-0.00253,5,4.0
2025,REG,BUF,00-0037248,J.Cook,309,1621.0,12.0,0.01805,17,5.24595
2025,REG,BUF,00-0037261,K.Shakir,1,5.0,0.0,-0.10541,1,5.0
2025,REG,BUF,00-0039875,R.Davis,58,275.0,0.0,0.02329,10,4.74138
2025,REG,CAR,00-0027973,A.Dalton,5,-2.0,0.0,-1.73183,3,-0.4
2025,REG,CAR,00-0033589,D.Moore,1,12.0,0.0,1.03538,1,12.0
2025,REG,CAR,00-0036139,R.Dowdle,237,1076.0,6.0,-0.00973,17,4.54008
2025,REG,CAR,00-0036425,D.Dallas,1,0.0,0.0,-1.95349,1,0.0
2025,REG,CAR,00-0036555,C.Hubbard,135,511.0,1.0,-0.11611,15,3.78519
2025,REG,CAR,00-0039150,B.Young,54,216.0,2.0,0.07728,16,4.0
2025,REG,CAR,00-0039342,X.Legette,1,0.0,0.0,-0.53052,1,0.0
2025,REG,CAR,00-0040187,M.Evans,1,1.0,0.0,1.78429,1,1.0
2025,REG,CAR,00-0040218,Ji.Horn,8,69.0,0.0,0.54314,6,8.625
2025,REG,CAR,00-0040644,T.Etienne,20,94.0,0.0,-0.07852,6,4.7
2025,REG,CHI,00-0034827,D.Moore,15,79.0,1.0,0.27819,9,5.26667
2025,REG,CHI,00-0035208,O.Zaccheaus,4,25.0,0.0,0.15852,4,6.25
2025,REG,CHI,00-0035594,T.Homer,1,-2.0,0.0,-1.36613,1,-2.0
2025,REG,CHI,00-0036275,D.Swift,223,1087.0,9.0,0.06928,16,4.87444
2025,REG,CHI,00-0037329,B.Brown,5,37.0,1.0,0.51968,1,7.4
2025,REG,CHI,00-0038416,T.Bagent,2,7.0,0.0,-0.18558,1,3.5
2025,REG,CHI,00-0039021,R.Johnson,2,17.0,0.0,0.67924,2,8.5
2025,REG,CHI,00-0039918,C.Williams,77,388.0,3.0,0.07011,17,5.03896
2025,REG,CHI,00-0040126,C.Loveland,1,-2.0,0.0,-0.87252,1,-2.0
2025,REG,CHI,00-0040236,K.Monangai,171,783.0,5.0,0.02147,16,4.57895
2025,REG,CHI,00-0040735,L.Burden,6,37.0,0.0,0.38125,6,6.16667
2025,REG,CIN,00-0026158,J.Flacco,15,22.0,1.0,0.36857,7,1.46667
2025,REG,CIN,00-0033526,S.Perine,84,382.0,3.0,-0.00297,13,4.54762
2025,REG,CIN,00-0035100,J.Browning,9,39.0,1.0,0.75401,4,4.33333
2025,REG,CIN,00-0035631,D.Sample,1,3.0,0.0,-0.58371,1,3.0
2025,REG,CIN,00-0036442,J.Burrow,14,41.0,0.0,0.25466,6,2.92857
2025,REG,CIN,00-0036900,J.Chase,3,14.0,0.0,0.04095,3,4.66667
2025,REG,CIN,00-0038597,C.Brown,233,1019.0,6.0,-0.0182,17,4.37339
2025,REG,CIN,00-0038619,A.Iosivas,3,14.0,0.0,-0.04951,3,4.66667
2025,REG,CIN,00-0039266,K.Milton,2,2.0,0.0,0.42922,1,1.0
2025,REG,CIN,00-0040208,T.Brooks,16,45.0,0.0,-0.25445,6,2.8125
2025,REG,CIN,00-0040534,K.Williams,2,10.0,0.0,-0.27893,2,5.0
2025,REG,CLE,00-0026158,J.Flacco,6,13.0,0.0,-0.01745,3,2.16667
2025,REG,CLE,00-0035291,T.Williams,7,37.0,0.0,0.49364,4,5.28571
2025,REG,CLE,00-0036407,J.Jeudy,1,5.0,0.0,2.73339,1,5.0
2025,REG,CLE,00-0037267,J.Ford,24,73.0,0.0,-0.12571,9,3.04167
2025,REG,CLE,00-0039920,M.Corley,13,127.0,0.0,0.56282,8,9.76923
2025,REG,CLE,00-0040162,D.Sampson,65,175.0,0.0,-0.25881,15,2.69231
2025,REG,CLE,00-0040259,G.Larvadain,1,3.0,0.0,-0.81143,1,3.0
2025,REG,CLE,00-0040466,R.Sanders,27,92.0,1.0,0.03336,4,3.40741
2025,REG,CLE,00-0040663,H.Fannin,7,13.0,1.0,-0.25298,7,1.85714
2025,REG,CLE,00-0040668,S.Sanders,22,169.0,1.0,0.4447,8,7.68182
2025,REG,CLE,00-0040704,D.Gabriel,14,86.0,0.0,0.03057,5,6.14286
2025,REG,CLE,00-0040782,I.Bond,5,29.0,0.0,0.17583,5,5.8
2025,REG,CLE,00-0040784,Q.Judkins,231,827.0,7.0,-0.10867,14,3.58009
2025,REG,DAL,00-0033077,D.Prescott,53,177.0,2.0,-0.17795,16,3.33962
2025,REG,DAL,00-0035243,M.Sanders,20,117.0,1.0,-0.09437,4,5.85
2025,REG,DAL,00-0036358,C.Lamb,1,2.0,0.0,-0.24785,1,2.0
2025,REG,DAL,00-0036997,J.Williams,252,1201.0,11.0,0.04843,16,4.76587
2025,REG,DAL,00-0037563,M.Davis,52,250.0,2.0,0.01564,9,4.80769
2025,REG,DAL,00-0037692,B.Aubrey,1,6.0,0.0,2.72466,1,6.0
2025,REG,DAL,00-0037801,K.Turpin,17,89.0,0.0,-0.18673,11,5.23529
2025,REG,DAL,00-0038041,J.Ferguson,1,1.0,0.0,-0.69436,1,1.0
2025,REG,DAL,00-0038738,H.Luepke,16,71.0,0.0,-0.09988,7,4.4375
2025,REG,DAL,00-0039398,J.Milton,5,50.0,0.0,-0.41831,2,10.0
2025,REG,DAL,00-0039410,R.Flournoy,4,25.0,0.0,0.11821,3,6.25
2025,REG,DAL,00-0040021,P.Mafah,5,18.0,1.0,0.21461,1,3.6
2025,REG,DAL,00-0040586,J.Blue,38,129.0,1.0,-0.19704,5,3.39474
2025,REG,DEN,00-0033881,E.Engram,1,7.0,0.0,0.25443,1,7.0
2025,REG,DEN,00-0035264,J.Stidham,1,-1.0,0.0,0.0,1,-1.0
2025,REG,DEN,00-0036158,J.Dobbins,153,772.0,4.0,0.02735,10,5.04575
2025,REG,DEN,00-0036727,A.Prentice,10,44.0,0.0,-0.05913,8,4.4
2025,REG,DEN,00-0037085,T.Badie,8,23.0,0.0,-0.46311,4,2.875
2025,REG,DEN,00-0038794,J.McLaughlin,37,187.0,1.0,0.04329,8,5.05405
2025,REG,DEN,00-0038976,M.Mims,12,78.0,1.0,0.42872,10,6.5
2025,REG,DEN,00-0039732,B.Nix,83,356.0,5.0,0.10137,17,4.28916
2025,REG,DEN,00-0039868,T.Franklin,5,12.0,0.0,-0.34426,4,2.4
2025,REG,DEN,00-0040730,R.Harvey,147,540.0,7.0,-0.1557,17,3.67347
2025,REG,DET,00-0032464,K.Raymond,2,19.0,0.0,0.77757,2,9.5
2025,REG,DET,00-0033106,J.Goff,19,45.0,0.0,-0.75917,11,2.36842
2025,REG,DET,00-0034577,K.Allen,3,-3.0,0.0,0.0,2,-1.0
2025,REG,DET,00-0035567,C.Reynolds,3,4.0,0.0,-0.78613,1,1.33333
2025,REG,DET,00-0035685,D.Montgomery,159,716.0,8.0,0.00297,17,4.50314
2025,REG,DET,00-0036672,G.Stuard,1,0.0,0.0,-2.78633,1,0.0
2025,REG,DET,00-0036963,A.St. Brown,3,9.0,0.0,0.18566,2,3.0
2025,REG,DET,00-0037240,J.Williams,6,12.0,0.0,-0.23762,6,2.0
2025,REG,DET,00-0038896,J.Saylors,2,11.0,0.0,-0.52948,1,5.5
2025,REG,DET,00-0038911,M.Cunningham,1,1.0,0.0,-0.49754,1,1.0
2025,REG,DET,00-0039139,J.Gibbs,243,1223.0,13.0,-0.01098,17,5.03292
2025,REG,DET,00-0039364,S.Vaki,1,4.0,0.0,-0.88156,1,4.0
2025,REG,GB,00-0035700,J.Jacobs,234,929.0,13.0,-0.0634,15,3.97009
2025,REG,GB,00-0036264,J.Love,47,199.0,0.0,0.26253,15,4.23404
2025,REG,GB,00-0037091,B.Melton,5,35.0,0.0,0.16954,4,7.0
2025,REG,GB,00-0038124,C.Watson,1,3.0,0.0,-0.18509,1,3.0
2025,REG,GB,00-0038128,M.Willis,22,123.0,2.0,0.04832,4,5.59091
2025,REG,GB,00-0038393,D.Wicks,1,6.0,0.0,0.49414,1,6.0
2025,REG,GB,00-0038582,C.Tune,5,23.0,0.0,0.43583,2,4.6
2025,REG,GB,00-0038685,C.Brooks,27,106.0,0.0,-0.17999,7,3.92593
2025,REG,GB,00-0038797,E.Wilson,125,496.0,3.0,-0.06168,16,3.968
2025,REG,GB,00-0038996,T.Kraft,1,3.0,0.0,-0.68112,1,3.0
2025,REG,GB,00-0039146,J.Reed,3,28.0,0.0,0.47047,2,9.33333
2025,REG,GB,00-0040009,S.Williams,11,37.0,0.0,-0.63575,8,3.36364
2025,REG,GB,00-0040667,M.Golden,10,49.0,0.0,0.16797,5,4.9
2025,REG,HOU,00-0033854,D.Ogunbowale,11,25.0,1.0,-0.33289,6,2.27273
2025,REG,HOU,00-0034791,N.Chubb,122,506.0,3.0,-0.11156,15,4.14754
2025,REG,HOU,00-0036554,N.Collins,2,15.0,1.0,0.99776,2,7.5
2025,REG,HOU,00-0036898,D.Mills,14,60.0,1.0,-0.06056,6,4.28571
2025,REG,HOU,00-0037258,D.Pierce,10,26.0,0.0,-0.23221,2,2.6
2025,REG,HOU,00-0038618,X.Hutchinson,3,22.0,0.0,0.59978,3,7.33333
2025,REG,HOU,00-0039163,C.Stroud,48,209.0,1.0,0.31338,14,4.35417
2025,REG,HOU,00-0039359,C.Stover,4,3.0,0.0,-1.06963,1,0.75
2025,REG,HOU,00-0039405,J.Jordan,43,193.0,0.0,-0.20918,4,4.48837
2025,REG,HOU,00-0039603,B.Brooks,17,78.0,0.0,0.12772,3,4.58824
2025,REG,HOU,00-0040138,J.Noel,6,12.0,0.0,-0.50835,6,2.0
2025,REG,HOU,00-0040583,W.Marks,196,703.0,2.0,-0.14887,16,3.58673
2025,REG,IND,00-0022942,P.Rivers,2,-1.0,0.0,-0.57323,2,-0.5
2025,REG,IND,00-0032104,A.Abdullah,14,60.0,1.0,0.06771,8,4.28571
2025,REG,IND,00-0035021,A.Dulin,3,44.0,0.0,1.30352,3,14.66667
2025,REG,IND,00-0035710,D.Jones,45,161.0,5.0,0.35948,13,3.57778
2025,REG,IND,00-0036223,J.Taylor,324,1585.0,18.0,0.05794,17,4.89198
2025,REG,IND,00-0037120,T.Goodson,9,24.0,0.0,-0.3313,5,2.66667
2025,REG,IND,00-0037323,R.Thomas,1,3.0,0.0,2.11605,1,3.0
2025,REG,IND,00-0038997,J.Downs,2,-2.0,0.0,-0.76082,2,-1.0
2025,REG,IND,00-0039164,A.Richardson,4,-1.0,0.0,-0.60746,1,-0.25
2025,REG,IND,00-0040128,T.Warren,6,8.0,1.0,-0.72289,5,1.33333
2025,REG,IND,00-0040179,D.Giddens,26,96.0,0.0,0.00079,4,3.69231
2025,REG,IND,00-0040206,R.Leonard,6,27.0,2.0,0.87668,3,4.5
2025,REG,IND,00-0040476,U.Bentley,1,0.0,0.0,-0.79517,1,0.0
2025,REG,JAX,00-0033319,N.Mullens,12,-8.0,0.0,-0.20499,4,-0.66667
2025,REG,JAX,00-0034960,J.Meyers,5,13.0,0.0,-0.08141,3,2.6
2025,REG,JAX,00-0036425,D.Dallas,2,21.0,0.0,0.69804,1,10.5
2025,REG,JAX,00-0036626,D.Brown,6,30.0,0.0,-0.11109,5,5.0
2025,REG,JAX,00-0036971,T.Lawrence,83,359.0,9.0,0.32343,17,4.3253
2025,REG,JAX,00-0036973,T.Etienne,260,1107.0,7.0,-0.07301,17,4.25769
2025,REG,JAX,00-0038555,T.Bigsby,5,12.0,0.0,-0.0586,1,2.4
2025,REG,JAX,00-0038606,P.Washington,7,0.0,0.0,-0.20322,4,0.0
2025,REG,JAX,00-0039893,B.Thomas,3,21.0,1.0,0.95423,3,7.0
2025,REG,JAX,00-0040238,L.Allen,23,94.0,0.0,-0.14062,9,4.08696
2025,REG,JAX,00-0040718,T.Hunter,1,0.0,0.0,-0.66119,1,0.0
2025,REG,JAX,00-0040719,B.Tuten,84,307.0,5.0,-0.12129,15,3.65476
2025,REG,KC,00-0030506,T.Kelce,1,1.0,0.0,-1.87519,1,1.0
2025,REG,KC,00-0033873,P.Mahomes,64,422.0,5.0,0.4557,14,6.59375
2025,REG,KC,00-0033923,K.Hunt,163,611.0,8.0,0.05932,17,3.74847
2025,REG,KC,00-0035289,G.Minshew,6,2.0,0.0,-0.09517,3,0.33333
2025,REG,KC,00-0036360,C.Edwards-Helaire,7,13.0,0.0,-0.38006,2,1.85714
2025,REG,KC,00-0036679,S.Buechele,1,4.0,0.0,-0.83471,1,4.0
2025,REG,KC,00-0037197,I.Pacheco,118,462.0,1.0,-0.11562,13,3.91525
2025,REG,KC,00-0037258,D.Pierce,4,10.0,0.0,-0.38887,1,2.5
2025,REG,KC,00-0037324,C.Oladokun,5,18.0,0.0,-1.11385,3,3.6
2025,REG,KC,00-0038519,N.Remigio,1,11.0,0.0,0.64271,1,11.0
2025,REG,KC,00-0039067,R.Rice,5,20.0,1.0,0.3725,3,4.0
2025,REG,KC,00-0039894,X.Worthy,11,87.0,0.0,0.32589,9,7.90909
2025,REG,KC,00-0040078,B.Smith,44,151.0,0.0,-0.22146,11,3.43182
2025,REG,LA,00-0026498,M.Stafford,29,1.0,0.0,-1.09777,12,0.03448
2025,REG,LA,00-0031345,J.Garoppolo,9,-10.0,0.0,0.0,3,-1.11111
2025,REG,LA,00-0037557,R.Rivers,9,46.0,0.0,-0.12147,2,5.11111
2025,REG,LA,00-0037840,K.Williams,259,1252.0,10.0,0.01903,17,4.83398
2025,REG,LA,00-0039075,P.Nacua,10,105.0,1.0,0.93311,7,10.5
2025,REG,LA,00-0039738,B.Corum,145,746.0,6.0,0.10985,17,5.14483
2025,REG,LA,00-0039751,J.Whittington,3,12.0,0.0,0.07867,2,4.0
2025,REG,LA,00-0040737,T.Ferguson,1,0.0,0.0,-1.54939,1,0.0
2025,REG,LAC,00-0034270,T.Conklin,1,2.0,0.0,0.53909,1,2.0
2025,REG,LAC,00-0034367,N.Miller-Hines,2,-2.0,0.0,-0.75694,1,-1.0
2025,REG,LAC,00-0035291,T.Williams,3,-1.0,0.0,-0.62698,1,-0.33333
2025,REG,LAC,00-0036355,J.Herbert,84,498.0,2.0,0.18924,16,5.92857
2025,REG,LAC,00-0036755,J.Patterson,41,159.0,1.0,-0.03557,6,3.87805
2025,REG,LAC,00-0036893,N.Harris,15,61.0,0.0,-0.02259,3,4.06667
2025,REG,LAC,00-0037012,T.Lance,17,85.0,0.0,0.07373,4,5.0
2025,REG,LAC,00-0037617,H.Haskins,17,47.0,0.0,-0.16984,5,2.76471
2025,REG,LAC,00-0038544,Q.Johnston,2,7.0,0.0,-0.18523,2,3.5
2025,REG,LAC,00-0038573,D.Davis,2,5.0,0.0,-0.31074,2,2.5
2025,REG,LAC,00-0039391,K.Vidal,155,643.0,3.0,-0.0909,12,4.14839
2025,REG,LAC,00-0040039,A.Johnson,2,8.0,0.0,-0.02664,1,4.0
2025,REG,LAC,00-0040666,O.Hampton,124,545.0,4.0,-0.00626,9,4.39516
2025,REG,LAC,00-0040727,T.Harris,2,10.0,0.0,-0.00599,2,5.0
2025,REG,LV,00-0030565,G.Smith,41,109.0,0.0,-0.04082,14,2.65854
2025,REG,LV,00-0031687,R.Mostert,22,104.0,0.0,-0.4116,8,4.72727
2025,REG,LV,00-0037512,I.Pola-Mao,1,3.0,0.0,-2.94987,1,3.0
2025,REG,LV,00-0038040,Z.White,12,32.0,0.0,-0.63096,5,2.66667
2025,REG,LV,00-0038102,K.Pickett,5,22.0,0.0,-0.64381,4,4.4
2025,REG,LV,00-0038563,T.Tucker,11,51.0,0.0,-0.04268,8,4.63636
2025,REG,LV,00-0038579,A.O'Connell,1,7.0,0.0,0.15677,1,7.0
2025,REG,LV,00-0038891,S.Jackson,1,3.0,0.0,-0.35483,1,3.0
2025,REG,LV,00-0039338,B.Bowers,2,2.0,0.0,-0.57718,2,1.0
2025,REG,LV,00-0039407,D.Laube,7,9.0,0.0,-0.76683,3,1.28571
2025,REG,LV,00-0040122,A.Jeanty,267,975.0,5.0,-0.24412,17,3.65169
2025,REG,MIA,00-0031610,D.Waller,1,4.0,0.0,0.36745,1,4.0
2025,REG,MIA,00-0035125,A.Ingold,2,9.0,0.0,0.22544,2,4.5
2025,REG,MIA,00-0036212,T.Tagovailoa,20,43.0,0.0,-0.3735,11,2.15
2025,REG,MIA,00-0036613,J.Waddle,2,28.0,0.0,0.96476,2,14.0
2025,REG,MIA,00-0037013,Z.Wilson,3,1.0,0.0,-0.0795,2,0.33333
2025,REG,MIA,00-0037252,G.Dulcich,1,-7.0,0.0,-1.62948,1,-7.0
2025,REG,MIA,00-0039040,D.Achane,238,1350.0,8.0,0.05899,16,5.67227
2025,REG,MIA,00-0039874,J.Wright,70,288.0,2.0,-0.08141,9,4.11429
2025,REG,MIA,00-0039880,M.Washington,17,110.0,1.0,0.00688,10,6.47059
2025,REG,MIA,00-0040198,O.Gordon,70,199.0,3.0,-0.13673,16,2.84286
2025,REG,MIA,00-0040234,Q.Ewers,8,19.0,0.0,-0.58456,4,2.375
2025,REG,MIN,00-0032918,C.Ham,3,5.0,2.0,0.59857,3,1.66667
2025,REG,MIN,00-0032950,C.Wentz,11,57.0,0.0,-0.2953,4,5.18182
2025,REG,MIN,00-0033293,A.Jones,132,548.0,2.0,-0.01799,12,4.15152
2025,REG,MIN,00-0035229,T.Hockenson,1,0.0,0.0,-1.10678,1,0.0
2025,REG,MIN,00-0036322,J.Jefferson,2,7.0,0.0,-0.02836,2,3.5
2025,REG,MIN,00-0036414,C.Akers,5,19.0,0.0,-0.18294,1,3.8
2025,REG,MIN,00-0037276,T.Chandler,17,47.0,0.0,-0.3239,2,2.76471
2025,REG,MIN,00-0037291,J.Nailor,2,13.0,0.0,-0.636,2,6.5
2025,REG,MIN,00-0037525,J.Mason,159,758.0,6.0,-0.03631,16,4.7673
2025,REG,MIN,00-0038440,Z.Scott,32,114.0,0.0,-0.28124,9,3.5625
2025,REG,MIN,00-0038994,J.Addison,2,81.0,1.0,3.89548,2,40.5
2025,REG,MIN,00-0039923,J.McCarthy,37,181.0,4.0,0.18388,9,4.89189
2025,REG,MIN,00-0040494,M.Brosmer,7,11.0,0.0,-0.01761,4,1.57143
2025,REG,NE,00-0033555,M.Hollins,1,4.0,0.0,-0.22417,1,4.0
2025,REG,NE,00-0033949,J.Dobbs,10,-5.0,0.0,-0.66327,4,-0.5
2025,REG,NE,00-0035628,D.Johnson,13,25.0,0.0,-0.38979,4,1.92308
2025,REG,NE,00-0036328,A.Gibson,25,106.0,1.0,-0.18806,5,4.24
2025,REG,NE,00-0036875,R.Stevenson,131,603.0,7.0,-0.13951,14,4.60305
2025,REG,NE,00-0038621,D.Douglas,7,21.0,0.0,-0.13818,6,3.0
2025,REG,NE,00-0039757,T.Jennings,23,73.0,1.0,0.104,5,3.17391
2025,REG,NE,00-0039851,D.Maye,104,450.0,4.0,0.10782,17,4.32692
2025,REG,NE,00-0040131,K.Williams,2,3.0,0.0,-0.31219,2,1.5
2025,REG,NE,00-0040734,T.Henderson,180,911.0,9.0,0.04686,17,5.06111
2025,REG,NO,00-0033357,T.Hill,52,114.0,1.0,-0.27344,12,2.19231
2025,REG,NO,00-0033906,A.Kamara,131,471.0,1.0,-0.21966,11,3.59542
2025,REG,NO,00-0037239,C.Olave,1,-3.0,0.0,-1.2531,1,-3.0
2025,REG,NO,00-0037545,R.Shaheed,2,5.0,0.0,-0.20981,1,2.5
2025,REG,NO,00-0038397,E.Hull,19,48.0,0.0,-0.40621,6,2.52632
2025,REG,NO,00-0038551,K.Miller,47,193.0,1.0,-0.06228,7,4.10638
2025,REG,NO,00-0039373,A.Estime,46,198.0,1.0,0.10192,5,4.30435
2025,REG,NO,00-0039376,S.Rattler,32,167.0,0.0,0.27,8,5.21875
2025,REG,NO,00-0039623,M.Tipton,4,18.0,0.0,-0.3448,4,4.5
2025,REG,NO,00-0040202,D.Neal,57,206.0,2.0,-0.13804,8,3.61404
2025,REG,NO,00-0040743,T.Shough,46,186.0,3.0,0.02224,10,4.04348
2025,REG,NYG,00-0029263,R.Wilson,18,106.0,0.0,-0.07146,4,5.88889
2025,REG,NYG,00-0031503,J.Winston,7,23.0,1.0,0.61259,2,3.28571
2025,REG,NYG,00-0035042,J.Gillan,1,-13.0,0.0,-3.75857,1,-13.0
2025,REG,NYG,00-0035250,D.Singletary,119,437.0,5.0,-0.02324,17,3.67227
2025,REG,NYG,00-0038117,W.Robinson,3,5.0,0.0,0.64068,3,1.66667
2025,REG,NYG,00-0039384,T.Tracy,176,740.0,2.0,-0.0556,15,4.20455
2025,REG,NYG,00-0040691,J.Dart,86,487.0,9.0,0.4433,14,5.66279
2025,REG,NYG,00-0040715,C.Skattebo,102,410.0,5.0,-0.1186,8,4.01961
2025,REG,NYJ,00-0028118,T.Taylor,27,143.0,1.0,0.20049,5,5.2963
2025,REG,NYJ,00-0034959,A.Beck,1,5.0,0.0,1.30118,1,5.0
2025,REG,NYJ,00-0036842,K.Nwangwu,13,49.0,0.0,-0.24479,2,3.76923
2025,REG,NYJ,00-0036906,K.Herbert,16,52.0,0.0,-0.14158,3,3.25
2025,REG,NYJ,00-0036945,J.Fields,73,383.0,4.0,0.12004,9,5.24658
2025,REG,NYJ,00-0037614,J.Metchie,3,-5.0,0.0,-1.01052,3,-1.66667
2025,REG,NYJ,00-0038120,B.Hall,243,1065.0,4.0,-0.09163,16,4.38272
2025,REG,NYJ,00-0039451,I.Williams,3,34.0,0.0,0.52808,3,11.33333
2025,REG,NYJ,00-0039794,B.Allen,19,76.0,1.0,-0.45787,4,4.0
2025,REG,NYJ,00-0039798,I.Davis,43,236.0,1.0,-0.07522,13,5.48837
2025,REG,NYJ,00-0039890,A.Mitchell,1,-4.0,0.0,-1.11264,1,-4.0
2025,REG,NYJ,00-0040398,B.Cook,13,49.0,0.0,-0.32987,5,3.76923
2025,REG,NYJ,00-0040582,A.Smith,4,13.0,0.0,0.02472,4,3.25
2025,REG,PHI,00-0034844,S.Barkley,281,1140.0,7.0,-0.08575,16,4.05694
2025,REG,PHI,00-0036265,A.Dillon,12,60.0,0.0,-0.01437,5,5.0
2025,REG,PHI,00-0036313,B.Mann,1,-34.0,0.0,-1.95124,1,-34.0
2025,REG,PHI,00-0036389,J.Hurts,105,421.0,8.0,0.15887,16,4.00952
2025,REG,PHI,00-0038400,T.McKee,8,8.0,0.0,-0.64628,4,1.0
2025,REG,PHI,00-0038555,T.Bigsby,58,344.0,2.0,0.13004,10,5.93103
2025,REG,PHI,00-0039746,W.Shipley,14,49.0,0.0,-0.25711,6,3.5
2025,REG,PIT,00-0023459,A.Rodgers,21,61.0,1.0,-0.14053,13,2.90476
2025,REG,PIT,00-0033858,J.Smith,9,70.0,1.0,0.42745,6,7.77778
2025,REG,PIT,00-0034771,M.Rudolph,7,6.0,0.0,0.1916,3,0.85714
2025,REG,PIT,00-0035640,D.Metcalf,2,12.0,1.0,0.8434,1,6.0
2025,REG,PIT,00-0036919,K.Gainwell,114,537.0,5.0,-0.00576,16,4.71053
2025,REG,PIT,00-0037228,J.Warren,211,958.0,6.0,-0.00237,16,4.54028
2025,REG,PIT,00-0037304,Co.Heyward,15,43.0,2.0,0.57041,8,2.86667
2025,REG,PIT,00-0040142,K.Johnson,28,69.0,0.0,-0.27562,10,2.46429
2025,REG,SEA,00-0034869,S.Darnold,35,95.0,0.0,-0.37064,12,2.71429
2025,REG,SEA,00-0035311,M.Gaskin,3,6.0,0.0,-0.51403,1,2.0
2025,REG,SEA,00-0035704,D.Lock,6,-5.0,0.0,-0.16116,3,-0.83333
2025,REG,SEA,00-0037545,R.Shaheed,7,64.0,0.0,0.19922,6,9.14286
2025,REG,SEA,00-0037745,V.Jones,4,32.0,0.0,0.28804,1,8.0
2025,REG,SEA,00-0038134,K.Walker,221,1027.0,5.0,-0.06468,17,4.64706
2025,REG,SEA,00-0038543,J.Smith-Njigba,7,36.0,0.0,0.00667,5,5.14286
2025,REG,SEA,00-0039165,Z.Charbonnet,185,730.0,12.0,-0.00625,16,3.94595
2025,REG,SEA,00-0039299,G.Holani,22,73.0,1.0,-0.425,4,3.31818
2025,REG,SEA,00-0039793,A.Barner,10,14.0,1.0,0.72328,8,1.4
2025,REG,SEA,00-0040067,J.Wright,5,20.0,0.0,0.00892,1,4.0
2025,REG,SEA,00-0040673,J.Milroe,3,4.0,0.0,-2.14705,3,1.33333
2025,REG,SF,00-0029892,K.Juszczyk,2,-3.0,0.0,-1.74874,2,-1.5
2025,REG,SF,00-0032775,D.Robinson,1,6.0,0.0,0.3164,1,6.0
2025,REG,SF,00-0033280,C.McCaffrey,311,1202.0,10.0,-0.06769,17,3.86495
2025,REG,SF,00-0033288,G.Kittle,1,-3.0,0.0,-0.98971,1,-3.0
2025,REG,SF,00-0036972,M.Jones,36,60.0,0.0,-0.14633,11,1.66667
2025,REG,SF,00-0037746,B.Robinson,92,400.0,2.0,-0.00782,15,4.34783
2025,REG,SF,00-0037834,B.Purdy,33,147.0,3.0,0.49067,9,4.45455
2025,REG,SF,00-0038090,S.Moore,2,11.0,0.0,0.26549,2,5.5
2025,REG,SF,00-0038658,A.Martinez,1,-1.0,0.0,-2.32439,1,-1.0
2025,REG,SF,00-0039916,R.Pearsall,2,-2.0,0.0,-0.83607,2,-1.0
2025,REG,TB,00-0031237,T.Bridgewater,3,4.0,0.0,-0.00627,3,1.33333
2025,REG,TB,00-0032385,S.Shepard,4,19.0,0.0,0.04573,4,4.75
2025,REG,TB,00-0034855,B.Mayfield,55,382.0,1.0,0.64948,14,6.94545
2025,REG,TB,00-0037256,R.White,133,572.0,4.0,0.07841,17,4.30075
2025,REG,TB,00-0038458,O.Wright,3,6.0,0.0,-0.34989,1,2.0
2025,REG,TB,00-0038951,S.Tucker,86,320.0,7.0,-0.04252,14,3.72093
2025,REG,TB,00-0039361,B.Irving,173,588.0,1.0,-0.20565,10,3.39884
2025,REG,TB,00-0039589,K.Johnson,2,13.0,0.0,0.03,2,6.5
2025,REG,TB,00-0039855,J.McMillan,1,1.0,0.0,-0.46228,1,1.0
2025,REG,TB,00-0040129,E.Egbuka,3,9.0,0.0,-0.56055,3,3.0
2025,REG,TB,00-0040237,T.Johnson,7,22.0,0.0,-0.17904,4,3.14286
2025,REG,TB,00-0040429,J.Williams,4,11.0,0.0,-0.464,1,2.75
2025,REG,TEN,00-0035261,T.Pollard,242,1082.0,5.0,-0.08965,17,4.47107
2025,REG,TEN,00-0037594,J.Chestnut,11,40.0,0.0,-0.29445,7,3.63636
2025,REG,TEN,00-0039032,T.Spears,72,283.0,2.0,-0.05418,13,3.93056
2025,REG,TEN,00-0040205,K.Mullings,3,7.0,0.0,-0.17937,3,2.33333
2025,REG,TEN,00-0040676,C.Ward,39,159.0,2.0,0.2178,14,4.07692
2025,REG,TEN,00-0040705,C.Dike,11,18.0,0.0,-0.38497,9,1.63636
2025,REG,WAS,00-0026300,J.Johnson,12,55.0,1.0,-0.39994,3,4.58333
2025,REG,WAS,00-0032268,M.Mariota,50,297.0,1.0,0.13392,10,5.94
2025,REG,WAS,00-0032398,C.Moore,1,9.0,0.0,0.72506,1,9.0
2025,REG,WAS,00-0033699,A.Ekeler,14,43.0,0.0,-0.08324,2,3.07143
2025,REG,WAS,00-0033955,J.McNichols,45,221.0,1.0,0.03205,15,4.91111
2025,REG,WAS,00-0035719,D.Samuel,17,75.0,1.0,0.00839,10,4.41176
2025,REG,WAS,00-0038611,C.Rodriguez,112,500.0,6.0,0.05533,12,4.46429
2025,REG,WAS,00-0039910,J.Daniels,59,278.0,2.0,0.02963,7,4.71186
2025,REG,WAS,00-0040164,J.Lane,1,7.0,0.0,0.26103,1,7.0
2025,REG,WAS,00-0040242,J.Croskey-Merritt,176,805.0,8.0,-0.03711,17,4.57386
