season,week,team,off_epa_per_play,def_epa_per_play_allowed,turnovers_committed,turnovers_forced,turnover_margin,red_zone_trips,red_zone_tds,red_zone_td_pct,dropbacks,pressured_dropbacks,opp_dropbacks,pressures_created,pressure_rate_allowed,pressure_rate_created
2024,1,ARI,0.04656101638799301,0.2220843524679833,1.0,1.0,0.0,4.0,2.0,50.0,38,6.0,30,3.0,15.8,10.0
2024,2,ARI,0.8217066946505968,-0.47438868611439655,1.0,1.0,0.0,4.0,3.0,75.0,26,1.0,32,9.0,3.8,28.1
2024,3,ARI,-0.23840536020362937,0.08349636897459746,1.0,1.0,0.0,1.0,1.0,100.0,37,4.0,26,2.0,10.8,7.7
2024,4,ARI,-0.20576202818055583,0.38005017623329596,1.0,1.0,0.0,2.0,2.0,100.0,27,5.0,36,1.0,18.5,2.8
2024,5,ARI,0.1066747513929879,-0.04176984130080571,1.0,3.0,2.0,3.0,1.0,33.3,33,2.0,41,5.0,6.1,12.2
2024,6,ARI,-0.10465441714826226,0.34323366964436547,3.0,1.0,-2.0,3.0,1.0,33.3,36,1.0,35,2.0,2.8,5.7
2024,7,ARI,0.03591196748696022,0.04946805758481444,1.0,1.0,0.0,2.0,1.0,50.0,29,1.0,43,7.0,3.4,16.3
2024,8,ARI,0.29873095771053265,0.19287460964627995,0.0,0.0,0.0,3.0,2.0,66.7,37,1.0,40,4.0,2.7,10.0
2024,9,ARI,0.12835024590411073,-0.16316790458691444,2.0,0.0,-2.0,3.0,2.0,66.7,23,3.0,50,9.0,13.0,18.0
2024,10,ARI,0.46417043996764684,-0.1660354092742526,0.0,1.0,1.0,5.0,4.0,80.0,25,2.0,38,5.0,8.0,13.2
2024,12,ARI,-0.24698256572896335,-0.06546132758983621,1.0,1.0,0.0,2.0,0.0,0.0,43,6.0,37,7.0,14.0,18.9
2024,13,ARI,0.036537850582664774,-0.0658263997318538,2.0,1.0,-1.0,6.0,1.0,16.7,50,4.0,39,8.0,8.0,20.5
2024,14,ARI,-0.14138911648129487,0.1833717839631657,2.0,0.0,-2.0,3.0,1.0,33.3,42,5.0,30,2.0,11.9,6.7
2024,15,ARI,0.12258746728240925,-0.24652792291153486,0.0,1.0,1.0,4.0,3.0,75.0,36,0.0,28,2.0,0.0,7.1
2024,16,ARI,0.16333864765339806,0.2464324704972173,2.0,0.0,-2.0,4.0,3.0,75.0,41,3.0,33,4.0,7.3,12.1
2024,17,ARI,-0.00913665684852672,-0.03091085615455659,2.0,0.0,-2.0,4.0,1.0,25.0,54,6.0,33,2.0,11.1,6.1
2024,18,ARI,0.21921705321330726,0.09123280755752342,0.0,3.0,3.0,4.0,4.0,100.0,36,2.0,46,4.0,5.6,8.7
2025,1,ARI,0.07874639465444866,-0.04165398697715263,0.0,0.0,0.0,3.0,2.0,66.7,37,5.0,47,2.0,13.5,4.3
2025,2,ARI,0.12322933529361549,-0.5343961291123475,1.0,2.0,1.0,4.0,2.0,50.0,29,4.0,59,10.0,13.8,16.9
2025,3,ARI,-0.011040268516559676,-0.05528022227968054,0.0,1.0,1.0,3.0,1.0,33.3,40,4.0,41,8.0,10.0,19.5
2025,4,ARI,-0.14689141527824362,0.06810719664510459,2.0,0.0,-2.0,3.0,2.0,66.7,51,7.0,30,3.0,13.7,10.0
2025,5,ARI,0.09223200021696525,-0.11053215265938707,2.0,2.0,0.0,4.0,3.0,75.0,37,5.0,42,4.0,13.5,9.5
2025,6,ARI,0.08987307613540867,0.14932353989474517,1.0,1.0,0.0,6.0,3.0,50.0,47,12.0,33,6.0,25.5,18.2
2025,7,ARI,-0.0522111322400125,0.11762536637441785,1.0,0.0,-1.0,4.0,2.0,50.0,46,11.0,33,2.0,23.9,6.1
2025,9,ARI,0.2955721726280211,-0.14271145821006498,0.0,3.0,3.0,4.0,3.0,75.0,37,11.0,47,9.0,29.7,19.1
2025,10,ARI,-1.4339260503378075,0.5994847678448423,2.0,3.0,1.0,6.0,3.0,50.0,54,9.0,13,2.0,16.7,15.4
2025,11,ARI,-0.13673227997494006,0.2548667849450566,3.0,0.0,-3.0,5.0,3.0,60.0,57,4.0,27,3.0,7.0,11.1
2025,12,ARI,-0.1469523248096587,-0.18808638796123014,0.0,4.0,4.0,3.0,1.0,33.3,59,14.0,35,5.0,23.7,14.3
2025,13,ARI,-0.0263044622938843,0.062032397961881446,2.0,0.0,-2.0,2.0,2.0,100.0,44,7.0,33,2.0,15.9,6.1
2025,14,ARI,0.08114211995670419,0.5833629442770911,1.0,0.0,-1.0,4.0,2.0,50.0,50,11.0,31,2.0,22.0,6.5
2025,15,ARI,-0.08262778281366352,0.30085415670256493,2.0,0.0,-2.0,3.0,2.0,66.7,43,3.0,31,2.0,7.0,6.5
2025,16,ARI,-0.004239506768854666,0.12407594418135608,1.0,2.0,1.0,2.0,0.0,0.0,33,4.0,36,4.0,12.1,11.1
2025,17,ARI,-0.2030380826935553,0.36546263668749235,0.0,0.0,0.0,2.0,1.0,50.0,41,8.0,41,4.0,19.5,9.8
2025,18,ARI,0.08589356818676588,0.17714184102233912,2.0,0.0,-2.0,3.0,1.0,33.3,40,12.0,41,4.0,30.0,9.8
2024,1,ATL,-0.3619949981483232,-0.07147665453723312,3.0,0.0,-3.0,2.0,1.0,50.0,27,7.0,30,4.0,25.9,13.3
2024,2,ATL,0.17132550093152257,0.11043143987075327,0.0,1.0,1.0,3.0,1.0,33.3,31,2.0,35,5.0,6.5,14.3
2024,3,ATL,-0.09951051042494855,0.09948727250851187,1.0,1.0,0.0,4.0,2.0,50.0,31,10.0,42,7.0,32.3,16.7
2024,4,ATL,0.019696935750721217,0.060148734435872674,2.0,1.0,-1.0,1.0,0.0,0.0,36,4.0,38,3.0,11.1,7.9
2024,5,ATL,0.23220593246419632,0.17322463147046066,1.0,1.0,0.0,4.0,2.0,50.0,61,11.0,30,1.0,18.0,3.3
2024,6,ATL,0.26978484917525053,0.06462256263749323,1.0,2.0,1.0,8.0,4.0,50.0,30,3.0,40,3.0,10.0,7.5
2024,7,ATL,-0.00017043299489462636,0.2113412515740054,3.0,0.0,-3.0,2.0,2.0,100.0,39,9.0,33,6.0,23.1,18.2
2024,8,ATL,0.3544826728070313,0.08780195819872409,0.0,3.0,3.0,1.0,1.0,100.0,32,4.0,50,0.0,12.5,0.0
2024,9,ATL,0.23835314106830258,-0.07397171861496499,1.0,0.0,-1.0,3.0,3.0,100.0,26,4.0,54,8.0,15.4,14.8
2024,10,ATL,0.07373846124251972,0.003852461072695219,1.0,0.0,-1.0,3.0,1.0,33.3,41,9.0,27,1.0,22.0,3.7
2024,11,ATL,-0.05692854051010722,0.5330184260697884,1.0,0.0,-1.0,1.0,0.0,0.0,34,6.0,35,3.0,17.6,8.6
2024,13,ATL,-0.23777067035088434,-0.3173912260177824,4.0,1.0,-3.0,4.0,1.0,25.0,40,4.0,29,8.0,10.0,27.6
2024,14,ATL,0.10006746115841003,0.38107637986491993,3.0,0.0,-3.0,5.0,2.0,40.0,38,4.0,34,7.0,10.5,20.6
2024,15,ATL,-0.21241917516919434,-0.26771047328519215,1.0,3.0,2.0,0.0,0.0,,21,3.0,45,6.0,14.3,13.3
2024,16,ATL,0.024558666506036428,-0.6364561548938842,1.0,3.0,2.0,4.0,2.0,50.0,29,2.0,42,6.0,6.9,14.3
2024,17,ATL,0.06587515463216208,0.2215034776568865,1.0,1.0,0.0,3.0,3.0,100.0,38,3.0,48,6.0,7.9,12.5
2024,18,ATL,0.29230843032309944,0.41041869819373084,1.0,0.0,-1.0,5.0,4.0,80.0,40,5.0,39,0.0,12.5,0.0
2025,1,ATL,0.0551085821851325,0.11404061733898174,0.0,0.0,0.0,2.0,1.0,50.0,47,4.0,37,2.0,8.5,5.4
2025,2,ATL,-0.06902547659826556,-0.4526691502053735,2.0,3.0,1.0,5.0,1.0,20.0,24,5.0,30,9.0,20.8,30.0
2025,3,ATL,-0.353099784372333,0.017590072474946362,4.0,0.0,-4.0,0.0,0.0,,45,2.0,27,3.0,4.4,11.1
2025,4,ATL,0.3040590205664094,-0.043092894230713295,1.0,1.0,0.0,6.0,4.0,66.7,28,2.0,29,5.0,7.1,17.2
2025,6,ATL,0.09649105581582354,-0.19454445534478398,0.0,2.0,2.0,3.0,1.0,33.3,35,4.0,34,6.0,11.4,17.6
2025,7,ATL,-0.056840814796857916,0.04314022815357575,1.0,1.0,0.0,2.0,1.0,50.0,42,5.0,28,4.0,11.9,14.3
2025,8,ATL,-0.5808864512730237,0.20826889328039408,1.0,0.0,-1.0,2.0,1.0,50.0,32,4.0,28,2.0,12.5,7.1
2025,9,ATL,0.06972141226584215,0.013419395030301828,0.0,2.0,2.0,3.0,3.0,100.0,40,4.0,40,7.0,10.0,17.5
2025,10,ATL,-0.08573197012615046,0.16582703468845486,1.0,2.0,1.0,3.0,3.0,100.0,31,4.0,39,8.0,12.9,20.5
2025,11,ATL,0.12681769830328793,0.12950272144856642,1.0,0.0,-1.0,3.0,3.0,100.0,31,1.0,50,10.0,3.2,20.0
2025,12,ATL,-0.07362768033020335,-0.299977233432634,1.0,2.0,1.0,2.0,1.0,50.0,26,3.0,52,8.0,11.5,15.4
2025,13,ATL,0.17422654433470755,0.009249043064762529,0.0,1.0,1.0,3.0,3.0,100.0,35,7.0,41,6.0,20.0,14.6
2025,14,ATL,-0.22468632370959588,0.02863257176467509,3.0,1.0,-2.0,4.0,0.0,0.0,31,7.0,34,3.0,22.6,8.8
2025,15,ATL,0.2575940928045384,0.03874840390194225,1.0,1.0,0.0,4.0,4.0,100.0,44,4.0,40,6.0,9.1,15.0
2025,16,ATL,0.12407594418135608,-0.004239506768854666,2.0,1.0,-1.0,3.0,3.0,100.0,36,4.0,33,4.0,11.1,12.1
2025,17,ATL,0.12201041748360977,-0.32382315470220463,0.0,3.0,3.0,2.0,1.0,50.0,20,7.0,41,5.0,35.0,12.2
2025,18,ATL,-0.24802168146832365,-0.21158299038269765,1.0,2.0,1.0,3.0,1.0,33.3,36,8.0,42,4.0,22.2,9.5
2024,1,BAL,0.08064930100139914,0.2084062224455951,1.0,1.0,0.0,4.0,1.0,25.0,52,2.0,31,6.0,3.8,19.4
2024,2,BAL,-0.010843661948616447,-0.16523290203071855,1.0,1.0,0.0,3.0,2.0,66.7,36,2.0,43,9.0,5.6,20.9
2024,3,BAL,0.5693894896270116,0.012348218922035475,0.0,1.0,1.0,4.0,4.0,100.0,17,1.0,55,8.0,5.9,14.5
2024,4,BAL,0.5277719986242508,-0.07378747971287068,1.0,1.0,0.0,4.0,4.0,100.0,21,3.0,36,9.0,14.3,25.0
2024,5,BAL,0.2904486013039307,0.25412460555098737,1.0,1.0,0.0,6.0,5.0,83.3,47,7.0,43,9.0,14.9,20.9
2024,6,BAL,0.1795326798987268,0.11266945776878498,1.0,0.0,-1.0,4.0,3.0,75.0,30,4.0,42,7.0,13.3,16.7
2024,7,BAL,0.6116012175701641,-0.009857358518412001,1.0,2.0,1.0,6.0,5.0,83.3,27,2.0,52,4.0,7.4,7.7
2024,8,BAL,0.09718478239354364,0.14805409258693206,0.0,1.0,1.0,4.0,3.0,75.0,41,7.0,43,7.0,17.1,16.3
2024,9,BAL,0.5157968929828863,-0.03048078669617558,0.0,1.0,1.0,6.0,4.0,66.7,22,1.0,42,6.0,4.5,14.3
2024,10,BAL,0.3092266460073899,0.11335733570507728,0.0,1.0,1.0,4.0,4.0,100.0,36,1.0,60,13.0,2.8,21.7
2024,11,BAL,-0.09013660724165944,-0.2507253060152086,3.0,1.0,-2.0,2.0,2.0,100.0,35,6.0,41,7.0,17.1,17.1
2024,12,BAL,0.3925071290975927,0.029048806028518018,0.0,0.0,0.0,2.0,2.0,100.0,23,2.0,44,7.0,8.7,15.9
2024,13,BAL,-0.10118998148757148,0.08218293373439726,0.0,0.0,0.0,5.0,2.0,40.0,44,5.0,21,2.0,11.4,9.5
2024,15,BAL,0.41146721786857154,-0.2274718723158859,1.0,1.0,0.0,2.0,1.0,50.0,29,4.0,40,7.0,13.8,17.5
2024,16,BAL,0.17513157550686304,-0.13481968717398837,1.0,2.0,1.0,5.0,3.0,60.0,25,1.0,37,5.0,4.0,13.5
2024,17,BAL,0.48030858383650177,-0.4240862470178399,0.0,1.0,1.0,3.0,3.0,100.0,20,4.0,38,10.0,20.0,26.3
2024,18,BAL,0.15513701812943465,-0.6475420586376639,0.0,2.0,2.0,4.0,3.0,75.0,37,5.0,37,3.0,13.5,8.1
2025,1,BAL,0.5564265840942965,0.2614786725473661,1.0,0.0,-1.0,3.0,1.0,33.3,22,4.0,51,3.0,18.2,5.9
2025,2,BAL,0.081835481428632,-0.2587063506832574,0.0,2.0,2.0,4.0,3.0,75.0,33,4.0,51,9.0,12.1,17.6
2025,3,BAL,-0.02285007390930316,0.3208836640583501,1.0,0.0,-1.0,4.0,2.0,50.0,38,7.0,29,6.0,18.4,20.7
2025,4,BAL,-0.02459891534836538,0.3553472496007321,2.0,0.0,-2.0,2.0,1.0,50.0,40,9.0,40,3.0,22.5,7.5
2025,5,BAL,-0.3367772030725283,0.5305429902748411,3.0,0.0,-3.0,2.0,1.0,50.0,21,2.0,35,4.0,9.5,11.4
2025,6,BAL,-0.3957692968313643,0.10089668659889595,3.0,1.0,-2.0,3.0,0.0,0.0,39,11.0,29,2.0,28.2,6.9
2025,8,BAL,0.170987768971333,0.058569362033258854,0.0,1.0,1.0,6.0,3.0,50.0,25,3.0,41,4.0,12.0,9.8
2025,9,BAL,0.17860356064663982,-0.22009169848799243,0.0,3.0,3.0,3.0,3.0,100.0,27,4.0,42,3.0,14.8,7.1
2025,10,BAL,0.04979593115215657,-0.25991272016755945,0.0,3.0,3.0,5.0,2.0,40.0,33,4.0,47,12.0,12.1,25.5
2025,11,BAL,-0.0883295588667408,-0.40910965357742174,2.0,2.0,0.0,4.0,1.0,25.0,31,7.0,33,10.0,22.6,30.3
2025,12,BAL,-0.003100868315066353,-0.08266003841696207,0.0,2.0,2.0,5.0,2.0,40.0,29,1.0,34,6.0,3.4,17.6
2025,13,BAL,-0.2590731277111142,0.08935283994995591,5.0,1.0,-4.0,2.0,1.0,50.0,38,6.0,48,7.0,15.8,14.6
2025,14,BAL,0.013068931791815798,0.26883418334592607,1.0,0.0,-1.0,6.0,2.0,33.3,40,5.0,35,1.0,12.5,2.9
2025,15,BAL,0.23289059756376393,-0.2940232894933698,1.0,2.0,1.0,1.0,0.0,0.0,18,5.0,44,10.0,27.8,22.7
2025,16,BAL,0.1051973278112412,0.18549411318780115,2.0,2.0,0.0,3.0,2.0,66.7,22,5.0,51,11.0,22.7,21.6
2025,17,BAL,0.37067245041480035,0.19686829890320812,0.0,2.0,2.0,6.0,4.0,66.7,24,4.0,32,4.0,16.7,12.5
2025,18,BAL,0.13874552093837494,0.05849587082471776,1.0,0.0,-1.0,0.0,0.0,,21,5.0,50,3.0,23.8,6.0
2024,1,BUF,0.2220843524679833,0.04656101638799301,1.0,1.0,0.0,6.0,4.0,66.7,30,3.0,38,6.0,10.0,15.8
2024,2,BUF,0.4380386190813132,-0.22735513528957654,0.0,3.0,3.0,2.0,2.0,100.0,20,0.0,44,5.0,0.0,11.4
2024,3,BUF,0.6084304142431767,-0.29639840752756375,0.0,2.0,2.0,5.0,4.0,80.0,35,1.0,52,10.0,2.9,19.2
2024,4,BUF,-0.07378747971287068,0.5277719986242508,1.0,1.0,0.0,2.0,1.0,50.0,36,9.0,21,3.0,25.0,14.3
2024,5,BUF,-0.0150581178917669,-0.057969271695458124,0.0,2.0,2.0,3.0,1.0,33.3,35,9.0,42,7.0,25.7,16.7
2024,6,BUF,0.28208355403679286,0.18870879239171717,0.0,1.0,1.0,4.0,3.0,75.0,30,2.0,38,5.0,6.7,13.2
2024,7,BUF,0.09467267760180259,-0.23920922263078423,0.0,2.0,2.0,6.0,4.0,66.7,35,4.0,43,10.0,11.4,23.3
2024,8,BUF,0.3215923570412126,-0.45634050913416513,2.0,1.0,-1.0,6.0,4.0,66.7,37,1.0,32,5.0,2.7,15.6
2024,9,BUF,0.15103520642595664,0.3055681748716005,1.0,1.0,0.0,5.0,2.0,40.0,40,3.0,30,2.0,7.5,6.7
2024,10,BUF,-0.036685520726783875,-0.41675350087274965,2.0,4.0,2.0,4.0,2.0,50.0,41,5.0,39,7.0,12.2,17.9
2024,11,BUF,0.10483378220066315,0.1492611367424009,1.0,2.0,1.0,4.0,3.0,75.0,45,4.0,35,7.0,8.9,20.0
2024,13,BUF,0.5649070284203984,-0.16840178637051365,0.0,3.0,3.0,4.0,4.0,100.0,19,1.0,21,2.0,5.3,9.5
2024,14,BUF,0.22566449540588723,0.32374213289740345,0.0,0.0,0.0,3.0,3.0,100.0,41,1.0,30,3.0,2.4,10.0
2024,15,BUF,0.5618463168294981,-0.03857307051327157,0.0,1.0,1.0,7.0,5.0,71.4,37,3.0,62,10.0,8.1,16.1
2024,16,BUF,0.10826096248360914,-0.11281837045901215,1.0,3.0,2.0,1.0,1.0,100.0,34,2.0,40,6.0,5.9,15.0
2024,17,BUF,0.11581349732879877,-0.39485156923484316,0.0,3.0,3.0,3.0,3.0,100.0,29,3.0,37,6.0,10.3,16.2
2024,18,BUF,-0.06714681854610154,0.033465403571571295,0.0,1.0,1.0,2.0,2.0,100.0,33,2.0,33,4.0,6.1,12.1
2025,1,BUF,0.2614786725473661,0.5564265840942965,0.0,1.0,1.0,7.0,5.0,71.4,51,3.0,22,4.0,5.9,18.2
2025,2,BUF,0.27203025789872826,-0.5565580144339245,0.0,1.0,1.0,4.0,2.0,50.0,31,2.0,31,7.0,6.5,22.6
2025,3,BUF,0.3032885740740511,0.06133250483981101,0.0,1.0,1.0,4.0,3.0,75.0,32,2.0,35,1.0,6.2,2.9
2025,4,BUF,0.2692498918141886,-0.031187606007617476,1.0,1.0,0.0,3.0,2.0,66.7,28,7.0,35,5.0,25.0,14.3
2025,5,BUF,0.03892745436064732,0.061872875329927024,3.0,1.0,-2.0,4.0,2.0,50.0,39,4.0,36,8.0,10.3,22.2
2025,6,BUF,-0.19454445534478398,0.09649105581582354,2.0,0.0,-2.0,3.0,2.0,66.7,34,6.0,35,4.0,17.6,11.4
2025,8,BUF,0.4101231391794115,-0.41296710128134806,0.0,3.0,3.0,3.0,2.0,66.7,25,2.0,32,9.0,8.0,28.1
2025,9,BUF,0.24241609109158163,-0.13903406745053926,0.0,1.0,1.0,3.0,3.0,100.0,30,5.0,38,14.0,16.7,36.8
2025,10,BUF,-0.3550021598497297,0.18531879770694762,3.0,2.0,-1.0,1.0,0.0,0.0,46,7.0,21,2.0,15.2,9.5
2025,11,BUF,0.31322154870998564,0.1558963161499815,2.0,3.0,1.0,4.0,3.0,75.0,32,1.0,33,3.0,3.1,9.1
2025,12,BUF,-0.16421365248832998,-0.06426352002561553,3.0,0.0,-3.0,2.0,0.0,0.0,45,11.0,31,4.0,24.4,12.9
2025,13,BUF,0.07981854145983845,-0.5343860887651852,2.0,2.0,0.0,4.0,2.0,50.0,27,1.0,25,2.0,3.7,8.0
2025,14,BUF,0.24090279112493396,0.03597659751869527,1.0,2.0,1.0,5.0,3.0,60.0,36,5.0,37,5.0,13.9,13.5
2025,15,BUF,0.27809405740499343,0.24429784937200227,0.0,1.0,1.0,6.0,5.0,83.3,33,4.0,29,5.0,12.1,17.2
2025,16,BUF,0.06078290143606926,-0.09587976092174261,0.0,2.0,2.0,3.0,2.0,66.7,23,4.0,37,10.0,17.4,27.0
2025,17,BUF,-0.10923695591110219,-0.08631548988066624,1.0,0.0,-1.0,3.0,2.0,66.7,42,7.0,29,3.0,16.7,10.3
2025,18,BUF,0.4325905298122534,-0.35075412261107103,0.0,0.0,0.0,6.0,5.0,83.3,30,0.0,24,4.0,0.0,16.7
2024,1,CAR,-0.8995231652599094,0.3347943443375495,4.0,0.0,-4.0,2.0,1.0,50.0,39,6.0,26,1.0,15.4,3.8
2024,2,CAR,-0.5882317592644988,0.2140075648277376,1.0,2.0,1.0,0.0,0.0,,29,2.0,22,2.0,6.9,9.1
2024,3,CAR,0.2792118989243615,-0.3108247706297061,0.0,1.0,1.0,5.0,3.0,60.0,39,4.0,45,6.0,10.3,13.3
2024,4,CAR,0.012276285341234736,0.22439957168793498,1.0,1.0,0.0,3.0,2.0,66.7,43,2.0,32,2.0,4.7,6.2
2024,5,CAR,-0.3353575995229684,0.38603707375441443,3.0,0.0,-3.0,2.0,0.0,0.0,41,8.0,35,2.0,19.5,5.7
2024,6,CAR,0.06462256263749323,0.26978484917525053,2.0,1.0,-1.0,3.0,2.0,66.7,40,3.0,30,3.0,7.5,10.0
2024,7,CAR,-0.7775475113751151,0.13449299419574004,2.0,0.0,-2.0,1.0,1.0,100.0,21,2.0,28,2.0,9.5,7.1
2024,8,CAR,-0.28800570657404023,0.15004232837869177,2.0,2.0,0.0,3.0,2.0,66.7,42,5.0,42,2.0,11.9,4.8
2024,9,CAR,0.011711274554056461,0.14278440924606256,1.0,0.0,-1.0,3.0,3.0,100.0,29,3.0,33,5.0,10.3,15.2
2024,10,CAR,-0.01719173711026695,-0.12398125862417528,1.0,3.0,2.0,3.0,2.0,66.7,28,4.0,40,5.0,14.3,12.5
2024,12,CAR,0.1782501539847106,0.28216850231015866,0.0,0.0,0.0,6.0,2.0,33.3,40,6.0,47,7.0,15.0,14.9
2024,13,CAR,0.002090434313836036,-0.030901692524250738,1.0,2.0,1.0,4.0,1.0,25.0,50,11.0,39,6.0,22.0,15.4
2024,14,CAR,0.0190429469009689,0.12582338742246352,1.0,0.0,-1.0,2.0,2.0,100.0,41,8.0,28,4.0,19.5,14.3
2024,15,CAR,-0.4439468639648112,0.24003237005443645,4.0,1.0,-3.0,2.0,1.0,50.0,37,10.0,29,3.0,27.0,10.3
2024,16,CAR,0.2464324704972173,0.16333864765339806,0.0,2.0,2.0,4.0,3.0,75.0,33,4.0,41,3.0,12.1,7.3
2024,17,CAR,0.11595496602082625,0.44747203093269766,0.0,0.0,0.0,1.0,1.0,100.0,35,7.0,35,3.0,20.0,8.6
2024,18,CAR,0.41041869819373084,0.29230843032309944,0.0,1.0,1.0,6.0,5.0,83.3,39,0.0,40,5.0,0.0,12.5
2025,1,CAR,-0.29735658310956425,0.31399163162953164,3.0,1.0,-2.0,1.0,0.0,0.0,40,5.0,32,1.0,12.5,3.1
2025,2,CAR,-0.5343961291123475,0.12322933529361549,2.0,1.0,-1.0,4.0,3.0,75.0,59,10.0,29,4.0,16.9,13.8
2025,3,CAR,0.017590072474946362,-0.353099784372333,0.0,4.0,4.0,3.0,2.0,66.7,27,3.0,45,2.0,11.1,4.4
2025,4,CAR,-0.008424158201684366,0.5023769178181229,0.0,0.0,0.0,2.0,2.0,100.0,38,4.0,22,1.0,10.5,4.5
2025,5,CAR,0.15926762393042973,0.095273431587789,2.0,0.0,-2.0,5.0,3.0,60.0,33,7.0,40,3.0,21.2,7.5
2025,6,CAR,0.1593848109816331,0.17961180428658052,1.0,0.0,-1.0,4.0,2.0,50.0,27,5.0,34,2.0,18.5,5.9
2025,7,CAR,-0.08570758628562039,-0.25576603516145946,0.0,2.0,2.0,3.0,1.0,33.3,36,7.0,44,9.0,19.4,20.5
2025,8,CAR,-0.41296710128134806,0.4101231391794115,3.0,0.0,-3.0,2.0,1.0,50.0,32,9.0,25,2.0,28.1,8.0
2025,9,CAR,0.09463535318914694,0.042524528103241595,1.0,2.0,1.0,3.0,2.0,66.7,23,2.0,38,6.0,8.7,15.8
2025,10,CAR,-0.41942340922414667,0.14083067261900137,3.0,0.0,-3.0,2.0,1.0,50.0,27,3.0,31,5.0,11.1,16.1
2025,11,CAR,0.12950272144856642,0.12681769830328793,0.0,1.0,1.0,6.0,2.0,33.3,50,10.0,31,1.0,20.0,3.2
2025,12,CAR,-0.207102223758011,0.021100270392906892,2.0,3.0,1.0,2.0,0.0,0.0,34,3.0,33,1.0,8.8,3.0
2025,13,CAR,0.2375984378085488,0.13982017444446682,0.0,3.0,3.0,1.0,0.0,0.0,24,2.0,30,2.0,8.3,6.7
2025,15,CAR,0.11013014508381673,0.10643883001799215,1.0,0.0,-1.0,1.0,1.0,100.0,31,3.0,40,5.0,9.7,12.5
2025,16,CAR,0.10059068346236226,0.10685435090192215,0.0,1.0,1.0,2.0,1.0,50.0,36,9.0,30,2.0,25.0,6.7
2025,17,CAR,-0.46594614728311295,-0.1123766187016975,2.0,2.0,0.0,2.0,1.0,50.0,31,4.0,31,5.0,12.9,16.1
2025,18,CAR,-0.12238140928247718,0.007157955731256591,3.0,1.0,-2.0,2.0,2.0,100.0,34,1.0,28,3.0,2.9,10.7
2024,1,CHI,-0.274424209243249,-0.26414464840040225,1.0,3.0,2.0,2.0,0.0,0.0,33,4.0,38,10.0,12.1,26.3
2024,2,CHI,-0.3604070417232764,-0.06721715604457051,2.0,1.0,-1.0,1.0,1.0,100.0,48,10.0,39,4.0,20.8,10.3
2024,3,CHI,-0.29276471394513826,-0.21308674622788185,3.0,2.0,-1.0,3.0,2.0,66.7,55,5.0,22,3.0,9.1,13.6
2024,4,CHI,0.09404116441392604,0.05534748055590692,0.0,2.0,2.0,4.0,2.0,50.0,26,4.0,32,6.0,15.4,18.8
2024,5,CHI,0.38603707375441443,-0.3353575995229684,0.0,3.0,3.0,4.0,3.0,75.0,35,2.0,41,8.0,5.7,19.5
2024,6,CHI,0.27542156981856,0.04381059224809874,1.0,2.0,1.0,4.0,4.0,100.0,34,4.0,43,7.0,11.8,16.3
2024,8,CHI,-0.14912111392477528,0.07505590199857659,1.0,0.0,-1.0,2.0,1.0,50.0,32,8.0,46,7.0,25.0,15.2
2024,9,CHI,-0.16316790458691444,0.12835024590411073,0.0,2.0,2.0,1.0,0.0,0.0,50,9.0,23,3.0,18.0,13.0
2024,10,CHI,-0.3922830789812793,0.03907320047633976,0.0,1.0,1.0,1.0,0.0,0.0,41,13.0,29,7.0,31.7,24.1
2024,11,CHI,0.2172861550520892,0.2953826738271995,0.0,1.0,1.0,2.0,1.0,50.0,39,6.0,20,3.0,15.4,15.0
2024,12,CHI,-0.02112686998180162,0.16554184857369508,0.0,2.0,2.0,3.0,3.0,100.0,55,5.0,38,9.0,9.1,23.7
2024,13,CHI,0.006917745932226133,0.10182690078751264,0.0,1.0,1.0,1.0,1.0,100.0,47,9.0,36,4.0,19.1,11.1
2024,14,CHI,-0.7434509780557294,0.5910723097273148,1.0,1.0,0.0,2.0,2.0,100.0,33,8.0,28,3.0,24.2,10.7
2024,15,CHI,-0.3047060585037806,0.028203281654097228,1.0,1.0,0.0,3.0,1.0,33.3,36,3.0,42,8.0,8.3,19.0
2024,16,CHI,-0.12073271702032311,0.5331070309379254,2.0,0.0,-2.0,3.0,1.0,33.3,46,5.0,33,3.0,10.9,9.1
2024,17,CHI,-0.20850898979649193,-0.17081621145457898,1.0,1.0,0.0,1.0,0.0,0.0,38,11.0,28,7.0,28.9,25.0
2024,18,CHI,-0.17034980808239197,-0.09208516104026297,2.0,2.0,0.0,1.0,1.0,100.0,32,2.0,28,7.0,6.2,25.0
2025,1,CHI,-0.09199011179008484,-0.18626943003657018,1.0,1.0,0.0,2.0,2.0,100.0,43,4.0,24,5.0,9.3,20.8
2025,2,CHI,-0.231168221772532,0.34682795692599516,2.0,0.0,-2.0,2.0,2.0,100.0,40,4.0,29,4.0,10.0,13.8
2025,3,CHI,0.4272349700896953,0.04652933963206264,0.0,4.0,4.0,3.0,2.0,66.7,29,1.0,47,7.0,3.4,14.9
2025,4,CHI,-0.10745341784109823,-0.19576072275759035,1.0,4.0,3.0,4.0,1.0,25.0,41,2.0,22,1.0,4.9,4.5
2025,6,CHI,0.1847087651689039,-0.06369690371164834,0.0,3.0,3.0,3.0,1.0,33.3,33,4.0,35,3.0,12.1,8.6
2025,7,CHI,0.12837724087587798,-0.39632534154184035,1.0,4.0,3.0,6.0,2.0,33.3,27,4.0,37,7.0,14.8,18.9
2025,8,CHI,0.058569362033258854,0.170987768971333,1.0,0.0,-1.0,3.0,1.0,33.3,41,4.0,25,3.0,9.8,12.0
2025,9,CHI,0.5094742010228246,0.21687296360642655,0.0,3.0,3.0,7.0,5.0,71.4,44,7.0,50,5.0,15.9,10.0
2025,10,CHI,0.026302652246660178,0.0047921175323133195,0.0,1.0,1.0,4.0,3.0,75.0,41,3.0,43,8.0,7.3,18.6
2025,11,CHI,-0.017561983663311628,-0.19253063808414522,0.0,2.0,2.0,2.0,1.0,50.0,36,5.0,32,5.0,13.9,15.6
2025,12,CHI,0.01378506184961941,0.0010508614814961734,2.0,2.0,0.0,3.0,3.0,100.0,37,1.0,34,4.0,2.7,11.8
2025,13,CHI,0.04791475557849346,-0.2623323515193467,1.0,2.0,1.0,3.0,2.0,66.7,40,6.0,32,1.0,15.0,3.1
2025,14,CHI,0.09418433279067558,0.23984333820294076,1.0,1.0,0.0,4.0,2.0,50.0,39,6.0,26,1.0,15.4,3.8
2025,15,CHI,0.06368907686962391,-0.6685278178522447,0.0,3.0,3.0,4.0,3.0,75.0,32,6.0,42,15.0,18.8,35.7
2025,16,CHI,0.1006365612826786,0.06088478166382712,0.0,1.0,1.0,2.0,1.0,50.0,37,4.0,31,4.0,10.8,12.9
2025,17,CHI,0.3625783731220248,0.28495281093808655,0.0,1.0,1.0,3.0,1.0,33.3,45,3.0,38,1.0,6.7,2.6
2025,18,CHI,-0.06060454361319829,0.16873591382896536,1.0,1.0,0.0,1.0,1.0,100.0,35,4.0,45,7.0,11.4,15.6
2024,1,CIN,-0.17894963442784265,-0.004842125845687531,1.0,1.0,0.0,2.0,1.0,50.0,35,3.0,29,7.0,8.6,24.1
2024,2,CIN,0.045869673695266226,-0.07000056183861558,1.0,3.0,2.0,4.0,2.0,50.0,41,6.0,31,4.0,14.6,12.9
2024,3,CIN,0.3879115107444981,0.5153402799418085,0.0,0.0,0.0,4.0,2.0,50.0,41,4.0,30,3.0,9.8,10.0
2024,4,CIN,0.22439957168793498,0.012276285341234736,1.0,1.0,0.0,3.0,3.0,100.0,32,2.0,43,2.0,6.2,4.7
2024,5,CIN,0.25412460555098737,0.2904486013039307,1.0,1.0,0.0,3.0,3.0,100.0,43,9.0,47,7.0,20.9,14.9
2024,6,CIN,0.03341397806081556,-0.1642438607776425,1.0,1.0,0.0,1.0,0.0,0.0,34,7.0,43,6.0,20.6,14.0
2024,7,CIN,-0.14729952509514987,-0.22368445460273279,0.0,2.0,2.0,1.0,1.0,100.0,28,6.0,56,11.0,21.4,19.6
2024,8,CIN,0.09180744260963138,0.35531208853395974,2.0,0.0,-2.0,3.0,2.0,66.7,40,3.0,21,1.0,7.5,4.8
2024,9,CIN,0.46420601451286536,-0.13306459943253923,1.0,2.0,1.0,5.0,4.0,80.0,41,6.0,39,13.0,14.6,33.3
2024,10,CIN,0.11335733570507728,0.3092266460073899,1.0,0.0,-1.0,3.0,3.0,100.0,60,13.0,36,1.0,21.7,2.8
2024,11,CIN,0.021240269518047302,0.15402601255178028,0.0,1.0,1.0,4.0,2.0,50.0,55,13.0,41,5.0,23.6,12.2
2024,13,CIN,-0.1459514057637046,0.38837310754727267,3.0,1.0,-2.0,5.0,4.0,80.0,44,11.0,41,9.0,25.0,22.0
2024,14,CIN,0.15660042494561535,0.00521146609242144,2.0,1.0,-1.0,4.0,2.0,50.0,46,8.0,35,7.0,17.4,20.0
2024,15,CIN,0.15539311977821962,-0.37101945993795415,3.0,6.0,3.0,5.0,3.0,60.0,37,6.0,39,5.0,16.2,12.8
2024,16,CIN,0.11585450416926012,-0.24537537270924076,1.0,3.0,2.0,3.0,2.0,66.7,36,8.0,42,10.0,22.2,23.8
2024,17,CIN,0.14198116660070267,0.17167536599955877,1.0,1.0,0.0,7.0,4.0,57.1,58,12.0,39,4.0,20.7,10.3
2024,18,CIN,-0.028872098026185216,-0.1747617132745999,2.0,1.0,-1.0,4.0,1.0,25.0,50,5.0,37,7.0,10.0,18.9
2025,1,CIN,-0.10886814770917332,-0.051202136508424784,0.0,2.0,2.0,3.0,2.0,66.7,28,7.0,48,5.0,25.0,10.4
2025,2,CIN,-0.0071659925196110716,0.09293807758550672,3.0,2.0,-1.0,4.0,3.0,75.0,48,9.0,44,4.0,18.8,9.1
2025,3,CIN,-0.9949749223718262,-0.1310954726315969,5.0,0.0,-5.0,1.0,1.0,100.0,31,10.0,29,4.0,32.3,13.8
2025,4,CIN,-0.19242101722605792,0.3053879227540973,0.0,1.0,1.0,1.0,0.0,0.0,29,5.0,44,1.0,17.2,2.3
2025,5,CIN,-0.5029941845340868,0.21566084575974137,3.0,1.0,-2.0,2.0,2.0,100.0,45,9.0,28,7.0,20.0,25.0
2025,6,CIN,-0.009788692147214156,0.2359182420146935,0.0,1.0,1.0,2.0,2.0,100.0,44,5.0,32,4.0,11.4,12.5
2025,7,CIN,0.32944476488115476,0.36488681497630077,0.0,2.0,2.0,5.0,2.0,40.0,49,5.0,35,2.0,10.2,5.7
2025,8,CIN,0.2645132378994239,0.3073198175234437,0.0,0.0,0.0,4.0,3.0,75.0,36,2.0,37,1.0,5.6,2.7
2025,9,CIN,0.21687296360642655,0.5094742010228246,3.0,0.0,-3.0,4.0,2.0,50.0,50,5.0,44,7.0,10.0,15.9
2025,11,CIN,-0.09183306870061875,0.15069588364001082,2.0,0.0,-2.0,2.0,0.0,0.0,41,3.0,33,4.0,7.3,12.1
2025,12,CIN,-0.19337428153972736,0.003567308900269411,1.0,1.0,0.0,1.0,1.0,100.0,38,6.0,39,3.0,15.8,7.7
2025,13,CIN,0.08935283994995591,-0.2590731277111142,1.0,5.0,4.0,6.0,1.0,16.7,48,7.0,38,6.0,14.6,15.8
2025,14,CIN,0.03597659751869527,0.24090279112493396,2.0,1.0,-1.0,3.0,3.0,100.0,37,5.0,36,5.0,13.5,13.9
2025,15,CIN,-0.2940232894933698,0.23289059756376393,2.0,1.0,-1.0,1.0,0.0,0.0,44,10.0,18,5.0,22.7,27.8
2025,16,CIN,0.4147352089403914,-0.13191320827249192,0.0,3.0,3.0,6.0,6.0,100.0,36,4.0,31,4.0,11.1,12.9
2025,17,CIN,0.36546263668749235,-0.2030380826935553,0.0,0.0,0.0,5.0,5.0,100.0,41,4.0,41,8.0,9.8,19.5
2025,18,CIN,-0.10063434895621895,-0.12539844451237517,2.0,1.0,-1.0,4.0,3.0,75.0,42,5.0,30,9.0,11.9,30.0
2024,1,CLE,-0.6863846939410113,-0.04371176163811218,2.0,0.0,-2.0,2.0,2.0,100.0,56,17.0,35,4.0,30.4,11.4
2024,2,CLE,0.08337604251729956,-0.033992861799752735,0.0,0.0,0.0,1.0,1.0,100.0,38,8.0,35,7.0,21.1,20.0
2024,3,CLE,-0.4004522243968474,0.009111137166995058,2.0,2.0,0.0,1.0,1.0,100.0,47,14.0,39,9.0,29.8,23.1
2024,4,CLE,-0.11794547341168886,-0.15934773658131007,1.0,1.0,0.0,2.0,1.0,50.0,42,10.0,26,4.0,23.8,15.4
2024,5,CLE,-0.5338468395515533,0.2376915329807145,1.0,2.0,1.0,2.0,1.0,50.0,39,10.0,36,3.0,25.6,8.3
2024,6,CLE,-0.02047589263765254,0.1712757292793628,0.0,0.0,0.0,1.0,0.0,0.0,30,8.0,26,2.0,26.7,7.7
2024,7,CLE,-0.22368445460273279,-0.14729952509514987,2.0,0.0,-2.0,2.0,2.0,100.0,56,11.0,28,6.0,19.6,21.4
2024,8,CLE,0.14805409258693206,0.09718478239354364,1.0,0.0,-1.0,2.0,0.0,0.0,43,7.0,41,7.0,16.3,17.1
2024,9,CLE,-0.3678409669061544,0.1131001595325919,3.0,0.0,-3.0,3.0,1.0,33.3,56,8.0,34,11.0,14.3,32.4
2024,11,CLE,0.11398800977223256,0.207416376213167,0.0,2.0,2.0,1.0,0.0,0.0,50,4.0,30,3.0,8.0,10.0
2024,12,CLE,0.0034882920419290722,-0.023127312676312933,3.0,1.0,-2.0,4.0,3.0,75.0,29,6.0,34,11.0,20.7,32.4
2024,13,CLE,-0.10226717649757522,0.06892106307396875,3.0,2.0,-1.0,4.0,3.0,75.0,62,10.0,36,2.0,16.1,5.6
2024,14,CLE,-0.43780592026898196,-0.023999705204695503,2.0,2.0,0.0,3.0,1.0,33.3,45,6.0,29,7.0,13.3,24.1
2024,15,CLE,-0.7146161956208137,0.09709758400290423,5.0,1.0,-4.0,0.0,0.0,,41,11.0,42,12.0,26.8,28.6
2024,16,CLE,-0.24537537270924076,0.11585450416926012,3.0,1.0,-2.0,3.0,1.0,33.3,42,10.0,36,8.0,23.8,22.2
2024,17,CLE,-0.4002090226564333,-0.1463638049323145,2.0,0.0,-2.0,3.0,0.0,0.0,49,6.0,34,8.0,12.2,23.5
2024,18,CLE,-0.6475420586376639,0.15513701812943465,2.0,0.0,-2.0,3.0,1.0,33.3,37,3.0,37,5.0,8.1,13.5
2025,1,CLE,-0.051202136508424784,-0.10886814770917332,2.0,0.0,-2.0,3.0,2.0,66.7,48,5.0,28,7.0,10.4,25.0
2025,2,CLE,-0.2587063506832574,0.081835481428632,2.0,0.0,-2.0,2.0,2.0,100.0,51,9.0,33,4.0,17.6,12.1
2025,3,CLE,-0.15162070701623168,-0.07903598365834229,1.0,1.0,0.0,2.0,1.0,50.0,37,10.0,31,5.0,27.0,16.1
2025,4,CLE,-0.2678609104176759,-0.19886310107512356,3.0,1.0,-2.0,2.0,1.0,50.0,38,10.0,27,5.0,26.3,18.5
2025,5,CLE,-0.011413968600349553,0.03647955072198828,0.0,2.0,2.0,3.0,2.0,66.7,35,3.0,41,3.0,8.6,7.3
2025,6,CLE,-0.19612288727637323,0.21470034639988309,0.0,0.0,0.0,3.0,0.0,0.0,58,15.0,31,3.0,25.9,9.7
2025,7,CLE,0.0897718427947547,-0.5841702157400346,0.0,4.0,4.0,3.0,2.0,66.7,23,3.0,36,7.0,13.0,19.4
2025,8,CLE,-0.4699044253904292,0.07977619837541354,2.0,2.0,0.0,3.0,2.0,66.7,38,2.0,34,8.0,5.3,23.5
2025,10,CLE,-0.12058008834928413,-0.25341652925399644,0.0,1.0,1.0,2.0,1.0,50.0,43,7.0,16,7.0,16.3,43.8
2025,11,CLE,-0.40910965357742174,-0.0883295588667408,2.0,2.0,0.0,2.0,0.0,0.0,33,10.0,31,7.0,30.3,22.6
2025,12,CLE,-0.32350596426581013,-0.5101415733416373,2.0,1.0,-1.0,3.0,2.0,66.7,21,5.0,56,16.0,23.8,28.6
2025,13,CLE,-0.12348775764306387,0.023433062238698267,1.0,1.0,0.0,0.0,0.0,,30,6.0,32,7.0,20.0,21.9
2025,14,CLE,-0.03731418430202165,-0.06657047393770578,2.0,1.0,-1.0,3.0,3.0,100.0,47,12.0,29,5.0,25.5,17.2
2025,15,CLE,-0.6685278178522447,0.06368907686962391,3.0,0.0,-3.0,1.0,0.0,0.0,42,15.0,32,6.0,35.7,18.8
2025,16,CLE,-0.09587976092174261,0.06078290143606926,2.0,0.0,-2.0,4.0,2.0,50.0,37,10.0,23,4.0,27.0,17.4
2025,17,CLE,-0.23795889501831782,-0.2044288532304102,2.0,0.0,-2.0,1.0,0.0,0.0,28,4.0,40,5.0,14.3,12.5
2025,18,CLE,-0.12539844451237517,-0.10063434895621895,1.0,2.0,1.0,1.0,0.0,0.0,30,9.0,42,5.0,30.0,11.9
2024,1,DAL,-0.04371176163811218,-0.6863846939410113,0.0,2.0,2.0,1.0,1.0,100.0,35,4.0,56,17.0,11.4,30.4
2024,2,DAL,0.07083060586686528,0.9584710217857112,2.0,1.0,-1.0,3.0,0.0,0.0,45,3.0,17,2.0,6.7,11.8
2024,3,DAL,0.012348218922035475,0.5693894896270116,1.0,0.0,-1.0,4.0,3.0,75.0,55,8.0,17,1.0,14.5,5.9
2024,4,DAL,0.19935508679951305,-0.04494051165357972,0.0,1.0,1.0,1.0,1.0,100.0,28,3.0,41,3.0,10.7,7.3
2024,5,DAL,0.1131753628813,0.04542422653076469,3.0,1.0,-2.0,4.0,1.0,25.0,45,6.0,31,6.0,13.3,19.4
2024,6,DAL,-0.5244410937215902,0.43426927763557527,5.0,0.0,-5.0,3.0,0.0,0.0,49,11.0,32,6.0,22.4,18.8
2024,8,DAL,-0.1223761566410709,0.23580466681089574,2.0,0.0,-2.0,3.0,2.0,66.7,40,8.0,33,3.0,20.0,9.1
2024,9,DAL,-0.07397171861496499,0.23835314106830258,0.0,1.0,1.0,3.0,2.0,66.7,54,8.0,26,4.0,14.8,15.4
2024,10,DAL,-0.5784860976487991,-0.004098607604846176,5.0,2.0,-3.0,2.0,0.0,0.0,32,6.0,30,7.0,18.8,23.3
2024,11,DAL,-0.29187168768597926,0.19409189659963327,2.0,1.0,-1.0,1.0,0.0,0.0,62,7.0,38,1.0,11.3,2.6
2024,12,DAL,-0.01828914156021303,-0.19980551561186602,1.0,3.0,2.0,3.0,2.0,66.7,34,2.0,43,10.0,5.9,23.3
2024,13,DAL,-0.08609607899701141,-0.42229658146719457,0.0,2.0,2.0,4.0,2.0,50.0,37,3.0,41,13.0,8.1,31.7
2024,14,DAL,0.00521146609242144,0.15660042494561535,1.0,2.0,1.0,4.0,2.0,50.0,35,7.0,46,8.0,20.0,17.4
2024,15,DAL,0.24003237005443645,-0.4439468639648112,1.0,4.0,3.0,4.0,3.0,75.0,29,3.0,37,10.0,10.3,27.0
2024,16,DAL,0.023596174966849064,0.08336109182054098,0.0,2.0,2.0,2.0,2.0,100.0,36,3.0,50,5.0,8.3,10.0
2024,17,DAL,-0.3252983121134873,0.19732003386353877,4.0,0.0,-4.0,2.0,1.0,50.0,31,3.0,19,1.0,9.7,5.3
2024,18,DAL,-0.04375298736429032,0.10660163655341466,1.0,0.0,-1.0,6.0,1.0,16.7,37,2.0,39,7.0,5.4,17.9
2025,1,DAL,0.035278117869239026,0.1604501459603092,1.0,0.0,-1.0,3.0,2.0,66.7,34,1.0,33,5.0,2.9,15.2
2025,2,DAL,0.1336964227637165,0.221682736722675,1.0,1.0,0.0,3.0,3.0,100.0,57,7.0,45,7.0,12.3,15.6
2025,3,DAL,0.04652933963206264,0.4272349700896953,4.0,0.0,-4.0,4.0,1.0,25.0,47,7.0,29,1.0,14.9,3.4
2025,4,DAL,0.3580656074350035,0.34132966512021595,0.0,1.0,1.0,5.0,4.0,80.0,41,5.0,46,5.0,12.2,10.9
2025,5,DAL,0.6341251085026878,-0.19093712912537467,0.0,1.0,1.0,4.0,3.0,75.0,33,3.0,53,13.0,9.1,24.5
2025,6,DAL,0.17961180428658052,0.1593848109816331,0.0,1.0,1.0,4.0,2.0,50.0,34,2.0,27,5.0,5.9,18.5
2025,7,DAL,0.2220323692374944,-0.013260215743566338,0.0,2.0,2.0,4.0,3.0,75.0,33,4.0,40,7.0,12.1,17.5
2025,8,DAL,0.05520834642485451,0.4312753358537603,2.0,1.0,-1.0,4.0,2.0,50.0,42,8.0,29,1.0,19.0,3.4
2025,9,DAL,-0.14271145821006498,0.2955721726280211,3.0,0.0,-3.0,3.0,1.0,33.3,47,9.0,37,11.0,19.1,29.7
2025,11,DAL,0.31092079463285394,-0.29088417262406496,1.0,1.0,0.0,5.0,3.0,60.0,34,4.0,49,10.0,11.8,20.4
2025,12,DAL,-0.021556584924375653,0.06195237126258659,3.0,1.0,-2.0,5.0,3.0,60.0,39,6.0,43,6.0,15.4,14.0
2025,13,DAL,0.21834241261353415,0.24284478240366236,1.0,0.0,-1.0,4.0,2.0,50.0,39,6.0,40,9.0,15.4,22.5
2025,14,DAL,-0.005887249359885664,0.3005387239323178,3.0,0.0,-3.0,3.0,1.0,33.3,54,11.0,35,8.0,20.4,22.9
2025,15,DAL,0.09388230238628939,0.2736697772187091,0.0,1.0,1.0,5.0,2.0,40.0,40,9.0,26,1.0,22.5,3.8
2025,16,DAL,0.1375181556552203,0.4798725127005001,1.0,0.0,-1.0,3.0,1.0,33.3,36,3.0,33,5.0,8.3,15.2
2025,17,DAL,0.24478190724203164,0.19653274427039732,0.0,0.0,0.0,2.0,2.0,100.0,45,9.0,26,5.0,20.0,19.2
2025,18,DAL,-0.10264826248572673,0.19735624985882344,2.0,1.0,-1.0,4.0,2.0,50.0,26,2.0,40,10.0,7.7,25.0
2024,1,DEN,-0.4166026309960009,0.019860031910457644,4.0,1.0,-3.0,4.0,1.0,25.0,49,9.0,28,7.0,18.4,25.0
2024,2,DEN,-0.2518330957532449,-0.060097649671943205,2.0,0.0,-2.0,3.0,0.0,0.0,39,7.0,26,6.0,17.9,23.1
2024,3,DEN,0.12227363993019529,-0.3618627521112406,1.0,2.0,1.0,4.0,2.0,50.0,39,2.0,40,9.0,5.1,22.5
2024,4,DEN,-0.2849217022748518,-0.2848093851252036,1.0,1.0,0.0,1.0,1.0,100.0,26,2.0,51,13.0,7.7,25.5
2024,5,DEN,0.036309947688102584,-0.2503035718463014,0.0,3.0,3.0,4.0,3.0,75.0,31,4.0,42,6.0,12.9,14.3
2024,6,DEN,-0.5219395873597629,0.30301109363195355,2.0,0.0,-2.0,2.0,2.0,100.0,41,6.0,38,6.0,14.6,15.8
2024,7,DEN,0.22193639375600502,-0.38765535345885405,1.0,2.0,1.0,3.0,2.0,66.7,33,0.0,48,10.0,0.0,20.8
2024,8,DEN,0.15004232837869177,-0.28800570657404023,2.0,2.0,0.0,5.0,4.0,80.0,42,2.0,42,5.0,4.8,11.9
2024,9,DEN,-0.03048078669617558,0.5157968929828863,1.0,0.0,-1.0,4.0,1.0,25.0,42,6.0,22,1.0,14.3,4.5
2024,10,DEN,0.0728355631619704,0.0032262246740598377,0.0,0.0,0.0,2.0,1.0,50.0,33,5.0,49,9.0,15.2,18.4
2024,11,DEN,0.5330184260697884,-0.05692854051010722,0.0,1.0,1.0,4.0,4.0,100.0,35,3.0,34,6.0,8.6,17.6
2024,12,DEN,0.07247562818515277,-0.31233791302841335,0.0,2.0,2.0,4.0,2.0,50.0,44,2.0,59,8.0,4.5,13.6
2024,13,DEN,0.06892106307396875,-0.10226717649757522,2.0,3.0,1.0,4.0,2.0,50.0,36,2.0,62,10.0,5.6,16.1
2024,15,DEN,-0.3443866923938799,-0.5070712230824203,3.0,5.0,2.0,2.0,2.0,100.0,37,1.0,43,9.0,2.7,20.9
2024,16,DEN,0.1939276747599964,0.2266536872673949,0.0,1.0,1.0,3.0,3.0,100.0,44,4.0,37,8.0,9.1,21.6
2024,17,DEN,0.17167536599955877,0.14198116660070267,1.0,1.0,0.0,2.0,1.0,50.0,39,4.0,58,12.0,10.3,20.7
2024,18,DEN,0.5746092456324464,-0.24891081957038863,0.0,0.0,0.0,5.0,4.0,80.0,34,0.0,23,9.0,0.0,39.1
2025,1,DEN,-0.14391578305271813,-0.3842906880635945,3.0,3.0,0.0,3.0,1.0,33.3,43,5.0,34,14.0,11.6,41.2
2025,2,DEN,0.1918209873637272,0.1501247065006962,1.0,0.0,-1.0,3.0,3.0,100.0,32,0.0,38,6.0,0.0,15.8
2025,3,DEN,-0.04619461549997296,-0.03864487916748578,0.0,2.0,2.0,2.0,1.0,50.0,32,5.0,53,14.0,15.6,26.4
2025,4,DEN,0.3053879227540973,-0.19242101722605792,1.0,0.0,-1.0,4.0,3.0,75.0,44,1.0,29,5.0,2.3,17.2
2025,5,DEN,0.05750576115663027,0.013417032805628214,0.0,0.0,0.0,3.0,2.0,66.7,43,8.0,45,9.0,18.6,20.0
2025,6,DEN,-0.08565105830495115,-0.42066146779731944,1.0,0.0,-1.0,2.0,1.0,50.0,33,3.0,29,11.0,9.1,37.9
2025,7,DEN,-0.07710841077745759,0.1580609561762743,0.0,1.0,1.0,5.0,4.0,80.0,52,5.0,37,8.0,9.6,21.6
2025,8,DEN,0.4312753358537603,0.05520834642485451,1.0,2.0,1.0,5.0,4.0,80.0,29,1.0,42,8.0,3.4,19.0
2025,9,DEN,-0.1087388669036188,-0.14950094418954218,1.0,1.0,0.0,1.0,0.0,0.0,39,4.0,47,6.0,10.3,12.8
2025,10,DEN,-0.26618174888885554,-0.39005505442955796,2.0,1.0,-1.0,3.0,1.0,33.3,30,4.0,35,8.0,13.3,22.9
2025,11,DEN,0.032746005734641585,0.04535642096272473,0.0,1.0,1.0,5.0,1.0,20.0,41,5.0,49,8.0,12.2,16.3
2025,13,DEN,0.1828667050081609,0.08486199814935548,1.0,1.0,0.0,5.0,3.0,60.0,48,4.0,55,6.0,8.3,10.9
2025,14,DEN,0.24217734044092745,-0.24484307849244843,0.0,0.0,0.0,3.0,2.0,66.7,43,6.0,37,7.0,14.0,18.9
2025,15,DEN,0.2720010334098908,0.06106262269940015,1.0,2.0,1.0,4.0,4.0,100.0,36,3.0,46,14.0,8.3,30.4
2025,16,DEN,0.009798851632831193,0.24572780922598372,2.0,0.0,-2.0,2.0,1.0,50.0,49,6.0,43,14.0,12.2,32.6
2025,17,DEN,0.0965345055469601,-0.1994587992753669,1.0,0.0,-1.0,4.0,2.0,50.0,44,6.0,24,6.0,13.6,25.0
2025,18,DEN,-0.23200681152491603,-0.5678225913086806,0.0,2.0,2.0,3.0,0.0,0.0,33,6.0,50,7.0,18.2,14.0
2024,1,DET,0.09622072189941723,0.043882258343161014,1.0,1.0,0.0,4.0,2.0,50.0,31,5.0,51,11.0,16.1,21.6
2024,2,DET,-0.06947292027417651,-0.09997592314016007,2.0,1.0,-1.0,7.0,1.0,14.3,57,10.0,27,5.0,17.5,18.5
2024,3,DET,0.08349636897459746,-0.23840536020362937,1.0,1.0,0.0,2.0,2.0,100.0,26,2.0,37,4.0,7.7,10.8
2024,4,DET,0.49464880288470275,0.211906810274594,0.0,2.0,2.0,5.0,5.0,100.0,22,4.0,62,8.0,18.2,12.9
2024,6,DET,0.43426927763557527,-0.5244410937215902,0.0,5.0,5.0,5.0,3.0,60.0,32,6.0,49,11.0,18.8,22.4
2024,7,DET,0.1309338362954333,0.07256094947072406,1.0,1.0,0.0,1.0,1.0,100.0,29,7.0,36,5.0,24.1,13.9
2024,8,DET,0.19231353587035657,-0.14427596119130612,0.0,4.0,4.0,5.0,5.0,100.0,23,5.0,42,5.0,21.7,11.9
2024,9,DET,0.30496915668172137,-0.2321540279288289,0.0,1.0,1.0,4.0,2.0,50.0,23,3.0,39,2.0,13.0,5.1
2024,10,DET,-0.1049628823595691,-0.22658274712509294,5.0,2.0,-3.0,3.0,2.0,66.7,31,5.0,38,7.0,16.1,18.4
2024,11,DET,0.6162278010216993,-0.40369561920255415,0.0,1.0,1.0,5.0,5.0,100.0,37,2.0,31,2.0,5.4,6.5
2024,12,DET,0.2546110654720014,0.02403632818956933,0.0,0.0,0.0,4.0,3.0,75.0,40,9.0,30,6.0,22.5,20.0
2024,13,DET,0.10182690078751264,0.006917745932226133,1.0,0.0,-1.0,5.0,2.0,40.0,36,4.0,47,9.0,11.1,19.1
2024,14,DET,0.06129416761706128,0.13187831354704074,1.0,1.0,0.0,5.0,4.0,80.0,43,3.0,24,7.0,7.0,29.2
2024,15,DET,-0.03857307051327157,0.5618463168294981,1.0,0.0,-1.0,5.0,5.0,100.0,62,10.0,37,3.0,16.1,8.1
2024,16,DET,0.5331070309379254,-0.12073271702032311,0.0,2.0,2.0,5.0,2.0,40.0,33,3.0,46,5.0,9.1,10.9
2024,17,DET,0.3755937584340038,0.2997343807643201,0.0,2.0,2.0,4.0,3.0,75.0,36,4.0,43,6.0,11.1,14.0
2024,18,DET,0.008642886265660035,-0.24866115859064608,2.0,0.0,-2.0,3.0,3.0,100.0,35,6.0,45,10.0,17.1,22.2
2025,1,DET,-0.07568560988501391,0.24833792354807122,1.0,0.0,-1.0,4.0,1.0,25.0,43,8.0,23,2.0,18.6,8.7
2025,2,DET,0.34682795692599516,-0.231168221772532,0.0,2.0,2.0,7.0,6.0,85.7,29,4.0,40,4.0,13.8,10.0
2025,3,DET,0.3208836640583501,-0.02285007390930316,0.0,1.0,1.0,5.0,4.0,80.0,29,6.0,38,7.0,20.7,18.4
2025,4,DET,-0.19886310107512356,-0.2678609104176759,1.0,3.0,2.0,3.0,3.0,100.0,27,5.0,38,10.0,18.5,26.3
2025,5,DET,0.21566084575974137,-0.5029941845340868,1.0,3.0,2.0,6.0,5.0,83.3,28,7.0,45,9.0,25.0,20.0
2025,6,DET,0.18459349171239503,0.31504525447071874,0.0,0.0,0.0,2.0,1.0,50.0,31,4.0,38,4.0,12.9,10.5
2025,7,DET,-0.0293679997810119,-0.48536707186970923,2.0,2.0,0.0,2.0,1.0,50.0,34,9.0,54,8.0,26.5,14.8
2025,9,DET,-0.007077456632856924,0.04314209729246398,1.0,1.0,0.0,3.0,1.0,33.3,42,11.0,31,9.0,26.2,29.0
2025,10,DET,0.6055967044404619,0.0907881412947351,0.0,0.0,0.0,6.0,4.0,66.7,35,5.0,26,5.0,14.3,19.2
2025,11,DET,-0.4517136821451826,-0.14537238588037565,1.0,0.0,-1.0,1.0,0.0,0.0,39,7.0,31,1.0,17.9,3.2
2025,12,DET,0.14838901343405755,0.11667236768513446,1.0,1.0,0.0,4.0,2.0,50.0,43,7.0,39,7.0,16.3,17.9
2025,13,DET,0.03874003898290967,0.27013133039874915,0.0,0.0,0.0,3.0,2.0,66.7,31,6.0,32,2.0,19.4,6.2
2025,14,DET,0.3005387239323178,-0.005887249359885664,0.0,3.0,3.0,5.0,4.0,80.0,35,8.0,54,11.0,22.9,20.4
2025,15,DET,0.16000069822967194,0.2052834694897685,0.0,1.0,1.0,4.0,3.0,75.0,42,8.0,41,8.0,19.0,19.5
2025,16,DET,0.07696177081845366,0.2117451658375279,0.0,1.0,1.0,4.0,1.0,25.0,57,9.0,45,3.0,15.8,6.7
2025,17,DET,-0.4780692466139943,-0.30283185308022015,6.0,0.0,-6.0,1.0,1.0,100.0,34,8.0,25,9.0,23.5,36.0
2025,18,DET,0.16873591382896536,-0.06060454361319829,1.0,1.0,0.0,4.0,1.0,25.0,45,7.0,35,4.0,15.6,11.4
2024,1,GB,0.20192051172175884,0.08412206803687797,1.0,3.0,2.0,4.0,1.0,25.0,37,5.0,38,5.0,13.5,13.2
2024,2,GB,0.014175525193810087,-0.28288926059489394,1.0,3.0,2.0,3.0,1.0,33.3,17,0.0,36,3.0,0.0,8.3
2024,3,GB,0.28777452540751997,-0.40562761633977845,0.0,3.0,3.0,3.0,1.0,33.3,25,3.0,44,10.0,12.0,22.7
2024,4,GB,-0.6003720841219218,0.543238685073821,5.0,2.0,-3.0,5.0,4.0,80.0,56,10.0,33,3.0,17.9,9.1
2024,5,GB,0.0798677318714897,-0.08595846124884893,1.0,2.0,1.0,3.0,2.0,66.7,29,3.0,48,9.0,10.3,18.8
2024,6,GB,0.34323366964436547,-0.10465441714826226,1.0,3.0,2.0,4.0,2.0,50.0,35,2.0,36,1.0,5.7,2.8
2024,7,GB,-0.07821454234538197,-0.1621119674791425,2.0,1.0,-1.0,2.0,2.0,100.0,36,6.0,29,7.0,16.7,24.1
2024,8,GB,0.10961365258441055,0.061244251585838065,1.0,2.0,1.0,6.0,2.0,33.3,30,3.0,34,4.0,10.0,11.8
2024,9,GB,-0.2321540279288289,0.30496915668172137,1.0,0.0,-1.0,4.0,1.0,25.0,39,2.0,23,3.0,5.1,13.0
2024,11,GB,0.2953826738271995,0.2172861550520892,1.0,0.0,-1.0,5.0,3.0,60.0,20,3.0,39,6.0,15.0,15.4
2024,12,GB,0.1805023249380887,-0.12255525811342523,0.0,3.0,3.0,5.0,5.0,100.0,25,3.0,32,4.0,12.0,12.5
2024,13,GB,0.350429063836506,-0.06558490375373185,1.0,0.0,-1.0,5.0,3.0,60.0,28,3.0,52,6.0,10.7,11.5
2024,14,GB,0.13187831354704074,0.06129416761706128,1.0,1.0,0.0,5.0,4.0,80.0,24,7.0,43,3.0,29.2,7.0
2024,15,GB,0.23483971429228442,-0.3694428283660907,1.0,2.0,1.0,4.0,2.0,50.0,28,6.0,42,12.0,21.4,28.6
2024,16,GB,0.4572993045827995,-0.31096849525433584,0.0,2.0,2.0,4.0,4.0,100.0,30,3.0,38,6.0,10.0,15.8
2024,17,GB,-0.15984031945729815,0.23644170360447872,1.0,1.0,0.0,4.0,3.0,75.0,34,7.0,44,4.0,20.6,9.1
2024,18,GB,-0.09208516104026297,-0.17034980808239197,2.0,2.0,0.0,3.0,1.0,33.3,28,7.0,32,2.0,25.0,6.2
2025,1,GB,0.24833792354807122,-0.07568560988501391,0.0,1.0,1.0,5.0,3.0,60.0,23,2.0,43,8.0,8.7,18.6
2025,2,GB,0.26848313849095806,-0.2161957043371166,0.0,0.0,0.0,4.0,3.0,75.0,34,3.0,51,10.0,8.8,19.6
2025,3,GB,-0.07903598365834229,-0.15162070701623168,1.0,1.0,0.0,2.0,1.0,50.0,31,5.0,37,10.0,16.1,27.0
2025,4,GB,0.34132966512021595,0.3580656074350035,1.0,0.0,-1.0,6.0,5.0,83.3,46,5.0,41,5.0,10.9,12.2
2025,6,GB,0.2359182420146935,-0.009788692147214156,1.0,0.0,-1.0,4.0,3.0,75.0,32,4.0,44,5.0,12.5,11.4
2025,7,GB,0.11762536637441785,-0.0522111322400125,0.0,1.0,1.0,4.0,3.0,75.0,33,2.0,46,11.0,6.1,23.9
2025,8,GB,0.4378752186127396,-0.19962347796729613,0.0,1.0,1.0,5.0,3.0,60.0,37,5.0,39,5.0,13.5,12.8
2025,9,GB,0.042524528103241595,0.09463535318914694,2.0,1.0,-1.0,5.0,1.0,20.0,38,6.0,23,2.0,15.8,8.7
2025,10,GB,-0.17316197424657584,-0.060036597275678984,2.0,1.0,-1.0,1.0,1.0,100.0,41,8.0,29,0.0,19.5,0.0
2025,11,GB,0.3619854575651213,0.15556201804820238,0.0,2.0,2.0,4.0,4.0,100.0,29,8.0,31,5.0,27.6,16.1
2025,12,GB,0.09190179028467291,-0.2661255956285457,1.0,2.0,1.0,4.0,2.0,50.0,24,5.0,25,9.0,20.8,36.0
2025,13,GB,0.27013133039874915,0.03874003898290967,0.0,0.0,0.0,2.0,2.0,100.0,32,2.0,31,6.0,6.2,19.4
2025,14,GB,0.23984333820294076,0.09418433279067558,1.0,1.0,0.0,1.0,1.0,100.0,26,1.0,39,6.0,3.8,15.4
2025,15,GB,0.06106262269940015,0.2720010334098908,2.0,1.0,-1.0,4.0,1.0,25.0,46,14.0,36,3.0,30.4,8.3
2025,16,GB,0.06088478166382712,0.1006365612826786,1.0,0.0,-1.0,6.0,1.0,16.7,31,4.0,37,4.0,12.9,10.8
2025,17,GB,0.19686829890320812,0.37067245041480035,2.0,0.0,-2.0,2.0,1.0,50.0,32,4.0,24,4.0,12.5,16.7
2025,18,GB,-0.4465314588276669,0.040625131615960895,0.0,1.0,1.0,1.0,0.0,0.0,17,5.0,34,7.0,29.4,20.6
2024,1,HOU,0.15544403753007818,0.07511754769988921,0.0,1.0,1.0,3.0,3.0,100.0,38,9.0,24,2.0,23.7,8.3
2024,2,HOU,-0.06721715604457051,-0.3604070417232764,1.0,2.0,1.0,2.0,1.0,50.0,39,4.0,48,10.0,10.3,20.8
2024,3,HOU,-0.2572897247820116,0.16793352779297327,2.0,0.0,-2.0,2.0,1.0,50.0,51,8.0,32,7.0,15.7,21.9
2024,4,HOU,0.15695022509361492,-0.01428147235760615,0.0,1.0,1.0,4.0,3.0,75.0,46,6.0,35,3.0,13.0,8.6
2024,5,HOU,-0.057969271695458124,-0.0150581178917669,2.0,0.0,-2.0,2.0,1.0,50.0,42,7.0,35,9.0,16.7,25.7
2024,6,HOU,0.11553957022139151,-0.7791604986696532,1.0,4.0,3.0,3.0,3.0,100.0,35,4.0,42,8.0,11.4,19.0
2024,7,HOU,-0.1621119674791425,-0.07821454234538197,1.0,2.0,1.0,4.0,2.0,50.0,29,7.0,36,6.0,24.1,16.7
2024,8,HOU,-0.06942154143449633,-0.09270544400182772,1.0,2.0,1.0,6.0,2.0,33.3,39,9.0,38,9.0,23.1,23.7
2024,9,HOU,-0.13889867005978412,0.04756760713213158,1.0,1.0,0.0,4.0,1.0,25.0,46,12.0,34,4.0,26.1,11.8
2024,10,HOU,-0.22658274712509294,-0.1049628823595691,2.0,5.0,3.0,4.0,2.0,50.0,38,7.0,31,5.0,18.4,16.1
2024,11,HOU,0.19409189659963327,-0.29187168768597926,1.0,2.0,1.0,4.0,2.0,50.0,38,1.0,62,7.0,2.6,11.3
2024,12,HOU,-0.22699336670625098,-0.0963698010642001,3.0,2.0,-1.0,4.0,2.0,50.0,40,6.0,35,9.0,15.0,25.7
2024,13,HOU,0.10187594607931987,-0.004251218318567657,0.0,1.0,1.0,3.0,1.0,33.3,38,3.0,45,3.0,7.9,6.7
2024,15,HOU,-0.2920931095744566,-0.19903952987325652,1.0,4.0,3.0,3.0,2.0,66.7,32,6.0,43,4.0,18.8,9.3
2024,16,HOU,0.09238814503059829,0.12575252254289712,2.0,0.0,-2.0,3.0,1.0,33.3,43,12.0,45,4.0,27.9,8.9
2024,17,HOU,-0.4240862470178399,0.48030858383650177,1.0,0.0,-1.0,2.0,0.0,0.0,38,10.0,20,4.0,26.3,20.0
2024,18,HOU,0.1352968782626027,-0.32924756839949015,1.0,1.0,0.0,4.0,1.0,25.0,30,2.0,30,5.0,6.7,16.7
2025,1,HOU,-0.13239190355484282,-0.07477191505425324,2.0,1.0,-1.0,1.0,0.0,0.0,34,7.0,32,6.0,20.6,18.8
2025,2,HOU,-0.04580039282256543,0.14965848115098446,0.0,0.0,0.0,2.0,0.0,0.0,30,5.0,45,7.0,16.7,15.6
2025,3,HOU,-0.20688742736184204,-0.16326414124613386,3.0,1.0,-2.0,1.0,0.0,0.0,42,5.0,43,4.0,11.9,9.3
2025,4,HOU,0.12640696169354515,-0.26469444561004146,0.0,1.0,1.0,2.0,2.0,100.0,32,5.0,29,7.0,15.6,24.1
2025,5,HOU,0.5305429902748411,-0.3367772030725283,0.0,3.0,3.0,5.0,4.0,80.0,35,4.0,21,2.0,11.4,9.5
2025,7,HOU,-0.39703233230375157,-0.07638588555614455,1.0,4.0,3.0,3.0,1.0,33.3,54,7.0,35,5.0,13.0,14.3
2025,8,HOU,0.2975094170761388,-0.06128134893493332,1.0,1.0,0.0,5.0,1.0,20.0,42,2.0,36,6.0,4.8,16.7
2025,9,HOU,-0.14950094418954218,-0.1087388669036188,1.0,1.0,0.0,3.0,0.0,0.0,47,6.0,39,4.0,12.8,10.3
2025,10,HOU,0.022857723090050335,-0.2440633229858793,2.0,2.0,0.0,5.0,4.0,80.0,49,4.0,32,5.0,8.2,15.6
2025,11,HOU,-0.06696717421772264,-0.11977042686512421,0.0,1.0,1.0,3.0,1.0,33.3,47,7.0,43,5.0,14.9,11.6
2025,12,HOU,-0.06426352002561553,-0.16421365248832998,0.0,3.0,3.0,4.0,2.0,50.0,31,4.0,45,11.0,12.9,24.4
2025,13,HOU,0.03767316524348572,-0.11632910457837053,1.0,0.0,-1.0,5.0,2.0,40.0,37,5.0,28,6.0,13.5,21.4
2025,14,HOU,-0.08553437526017184,-0.3016743219838276,0.0,3.0,3.0,4.0,2.0,50.0,35,9.0,41,7.0,25.7,17.1
2025,15,HOU,0.30085415670256493,-0.08262778281366352,0.0,2.0,2.0,6.0,3.0,50.0,31,2.0,43,3.0,6.5,7.0
2025,16,HOU,-0.15858796426285257,-0.04247776650876369,0.0,1.0,1.0,2.0,1.0,50.0,36,4.0,26,3.0,11.1,11.5
2025,17,HOU,-0.1514305319207047,-0.2153056603435169,2.0,1.0,-1.0,0.0,0.0,,28,1.0,42,8.0,3.6,19.0
2025,18,HOU,-0.01890033960430786,-0.07294242176672638,0.0,3.0,3.0,3.0,2.0,66.7,33,2.0,38,4.0,6.1,10.5
2024,1,IND,0.07511754769988921,0.15544403753007818,1.0,0.0,-1.0,3.0,2.0,66.7,24,2.0,38,9.0,8.3,23.7
2024,2,IND,-0.28288926059489394,0.014175525193810087,3.0,1.0,-2.0,2.0,1.0,50.0,36,3.0,17,0.0,8.3,0.0
2024,3,IND,-0.21308674622788185,-0.29276471394513826,2.0,3.0,1.0,3.0,2.0,66.7,22,3.0,55,5.0,13.6,9.1
2024,4,IND,0.11364081754727412,-0.059012402899375656,0.0,2.0,2.0,5.0,3.0,60.0,33,6.0,41,7.0,18.2,17.1
2024,5,IND,0.18899059664171777,0.27860417896024947,1.0,2.0,1.0,5.0,3.0,60.0,50,6.0,34,0.0,12.0,0.0
2024,6,IND,-0.09491334601256621,-0.027677274352665295,1.0,1.0,0.0,3.0,1.0,33.3,39,2.0,30,4.0,5.1,13.3
2024,7,IND,-0.19459945894577232,-0.2572328068957096,1.0,2.0,1.0,3.0,1.0,33.3,29,4.0,31,5.0,13.8,16.1
2024,8,IND,-0.09270544400182772,-0.06942154143449633,2.0,1.0,-1.0,2.0,1.0,50.0,38,9.0,39,9.0,23.7,23.1
2024,9,IND,-0.3300397268495247,-0.04208867882670334,2.0,3.0,1.0,0.0,0.0,,30,7.0,40,7.0,23.3,17.5
2024,10,IND,-0.41675350087274965,-0.036685520726783875,4.0,2.0,-2.0,4.0,2.0,50.0,39,7.0,41,5.0,17.9,12.2
2024,11,IND,0.047156105126246906,-0.1010115717027605,1.0,0.0,-1.0,4.0,3.0,75.0,32,5.0,33,5.0,15.6,15.2
2024,12,IND,0.02403632818956933,0.2546110654720014,0.0,0.0,0.0,2.0,0.0,0.0,30,6.0,40,9.0,20.0,22.5
2024,13,IND,0.07354477364334497,0.17149210281696264,2.0,1.0,-1.0,4.0,3.0,75.0,25,2.0,39,4.0,8.0,10.3
2024,15,IND,-0.5070712230824203,-0.3443866923938799,5.0,3.0,-2.0,1.0,0.0,0.0,43,9.0,37,1.0,20.9,2.7
2024,16,IND,0.4933417641900212,-0.15799464204365743,1.0,3.0,2.0,3.0,2.0,66.7,14,1.0,36,4.0,7.1,11.1
2024,17,IND,0.11277576727241302,0.43553600434730155,3.0,0.0,-3.0,5.0,3.0,60.0,40,4.0,24,1.0,10.0,4.2
2024,18,IND,0.011510927859925225,0.03034178943241788,0.0,1.0,1.0,3.0,1.0,33.3,43,5.0,36,5.0,11.6,13.9
2025,1,IND,0.2774824772564971,-0.6489115599709164,0.0,3.0,3.0,6.0,3.0,50.0,33,2.0,36,6.0,6.1,16.7
2025,2,IND,0.1501247065006962,0.1918209873637272,0.0,1.0,1.0,6.0,2.0,33.3,38,6.0,32,0.0,15.8,0.0
2025,3,IND,0.35904703844433483,-0.23744310758526363,0.0,1.0,1.0,4.0,2.0,50.0,27,2.0,45,7.0,7.4,15.6
2025,4,IND,-0.09276769388046624,0.07704067442059176,3.0,1.0,-2.0,3.0,2.0,66.7,35,8.0,44,9.0,22.9,20.5
2025,5,IND,0.30492213060859136,-0.03516247426679238,0.0,2.0,2.0,6.0,6.0,100.0,32,3.0,41,5.0,9.4,12.2
2025,6,IND,0.14932353989474517,0.08987307613540867,1.0,1.0,0.0,4.0,4.0,100.0,33,6.0,47,12.0,18.2,25.5
2025,7,IND,0.4722852460532026,0.05727257151659878,0.0,2.0,2.0,5.0,4.0,80.0,35,5.0,61,15.0,14.3,24.6
2025,8,IND,0.47444630589998354,-0.022888143070304068,0.0,1.0,1.0,4.0,3.0,75.0,35,6.0,42,6.0,17.1,14.3
2025,9,IND,-0.14494579606832061,0.03851735218337798,5.0,2.0,-3.0,2.0,2.0,100.0,55,9.0,39,3.0,16.4,7.7
2025,10,IND,0.16582703468845486,-0.08573197012615046,2.0,1.0,-1.0,4.0,2.0,50.0,39,8.0,31,4.0,20.5,12.9
2025,12,IND,-0.004252268632973299,0.0025446745604557003,0.0,2.0,2.0,4.0,2.0,50.0,33,6.0,54,8.0,18.2,14.8
2025,13,IND,-0.11632910457837053,0.03767316524348572,0.0,1.0,1.0,4.0,2.0,50.0,28,6.0,37,5.0,21.4,13.5
2025,14,IND,-0.23771348298219105,0.2144849562130214,3.0,1.0,-2.0,4.0,2.0,50.0,39,5.0,33,0.0,12.8,0.0
2025,15,IND,-0.09799451798336897,-0.04144017157500245,1.0,0.0,-1.0,1.0,1.0,100.0,28,4.0,37,5.0,14.3,13.5
2025,16,IND,0.29429049060772844,0.5117835992426324,2.0,1.0,-1.0,2.0,2.0,100.0,38,5.0,36,1.0,13.2,2.8
2025,17,IND,-0.20558239751147017,0.005853578666848325,2.0,2.0,0.0,3.0,2.0,66.7,33,5.0,43,7.0,15.2,16.3
2025,18,IND,-0.07294242176672638,-0.01890033960430786,3.0,0.0,-3.0,4.0,2.0,50.0,38,4.0,33,2.0,10.5,6.1
2024,1,JAX,-0.1479636490791349,0.02407332035096745,1.0,0.0,-1.0,3.0,2.0,66.7,25,4.0,41,4.0,16.0,9.8
2024,2,JAX,-0.033992861799752735,0.08337604251729956,0.0,0.0,0.0,4.0,1.0,25.0,35,7.0,38,8.0,20.0,21.1
2024,3,JAX,-0.29639840752756375,0.6084304142431767,2.0,0.0,-2.0,4.0,1.0,25.0,52,10.0,35,1.0,19.2,2.9
2024,4,JAX,-0.01428147235760615,0.15695022509361492,1.0,0.0,-1.0,3.0,2.0,66.7,35,3.0,46,6.0,8.6,13.0
2024,5,JAX,0.27860417896024947,0.18899059664171777,2.0,1.0,-1.0,4.0,2.0,50.0,34,0.0,50,6.0,0.0,12.0
2024,6,JAX,0.04381059224809874,0.27542156981856,2.0,1.0,-1.0,3.0,2.0,66.7,43,7.0,34,4.0,16.3,11.8
2024,7,JAX,0.3740839721347448,-0.009791347284792647,0.0,0.0,0.0,5.0,3.0,60.0,21,0.0,42,3.0,0.0,7.1
2024,8,JAX,0.061244251585838065,0.10961365258441055,2.0,1.0,-1.0,3.0,3.0,100.0,34,4.0,30,3.0,11.8,10.0
2024,9,JAX,-0.5185853031893762,0.019674697408346195,2.0,2.0,0.0,3.0,2.0,66.7,35,3.0,33,3.0,8.6,9.1
2024,10,JAX,-0.3390633094064935,-0.0035545111179894396,3.0,3.0,0.0,1.0,1.0,100.0,27,4.0,42,3.0,14.8,7.1
2024,11,JAX,-0.40369561920255415,0.6162278010216993,1.0,0.0,-1.0,1.0,0.0,0.0,31,2.0,37,2.0,6.5,5.4
2024,13,JAX,-0.004251218318567657,0.10187594607931987,1.0,0.0,-1.0,4.0,2.0,50.0,45,3.0,38,3.0,6.7,7.9
2024,14,JAX,0.030804982399609836,-0.15862419363598335,2.0,0.0,-2.0,2.0,1.0,50.0,34,6.0,34,3.0,17.6,8.8
2024,15,JAX,0.1333811565148397,0.38513042999026076,2.0,0.0,-2.0,4.0,2.0,50.0,51,3.0,36,3.0,5.9,8.3
2024,16,JAX,-0.21165921295264004,-0.0525793442741708,2.0,0.0,-2.0,1.0,1.0,100.0,40,4.0,41,5.0,10.0,12.2
2024,17,JAX,0.1928677919473799,0.03728812583230865,0.0,1.0,1.0,2.0,2.0,100.0,26,3.0,38,5.0,11.5,13.2
2024,18,JAX,0.03034178943241788,0.011510927859925225,1.0,0.0,-1.0,3.0,2.0,66.7,36,5.0,43,5.0,13.9,11.6
2025,1,JAX,0.31399163162953164,-0.29735658310956425,1.0,3.0,2.0,5.0,2.0,40.0,32,1.0,40,5.0,3.1,12.5
2025,2,JAX,0.09293807758550672,-0.0071659925196110716,2.0,3.0,1.0,6.0,3.0,50.0,44,4.0,48,9.0,9.1,18.8
2025,3,JAX,-0.16326414124613386,-0.20688742736184204,1.0,3.0,2.0,3.0,2.0,66.7,43,4.0,42,5.0,9.3,11.9
2025,4,JAX,0.09526594224266723,-0.08731047618409359,0.0,4.0,4.0,2.0,1.0,50.0,31,0.0,40,4.0,0.0,10.0
2025,5,JAX,0.02829413494960063,0.1889954635324622,2.0,1.0,-1.0,4.0,3.0,75.0,35,7.0,46,4.0,20.0,8.7
2025,6,JAX,-0.008038395100703507,0.022929195029356964,0.0,0.0,0.0,0.0,0.0,,50,13.0,29,4.0,26.0,13.8
2025,7,JAX,-0.24619990850066095,0.38616795920373487,0.0,0.0,0.0,2.0,0.0,0.0,57,12.0,34,4.0,21.1,11.8
2025,9,JAX,0.16868835613402827,0.1569990867452958,1.0,1.0,0.0,5.0,3.0,60.0,38,2.0,43,3.0,5.3,7.0
2025,10,JAX,-0.2440633229858793,0.022857723090050335,2.0,2.0,0.0,4.0,2.0,50.0,32,5.0,49,4.0,15.6,8.2
2025,11,JAX,0.1071783750197098,-0.28881783438561426,1.0,1.0,0.0,6.0,5.0,83.3,24,2.0,32,5.0,8.3,15.6
2025,12,JAX,-0.18808638796123014,-0.1469523248096587,4.0,0.0,-4.0,5.0,3.0,60.0,35,5.0,59,14.0,14.3,23.7
2025,13,JAX,0.08547914049361283,-0.2942672681606088,0.0,2.0,2.0,2.0,2.0,100.0,32,5.0,42,5.0,15.6,11.9
2025,14,JAX,0.2144849562130214,-0.23771348298219105,1.0,3.0,2.0,5.0,3.0,60.0,33,0.0,39,5.0,0.0,12.8
2025,15,JAX,0.4621659132964854,-0.0906027676838061,1.0,3.0,2.0,6.0,4.0,66.7,36,2.0,41,7.0,5.6,17.1
2025,16,JAX,0.24572780922598372,0.009798851632831193,0.0,2.0,2.0,5.0,4.0,80.0,43,14.0,49,6.0,32.6,12.2
2025,17,JAX,0.005853578666848325,-0.20558239751147017,2.0,2.0,0.0,5.0,2.0,40.0,43,7.0,33,5.0,16.3,15.2
2025,18,JAX,0.3111944758328954,-0.30483612319437303,0.0,1.0,1.0,3.0,3.0,100.0,36,2.0,35,5.0,5.6,14.3
2024,1,KC,0.2084062224455951,0.08064930100139914,1.0,1.0,0.0,3.0,1.0,33.3,31,6.0,52,2.0,19.4,3.8
2024,2,KC,-0.07000056183861558,0.045869673695266226,3.0,1.0,-2.0,2.0,1.0,50.0,31,4.0,41,6.0,12.9,14.6
2024,3,KC,0.09948727250851187,-0.09951051042494855,1.0,1.0,0.0,4.0,2.0,50.0,42,7.0,31,10.0,16.7,32.3
2024,4,KC,-0.08798858658497692,-0.2140258374320349,2.0,0.0,-2.0,2.0,1.0,50.0,34,5.0,29,10.0,14.7,34.5
2024,5,KC,0.15883511526717223,-0.06183059199247509,1.0,1.0,0.0,7.0,2.0,28.6,44,6.0,38,9.0,13.6,23.7
2024,7,KC,-0.06528519032370492,-0.30797479588268634,2.0,3.0,1.0,5.0,4.0,80.0,32,6.0,37,6.0,18.8,16.2
2024,8,KC,0.1547135775493504,-0.24363816060188853,1.0,1.0,0.0,4.0,3.0,75.0,41,3.0,34,9.0,7.3,26.5
2024,9,KC,0.1403529048755421,0.1895435593631987,1.0,0.0,-1.0,4.0,4.0,100.0,50,7.0,36,3.0,14.0,8.3
2024,10,KC,0.0032262246740598377,0.0728355631619704,0.0,0.0,0.0,4.0,1.0,25.0,49,9.0,33,5.0,18.4,15.2
2024,11,KC,0.1492611367424009,0.10483378220066315,2.0,1.0,-1.0,3.0,3.0,100.0,35,7.0,45,4.0,20.0,8.9
2024,12,KC,0.28216850231015866,0.1782501539847106,0.0,0.0,0.0,5.0,2.0,40.0,47,7.0,40,6.0,14.9,15.0
2024,13,KC,-0.043106169296476086,0.07842760025558447,0.0,1.0,1.0,5.0,1.0,20.0,51,12.0,37,4.0,23.5,10.8
2024,14,KC,0.016504888172233778,0.08677343292069407,0.0,0.0,0.0,3.0,1.0,33.3,42,12.0,36,7.0,28.6,19.4
2024,15,KC,0.09709758400290423,-0.7146161956208137,1.0,5.0,4.0,4.0,2.0,50.0,42,12.0,41,11.0,28.6,26.8
2024,16,KC,0.12575252254289712,0.09238814503059829,0.0,2.0,2.0,5.0,3.0,60.0,45,4.0,43,12.0,8.9,27.9
2024,17,KC,0.40717676689227256,-0.15902375769967744,0.0,2.0,2.0,5.0,4.0,80.0,39,2.0,48,9.0,5.1,18.8
2024,18,KC,-0.24891081957038863,0.5746092456324464,0.0,0.0,0.0,0.0,0.0,,23,9.0,34,0.0,39.1,0.0
2025,1,KC,0.13978291028653747,0.3200720840759058,0.0,0.0,0.0,3.0,1.0,33.3,46,8.0,41,4.0,17.4,9.8
2025,2,KC,-0.2511966648585121,0.016440971190527745,1.0,0.0,-1.0,2.0,1.0,50.0,38,9.0,25,4.0,23.7,16.0
2025,3,KC,0.17662052913273002,-0.2842226976450714,0.0,2.0,2.0,3.0,2.0,66.7,41,9.0,38,9.0,22.0,23.7
2025,4,KC,0.3553472496007321,-0.02459891534836538,0.0,2.0,2.0,6.0,4.0,66.7,40,3.0,40,9.0,7.5,22.5
2025,5,KC,0.1889954635324622,0.02829413494960063,1.0,2.0,1.0,5.0,4.0,80.0,46,4.0,35,7.0,8.7,20.0
2025,6,KC,0.31504525447071874,0.18459349171239503,0.0,0.0,0.0,6.0,4.0,66.7,38,4.0,31,4.0,10.5,12.9
2025,7,KC,0.4322358172386885,-0.43874417256134063,0.0,1.0,1.0,5.0,4.0,80.0,40,3.0,20,2.0,7.5,10.0
2025,8,KC,0.2311634062621225,-0.13552851268620944,2.0,2.0,0.0,4.0,4.0,100.0,40,7.0,35,4.0,17.5,11.4
2025,9,KC,-0.13903406745053926,0.24241609109158163,1.0,0.0,-1.0,3.0,2.0,66.7,38,14.0,30,5.0,36.8,16.7
2025,11,KC,0.04535642096272473,0.032746005734641585,1.0,0.0,-1.0,4.0,1.0,25.0,49,8.0,41,5.0,16.3,12.2
2025,12,KC,0.0025446745604557003,-0.004252268632973299,2.0,0.0,-2.0,6.0,1.0,16.7,54,8.0,33,6.0,14.8,18.2
2025,13,KC,0.24284478240366236,0.21834241261353415,0.0,1.0,1.0,3.0,3.0,100.0,40,9.0,39,6.0,22.5,15.4
2025,14,KC,-0.3016743219838276,-0.08553437526017184,3.0,0.0,-3.0,2.0,1.0,50.0,41,7.0,35,9.0,17.1,25.7
2025,15,KC,-0.10570821223760266,-0.045161468432791736,2.0,1.0,-1.0,3.0,1.0,33.3,40,9.0,33,10.0,22.5,30.3
2025,16,KC,-0.22487193859804328,-0.011994744974865832,0.0,0.0,0.0,1.0,0.0,0.0,31,5.0,31,5.0,16.1,16.1
2025,17,KC,-0.1994587992753669,0.0965345055469601,0.0,1.0,1.0,1.0,1.0,100.0,24,6.0,44,6.0,25.0,13.6
2025,18,KC,-0.4682060693371074,-0.49023991220838736,2.0,2.0,0.0,2.0,0.0,0.0,40,13.0,31,5.0,32.5,16.1
2024,1,LA,0.043882258343161014,0.09622072189941723,1.0,1.0,0.0,5.0,2.0,40.0,51,11.0,31,5.0,21.6,16.1
2024,2,LA,-0.47438868611439655,0.8217066946505968,1.0,1.0,0.0,3.0,1.0,33.3,32,9.0,26,1.0,28.1,3.8
2024,3,LA,0.11957015910524203,0.20031309955590618,0.0,1.0,1.0,5.0,3.0,60.0,29,5.0,38,4.0,17.2,10.5
2024,4,LA,0.05534748055590692,0.09404116441392604,2.0,0.0,-2.0,4.0,1.0,25.0,32,6.0,26,4.0,18.8,15.4
2024,5,LA,-0.08595846124884893,0.0798677318714897,2.0,1.0,-1.0,3.0,2.0,66.7,48,9.0,29,3.0,18.8,10.3
2024,7,LA,-0.28772169773148804,-0.340506677532712,1.0,4.0,3.0,3.0,2.0,66.7,24,2.0,46,10.0,8.3,21.7
2024,8,LA,0.23064058655932135,0.16121713944471833,1.0,0.0,-1.0,3.0,3.0,100.0,34,2.0,29,5.0,5.9,17.2
2024,9,LA,-0.027722658965730843,-0.24853514300815582,1.0,3.0,2.0,3.0,1.0,33.3,44,7.0,43,11.0,15.9,25.6
2024,10,LA,-0.3294141528417014,-0.1191998257027571,2.0,2.0,0.0,3.0,0.0,0.0,49,7.0,31,4.0,14.3,12.9
2024,11,LA,0.4036402737653398,0.10206341777208411,0.0,2.0,2.0,4.0,3.0,75.0,27,4.0,45,5.0,14.8,11.1
2024,12,LA,-0.11712666953348914,0.33374347618700884,1.0,0.0,-1.0,4.0,2.0,50.0,42,11.0,26,2.0,26.2,7.7
2024,13,LA,0.1370169095786808,-0.07305640455592345,0.0,0.0,0.0,3.0,3.0,100.0,26,6.0,39,3.0,23.1,7.7
2024,14,LA,0.32374213289740345,0.22566449540588723,0.0,0.0,0.0,6.0,5.0,83.3,30,3.0,41,1.0,10.0,2.4
2024,15,LA,-0.10026696310402472,-0.28493972091683123,0.0,1.0,1.0,3.0,0.0,0.0,28,5.0,34,3.0,17.9,8.8
2024,16,LA,0.15883785718659812,-0.032647591238935354,2.0,1.0,-1.0,5.0,2.0,40.0,19,1.0,44,2.0,5.3,4.5
2024,17,LA,-0.03091085615455659,-0.00913665684852672,0.0,2.0,2.0,2.0,1.0,50.0,33,2.0,54,6.0,6.1,11.1
2024,18,LA,0.039035815604876505,0.2628811156955123,1.0,0.0,-1.0,4.0,2.0,50.0,45,9.0,29,3.0,20.0,10.3
2025,1,LA,-0.07477191505425324,-0.13239190355484282,1.0,2.0,1.0,3.0,2.0,66.7,32,6.0,34,7.0,18.8,20.6
2025,2,LA,0.24260989124639135,-0.1724403232806851,1.0,1.0,0.0,6.0,3.0,50.0,34,6.0,41,9.0,17.6,22.0
2025,3,LA,-0.034832609048073275,0.03218167780282637,1.0,1.0,0.0,4.0,1.0,25.0,34,7.0,37,4.0,20.6,10.8
2025,4,LA,0.07704067442059176,-0.09276769388046624,1.0,3.0,2.0,3.0,2.0,66.7,44,9.0,35,8.0,20.5,22.9
2025,5,LA,0.07494362587992895,0.12498951755959781,2.0,0.0,-2.0,5.0,3.0,60.0,47,2.0,49,9.0,4.3,18.4
2025,6,LA,0.10089668659889595,-0.3957692968313643,1.0,3.0,2.0,5.0,2.0,40.0,29,2.0,39,11.0,6.9,28.2
2025,7,LA,0.38616795920373487,-0.24619990850066095,0.0,0.0,0.0,4.0,4.0,100.0,34,4.0,57,12.0,11.8,21.1
2025,9,LA,0.38651275405142343,-0.31673804805614053,0.0,2.0,2.0,5.0,4.0,80.0,34,4.0,25,2.0,11.8,8.0
2025,10,LA,0.4451581016841854,0.1545550614222409,0.0,2.0,2.0,6.0,5.0,83.3,37,7.0,39,1.0,18.9,2.6
2025,11,LA,-0.14086865728402662,-0.1996551647972019,1.0,4.0,3.0,4.0,3.0,75.0,28,3.0,45,3.0,10.7,6.7
2025,12,LA,0.6384224110426238,-0.33659394407355836,0.0,2.0,2.0,2.0,2.0,100.0,36,3.0,42,6.0,8.3,14.3
2025,13,LA,0.13982017444446682,0.2375984378085488,3.0,0.0,-3.0,6.0,4.0,66.7,30,2.0,24,2.0,6.7,8.3
2025,14,LA,0.5833629442770911,0.08114211995670419,0.0,1.0,1.0,4.0,3.0,75.0,31,2.0,50,11.0,6.5,22.0
2025,15,LA,0.2052834694897685,0.16000069822967194,1.0,0.0,-1.0,6.0,4.0,66.7,41,8.0,42,8.0,19.5,19.0
2025,16,LA,0.2731024295166877,0.02022347858340557,0.0,3.0,3.0,6.0,3.0,50.0,51,4.0,39,6.0,7.8,15.4
2025,17,LA,-0.32382315470220463,0.12201041748360977,3.0,0.0,-3.0,3.0,1.0,33.3,41,5.0,20,7.0,12.2,35.0
2025,18,LA,0.17714184102233912,0.08589356818676588,0.0,2.0,2.0,4.0,2.0,50.0,41,4.0,40,12.0,9.8,30.0
2024,1,LAC,-0.07171406133091482,-0.32589437558062195,0.0,3.0,3.0,4.0,2.0,50.0,28,5.0,40,6.0,17.9,15.0
2024,2,LAC,0.2140075648277376,-0.5882317592644988,2.0,1.0,-1.0,2.0,1.0,50.0,22,2.0,29,2.0,9.1,6.9
2024,3,LAC,-0.138308549302108,0.06914823419715692,0.0,1.0,1.0,1.0,0.0,0.0,25,7.0,35,5.0,28.0,14.3
2024,4,LAC,-0.2140258374320349,-0.08798858658497692,0.0,2.0,2.0,2.0,1.0,50.0,29,10.0,34,5.0,34.5,14.7
2024,6,LAC,0.30301109363195355,-0.5219395873597629,0.0,2.0,2.0,3.0,1.0,33.3,38,6.0,41,6.0,15.8,14.6
2024,7,LAC,0.04946805758481444,0.03591196748696022,1.0,1.0,0.0,1.0,0.0,0.0,43,7.0,29,1.0,16.3,3.4
2024,8,LAC,-0.09918217487297623,-0.19276060718386914,0.0,0.0,0.0,3.0,2.0,66.7,38,6.0,49,7.0,15.8,14.3
2024,9,LAC,0.1131001595325919,-0.3678409669061544,0.0,3.0,3.0,3.0,3.0,100.0,34,11.0,56,8.0,32.4,14.3
2024,10,LAC,0.25579760624035963,0.08386237889794769,0.0,0.0,0.0,5.0,3.0,60.0,23,2.0,33,9.0,8.7,27.3
2024,11,LAC,0.15402601255178028,0.021240269518047302,1.0,0.0,-1.0,2.0,1.0,50.0,41,5.0,55,13.0,12.2,23.6
2024,12,LAC,0.029048806028518018,0.3925071290975927,0.0,0.0,0.0,2.0,2.0,100.0,44,7.0,23,2.0,15.9,8.7
2024,13,LAC,-0.3173912260177824,-0.23777067035088434,1.0,4.0,3.0,2.0,0.0,0.0,29,8.0,40,4.0,27.6,10.0
2024,14,LAC,0.08677343292069407,0.016504888172233778,0.0,0.0,0.0,3.0,2.0,66.7,36,7.0,42,12.0,19.4,28.6
2024,15,LAC,-0.2036161411320053,0.2565902932794556,2.0,2.0,0.0,3.0,2.0,66.7,37,9.0,30,2.0,24.3,6.7
2024,16,LAC,0.2266536872673949,0.1939276747599964,1.0,0.0,-1.0,4.0,3.0,75.0,37,8.0,44,4.0,21.6,9.1
2024,17,LAC,0.39495522698671653,-0.3527403162858848,0.0,1.0,1.0,4.0,2.0,50.0,43,4.0,33,6.0,9.3,18.2
2024,18,LAC,0.22595196764919942,-0.3030066338764461,0.0,1.0,1.0,6.0,3.0,50.0,37,3.0,37,5.0,8.1,13.5
2025,1,LAC,0.3200720840759058,0.13978291028653747,0.0,0.0,0.0,4.0,2.0,50.0,41,4.0,46,8.0,9.8,17.4
2025,2,LAC,0.15446680940260585,-0.29338815941125834,1.0,3.0,2.0,3.0,1.0,33.3,32,3.0,48,5.0,9.4,10.4
2025,3,LAC,-0.03864487916748578,-0.04619461549997296,2.0,0.0,-2.0,3.0,1.0,33.3,53,14.0,32,5.0,26.4,15.6
2025,4,LAC,-0.18880238447070422,-0.16267330483299264,2.0,0.0,-2.0,1.0,0.0,0.0,44,12.0,30,8.0,27.3,26.7
2025,5,LAC,-0.1421852248649068,0.20674712528854772,2.0,1.0,-1.0,2.0,1.0,50.0,39,8.0,31,1.0,20.5,3.2
2025,6,LAC,0.10399103724870683,0.09100858336886261,1.0,3.0,2.0,7.0,2.0,28.6,39,7.0,36,4.0,17.9,11.1
2025,7,LAC,0.05727257151659878,0.4722852460532026,2.0,0.0,-2.0,4.0,3.0,75.0,61,15.0,35,5.0,24.6,14.3
2025,8,LAC,0.4308216121711419,-0.16026595444965272,1.0,1.0,0.0,4.0,3.0,75.0,34,8.0,36,8.0,23.5,22.2
2025,9,LAC,0.08704887053496654,-0.17723924175599148,1.0,0.0,-1.0,4.0,3.0,75.0,39,10.0,26,5.0,25.6,19.2
2025,10,LAC,-0.13440774051067705,-0.44418193497821956,1.0,2.0,1.0,3.0,2.0,66.7,40,9.0,34,5.0,22.5,14.7
2025,11,LAC,-0.28881783438561426,0.1071783750197098,1.0,1.0,0.0,1.0,0.0,0.0,32,5.0,24,2.0,15.6,8.3
2025,13,LAC,0.12939905283297887,-0.5228033597751554,1.0,1.0,0.0,5.0,3.0,60.0,28,4.0,28,8.0,14.3,28.6
2025,14,LAC,-0.2722896922987969,-0.26299179564461084,2.0,4.0,2.0,3.0,1.0,33.3,41,9.0,43,6.0,22.0,14.0
2025,15,LAC,-0.045161468432791736,-0.10570821223760266,1.0,2.0,1.0,2.0,1.0,50.0,33,10.0,40,9.0,30.3,22.5
2025,16,LAC,0.4798725127005001,0.1375181556552203,0.0,1.0,1.0,4.0,2.0,50.0,33,5.0,36,3.0,15.2,8.3
2025,17,LAC,-0.2153056603435169,-0.1514305319207047,1.0,2.0,1.0,5.0,2.0,40.0,42,8.0,28,1.0,19.0,3.6
2025,18,LAC,-0.5678225913086806,-0.23200681152491603,2.0,0.0,-2.0,2.0,0.0,0.0,50,7.0,33,6.0,14.0,18.2
2024,1,LV,-0.32589437558062195,-0.07171406133091482,3.0,0.0,-3.0,1.0,0.0,0.0,40,6.0,28,5.0,15.0,17.9
2024,2,LV,-0.16523290203071855,-0.010843661948616447,1.0,1.0,0.0,3.0,2.0,66.7,43,9.0,36,2.0,20.9,5.6
2024,3,LV,-0.3108247706297061,0.2792118989243615,1.0,0.0,-1.0,3.0,3.0,100.0,45,6.0,39,4.0,13.3,10.3
2024,4,LV,-0.15934773658131007,-0.11794547341168886,1.0,1.0,0.0,3.0,2.0,66.7,26,4.0,42,10.0,15.4,23.8
2024,5,LV,-0.2503035718463014,0.036309947688102584,3.0,0.0,-3.0,2.0,1.0,50.0,42,6.0,31,4.0,14.3,12.9
2024,6,LV,-0.22711005097060183,0.12669291882095568,3.0,0.0,-3.0,3.0,2.0,66.7,41,3.0,32,5.0,7.3,15.6
2024,7,LV,-0.340506677532712,-0.28772169773148804,4.0,1.0,-3.0,2.0,0.0,0.0,46,10.0,24,2.0,21.7,8.3
2024,8,LV,-0.24363816060188853,0.1547135775493504,1.0,1.0,0.0,4.0,2.0,50.0,34,9.0,41,3.0,26.5,7.3
2024,9,LV,-0.13306459943253923,0.46420601451286536,2.0,1.0,-1.0,1.0,1.0,100.0,39,13.0,41,6.0,33.3,14.6
2024,11,LV,0.1317154270039226,0.3496954221552143,1.0,0.0,-1.0,3.0,1.0,33.3,48,4.0,37,2.0,8.3,5.4
2024,12,LV,-0.31233791302841335,0.07247562818515277,2.0,0.0,-2.0,5.0,1.0,20.0,59,8.0,44,2.0,13.6,4.5
2024,13,LV,0.07842760025558447,-0.043106169296476086,1.0,0.0,-1.0,1.0,0.0,0.0,37,4.0,51,12.0,10.8,23.5
2024,14,LV,-0.15162565034828532,0.01765430159220058,2.0,3.0,1.0,4.0,1.0,25.0,41,6.0,35,7.0,14.6,20.0
2024,15,LV,-0.26771047328519215,-0.21241917516919434,3.0,1.0,-2.0,1.0,1.0,100.0,45,6.0,21,3.0,13.3,14.3
2024,16,LV,-0.0525793442741708,-0.21165921295264004,0.0,2.0,2.0,3.0,2.0,66.7,41,5.0,40,4.0,12.2,10.0
2024,17,LV,0.18605528293370305,-0.18747230698748507,0.0,2.0,2.0,4.0,2.0,50.0,36,2.0,42,5.0,5.6,11.9
2024,18,LV,-0.3030066338764461,0.22595196764919942,1.0,0.0,-1.0,2.0,1.0,50.0,37,5.0,37,3.0,13.5,8.1
2025,1,LV,0.13765012949440572,-0.10751332473423829,1.0,1.0,0.0,1.0,1.0,100.0,38,8.0,53,11.0,21.1,20.8
2025,2,LV,-0.29338815941125834,0.15446680940260585,3.0,1.0,-2.0,3.0,0.0,0.0,48,5.0,32,3.0,10.4,9.4
2025,3,LV,-0.1894232063005412,0.281906438951623,0.0,1.0,1.0,3.0,2.0,66.7,34,9.0,22,3.0,26.5,13.6
2025,4,LV,-0.19576072275759035,-0.10745341784109823,4.0,1.0,-3.0,3.0,2.0,66.7,22,1.0,41,2.0,4.5,4.9
2025,5,LV,-0.03516247426679238,0.30492213060859136,2.0,0.0,-2.0,4.0,0.0,0.0,41,5.0,32,3.0,12.2,9.4
2025,6,LV,-0.14351252320771798,-0.38584569369494504,1.0,3.0,2.0,4.0,2.0,50.0,25,7.0,43,9.0,28.0,20.9
2025,7,LV,-0.43874417256134063,0.4322358172386885,1.0,0.0,-1.0,0.0,0.0,,20,2.0,40,3.0,10.0,7.5
2025,9,LV,0.1569990867452958,0.16868835613402827,1.0,1.0,0.0,4.0,3.0,75.0,43,3.0,38,2.0,7.0,5.3
2025,10,LV,-0.39005505442955796,-0.26618174888885554,1.0,2.0,1.0,1.0,1.0,100.0,35,8.0,30,4.0,22.9,13.3
2025,11,LV,-0.29088417262406496,0.31092079463285394,1.0,1.0,0.0,3.0,1.0,33.3,49,10.0,34,4.0,20.4,11.8
2025,12,LV,-0.5101415733416373,-0.32350596426581013,1.0,2.0,1.0,1.0,1.0,100.0,56,16.0,21,5.0,28.6,23.8
2025,13,LV,-0.5228033597751554,0.12939905283297887,1.0,1.0,0.0,2.0,2.0,100.0,28,8.0,28,4.0,28.6,14.3
2025,14,LV,-0.24484307849244843,0.24217734044092745,0.0,0.0,0.0,2.0,1.0,50.0,37,7.0,43,6.0,18.9,14.0
2025,15,LV,-0.3316764773053089,0.19982797926771306,1.0,0.0,-1.0,0.0,0.0,,30,9.0,22,1.0,30.0,4.5
2025,16,LV,-0.04247776650876369,-0.15858796426285257,1.0,0.0,-1.0,1.0,1.0,100.0,26,3.0,36,4.0,11.5,11.1
2025,17,LV,-0.18244326733196,0.19078297739488678,2.0,0.0,-2.0,2.0,1.0,50.0,35,9.0,35,7.0,25.7,20.0
2025,18,LV,-0.49023991220838736,-0.4682060693371074,2.0,2.0,0.0,2.0,0.0,0.0,31,5.0,40,13.0,16.1,32.5
2024,1,MIA,0.02407332035096745,-0.1479636490791349,0.0,1.0,1.0,2.0,1.0,50.0,41,4.0,25,4.0,9.8,16.0
2024,2,MIA,-0.22735513528957654,0.4380386190813132,3.0,0.0,-3.0,4.0,1.0,25.0,44,5.0,20,0.0,11.4,0.0
2024,3,MIA,-0.4542068927356953,-0.19437814625215086,0.0,2.0,2.0,2.0,0.0,0.0,39,13.0,37,7.0,33.3,18.9
2024,4,MIA,-0.664982428448518,-0.154976128362418,1.0,1.0,0.0,1.0,1.0,100.0,26,5.0,22,3.0,19.2,13.6
2024,5,MIA,-0.0573774376376372,-0.0816255004928116,2.0,0.0,-2.0,2.0,1.0,50.0,36,4.0,36,9.0,11.1,25.0
2024,7,MIA,-0.2572328068957096,-0.19459945894577232,2.0,1.0,-1.0,3.0,1.0,33.3,31,5.0,29,4.0,16.1,13.8
2024,8,MIA,0.19287460964627995,0.29873095771053265,0.0,0.0,0.0,4.0,3.0,75.0,40,4.0,37,1.0,10.0,2.7
2024,9,MIA,0.3055681748716005,0.15103520642595664,1.0,1.0,0.0,4.0,3.0,75.0,30,2.0,40,3.0,6.7,7.5
2024,10,MIA,-0.1191998257027571,-0.3294141528417014,2.0,2.0,0.0,3.0,2.0,66.7,31,4.0,49,7.0,12.9,14.3
2024,11,MIA,0.3496954221552143,0.1317154270039226,0.0,1.0,1.0,4.0,3.0,75.0,37,2.0,48,4.0,5.4,8.3
2024,12,MIA,0.3776628504293816,-0.05707933185643621,1.0,2.0,1.0,4.0,3.0,75.0,42,2.0,46,7.0,4.8,15.2
2024,13,MIA,-0.06558490375373185,0.350429063836506,0.0,1.0,1.0,4.0,2.0,50.0,52,6.0,28,3.0,11.5,10.7
2024,14,MIA,0.2194868966289565,0.2324546813383165,0.0,0.0,0.0,4.0,3.0,75.0,47,0.0,42,6.0,0.0,14.3
2024,15,MIA,-0.19903952987325652,-0.2920931095744566,4.0,1.0,-3.0,2.0,1.0,50.0,43,4.0,32,6.0,9.3,18.8
2024,16,MIA,0.08392528476974402,0.07778972249961519,0.0,1.0,1.0,3.0,1.0,33.3,34,1.0,44,6.0,2.9,13.6
2024,17,MIA,-0.1463638049323145,-0.4002090226564333,0.0,2.0,2.0,2.0,2.0,100.0,34,8.0,49,6.0,23.5,12.2
2024,18,MIA,-0.17170171535304257,0.044126199191148796,4.0,1.0,-3.0,5.0,2.0,40.0,48,11.0,40,4.0,22.9,10.0
2025,1,MIA,-0.6489115599709164,0.2774824772564971,3.0,0.0,-3.0,1.0,1.0,100.0,36,6.0,33,2.0,16.7,6.1
2025,2,MIA,0.16988271840078065,0.3302870264829718,1.0,0.0,-1.0,2.0,1.0,50.0,37,7.0,30,3.0,18.9,10.0
2025,3,MIA,0.06133250483981101,0.3032885740740511,1.0,0.0,-1.0,3.0,3.0,100.0,35,1.0,32,2.0,2.9,6.2
2025,4,MIA,0.2630873802541163,0.037978008686135184,0.0,3.0,3.0,4.0,3.0,75.0,27,0.0,35,3.0,0.0,8.6
2025,5,MIA,0.095273431587789,0.15926762393042973,0.0,2.0,2.0,3.0,2.0,66.7,40,3.0,33,7.0,7.5,21.2
2025,6,MIA,0.09100858336886261,0.10399103724870683,3.0,1.0,-2.0,3.0,2.0,66.7,36,4.0,39,7.0,11.1,17.9
2025,7,MIA,-0.5841702157400346,0.0897718427947547,4.0,0.0,-4.0,2.0,0.0,0.0,36,7.0,23,3.0,19.4,13.0
2025,8,MIA,0.20826889328039408,-0.5808864512730237,0.0,1.0,1.0,5.0,3.0,60.0,28,2.0,32,4.0,7.1,12.5
2025,9,MIA,-0.22009169848799243,0.17860356064663982,3.0,0.0,-3.0,3.0,0.0,0.0,42,3.0,27,4.0,7.1,14.8
2025,10,MIA,0.18531879770694762,-0.3550021598497297,2.0,3.0,1.0,1.0,1.0,100.0,21,2.0,46,7.0,9.5,15.2
2025,11,MIA,-0.019850018187706958,0.07062747970214588,1.0,1.0,0.0,5.0,1.0,20.0,23,3.0,32,5.0,13.0,15.6
2025,13,MIA,-0.08142501414668675,-0.14208547069566396,1.0,2.0,1.0,2.0,0.0,0.0,28,6.0,45,7.0,21.4,15.6
2025,14,MIA,0.22315974465277733,-0.6416045220339092,0.0,3.0,3.0,4.0,4.0,100.0,22,3.0,40,8.0,13.6,20.0
2025,15,MIA,-0.34920317504016374,0.2348872249415937,1.0,0.0,-1.0,2.0,2.0,100.0,33,5.0,30,3.0,15.2,10.0
2025,16,MIA,-0.13191320827249192,0.4147352089403914,3.0,0.0,-3.0,2.0,2.0,100.0,31,4.0,36,4.0,12.9,11.1
2025,17,MIA,0.20371801704208245,-0.07120564490413278,0.0,3.0,3.0,3.0,1.0,33.3,25,3.0,50,5.0,12.0,10.0
2025,18,MIA,-0.2340165155342242,0.4110910382039754,2.0,0.0,-2.0,3.0,1.0,33.3,30,9.0,28,3.0,30.0,10.7
2024,1,MIN,0.42811880041335826,-0.38524141731643874,2.0,2.0,0.0,2.0,2.0,100.0,26,2.0,49,12.0,7.7,24.5
2024,2,MIN,0.00876556440933044,-0.10991907374748043,2.0,2.0,0.0,3.0,1.0,33.3,31,6.0,44,8.0,19.4,18.2
2024,3,MIN,0.16793352779297327,-0.2572897247820116,0.0,2.0,2.0,5.0,4.0,80.0,32,7.0,51,8.0,21.9,15.7
2024,4,MIN,0.543238685073821,-0.6003720841219218,2.0,5.0,3.0,5.0,3.0,60.0,33,3.0,56,10.0,9.1,17.9
2024,5,MIN,-0.2767257415217843,-0.3355986670207865,2.0,3.0,1.0,1.0,1.0,100.0,37,7.0,57,11.0,18.9,19.3
2024,7,MIN,0.07256094947072406,0.1309338362954333,1.0,1.0,0.0,0.0,0.0,,36,5.0,29,7.0,13.9,24.1
2024,8,MIN,0.16121713944471833,0.23064058655932135,0.0,1.0,1.0,4.0,2.0,50.0,29,5.0,34,2.0,17.2,5.9
2024,9,MIN,-0.04208867882670334,-0.3300397268495247,3.0,2.0,-1.0,5.0,3.0,60.0,40,7.0,30,7.0,17.5,23.3
2024,10,MIN,-0.0035545111179894396,-0.3390633094064935,3.0,3.0,0.0,5.0,0.0,0.0,42,3.0,27,4.0,7.1,14.8
2024,11,MIN,0.04081233629921565,-0.06059239670295453,1.0,1.0,0.0,2.0,2.0,100.0,37,4.0,38,9.0,10.8,23.7
2024,12,MIN,0.16554184857369508,-0.02112686998180162,2.0,0.0,-2.0,7.0,3.0,42.9,38,9.0,55,5.0,23.7,9.1
2024,13,MIN,-0.0658263997318538,0.036537850582664774,1.0,2.0,1.0,4.0,2.0,50.0,39,8.0,50,4.0,20.5,8.0
2024,14,MIN,0.38107637986491993,0.10006746115841003,0.0,3.0,3.0,4.0,4.0,100.0,34,7.0,38,4.0,20.6,10.5
2024,15,MIN,0.028203281654097228,-0.3047060585037806,1.0,1.0,0.0,4.0,3.0,75.0,42,8.0,36,3.0,19.0,8.3
2024,16,MIN,0.09505266635780972,0.03819092147175594,0.0,2.0,2.0,2.0,2.0,100.0,40,7.0,46,8.0,17.5,17.4
2024,17,MIN,0.23644170360447872,-0.15984031945729815,1.0,1.0,0.0,4.0,2.0,50.0,44,4.0,34,7.0,9.1,20.6
2024,18,MIN,-0.24866115859064608,0.008642886265660035,0.0,2.0,2.0,4.0,0.0,0.0,45,10.0,35,6.0,22.2,17.1
2025,1,MIN,-0.18626943003657018,-0.09199011179008484,1.0,1.0,0.0,3.0,2.0,66.7,24,5.0,43,4.0,20.8,9.3
2025,2,MIN,-0.4526691502053735,-0.06902547659826556,3.0,2.0,-1.0,1.0,0.0,0.0,30,9.0,24,5.0,30.0,20.8
2025,3,MIN,-0.1310954726315969,-0.9949749223718262,0.0,5.0,5.0,5.0,4.0,80.0,29,4.0,31,10.0,13.8,32.3
2025,4,MIN,-0.19744177070444144,0.31802006334043537,2.0,0.0,-2.0,4.0,2.0,50.0,53,13.0,25,3.0,24.5,12.0
2025,5,MIN,0.03647955072198828,-0.011413968600349553,2.0,0.0,-2.0,2.0,2.0,100.0,41,3.0,35,3.0,7.3,8.6
2025,7,MIN,-0.08892315779743927,0.3099991478489831,2.0,0.0,-2.0,6.0,1.0,16.7,46,8.0,26,4.0,17.4,15.4
2025,8,MIN,-0.16026595444965272,0.4308216121711419,1.0,1.0,0.0,1.0,1.0,100.0,36,8.0,34,8.0,22.2,23.5
2025,9,MIN,0.04314209729246398,-0.007077456632856924,1.0,1.0,0.0,5.0,3.0,60.0,31,9.0,42,11.0,29.0,26.2
2025,10,MIN,-0.25991272016755945,0.04979593115215657,3.0,0.0,-3.0,3.0,2.0,66.7,47,12.0,33,4.0,25.5,12.1
2025,11,MIN,-0.19253063808414522,-0.017561983663311628,2.0,0.0,-2.0,3.0,2.0,66.7,32,5.0,36,5.0,15.6,13.9
2025,12,MIN,-0.2661255956285457,0.09190179028467291,2.0,1.0,-1.0,1.0,0.0,0.0,25,9.0,24,5.0,36.0,20.8
2025,13,MIN,-0.9205482293307016,-0.25462012999905487,5.0,1.0,-4.0,1.0,0.0,0.0,34,6.0,30,5.0,17.6,16.7
2025,14,MIN,0.19804898934130027,-0.24347081230595136,0.0,3.0,3.0,4.0,4.0,100.0,29,7.0,32,4.0,24.1,12.5
2025,15,MIN,0.2736697772187091,0.09388230238628939,1.0,0.0,-1.0,4.0,3.0,75.0,26,1.0,40,9.0,3.8,22.5
2025,16,MIN,-0.05671287556054692,-0.3790469533118428,2.0,1.0,-1.0,3.0,1.0,33.3,29,9.0,19,6.0,31.0,31.6
2025,17,MIN,-0.30283185308022015,-0.4780692466139943,0.0,6.0,6.0,1.0,1.0,100.0,25,9.0,34,8.0,36.0,23.5
2025,18,MIN,0.040625131615960895,-0.4465314588276669,1.0,0.0,-1.0,4.0,1.0,25.0,34,7.0,17,5.0,20.6,29.4
2024,1,NE,-0.004842125845687531,-0.17894963442784265,1.0,1.0,0.0,4.0,1.0,25.0,29,7.0,35,3.0,24.1,8.6
2024,2,NE,0.05643542399823568,0.02222977426838338,0.0,0.0,0.0,4.0,2.0,50.0,32,7.0,47,5.0,21.9,10.6
2024,3,NE,-0.35316070712328135,0.39476370521886545,1.0,0.0,-1.0,1.0,0.0,0.0,35,12.0,40,4.0,34.3,10.0
2024,4,NE,-0.491870175995727,0.42410558717421065,3.0,2.0,-1.0,2.0,1.0,50.0,39,12.0,30,4.0,30.8,13.3
2024,5,NE,-0.0816255004928116,-0.0573774376376372,0.0,2.0,2.0,2.0,0.0,0.0,36,9.0,36,4.0,25.0,11.1
2024,6,NE,-0.7791604986696532,0.11553957022139151,4.0,1.0,-3.0,1.0,1.0,100.0,42,8.0,35,4.0,19.0,11.4
2024,7,NE,-0.009791347284792647,0.3740839721347448,0.0,0.0,0.0,2.0,2.0,100.0,42,3.0,21,0.0,7.1,0.0
2024,8,NE,0.020773715829676048,0.11858451286326034,0.0,0.0,0.0,4.0,3.0,75.0,36,3.0,29,5.0,8.3,17.2
2024,9,NE,-0.08869032534496381,0.011146080145846424,3.0,1.0,-2.0,2.0,2.0,100.0,51,8.0,36,4.0,15.7,11.1
2024,10,NE,0.03907320047633976,-0.3922830789812793,1.0,0.0,-1.0,5.0,1.0,20.0,29,7.0,41,13.0,24.1,31.7
2024,11,NE,0.10206341777208411,0.4036402737653398,2.0,0.0,-2.0,5.0,2.0,40.0,45,5.0,27,4.0,11.1,14.8
2024,12,NE,-0.05707933185643621,0.3776628504293816,2.0,1.0,-1.0,0.0,0.0,,46,7.0,42,2.0,15.2,4.8
2024,13,NE,0.17149210281696264,0.07354477364334497,1.0,2.0,1.0,6.0,2.0,33.3,39,4.0,25,2.0,10.3,8.0
2024,15,NE,-0.24652792291153486,0.12258746728240925,1.0,0.0,-1.0,3.0,2.0,66.7,28,2.0,36,0.0,7.1,0.0
2024,16,NE,-0.11281837045901215,0.10826096248360914,3.0,1.0,-2.0,3.0,2.0,66.7,40,6.0,34,2.0,15.0,5.9
2024,17,NE,-0.3527403162858848,0.39495522698671653,1.0,0.0,-1.0,0.0,0.0,,33,6.0,43,4.0,18.2,9.3
2024,18,NE,0.033465403571571295,-0.06714681854610154,1.0,0.0,-1.0,3.0,1.0,33.3,33,4.0,33,2.0,12.1,6.1
2025,1,NE,-0.10751332473423829,0.13765012949440572,1.0,1.0,0.0,3.0,1.0,33.3,53,11.0,38,8.0,20.8,21.1
2025,2,NE,0.3302870264829718,0.16988271840078065,0.0,1.0,1.0,4.0,3.0,75.0,30,3.0,37,7.0,10.0,18.9
2025,3,NE,-0.15746352048861323,-0.05209427356084748,5.0,1.0,-4.0,4.0,2.0,50.0,47,8.0,24,3.0,17.0,12.5
2025,4,NE,0.5023769178181229,-0.008424158201684366,0.0,0.0,0.0,4.0,4.0,100.0,22,1.0,38,4.0,4.5,10.5
2025,5,NE,0.061872875329927024,0.03892745436064732,1.0,3.0,2.0,4.0,2.0,50.0,36,8.0,39,4.0,22.2,10.3
2025,6,NE,0.14137003869581485,-0.04114743442538712,0.0,1.0,1.0,1.0,0.0,0.0,31,4.0,30,4.0,12.9,13.3
2025,7,NE,0.4912445698338016,-0.2641734350000216,0.0,2.0,2.0,3.0,2.0,66.7,36,5.0,39,6.0,13.9,15.4
2025,8,NE,0.07977619837541354,-0.4699044253904292,2.0,2.0,0.0,6.0,2.0,33.3,34,8.0,38,2.0,23.5,5.3
2025,9,NE,0.013419395030301828,0.06972141226584215,2.0,0.0,-2.0,4.0,3.0,75.0,40,7.0,40,4.0,17.5,10.0
2025,10,NE,0.17789473459285138,-0.030099440964845004,1.0,0.0,-1.0,2.0,1.0,50.0,36,6.0,45,5.0,16.7,11.1
2025,11,NE,0.25367672642318523,-0.06321206553063045,0.0,1.0,1.0,5.0,3.0,60.0,37,4.0,33,6.0,10.8,18.2
2025,12,NE,0.003567308900269411,-0.19337428153972736,1.0,1.0,0.0,2.0,0.0,0.0,39,3.0,38,6.0,7.7,15.8
2025,13,NE,0.28795583471233555,-0.22197437431896105,0.0,1.0,1.0,5.0,1.0,20.0,36,5.0,30,7.0,13.9,23.3
2025,15,NE,0.24429784937200227,0.27809405740499343,1.0,0.0,-1.0,3.0,2.0,66.7,29,5.0,33,4.0,17.2,12.1
2025,16,NE,0.18549411318780115,0.1051973278112412,2.0,2.0,0.0,3.0,1.0,33.3,51,11.0,22,5.0,21.6,22.7
2025,17,NE,0.6868256784255209,-0.33432589136134344,0.0,1.0,1.0,5.0,5.0,100.0,28,3.0,35,5.0,10.7,14.3
2025,18,NE,0.4110910382039754,-0.2340165155342242,0.0,2.0,2.0,5.0,4.0,80.0,28,3.0,30,9.0,10.7,30.0
2024,1,NO,0.3347943443375495,-0.8995231652599094,0.0,4.0,4.0,4.0,4.0,100.0,26,1.0,39,6.0,3.8,15.4
2024,2,NO,0.9584710217857112,0.07083060586686528,1.0,2.0,1.0,5.0,4.0,80.0,17,2.0,45,3.0,11.8,6.7
2024,3,NO,-0.1886796874706071,0.016461866613679016,1.0,2.0,1.0,3.0,1.0,33.3,27,4.0,45,7.0,14.8,15.6
2024,4,NO,0.060148734435872674,0.019696935750721217,1.0,2.0,1.0,4.0,3.0,75.0,38,3.0,36,4.0,7.9,11.1
2024,5,NO,-0.06183059199247509,0.15883511526717223,1.0,1.0,0.0,1.0,1.0,100.0,38,9.0,44,6.0,23.7,13.6
2024,6,NO,-0.40884800706705665,0.20065008656651492,3.0,3.0,0.0,4.0,2.0,50.0,48,9.0,40,2.0,18.8,5.0
2024,7,NO,-0.38765535345885405,0.22193639375600502,2.0,1.0,-1.0,2.0,1.0,50.0,48,10.0,33,0.0,20.8,0.0
2024,8,NO,-0.19276060718386914,-0.09918217487297623,0.0,0.0,0.0,1.0,0.0,0.0,49,7.0,38,6.0,14.3,15.8
2024,9,NO,0.14278440924606256,0.011711274554056461,0.0,1.0,1.0,4.0,2.0,50.0,33,5.0,29,3.0,15.2,10.3
2024,10,NO,0.003852461072695219,0.07373846124251972,0.0,1.0,1.0,3.0,1.0,33.3,27,1.0,41,9.0,3.7,22.0
2024,11,NO,0.207416376213167,0.11398800977223256,2.0,0.0,-2.0,3.0,2.0,66.7,30,3.0,50,4.0,10.0,8.0
2024,13,NO,-0.07305640455592345,0.1370169095786808,0.0,0.0,0.0,2.0,0.0,0.0,39,3.0,26,6.0,7.7,23.1
2024,14,NO,-0.08197251833949344,-0.14935901712244082,1.0,1.0,0.0,2.0,2.0,100.0,34,4.0,55,13.0,11.8,23.6
2024,15,NO,-0.07030057457394286,0.13764088050554085,1.0,0.0,-1.0,2.0,1.0,50.0,35,7.0,45,8.0,20.0,17.8
2024,16,NO,-0.31096849525433584,0.4572993045827995,2.0,0.0,-2.0,0.0,0.0,,38,6.0,30,3.0,15.8,10.0
2024,17,NO,-0.18747230698748507,0.18605528293370305,2.0,0.0,-2.0,1.0,0.0,0.0,42,5.0,36,2.0,11.9,5.6
2024,18,NO,0.0020943582978157744,0.23778664829148558,0.0,1.0,1.0,2.0,1.0,50.0,45,6.0,40,1.0,13.3,2.5
2025,1,NO,-0.04165398697715263,0.07874639465444866,0.0,0.0,0.0,4.0,1.0,25.0,47,2.0,37,5.0,4.3,13.5
2025,2,NO,-0.07787490714871895,0.047801000334729976,1.0,1.0,0.0,3.0,3.0,100.0,40,5.0,42,6.0,12.5,14.3
2025,3,NO,-0.18268530820434548,0.7505504316359293,1.0,1.0,0.0,3.0,1.0,33.3,45,7.0,21,2.0,15.6,9.5
2025,4,NO,-0.031187606007617476,0.2692498918141886,1.0,1.0,0.0,4.0,2.0,50.0,35,5.0,28,7.0,14.3,25.0
2025,5,NO,0.09032215142029126,-0.26271937327498257,0.0,5.0,5.0,3.0,0.0,0.0,32,1.0,45,6.0,3.1,13.3
2025,6,NO,-0.04114743442538712,0.14137003869581485,1.0,0.0,-1.0,2.0,1.0,50.0,30,4.0,31,4.0,13.3,12.9
2025,7,NO,-0.39632534154184035,0.12837724087587798,4.0,1.0,-3.0,1.0,1.0,100.0,37,7.0,27,4.0,18.9,14.8
2025,8,NO,-0.6592221002529168,-0.014987231577853245,4.0,1.0,-3.0,1.0,0.0,0.0,60,7.0,27,3.0,11.7,11.1
2025,9,NO,-0.31673804805614053,0.38651275405142343,2.0,0.0,-2.0,3.0,1.0,33.3,25,2.0,34,4.0,8.0,11.8
2025,10,NO,0.14083067261900137,-0.41942340922414667,0.0,3.0,3.0,2.0,0.0,0.0,31,5.0,27,3.0,16.1,11.1
2025,12,NO,-0.299977233432634,-0.07362768033020335,2.0,1.0,-1.0,3.0,0.0,0.0,52,8.0,26,3.0,15.4,11.5
2025,13,NO,-0.14208547069566396,-0.08142501414668675,2.0,1.0,-1.0,2.0,2.0,100.0,45,7.0,28,6.0,15.6,21.4
2025,14,NO,0.018192071700584022,-0.1783482840616037,1.0,1.0,0.0,3.0,2.0,66.7,24,4.0,35,2.0,16.7,5.7
2025,15,NO,0.10643883001799215,0.11013014508381673,0.0,1.0,1.0,3.0,2.0,66.7,40,5.0,31,3.0,12.5,9.7
2025,16,NO,-0.08244133148626835,-0.2931090425653713,1.0,2.0,1.0,3.0,0.0,0.0,54,5.0,44,9.0,9.3,20.5
2025,17,NO,0.30813548698766074,-0.1777956393490769,1.0,1.0,0.0,2.0,2.0,100.0,31,5.0,46,7.0,16.1,15.2
2025,18,NO,-0.21158299038269765,-0.24802168146832365,2.0,1.0,-1.0,3.0,2.0,66.7,42,4.0,36,8.0,9.5,22.2
2024,1,NYG,-0.38524141731643874,0.42811880041335826,2.0,2.0,0.0,3.0,0.0,0.0,49,12.0,26,2.0,24.5,7.7
2024,2,NYG,0.13985946262711843,0.15648809882807774,1.0,0.0,-1.0,3.0,3.0,100.0,30,4.0,38,7.0,13.3,18.4
2024,3,NYG,0.009111137166995058,-0.4004522243968474,2.0,2.0,0.0,4.0,3.0,75.0,39,9.0,47,14.0,23.1,29.8
2024,4,NYG,-0.04494051165357972,0.19935508679951305,1.0,0.0,-1.0,2.0,0.0,0.0,41,3.0,28,3.0,7.3,10.7
2024,5,NYG,0.0515234975923247,-0.05657965334609995,1.0,1.0,0.0,4.0,1.0,25.0,39,5.0,51,8.0,12.8,15.7
2024,6,NYG,-0.1642438607776425,0.03341397806081556,1.0,1.0,0.0,2.0,1.0,50.0,43,6.0,34,7.0,14.0,20.6
2024,7,NYG,-0.35480341577276703,0.1782313012809027,0.0,0.0,0.0,1.0,0.0,0.0,39,11.0,23,7.0,28.2,30.4
2024,8,NYG,-0.00157676499021723,0.20735887175893672,2.0,1.0,-1.0,3.0,0.0,0.0,43,13.0,32,8.0,30.2,25.0
2024,9,NYG,0.131294048122323,0.33723704900457246,1.0,0.0,-1.0,3.0,2.0,66.7,29,4.0,25,2.0,13.8,8.0
2024,10,NYG,-0.12398125862417528,-0.01719173711026695,3.0,1.0,-2.0,3.0,1.0,33.3,40,5.0,28,4.0,12.5,14.3
2024,12,NYG,-0.7465238260864724,0.45312015024038216,1.0,1.0,0.0,3.0,1.0,33.3,40,9.0,32,2.0,22.5,6.2
2024,13,NYG,-0.42229658146719457,-0.08609607899701141,2.0,0.0,-2.0,2.0,2.0,100.0,41,13.0,37,3.0,31.7,8.1
2024,14,NYG,-0.14935901712244082,-0.08197251833949344,1.0,1.0,0.0,3.0,1.0,33.3,55,13.0,34,4.0,23.6,11.8
2024,15,NYG,-0.2274718723158859,0.41146721786857154,1.0,1.0,0.0,2.0,1.0,50.0,40,7.0,29,4.0,17.5,13.8
2024,16,NYG,-0.6364561548938842,0.024558666506036428,3.0,1.0,-2.0,2.0,1.0,50.0,42,6.0,29,2.0,14.3,6.9
2024,17,NYG,0.43553600434730155,0.11277576727241302,0.0,3.0,3.0,3.0,2.0,66.7,24,1.0,40,4.0,4.2,10.0
2024,18,NYG,-0.25008531595894107,-0.017951235526116452,1.0,0.0,-1.0,1.0,0.0,0.0,29,2.0,43,7.0,6.9,16.3
2025,1,NYG,-0.21897747282111005,0.1302680332550413,0.0,0.0,0.0,2.0,0.0,0.0,45,8.0,37,4.0,17.8,10.8
2025,2,NYG,0.221682736722675,0.1336964227637165,1.0,1.0,0.0,5.0,1.0,20.0,45,7.0,57,7.0,15.6,12.3
2025,3,NYG,-0.2842226976450714,0.17662052913273002,2.0,0.0,-2.0,3.0,1.0,33.3,38,9.0,41,9.0,23.7,22.0
2025,4,NYG,-0.16267330483299264,-0.18880238447070422,0.0,2.0,2.0,5.0,2.0,40.0,30,8.0,44,12.0,26.7,27.3
2025,5,NYG,-0.26271937327498257,0.09032215142029126,5.0,0.0,-5.0,4.0,2.0,50.0,45,6.0,32,1.0,13.3,3.1
2025,6,NYG,0.24687660584674664,-0.09283240731727409,0.0,2.0,2.0,3.0,3.0,100.0,33,3.0,38,3.0,9.1,7.9
2025,7,NYG,0.1580609561762743,-0.07710841077745759,1.0,0.0,-1.0,2.0,2.0,100.0,37,8.0,52,5.0,21.6,9.6
2025,8,NYG,0.03706882178848813,0.34399205715178227,0.0,0.0,0.0,3.0,2.0,66.7,31,6.0,27,5.0,19.4,18.5
2025,9,NYG,-0.025862030117851643,0.2906957177622019,0.0,1.0,1.0,3.0,2.0,66.7,39,3.0,28,3.0,7.7,10.7
2025,10,NYG,0.0047921175323133195,0.026302652246660178,1.0,0.0,-1.0,4.0,1.0,25.0,43,8.0,41,3.0,18.6,7.3
2025,11,NYG,0.15556201804820238,0.3619854575651213,2.0,0.0,-2.0,5.0,3.0,60.0,31,5.0,29,8.0,16.1,27.6
2025,12,NYG,0.11667236768513446,0.14838901343405755,1.0,1.0,0.0,3.0,1.0,33.3,39,7.0,43,7.0,17.9,16.3
2025,13,NYG,-0.22197437431896105,0.28795583471233555,1.0,0.0,-1.0,0.0,0.0,,30,7.0,36,5.0,23.3,13.9
2025,15,NYG,-0.08126964793101767,0.1788820527884164,1.0,2.0,1.0,4.0,3.0,75.0,44,8.0,26,5.0,18.2,19.2
2025,16,NYG,-0.3790469533118428,-0.05671287556054692,1.0,2.0,1.0,3.0,0.0,0.0,19,6.0,29,9.0,31.6,31.0
2025,17,NYG,0.19078297739488678,-0.18244326733196,0.0,2.0,2.0,5.0,3.0,60.0,35,7.0,35,9.0,20.0,25.7
2025,18,NYG,0.19735624985882344,-0.10264826248572673,1.0,2.0,1.0,5.0,2.0,40.0,40,10.0,26,2.0,25.0,7.7
2024,1,NYJ,-0.35871096164453775,0.18405438658333476,2.0,0.0,-2.0,2.0,2.0,100.0,31,4.0,33,4.0,12.9,12.1
2024,2,NYJ,0.03564904499543735,-0.08954142496916567,0.0,2.0,2.0,2.0,1.0,50.0,33,3.0,35,6.0,9.1,17.1
2024,3,NYJ,0.39476370521886545,-0.35316070712328135,0.0,1.0,1.0,4.0,3.0,75.0,40,4.0,35,12.0,10.0,34.3
2024,4,NYJ,-0.2848093851252036,-0.2849217022748518,1.0,1.0,0.0,2.0,0.0,0.0,51,13.0,26,2.0,25.5,7.7
2024,5,NYJ,-0.3355986670207865,-0.2767257415217843,3.0,2.0,-1.0,3.0,2.0,66.7,57,11.0,37,7.0,19.3,18.9
2024,6,NYJ,0.18870879239171717,0.28208355403679286,1.0,0.0,-1.0,4.0,1.0,25.0,38,5.0,30,2.0,13.2,6.7
2024,7,NYJ,-0.028523121300877186,0.08419618991465035,2.0,0.0,-2.0,3.0,2.0,66.7,40,8.0,31,5.0,20.0,16.1
2024,8,NYJ,0.11858451286326034,0.020773715829676048,0.0,0.0,0.0,5.0,3.0,60.0,29,5.0,36,3.0,17.2,8.3
2024,9,NYJ,0.04756760713213158,-0.13889867005978412,1.0,1.0,0.0,3.0,2.0,66.7,34,4.0,46,12.0,11.8,26.1
2024,10,NYJ,-0.1660354092742526,0.46417043996764684,1.0,0.0,-1.0,3.0,0.0,0.0,38,5.0,25,2.0,13.2,8.0
2024,11,NYJ,-0.1010115717027605,0.047156105126246906,0.0,1.0,1.0,3.0,2.0,66.7,33,5.0,32,5.0,15.2,15.6
2024,13,NYJ,-0.2918514641933143,-0.01596439009645791,2.0,2.0,0.0,3.0,2.0,66.7,42,6.0,35,6.0,14.3,17.1
2024,14,NYJ,0.2324546813383165,0.2194868966289565,0.0,0.0,0.0,5.0,2.0,40.0,42,6.0,47,0.0,14.3,0.0
2024,15,NYJ,0.38513042999026076,0.1333811565148397,0.0,2.0,2.0,3.0,2.0,66.7,36,3.0,51,3.0,8.3,5.9
2024,16,NYJ,-0.032647591238935354,0.15883785718659812,1.0,2.0,1.0,3.0,1.0,33.3,44,2.0,19,1.0,4.5,5.3
2024,17,NYJ,-0.39485156923484316,0.11581349732879877,3.0,0.0,-3.0,2.0,1.0,50.0,37,6.0,29,3.0,16.2,10.3
2024,18,NYJ,0.044126199191148796,-0.17170171535304257,1.0,4.0,3.0,5.0,4.0,80.0,40,4.0,48,11.0,10.0,22.9
2025,1,NYJ,0.24936140683754193,0.17033562458164134,1.0,0.0,-1.0,4.0,3.0,75.0,25,6.0,34,7.0,24.0,20.6
2025,2,NYJ,-0.5565580144339245,0.27203025789872826,1.0,0.0,-1.0,1.0,1.0,100.0,31,7.0,31,2.0,22.6,6.5
2025,3,NYJ,-0.5281981960583649,0.15689486981250314,2.0,0.0,-2.0,3.0,2.0,66.7,46,10.0,33,2.0,21.7,6.1
2025,4,NYJ,0.037978008686135184,0.2630873802541163,3.0,0.0,-3.0,2.0,0.0,0.0,35,3.0,27,0.0,8.6,0.0
2025,5,NYJ,-0.19093712912537467,0.6341251085026878,1.0,0.0,-1.0,3.0,2.0,66.7,53,13.0,33,3.0,24.5,9.1
2025,6,NYJ,-0.42066146779731944,-0.08565105830495115,0.0,1.0,1.0,0.0,0.0,,29,11.0,33,3.0,37.9,9.1
2025,7,NYJ,-0.25576603516145946,-0.08570758628562039,2.0,0.0,-2.0,1.0,0.0,0.0,44,9.0,36,7.0,20.5,19.4
2025,8,NYJ,0.3073198175234437,0.2645132378994239,0.0,0.0,0.0,5.0,3.0,60.0,37,1.0,36,2.0,2.7,5.6
2025,10,NYJ,-0.25341652925399644,-0.12058008834928413,1.0,0.0,-1.0,2.0,0.0,0.0,16,7.0,43,7.0,43.8,16.3
2025,11,NYJ,-0.06321206553063045,0.25367672642318523,1.0,0.0,-1.0,2.0,1.0,50.0,33,6.0,37,4.0,18.2,10.8
2025,12,NYJ,-0.08266003841696207,-0.003100868315066353,2.0,0.0,-2.0,2.0,1.0,50.0,34,6.0,29,1.0,17.6,3.4
2025,13,NYJ,0.009249043064762529,0.17422654433470755,1.0,0.0,-1.0,3.0,2.0,66.7,41,6.0,35,7.0,14.6,20.0
2025,14,NYJ,-0.6416045220339092,0.22315974465277733,3.0,0.0,-3.0,3.0,0.0,0.0,40,8.0,22,3.0,20.0,13.6
2025,15,NYJ,-0.0906027676838061,0.4621659132964854,3.0,1.0,-2.0,2.0,1.0,50.0,41,7.0,36,2.0,17.1,5.6
2025,16,NYJ,-0.2931090425653713,-0.08244133148626835,2.0,1.0,-1.0,2.0,0.0,0.0,44,9.0,54,5.0,20.5,9.3
2025,17,NYJ,-0.33432589136134344,0.6868256784255209,1.0,0.0,-1.0,2.0,0.0,0.0,35,5.0,28,3.0,14.3,10.7
2025,18,NYJ,-0.35075412261107103,0.4325905298122534,0.0,0.0,0.0,1.0,1.0,100.0,24,4.0,30,0.0,16.7,0.0
2024,1,PHI,0.08412206803687797,0.20192051172175884,3.0,1.0,-2.0,6.0,3.0,50.0,38,5.0,37,5.0,13.2,13.5
2024,2,PHI,0.11043143987075327,0.17132550093152257,1.0,0.0,-1.0,5.0,2.0,40.0,35,5.0,31,2.0,14.3,6.5
2024,3,PHI,0.016461866613679016,-0.1886796874706071,2.0,1.0,-1.0,3.0,1.0,33.3,45,7.0,27,4.0,15.6,14.8
2024,4,PHI,-0.185270600435324,0.3497692364859783,1.0,1.0,0.0,3.0,2.0,66.7,37,8.0,50,2.0,21.6,4.0
2024,6,PHI,0.1712757292793628,-0.02047589263765254,0.0,0.0,0.0,1.0,0.0,0.0,26,2.0,30,8.0,7.7,26.7
2024,7,PHI,0.1782313012809027,-0.35480341577276703,0.0,0.0,0.0,3.0,3.0,100.0,23,7.0,39,11.0,30.4,28.2
2024,8,PHI,0.35531208853395974,0.09180744260963138,0.0,2.0,2.0,5.0,3.0,60.0,21,1.0,40,3.0,4.8,7.5
2024,9,PHI,0.019674697408346195,-0.5185853031893762,2.0,2.0,0.0,4.0,3.0,75.0,33,3.0,35,3.0,9.1,8.6
2024,10,PHI,-0.004098607604846176,-0.5784860976487991,2.0,5.0,3.0,5.0,4.0,80.0,30,7.0,32,6.0,23.3,18.8
2024,11,PHI,0.1447197541333662,-0.273184814236932,0.0,1.0,1.0,3.0,1.0,33.3,34,4.0,39,3.0,11.8,7.7
2024,12,PHI,0.33374347618700884,-0.11712666953348914,0.0,1.0,1.0,5.0,2.0,40.0,26,2.0,42,11.0,7.7,26.2
2024,13,PHI,0.08218293373439726,-0.10118998148757148,0.0,0.0,0.0,3.0,2.0,66.7,21,2.0,44,5.0,9.5,11.4
2024,14,PHI,0.12582338742246352,0.0190429469009689,0.0,1.0,1.0,3.0,3.0,100.0,28,4.0,41,8.0,14.3,19.5
2024,15,PHI,0.1585018237926201,-0.2602608794333903,1.0,2.0,1.0,6.0,3.0,50.0,38,5.0,26,4.0,13.2,15.4
2024,16,PHI,0.02624405681024844,-0.08415240860111746,2.0,5.0,3.0,4.0,2.0,50.0,37,7.0,45,2.0,18.9,4.4
2024,17,PHI,0.19732003386353877,-0.3252983121134873,0.0,4.0,4.0,5.0,3.0,60.0,19,1.0,31,3.0,5.3,9.7
2024,18,PHI,-0.017951235526116452,-0.25008531595894107,0.0,1.0,1.0,4.0,2.0,50.0,43,7.0,29,2.0,16.3,6.9
2025,1,PHI,0.1604501459603092,0.035278117869239026,0.0,1.0,1.0,3.0,3.0,100.0,33,5.0,34,1.0,15.2,2.9
2025,2,PHI,0.016440971190527745,-0.2511966648585121,0.0,1.0,1.0,2.0,2.0,100.0,25,4.0,38,9.0,16.0,23.7
2025,3,PHI,0.03218167780282637,-0.034832609048073275,1.0,1.0,0.0,3.0,3.0,100.0,37,4.0,34,7.0,10.8,20.6
2025,4,PHI,-0.005839615346093734,-0.2585833734661921,0.0,2.0,2.0,3.0,3.0,100.0,31,3.0,43,2.0,9.7,4.7
2025,5,PHI,0.013417032805628214,0.05750576115663027,0.0,0.0,0.0,2.0,1.0,50.0,45,9.0,43,8.0,20.0,18.6
2025,6,PHI,-0.09283240731727409,0.24687660584674664,2.0,0.0,-2.0,3.0,2.0,66.7,38,3.0,33,3.0,7.9,9.1
2025,7,PHI,0.3099991478489831,-0.08892315779743927,0.0,2.0,2.0,1.0,0.0,0.0,26,4.0,46,8.0,15.4,17.4
2025,8,PHI,0.34399205715178227,0.03706882178848813,0.0,0.0,0.0,3.0,3.0,100.0,27,5.0,31,6.0,18.5,19.4
2025,10,PHI,-0.060036597275678984,-0.17316197424657584,1.0,2.0,1.0,1.0,0.0,0.0,29,0.0,41,8.0,0.0,19.5
2025,11,PHI,-0.14537238588037565,-0.4517136821451826,0.0,1.0,1.0,3.0,1.0,33.3,31,1.0,39,7.0,3.2,17.9
2025,12,PHI,0.06195237126258659,-0.021556584924375653,1.0,3.0,2.0,3.0,3.0,100.0,43,6.0,39,6.0,14.0,15.4
2025,13,PHI,-0.2623323515193467,0.04791475557849346,2.0,1.0,-1.0,2.0,1.0,50.0,32,1.0,40,6.0,3.1,15.0
2025,14,PHI,-0.26299179564461084,-0.2722896922987969,4.0,2.0,-2.0,2.0,0.0,0.0,43,6.0,41,9.0,14.0,22.0
2025,15,PHI,0.19982797926771306,-0.3316764773053089,0.0,1.0,1.0,5.0,3.0,60.0,22,1.0,30,9.0,4.5,30.0
2025,16,PHI,0.2047658104029549,-0.21935140060574398,1.0,1.0,0.0,3.0,3.0,100.0,37,2.0,25,4.0,5.4,16.0
2025,17,PHI,-0.08631548988066624,-0.10923695591110219,0.0,1.0,1.0,2.0,1.0,50.0,29,3.0,42,7.0,10.3,16.7
2025,18,PHI,-0.06901463192762977,-0.015141969240506386,1.0,2.0,1.0,3.0,2.0,66.7,45,6.0,27,4.0,13.3,14.8
2024,1,PIT,-0.07147665453723312,-0.3619949981483232,0.0,3.0,3.0,2.0,0.0,0.0,30,4.0,27,7.0,13.3,25.9
2024,2,PIT,-0.060097649671943205,-0.2518330957532449,0.0,2.0,2.0,2.0,1.0,50.0,26,6.0,39,7.0,23.1,17.9
2024,3,PIT,0.06914823419715692,-0.138308549302108,1.0,0.0,-1.0,4.0,1.0,25.0,35,5.0,25,7.0,14.3,28.0
2024,4,PIT,-0.059012402899375656,0.11364081754727412,2.0,0.0,-2.0,4.0,3.0,75.0,41,7.0,33,6.0,17.1,18.2
2024,5,PIT,0.04542422653076469,0.1131753628813,1.0,3.0,2.0,2.0,2.0,100.0,31,6.0,45,6.0,19.4,13.3
2024,6,PIT,0.12669291882095568,-0.22711005097060183,0.0,3.0,3.0,4.0,2.0,50.0,32,5.0,41,3.0,15.6,7.3
2024,7,PIT,0.08419618991465035,-0.028523121300877186,0.0,2.0,2.0,6.0,4.0,66.7,31,5.0,40,8.0,16.1,20.0
2024,8,PIT,0.20735887175893672,-0.00157676499021723,1.0,2.0,1.0,4.0,0.0,0.0,32,8.0,43,13.0,25.0,30.2
2024,10,PIT,-0.022650367114692926,-0.13645924922788852,3.0,0.0,-3.0,4.0,3.0,75.0,33,6.0,37,6.0,18.2,16.2
2024,11,PIT,-0.2507253060152086,-0.09013660724165944,1.0,3.0,2.0,4.0,0.0,0.0,41,7.0,35,6.0,17.1,17.1
2024,12,PIT,-0.023127312676312933,0.0034882920419290722,1.0,3.0,2.0,2.0,1.0,50.0,34,11.0,29,6.0,32.4,20.7
2024,13,PIT,0.38837310754727267,-0.1459514057637046,1.0,3.0,2.0,4.0,2.0,50.0,41,9.0,44,11.0,22.0,25.0
2024,14,PIT,-0.023999705204695503,-0.43780592026898196,2.0,2.0,0.0,4.0,2.0,50.0,29,7.0,45,6.0,24.1,13.3
2024,15,PIT,-0.2602608794333903,0.1585018237926201,2.0,1.0,-1.0,2.0,1.0,50.0,26,4.0,38,5.0,15.4,13.2
2024,16,PIT,-0.13481968717398837,0.17513157550686304,2.0,1.0,-1.0,2.0,2.0,100.0,37,5.0,25,1.0,13.5,4.0
2024,17,PIT,-0.15902375769967744,0.40717676689227256,2.0,0.0,-2.0,4.0,1.0,25.0,48,9.0,39,2.0,18.8,5.1
2024,18,PIT,-0.1747617132745999,-0.028872098026185216,1.0,2.0,1.0,2.0,2.0,100.0,37,7.0,50,5.0,18.9,10.0
2025,1,PIT,0.17033562458164134,0.24936140683754193,0.0,1.0,1.0,3.0,3.0,100.0,34,7.0,25,6.0,20.6,24.0
2025,2,PIT,-0.21033671317041,0.10585276307924688,2.0,2.0,0.0,2.0,1.0,50.0,38,7.0,35,8.0,18.4,22.9
2025,3,PIT,-0.05209427356084748,-0.15746352048861323,1.0,5.0,4.0,3.0,3.0,100.0,24,3.0,47,8.0,12.5,17.0
2025,4,PIT,0.31802006334043537,-0.19744177070444144,0.0,2.0,2.0,5.0,2.0,40.0,25,3.0,53,13.0,12.0,24.5
2025,6,PIT,0.21470034639988309,-0.19612288727637323,0.0,0.0,0.0,1.0,1.0,100.0,31,3.0,58,15.0,9.7,25.9
2025,7,PIT,0.36488681497630077,0.32944476488115476,2.0,0.0,-2.0,4.0,3.0,75.0,35,2.0,49,5.0,5.7,10.2
2025,8,PIT,-0.19962347796729613,0.4378752186127396,1.0,0.0,-1.0,1.0,1.0,100.0,39,5.0,37,5.0,12.8,13.5
2025,9,PIT,0.03851735218337798,-0.14494579606832061,2.0,5.0,3.0,6.0,3.0,50.0,39,3.0,55,9.0,7.7,16.4
2025,10,PIT,-0.44418193497821956,-0.13440774051067705,2.0,1.0,-1.0,1.0,0.0,0.0,34,5.0,40,9.0,14.7,22.5
2025,11,PIT,0.15069588364001082,-0.09183306870061875,0.0,2.0,2.0,4.0,2.0,50.0,33,4.0,41,3.0,12.1,7.3
2025,12,PIT,0.0010508614814961734,0.01378506184961941,2.0,2.0,0.0,3.0,3.0,100.0,34,4.0,37,1.0,11.8,2.7
2025,13,PIT,-0.5343860887651852,0.07981854145983845,2.0,2.0,0.0,2.0,1.0,50.0,25,2.0,27,1.0,8.0,3.7
2025,14,PIT,0.26883418334592607,0.013068931791815798,0.0,1.0,1.0,4.0,2.0,50.0,35,1.0,40,5.0,2.9,12.5
2025,15,PIT,0.2348872249415937,-0.34920317504016374,0.0,1.0,1.0,3.0,3.0,100.0,30,3.0,33,5.0,10.0,15.2
2025,16,PIT,0.2117451658375279,0.07696177081845366,1.0,0.0,-1.0,3.0,0.0,0.0,45,3.0,57,9.0,6.7,15.8
2025,17,PIT,-0.2044288532304102,-0.23795889501831782,0.0,2.0,2.0,2.0,0.0,0.0,40,5.0,28,4.0,12.5,14.3
2025,18,PIT,0.05849587082471776,0.13874552093837494,0.0,1.0,1.0,4.0,2.0,50.0,50,3.0,21,5.0,6.0,23.8
2024,1,SEA,0.019860031910457644,-0.4166026309960009,1.0,4.0,3.0,1.0,0.0,0.0,28,7.0,49,9.0,25.0,18.4
2024,2,SEA,0.02222977426838338,0.05643542399823568,0.0,0.0,0.0,3.0,1.0,33.3,47,5.0,32,7.0,10.6,21.9
2024,3,SEA,-0.19437814625215086,-0.4542068927356953,2.0,0.0,-2.0,2.0,2.0,100.0,37,7.0,39,13.0,18.9,33.3
2024,4,SEA,0.211906810274594,0.49464880288470275,2.0,0.0,-2.0,4.0,3.0,75.0,62,8.0,22,4.0,12.9,18.2
2024,5,SEA,-0.05657965334609995,0.0515234975923247,1.0,1.0,0.0,1.0,1.0,100.0,51,8.0,39,5.0,15.7,12.8
2024,6,SEA,-0.12277602530858955,0.2682364094153197,3.0,0.0,-3.0,3.0,2.0,66.7,52,5.0,31,4.0,9.6,12.9
2024,7,SEA,0.2113412515740054,-0.00017043299489462636,0.0,3.0,3.0,2.0,1.0,50.0,33,6.0,39,9.0,18.2,23.1
2024,8,SEA,-0.45634050913416513,0.3215923570412126,1.0,2.0,1.0,3.0,1.0,33.3,32,5.0,37,1.0,15.6,2.7
2024,9,SEA,-0.24853514300815582,-0.027722658965730843,3.0,1.0,-2.0,4.0,1.0,25.0,43,11.0,44,7.0,25.6,15.9
2024,11,SEA,0.0034594915832335915,0.1029588972261694,1.0,1.0,0.0,2.0,2.0,100.0,38,6.0,35,4.0,15.8,11.4
2024,12,SEA,-0.06546132758983621,-0.24698256572896335,1.0,1.0,0.0,2.0,1.0,50.0,37,7.0,43,6.0,18.9,14.0
2024,13,SEA,-0.01596439009645791,-0.2918514641933143,2.0,2.0,0.0,3.0,2.0,66.7,35,6.0,42,6.0,17.1,14.3
2024,14,SEA,0.1833717839631657,-0.14138911648129487,0.0,2.0,2.0,5.0,2.0,40.0,30,2.0,42,5.0,6.7,11.9
2024,15,SEA,-0.3694428283660907,0.23483971429228442,2.0,1.0,-1.0,1.0,0.0,0.0,42,12.0,28,6.0,28.6,21.4
2024,16,SEA,0.03819092147175594,0.09505266635780972,2.0,0.0,-2.0,2.0,2.0,100.0,46,8.0,40,7.0,17.4,17.5
2024,17,SEA,-0.17081621145457898,-0.20850898979649193,1.0,1.0,0.0,1.0,0.0,0.0,28,7.0,38,11.0,25.0,28.9
2024,18,SEA,0.2628811156955123,0.039035815604876505,0.0,1.0,1.0,3.0,3.0,100.0,29,3.0,45,9.0,10.3,20.0
2025,1,SEA,-0.265391186094444,0.11244347842868568,2.0,2.0,0.0,3.0,1.0,33.3,24,3.0,39,8.0,12.5,20.5
2025,2,SEA,0.10585276307924688,-0.21033671317041,2.0,2.0,0.0,3.0,2.0,66.7,35,8.0,38,7.0,22.9,18.4
2025,3,SEA,0.7505504316359293,-0.18268530820434548,1.0,1.0,0.0,5.0,4.0,80.0,21,2.0,45,7.0,9.5,15.6
2025,4,SEA,0.06810719664510459,-0.14689141527824362,0.0,2.0,2.0,3.0,2.0,66.7,30,3.0,51,7.0,10.0,13.7
2025,5,SEA,0.40564259705959244,0.38516920593366755,2.0,0.0,-2.0,4.0,4.0,100.0,34,2.0,38,1.0,5.9,2.6
2025,6,SEA,0.022929195029356964,-0.008038395100703507,0.0,0.0,0.0,3.0,1.0,33.3,29,4.0,50,13.0,13.8,26.0
2025,7,SEA,-0.07638588555614455,-0.39703233230375157,4.0,1.0,-3.0,4.0,3.0,75.0,35,5.0,54,7.0,14.3,13.0
2025,9,SEA,0.7927732296065306,-0.22005601566181415,1.0,2.0,1.0,2.0,2.0,100.0,24,1.0,35,5.0,4.2,14.3
2025,10,SEA,0.5994847678448423,-1.4339260503378075,3.0,2.0,-1.0,4.0,2.0,50.0,13,2.0,54,9.0,15.4,16.7
2025,11,SEA,-0.1996551647972019,-0.14086865728402662,4.0,1.0,-3.0,4.0,1.0,25.0,45,3.0,28,3.0,6.7,10.7
2025,12,SEA,0.6013766492252904,-0.18265480786835908,0.0,0.0,0.0,4.0,2.0,50.0,27,3.0,50,11.0,11.1,22.0
2025,13,SEA,-0.25462012999905487,-0.9205482293307016,1.0,5.0,4.0,2.0,1.0,50.0,30,5.0,34,6.0,16.7,17.6
2025,14,SEA,0.02863257176467509,-0.22468632370959588,1.0,3.0,2.0,4.0,2.0,50.0,34,3.0,31,7.0,8.8,22.6
2025,15,SEA,-0.04144017157500245,-0.09799451798336897,0.0,1.0,1.0,2.0,0.0,0.0,37,5.0,28,4.0,13.5,14.3
2025,16,SEA,0.02022347858340557,0.2731024295166877,3.0,0.0,-3.0,3.0,2.0,66.7,39,6.0,51,4.0,15.4,7.8
2025,17,SEA,-0.1123766187016975,-0.46594614728311295,2.0,2.0,0.0,6.0,3.0,50.0,31,5.0,31,4.0,16.1,12.9
2025,18,SEA,0.03630193762365812,-0.31191260005344895,0.0,1.0,1.0,3.0,0.0,0.0,30,3.0,32,8.0,10.0,25.0
2024,1,SF,0.18405438658333476,-0.35871096164453775,0.0,2.0,2.0,5.0,2.0,40.0,33,4.0,31,4.0,12.1,12.9
2024,2,SF,-0.10991907374748043,0.00876556440933044,2.0,2.0,0.0,4.0,2.0,50.0,44,8.0,31,6.0,18.2,19.4
2024,3,SF,0.20031309955590618,0.11957015910524203,1.0,0.0,-1.0,3.0,2.0,66.7,38,4.0,29,5.0,10.5,17.2
2024,4,SF,0.42410558717421065,-0.491870175995727,2.0,3.0,1.0,4.0,2.0,50.0,30,4.0,39,12.0,13.3,30.8
2024,5,SF,-0.04176984130080571,0.1066747513929879,3.0,1.0,-2.0,6.0,1.0,16.7,41,5.0,33,2.0,12.2,6.1
2024,6,SF,0.2682364094153197,-0.12277602530858955,0.0,3.0,3.0,5.0,3.0,60.0,31,4.0,52,5.0,12.9,9.6
2024,7,SF,-0.30797479588268634,-0.06528519032370492,3.0,2.0,-1.0,4.0,2.0,50.0,37,6.0,32,6.0,16.2,18.8
2024,8,SF,0.23580466681089574,-0.1223761566410709,0.0,2.0,2.0,4.0,3.0,75.0,33,3.0,40,8.0,9.1,20.0
2024,10,SF,0.24011230348996715,-0.0557267700768661,0.0,1.0,1.0,3.0,1.0,33.3,41,7.0,32,2.0,17.1,6.2
2024,11,SF,0.1029588972261694,0.0034594915832335915,1.0,1.0,0.0,3.0,2.0,66.7,35,4.0,38,6.0,11.4,15.8
2024,12,SF,-0.12255525811342523,0.1805023249380887,3.0,0.0,-3.0,1.0,1.0,100.0,32,4.0,25,3.0,12.5,12.0
2024,13,SF,-0.16840178637051365,0.5649070284203984,3.0,0.0,-3.0,3.0,1.0,33.3,21,2.0,19,1.0,9.5,5.3
2024,14,SF,0.5910723097273148,-0.7434509780557294,1.0,1.0,0.0,6.0,5.0,83.3,28,3.0,33,8.0,10.7,24.2
2024,15,SF,-0.28493972091683123,-0.10026696310402472,1.0,0.0,-1.0,0.0,0.0,,34,3.0,28,5.0,8.8,17.9
2024,16,SF,0.07778972249961519,0.08392528476974402,1.0,0.0,-1.0,5.0,2.0,40.0,44,6.0,34,1.0,13.6,2.9
2024,17,SF,0.2997343807643201,0.3755937584340038,2.0,0.0,-2.0,5.0,5.0,100.0,43,6.0,36,4.0,14.0,11.1
2024,18,SF,0.09123280755752342,0.21921705321330726,3.0,0.0,-3.0,2.0,2.0,100.0,46,4.0,36,2.0,8.7,5.6
2025,1,SF,0.11244347842868568,-0.265391186094444,2.0,2.0,0.0,5.0,2.0,40.0,39,8.0,24,3.0,20.5,12.5
2025,2,SF,0.047801000334729976,-0.07787490714871895,1.0,1.0,0.0,2.0,2.0,100.0,42,6.0,40,5.0,14.3,12.5
2025,3,SF,-0.05528022227968054,-0.011040268516559676,1.0,0.0,-1.0,4.0,1.0,25.0,41,8.0,40,4.0,19.5,10.0
2025,4,SF,-0.08731047618409359,0.09526594224266723,4.0,0.0,-4.0,3.0,1.0,33.3,40,4.0,31,0.0,10.0,0.0
2025,5,SF,0.12498951755959781,0.07494362587992895,0.0,2.0,2.0,5.0,2.0,40.0,49,9.0,47,2.0,18.4,4.3
2025,6,SF,-0.04184895430889968,0.3812058908999193,2.0,0.0,-2.0,2.0,1.0,50.0,47,8.0,25,1.0,17.0,4.0
2025,7,SF,0.04314022815357575,-0.056840814796857916,1.0,1.0,0.0,2.0,2.0,100.0,28,4.0,42,5.0,14.3,11.9
2025,8,SF,-0.06128134893493332,0.2975094170761388,1.0,1.0,0.0,2.0,2.0,100.0,36,6.0,42,2.0,16.7,4.8
2025,9,SF,0.2906957177622019,-0.025862030117851643,1.0,0.0,-1.0,5.0,4.0,80.0,28,3.0,39,3.0,10.7,7.7
2025,10,SF,0.1545550614222409,0.4451581016841854,2.0,0.0,-2.0,5.0,4.0,80.0,39,1.0,37,7.0,2.6,18.9
2025,11,SF,0.2548667849450566,-0.13673227997494006,0.0,3.0,3.0,5.0,4.0,80.0,27,3.0,57,4.0,11.1,7.0
2025,12,SF,0.021100270392906892,-0.207102223758011,3.0,2.0,-1.0,3.0,2.0,66.7,33,1.0,34,3.0,3.0,8.8
2025,13,SF,0.023433062238698267,-0.12348775764306387,1.0,1.0,0.0,5.0,3.0,60.0,32,7.0,30,6.0,21.9,20.0
2025,15,SF,0.4216081568712181,0.14743751953545428,1.0,0.0,-1.0,6.0,4.0,66.7,37,6.0,29,3.0,16.2,10.3
2025,16,SF,0.5117835992426324,0.29429049060772844,1.0,2.0,1.0,6.0,4.0,66.7,36,1.0,38,5.0,2.8,13.2
2025,17,SF,0.28495281093808655,0.3625783731220248,1.0,0.0,-1.0,5.0,5.0,100.0,38,1.0,45,3.0,2.6,6.7
2025,18,SF,-0.31191260005344895,0.03630193762365812,1.0,0.0,-1.0,1.0,0.0,0.0,32,8.0,30,3.0,25.0,10.0
2024,1,TB,0.2668470614275728,0.09354566671522149,0.0,0.0,0.0,5.0,3.0,60.0,34,4.0,33,2.0,11.8,6.1
2024,2,TB,-0.09997592314016007,-0.06947292027417651,1.0,2.0,1.0,2.0,1.0,50.0,27,5.0,57,10.0,18.5,17.5
2024,3,TB,-0.3618627521112406,0.12227363993019529,2.0,1.0,-1.0,2.0,1.0,50.0,40,9.0,39,2.0,22.5,5.1
2024,4,TB,0.3497692364859783,-0.185270600435324,1.0,1.0,0.0,6.0,4.0,66.7,50,2.0,37,8.0,4.0,21.6
2024,5,TB,0.17322463147046066,0.23220593246419632,1.0,1.0,0.0,3.0,2.0,66.7,30,1.0,61,11.0,3.3,18.0
2024,6,TB,0.20065008656651492,-0.40884800706705665,3.0,3.0,0.0,5.0,4.0,80.0,40,2.0,48,9.0,5.0,18.8
2024,7,TB,-0.009857358518412001,0.6116012175701641,2.0,1.0,-1.0,5.0,3.0,60.0,52,4.0,27,2.0,7.7,7.4
2024,8,TB,0.08780195819872409,0.3544826728070313,3.0,0.0,-3.0,3.0,3.0,100.0,50,0.0,32,4.0,0.0,12.5
2024,9,TB,0.1895435593631987,0.1403529048755421,0.0,1.0,1.0,3.0,3.0,100.0,36,3.0,50,7.0,8.3,14.0
2024,10,TB,-0.0557267700768661,0.24011230348996715,1.0,0.0,-1.0,4.0,2.0,50.0,32,2.0,41,7.0,6.2,17.1
2024,12,TB,0.45312015024038216,-0.7465238260864724,1.0,1.0,0.0,5.0,4.0,80.0,32,2.0,40,9.0,6.2,22.5
2024,13,TB,-0.030901692524250738,0.002090434313836036,2.0,1.0,-1.0,5.0,2.0,40.0,39,6.0,50,11.0,15.4,22.0
2024,14,TB,0.01765430159220058,-0.15162565034828532,3.0,2.0,-1.0,3.0,3.0,100.0,35,7.0,41,6.0,20.0,14.6
2024,15,TB,0.2565902932794556,-0.2036161411320053,2.0,2.0,0.0,4.0,1.0,25.0,30,2.0,37,9.0,6.7,24.3
2024,16,TB,0.08336109182054098,0.023596174966849064,2.0,0.0,-2.0,3.0,3.0,100.0,50,5.0,36,3.0,10.0,8.3
2024,17,TB,0.44747203093269766,0.11595496602082625,0.0,0.0,0.0,8.0,5.0,62.5,35,3.0,35,7.0,8.6,20.0
2024,18,TB,0.23778664829148558,0.0020943582978157744,1.0,0.0,-1.0,3.0,2.0,66.7,40,1.0,45,6.0,2.5,13.3
2025,1,TB,0.11404061733898174,0.0551085821851325,0.0,0.0,0.0,1.0,1.0,100.0,37,2.0,47,4.0,5.4,8.5
2025,2,TB,0.14965848115098446,-0.04580039282256543,0.0,0.0,0.0,3.0,2.0,66.7,45,7.0,30,5.0,15.6,16.7
2025,3,TB,0.15689486981250314,-0.5281981960583649,0.0,2.0,2.0,5.0,1.0,20.0,33,2.0,46,10.0,6.1,21.7
2025,4,TB,-0.2585833734661921,-0.005839615346093734,2.0,0.0,-2.0,2.0,0.0,0.0,43,2.0,31,3.0,4.7,9.7
2025,5,TB,0.38516920593366755,0.40564259705959244,0.0,2.0,2.0,6.0,4.0,66.7,38,1.0,34,2.0,2.6,5.9
2025,6,TB,0.3812058908999193,-0.04184895430889968,0.0,2.0,2.0,2.0,2.0,100.0,25,1.0,47,8.0,4.0,17.0
2025,7,TB,-0.48536707186970923,-0.0293679997810119,2.0,2.0,0.0,1.0,0.0,0.0,54,8.0,34,9.0,14.8,26.5
2025,8,TB,-0.014987231577853245,-0.6592221002529168,1.0,4.0,3.0,2.0,1.0,50.0,27,3.0,60,7.0,11.1,11.7
2025,10,TB,-0.030099440964845004,0.17789473459285138,0.0,1.0,1.0,3.0,2.0,66.7,45,5.0,36,6.0,11.1,16.7
2025,11,TB,0.1558963161499815,0.31322154870998564,3.0,2.0,-1.0,4.0,2.0,50.0,33,3.0,32,1.0,9.1,3.1
2025,12,TB,-0.33659394407355836,0.6384224110426238,2.0,0.0,-2.0,3.0,1.0,33.3,42,6.0,36,3.0,14.3,8.3
2025,13,TB,0.062032397961881446,-0.0263044622938843,0.0,2.0,2.0,4.0,2.0,50.0,33,2.0,44,7.0,6.1,15.9
2025,14,TB,-0.1783482840616037,0.018192071700584022,1.0,1.0,0.0,2.0,1.0,50.0,35,2.0,24,4.0,5.7,16.7
2025,15,TB,0.03874840390194225,0.2575940928045384,1.0,1.0,0.0,3.0,3.0,100.0,40,6.0,44,4.0,15.0,9.1
2025,16,TB,0.10685435090192215,0.10059068346236226,1.0,0.0,-1.0,3.0,2.0,66.7,30,2.0,36,9.0,6.7,25.0
2025,17,TB,-0.07120564490413278,0.20371801704208245,3.0,0.0,-3.0,3.0,2.0,66.7,50,5.0,25,3.0,10.0,12.0
2025,18,TB,0.007157955731256591,-0.12238140928247718,1.0,3.0,2.0,3.0,1.0,33.3,28,3.0,34,1.0,10.7,2.9
2024,1,TEN,-0.26414464840040225,-0.274424209243249,3.0,1.0,-2.0,2.0,1.0,50.0,38,10.0,33,4.0,26.3,12.1
2024,2,TEN,-0.08954142496916567,0.03564904499543735,2.0,0.0,-2.0,4.0,1.0,25.0,35,6.0,33,3.0,17.1,9.1
2024,3,TEN,-0.40562761633977845,0.28777452540751997,3.0,0.0,-3.0,2.0,2.0,100.0,44,10.0,25,3.0,22.7,12.0
2024,4,TEN,-0.154976128362418,-0.664982428448518,1.0,1.0,0.0,3.0,2.0,66.7,22,3.0,26,5.0,13.6,19.2
2024,6,TEN,-0.027677274352665295,-0.09491334601256621,1.0,1.0,0.0,2.0,2.0,100.0,30,4.0,39,2.0,13.3,5.1
2024,7,TEN,-0.23920922263078423,0.09467267760180259,2.0,0.0,-2.0,3.0,1.0,33.3,43,10.0,35,4.0,23.3,11.4
2024,8,TEN,-0.14427596119130612,0.19231353587035657,4.0,0.0,-4.0,4.0,2.0,50.0,42,5.0,23,5.0,11.9,21.7
2024,9,TEN,0.011146080145846424,-0.08869032534496381,1.0,3.0,2.0,5.0,2.0,40.0,36,4.0,51,8.0,11.1,15.7
2024,10,TEN,0.08386237889794769,0.25579760624035963,0.0,0.0,0.0,3.0,1.0,33.3,33,9.0,23,2.0,27.3,8.7
2024,11,TEN,-0.06059239670295453,0.04081233629921565,1.0,1.0,0.0,1.0,0.0,0.0,38,9.0,37,4.0,23.7,10.8
2024,12,TEN,-0.0963698010642001,-0.22699336670625098,2.0,3.0,1.0,1.0,1.0,100.0,35,9.0,40,6.0,25.7,15.0
2024,13,TEN,-0.5518561678135089,0.7572767744799528,2.0,1.0,-1.0,2.0,1.0,50.0,39,8.0,38,2.0,20.5,5.3
2024,14,TEN,-0.15862419363598335,0.030804982399609836,0.0,2.0,2.0,2.0,0.0,0.0,34,3.0,34,6.0,8.8,17.6
2024,15,TEN,-0.37101945993795415,0.15539311977821962,6.0,3.0,-3.0,4.0,4.0,100.0,39,5.0,37,6.0,12.8,16.2
2024,16,TEN,-0.15799464204365743,0.4933417641900212,3.0,1.0,-2.0,3.0,3.0,100.0,36,4.0,14,1.0,11.1,7.1
2024,17,TEN,0.03728812583230865,0.1928677919473799,1.0,0.0,-1.0,2.0,1.0,50.0,38,5.0,26,3.0,13.2,11.5
2024,18,TEN,-0.32924756839949015,0.1352968782626027,1.0,1.0,0.0,2.0,0.0,0.0,30,5.0,30,2.0,16.7,6.7
2025,1,TEN,-0.3842906880635945,-0.14391578305271813,3.0,3.0,0.0,2.0,0.0,0.0,34,14.0,43,5.0,41.2,11.6
2025,2,TEN,-0.1724403232806851,0.24260989124639135,1.0,1.0,0.0,3.0,1.0,33.3,41,9.0,34,6.0,22.0,17.6
2025,3,TEN,-0.23744310758526363,0.35904703844433483,1.0,0.0,-1.0,2.0,2.0,100.0,45,7.0,27,2.0,15.6,7.4
2025,4,TEN,-0.26469444561004146,0.12640696169354515,1.0,0.0,-1.0,0.0,0.0,,29,7.0,32,5.0,24.1,15.6
2025,5,TEN,-0.11053215265938707,0.09223200021696525,2.0,2.0,0.0,2.0,1.0,50.0,42,4.0,37,5.0,9.5,13.5
2025,6,TEN,-0.38584569369494504,-0.14351252320771798,3.0,1.0,-2.0,2.0,1.0,50.0,43,9.0,25,7.0,20.9,28.0
2025,7,TEN,-0.2641734350000216,0.4912445698338016,2.0,0.0,-2.0,0.0,0.0,,39,6.0,36,5.0,15.4,13.9
2025,8,TEN,-0.022888143070304068,0.47444630589998354,1.0,0.0,-1.0,3.0,2.0,66.7,42,6.0,35,6.0,14.3,17.1
2025,9,TEN,-0.17723924175599148,0.08704887053496654,0.0,1.0,1.0,2.0,0.0,0.0,26,5.0,39,10.0,19.2,25.6
2025,11,TEN,-0.11977042686512421,-0.06696717421772264,1.0,0.0,-1.0,1.0,1.0,100.0,43,5.0,47,7.0,11.6,14.9
2025,12,TEN,-0.18265480786835908,0.6013766492252904,0.0,0.0,0.0,3.0,2.0,66.7,50,11.0,27,3.0,22.0,11.1
2025,13,TEN,-0.2942672681606088,0.08547914049361283,2.0,0.0,-2.0,1.0,0.0,0.0,42,5.0,32,5.0,11.9,15.6
2025,14,TEN,-0.06657047393770578,-0.03731418430202165,1.0,2.0,1.0,2.0,2.0,100.0,29,5.0,47,12.0,17.2,25.5
2025,15,TEN,0.14743751953545428,0.4216081568712181,0.0,1.0,1.0,3.0,2.0,66.7,29,3.0,37,6.0,10.3,16.2
2025,16,TEN,-0.011994744974865832,-0.22487193859804328,0.0,0.0,0.0,4.0,3.0,75.0,31,5.0,31,5.0,16.1,16.1
2025,17,TEN,-0.1777956393490769,0.30813548698766074,1.0,1.0,0.0,2.0,1.0,50.0,46,7.0,31,5.0,15.2,16.1
2025,18,TEN,-0.30483612319437303,0.3111944758328954,1.0,0.0,-1.0,1.0,1.0,100.0,35,5.0,36,2.0,14.3,5.6
2024,1,WAS,0.09354566671522149,0.2668470614275728,0.0,0.0,0.0,3.0,3.0,100.0,33,2.0,34,4.0,6.1,11.8
2024,2,WAS,0.15648809882807774,0.13985946262711843,0.0,1.0,1.0,6.0,0.0,0.0,38,7.0,30,4.0,18.4,13.3
2024,3,WAS,0.5153402799418085,0.3879115107444981,0.0,0.0,0.0,3.0,3.0,100.0,30,3.0,41,4.0,10.0,9.8
2024,4,WAS,0.38005017623329596,-0.20576202818055583,1.0,1.0,0.0,5.0,4.0,80.0,36,1.0,27,5.0,2.8,18.5
2024,5,WAS,0.2376915329807145,-0.5338468395515533,2.0,1.0,-1.0,6.0,3.0,50.0,36,3.0,39,10.0,8.3,25.6
2024,6,WAS,0.11266945776878498,0.1795326798987268,0.0,1.0,1.0,3.0,2.0,66.7,42,7.0,30,4.0,16.7,13.3
2024,7,WAS,0.13449299419574004,-0.7775475113751151,0.0,2.0,2.0,6.0,3.0,50.0,28,2.0,21,2.0,7.1,9.5
2024,8,WAS,0.07505590199857659,-0.14912111392477528,0.0,1.0,1.0,3.0,0.0,0.0,46,7.0,32,8.0,15.2,25.0
2024,9,WAS,0.33723704900457246,0.131294048122323,0.0,1.0,1.0,6.0,3.0,50.0,25,2.0,29,4.0,8.0,13.8
2024,10,WAS,-0.13645924922788852,-0.022650367114692926,0.0,3.0,3.0,3.0,3.0,100.0,37,6.0,33,6.0,16.2,18.2
2024,11,WAS,-0.273184814236932,0.1447197541333662,1.0,0.0,-1.0,2.0,2.0,100.0,39,3.0,34,4.0,7.7,11.8
2024,12,WAS,-0.19980551561186602,-0.01828914156021303,3.0,1.0,-2.0,2.0,2.0,100.0,43,10.0,34,2.0,23.3,5.9
2024,13,WAS,0.7572767744799528,-0.5518561678135089,1.0,2.0,1.0,7.0,5.0,71.4,38,2.0,39,8.0,5.3,20.5
2024,15,WAS,0.13764088050554085,-0.07030057457394286,0.0,1.0,1.0,3.0,2.0,66.7,45,8.0,35,7.0,17.8,20.0
2024,16,WAS,-0.08415240860111746,0.02624405681024844,5.0,2.0,-3.0,4.0,3.0,75.0,45,2.0,37,7.0,4.4,18.9
2024,17,WAS,0.2215034776568865,0.06587515463216208,1.0,1.0,0.0,6.0,4.0,66.7,48,6.0,38,3.0,12.5,7.9
2024,18,WAS,0.10660163655341466,-0.04375298736429032,0.0,1.0,1.0,3.0,3.0,100.0,39,7.0,37,2.0,17.9,5.4
2025,1,WAS,0.1302680332550413,-0.21897747282111005,0.0,0.0,0.0,4.0,3.0,75.0,37,4.0,45,8.0,10.8,17.8
2025,2,WAS,-0.2161957043371166,0.26848313849095806,0.0,0.0,0.0,1.0,1.0,100.0,51,10.0,34,3.0,19.6,8.8
2025,3,WAS,0.281906438951623,-0.1894232063005412,1.0,0.0,-1.0,3.0,2.0,66.7,22,3.0,34,9.0,13.6,26.5
2025,4,WAS,-0.043092894230713295,0.3040590205664094,1.0,1.0,0.0,1.0,1.0,100.0,29,5.0,28,2.0,17.2,7.1
2025,5,WAS,0.20674712528854772,-0.1421852248649068,1.0,2.0,1.0,5.0,3.0,60.0,31,1.0,39,8.0,3.2,20.5
2025,6,WAS,-0.06369690371164834,0.1847087651689039,3.0,0.0,-3.0,1.0,1.0,100.0,35,3.0,33,4.0,8.6,12.1
2025,7,WAS,-0.013260215743566338,0.2220323692374944,2.0,0.0,-2.0,3.0,3.0,100.0,40,7.0,33,4.0,17.5,12.1
2025,8,WAS,-0.13552851268620944,0.2311634062621225,2.0,2.0,0.0,2.0,1.0,50.0,35,4.0,40,7.0,11.4,17.5
2025,9,WAS,-0.22005601566181415,0.7927732296065306,2.0,1.0,-1.0,2.0,2.0,100.0,35,5.0,24,1.0,14.3,4.2
2025,10,WAS,0.0907881412947351,0.6055967044404619,0.0,0.0,0.0,3.0,3.0,100.0,26,5.0,35,5.0,19.2,14.3
2025,11,WAS,0.07062747970214588,-0.019850018187706958,1.0,1.0,0.0,3.0,0.0,0.0,32,5.0,23,3.0,15.6,13.0
2025,13,WAS,0.08486199814935548,0.1828667050081609,1.0,1.0,0.0,5.0,3.0,60.0,55,6.0,48,4.0,10.9,8.3
2025,14,WAS,-0.24347081230595136,0.19804898934130027,3.0,0.0,-3.0,2.0,0.0,0.0,32,4.0,29,7.0,12.5,24.1
2025,15,WAS,0.1788820527884164,-0.08126964793101767,2.0,1.0,-1.0,1.0,1.0,100.0,26,5.0,44,8.0,19.2,18.2
2025,16,WAS,-0.21935140060574398,0.2047658104029549,1.0,1.0,0.0,3.0,2.0,66.7,25,4.0,37,2.0,16.0,5.4
2025,17,WAS,0.19653274427039732,0.24478190724203164,0.0,0.0,0.0,3.0,1.0,33.3,26,5.0,45,9.0,19.2,20.0
2025,18,WAS,-0.015141969240506386,-0.06901463192762977,2.0,1.0,-1.0,4.0,3.0,75.0,27,4.0,45,6.0,14.8,13.3
