season,season_type,team,off_epa_per_play,off_success_rate,off_core_plays,def_epa_per_play_allowed,def_success_rate_allowed,def_core_plays,off_early_down_epa,def_early_down_epa_allowed,off_explosive_rate,def_explosive_rate_allowed,pressure_rate_allowed,dropbacks,pressure_rate_created,opp_dropbacks,giveaways,takeaways,turnover_margin,def_yards_per_carry_allowed,opp_100yd_rushers,points_per_drive,scoring_drive_pct,three_and_out_rate,drives,points_per_drive_allowed,scoring_drive_pct_allowed,three_and_out_rate_forced,drives_faced,time_weighted_margin,pct_game_time_leading,pct_game_time_wp_gt_75,games_never_trailed,points_for,points_against,wins,games,losses,point_diff,point_diff_per_game,points_for_per_game,points_against_per_game
1999,POST,BUF,-0.11511730153869722,0.38181818181818183,55,-0.2867533516256175,0.3230769230769231,65,-0.190908820106061,-0.09230261591204908,0.09090909090909091,0.03076923076923077,0.21428571428571427,28,0.11538461538461539,26,1.0,2.0,1.0,3.5641025641025643,1.0,1.1538461538461537,0.23076923076923078,0.46153846153846156,13,1.0,0.23076923076923078,0.3076923076923077,13,-3.040277777777778,18.22222222222222,0.0,0.0,16,22,0.0,1,1.0,-6,-6.0,16.0,22.0
1999,POST,DAL,-0.010321497138111306,0.3333333333333333,36,0.11439700072065394,0.375,56,0.2890837230555834,0.0261529928146385,0.16981132075471697,0.18181818181818182,0.02702702702702703,37,0.10714285714285714,28,3.0,1.0,-2.0,4.605263157894737,1.0,1.0,0.2,0.2,10,2.25,0.4166666666666667,0.08333333333333333,12,-5.0697222222222225,21.11111111111111,0.0,0.0,10,27,0.0,1,1.0,-17,-17.0,10.0,27.0
1999,POST,DET,-0.5034516096891214,0.13333333333333333,15,0.2809785056179221,0.30434782608695654,23,-0.6105800880352035,0.12605514519964345,0.1206896551724138,0.10526315789473684,0.08333333333333333,48,0.03333333333333333,30,2.0,2.0,0.0,4.8478260869565215,1.0,0.5384615384615384,0.07692307692307693,0.15384615384615385,13,1.5384615384615385,0.38461538461538464,0.23076923076923078,13,-19.15972222222222,0.0,0.0,0.0,13,27,0.0,1,1.0,-14,-14.0,13.0,27.0
1999,POST,IND,-0.1579709751779711,0.3157894736842105,57,0.045375266925644926,0.39215686274509803,51,-0.03948637196051166,0.15776235774720612,0.09375,0.1111111111111111,0.0,41,0.0,24,0.0,1.0,1.0,5.96969696969697,1.0,1.3333333333333333,0.3333333333333333,0.25,12,1.5833333333333333,0.4166666666666667,0.08333333333333333,12,-2.056111111111111,27.694444444444443,0.0,0.0,16,19,0.0,1,1.0,-3,-3.0,16.0,19.0
1999,POST,JAX,0.0994375905912874,0.40540540540540543,74,-0.3581911573098658,0.35294117647058826,51,0.077384241745555,-0.37268077943839933,0.15384615384615385,0.05785123966942149,0.08064516129032258,62,0.08695652173913043,69,7.0,11.0,4.0,3.7735849056603774,0.0,2.161290322580645,0.3548387096774194,0.12903225806451613,31,0.75,0.15625,0.25,32,16.701249999999998,66.61111111111111,45.361111111111114,1.0,76,40,1.0,2,1.0,36,18.0,38.0,20.0
1999,POST,LA,0.11810706226457524,0.43312101910828027,157,-0.022619194026332636,0.3942857142857143,175,0.12232012318530522,0.008619424489391831,0.1695906432748538,0.1323529411764706,0.02459016393442623,122,0.08333333333333333,120,5.0,5.0,0.0,3.651685393258427,0.0,2.2058823529411766,0.38235294117647056,0.11764705882352941,34,1.6388888888888888,0.3055555555555556,0.1111111111111111,36,5.83037037037037,64.36111111111111,37.675925925925924,1.0,83,59,3.0,3,0.0,24,8.0,27.666666666666668,19.666666666666668
1999,POST,MIA,-0.18297045468378065,0.39436619718309857,71,-0.03154781330559739,0.35135135135135137,74,-0.2717587884172745,-0.08168330594263454,0.09230769230769231,0.11570247933884298,0.07792207792207792,77,0.14285714285714285,56,7.0,4.0,-3.0,4.515151515151516,1.0,0.6060606060606061,0.15151515151515152,0.2727272727272727,33,2.3214285714285716,0.39285714285714285,0.25,28,-19.982916666666664,4.861111111111112,4.0,0.0,27,79,1.0,2,1.0,-52,-26.0,13.5,39.5
1999,POST,MIN,0.09144677988910346,0.37383177570093457,107,0.1477756956788219,0.4507042253521127,71,0.01953622508592096,0.3444621450398595,0.18493150684931506,0.17647058823529413,0.08641975308641975,81,0.04285714285714286,70,4.0,5.0,1.0,4.303030303030303,0.0,2.4074074074074074,0.4074074074074074,0.1111111111111111,27,2.260869565217391,0.34782608695652173,0.08695652173913043,23,-2.763333333333333,35.5,25.38888888888889,0.0,64,59,1.0,2,1.0,5,2.5,32.0,29.5
1999,POST,SEA,-0.24204224726913268,0.3090909090909091,55,0.0023075470867466646,0.4090909090909091,66,-0.3007937149541715,-0.05781660511274822,0.05454545454545454,0.15151515151515152,0.17142857142857143,35,0.03225806451612903,31,2.0,0.0,-2.0,2.918918918918919,0.0,0.9090909090909091,0.18181818181818182,0.2727272727272727,11,1.4285714285714286,0.2857142857142857,0.21428571428571427,14,3.2283333333333335,81.75,9.916666666666666,0.0,17,20,0.0,1,1.0,-3,-3.0,17.0,20.0
1999,POST,TB,-0.2799164237544714,0.2782608695652174,115,-0.2454149846178764,0.33613445378151263,119,-0.16501105390038684,-0.23771447211103724,0.08695652173913043,0.09243697478991597,0.1076923076923077,65,0.03896103896103896,77,3.0,5.0,2.0,2.2045454545454546,0.0,0.6923076923076923,0.15384615384615385,0.3076923076923077,26,0.64,0.16,0.32,25,-1.6158333333333335,28.11111111111111,0.9444444444444444,0.0,20,24,1.0,2,1.0,-4,-2.0,10.0,12.0
1999,POST,TEN,-0.05284781592560374,0.3922413793103448,232,-0.018029341532562745,0.3672566371681416,226,0.03645875395191044,0.003326589012088649,0.08536585365853659,0.14049586776859505,0.045871559633027525,109,0.0641025641025641,156,7.0,6.0,-1.0,4.348837209302325,1.0,1.5208333333333333,0.3125,0.16666666666666666,48,1.375,0.2916666666666667,0.20833333333333334,48,0.49145833333333333,35.6875,24.006944444444443,0.0,90,69,3.0,4,1.0,21,5.25,22.5,17.25
1999,POST,WAS,-0.19671478899795808,0.27848101265822783,79,-0.3054808675587992,0.2236842105263158,76,-0.16861646386525153,-0.21554155394928617,0.09848484848484848,0.1092436974789916,0.0625,64,0.07317073170731707,82,4.0,3.0,-1.0,2.4054054054054053,0.0,1.0,0.2692307692307692,0.3076923076923077,26,0.75,0.10714285714285714,0.32142857142857145,28,10.981111111111112,67.34722222222223,57.79166666666667,1.0,40,27,1.0,2,1.0,13,6.5,20.0,13.5
1999,REG,ARI,-0.17811388509884682,0.3542654028436019,844,-0.0252849638144524,0.41818181818181815,880,-0.11010126761636985,0.01844518433798256,0.09979633401221996,0.11057692307692307,0.07462686567164178,603,0.062381852551984876,529,40.0,27.0,-13.0,4.178966789667896,7.0,0.9420289855072463,0.20772946859903382,0.2560386473429952,207,1.5735294117647058,0.28431372549019607,0.2107843137254902,204,-5.535225694444445,25.458333333333336,9.227430555555557,1.0,245,382,6.0,16,10.0,-137,-8.5625,15.3125,23.875
1999,REG,ATL,-0.1124313033842623,0.3899018232819074,713,0.02366440574075672,0.40053404539385845,749,-0.08354524165826888,0.0031629608792295536,0.11925601750547046,0.12589559877175024,0.08974358974358974,546,0.0781563126252505,499,34.0,19.0,-15.0,4.245901639344262,6.0,1.2918918918918918,0.24864864864864866,0.15675675675675677,185,1.7258064516129032,0.34408602150537637,0.13440860215053763,186,-3.563229166666667,30.85763888888889,15.616319444444445,1.0,285,380,5.0,16,11.0,-95,-5.9375,17.8125,23.75
1999,REG,BAL,-0.14140636289099165,0.348780487804878,820,-0.16299492212057562,0.3425814234016888,829,-0.06540062746569048,-0.14166604228826085,0.10890052356020942,0.08926673751328375,0.0922242314647378,553,0.07679180887372014,586,30.0,26.0,-4.0,3.1934604904632153,0.0,1.2146341463414634,0.2731707317073171,0.16585365853658537,205,0.914572864321608,0.20100502512562815,0.271356783919598,199,2.6379814814814817,48.28518518518518,32.57222222222222,4.0,324,277,8.0,16,8.0,47,2.9375,20.25,17.3125
1999,REG,BUF,-0.021714393351579698,0.40352941176470586,850,-0.1348480877388018,0.3560411311053985,778,-0.04688792206480396,-0.09941081961137424,0.1270772238514174,0.10848549946294307,0.048507462686567165,536,0.06788990825688074,545,27.0,21.0,-6.0,3.357843137254902,2.0,1.5208333333333333,0.3020833333333333,0.171875,192,1.1058201058201058,0.2328042328042328,0.2222222222222222,189,2.1155381944444445,49.244791666666664,31.276041666666668,5.0,320,229,11.0,16,5.0,91,5.6875,20.0,14.3125
1999,REG,CAR,0.03224651658680449,0.4326424870466321,772,0.06007855534314527,0.4445843828715365,794,0.06458916744016319,0.04972845268684139,0.14641744548286603,0.13313609467455623,0.08090614886731391,618,0.06164383561643835,584,34.0,27.0,-7.0,4.217777777777778,5.0,1.8375634517766497,0.37055837563451777,0.14213197969543148,197,1.7837837837837838,0.31351351351351353,0.12972972972972974,185,2.6775520833333335,50.857638888888886,32.35590277777778,5.0,421,381,8.0,16,8.0,40,2.5,26.3125,23.8125
1999,REG,CHI,-0.09292283604425175,0.39328277356446373,923,-0.029682659304191592,0.41487068965517243,928,-0.0746678365235564,-0.016801404021769956,0.10724106324472961,0.14591439688715954,0.05329593267882188,713,0.06026058631921824,614,40.0,29.0,-11.0,4.296803652968037,4.0,1.1262135922330097,0.23300970873786409,0.1941747572815534,206,1.4585365853658536,0.28780487804878047,0.15609756097560976,205,-2.994357638888889,30.21701388888889,15.815972222222221,0.0,272,341,6.0,16,10.0,-69,-4.3125,17.0,21.3125
1999,REG,CIN,-0.08413341601090556,0.40625,768,0.04719038309340065,0.43306010928961747,732,-0.08723420848052406,0.04729072987514929,0.13043478260869565,0.13205645161290322,0.08333333333333333,588,0.06352087114337568,551,33.0,26.0,-7.0,3.7384615384615385,5.0,1.2124352331606219,0.24352331606217617,0.19170984455958548,193,2.090452261306533,0.3969849246231156,0.1507537688442211,199,-6.832673611111111,27.9375,15.84548611111111,3.0,283,460,4.0,16,12.0,-177,-11.0625,17.6875,28.75
1999,REG,CLE,-0.12124230984069741,0.3465491923641703,681,0.09387230630938051,0.4714747039827772,929,-0.03745360414788336,0.06554474055988328,0.10785463071512309,0.10962566844919786,0.11213235294117647,544,0.04797047970479705,542,28.0,21.0,-7.0,4.456026058631922,9.0,1.0706521739130435,0.1956521739130435,0.2826086956521739,184,2.2393617021276597,0.42021276595744683,0.12234042553191489,188,-7.168611111111112,23.59548611111111,3.3576388888888884,0.0,217,437,2.0,16,14.0,-220,-13.75,13.5625,27.3125
1999,REG,DAL,0.012288698564312833,0.4136310223266745,851,-0.10920681999968344,0.3754556500607533,823,0.03763862191971991,-0.03471894194235521,0.12537612838515547,0.11351909184726522,0.04597701149425287,522,0.059027777777777776,576,23.0,33.0,10.0,3.442857142857143,4.0,1.5051020408163265,0.28061224489795916,0.18877551020408162,196,1.085427135678392,0.2613065326633166,0.20603015075376885,199,4.910260416666667,64.31770833333333,38.123263888888886,6.0,352,276,8.0,16,8.0,76,4.75,22.0,17.25
1999,REG,DEN,-0.05368193281067379,0.39544513457556935,966,-0.06727123979931805,0.3949483352468427,871,-0.017381387790955126,0.005837878893408211,0.11423039690222653,0.12473118279569892,0.058925476603119586,577,0.09486166007905138,506,30.0,24.0,-6.0,3.9477272727272728,5.0,1.3794871794871795,0.29743589743589743,0.18974358974358974,195,1.3838383838383839,0.2878787878787879,0.22727272727272727,198,0.6901909722222221,45.13368055555556,19.553819444444443,5.0,314,318,6.0,16,10.0,-4,-0.25,19.625,19.875
1999,REG,DET,-0.08541354186027028,0.37753882915173237,837,-0.057200154013752634,0.40660592255125283,878,-0.07682309275330115,-0.0469459775746503,0.12513144058885384,0.1228600201409869,0.10344827586206896,609,0.08116883116883117,616,22.0,32.0,10.0,3.895674300254453,3.0,1.3958333333333333,0.2916666666666667,0.15104166666666666,192,1.3197969543147208,0.27918781725888325,0.2131979695431472,197,1.3536805555555556,50.5625,25.526041666666668,3.0,322,323,8.0,16,8.0,-1,-0.0625,20.125,20.1875
1999,REG,GB,-0.04691602562907974,0.4064587973273942,898,-0.02881895626053543,0.391705069124424,868,-0.03196572561996284,-0.049519983730621615,0.14285714285714285,0.1197252208047105,0.05529225908372828,633,0.055357142857142855,560,38.0,38.0,0.0,3.813953488372093,2.0,1.577319587628866,0.31443298969072164,0.21649484536082475,194,1.5279187817258884,0.30456852791878175,0.19289340101522842,197,-0.021024305555555456,37.192708333333336,18.307291666666668,2.0,357,341,8.0,16,8.0,16,1.0,22.3125,21.3125
1999,REG,IND,0.0969203551160944,0.4316546762589928,834,-0.04961239761663881,0.41973840665873957,841,0.08135199217631531,-0.0009174148954531053,0.13909378292939936,0.1303030303030303,0.025362318840579712,552,0.06879194630872483,596,29.0,21.0,-8.0,4.218673218673219,1.0,1.9839572192513368,0.40641711229946526,0.12834224598930483,187,1.5401069518716577,0.3155080213903743,0.19786096256684493,187,4.063802083333334,59.19444444444444,36.717013888888886,6.0,423,333,13.0,16,3.0,90,5.625,26.4375,20.8125
1999,REG,JAX,0.06717208668134851,0.42793296089385474,895,-0.1277213868890393,0.3633986928104575,765,0.09049586476933079,-0.08324725019388082,0.11320754716981132,0.12406417112299466,0.06349206349206349,567,0.1,570,17.0,31.0,14.0,3.871313672922252,1.0,1.8157894736842106,0.3526315789473684,0.2,190,0.9685863874345549,0.21465968586387435,0.23036649214659685,191,4.294027777777778,58.208333333333336,36.06423611111111,6.0,396,217,14.0,16,2.0,179,11.1875,24.75,13.5625
1999,REG,KC,-0.019648458432562004,0.39065817409766457,942,-0.1686532347253751,0.3745704467353952,873,-0.041929784847158445,-0.14320088940039036,0.12050534499514091,0.13988095238095238,0.04990403071017274,521,0.06589785831960461,607,24.0,45.0,21.0,3.7475961538461537,3.0,1.380281690140845,0.2676056338028169,0.19248826291079812,213,1.0186915887850467,0.24766355140186916,0.17289719626168223,214,2.4495138888888888,47.78645833333333,28.251736111111114,4.0,390,322,9.0,16,7.0,68,4.25,24.375,20.125
1999,REG,LA,0.15632970898155818,0.4878419452887538,658,-0.18390625986123582,0.35748031496062993,635,0.06320482119923371,-0.18029683198653468,0.1767337807606264,0.12240437158469945,0.05917159763313609,507,0.08695652173913043,598,26.0,34.0,8.0,3.4953560371517027,0.0,2.2685714285714287,0.4,0.12571428571428572,175,0.7807486631016043,0.2192513368983957,0.18716577540106952,187,9.703981481481483,75.78148148148148,54.38888888888889,7.0,526,242,13.0,16,3.0,284,17.75,32.875,15.125
1999,REG,LAC,-0.1544716157801941,0.3524027459954233,874,-0.0572574157090962,0.38913525498891355,902,-0.12953159549298304,-0.01889576895131004,0.09500489715964741,0.11177644710578842,0.07592891760904685,619,0.0706896551724138,580,34.0,28.0,-6.0,3.0578703703703702,2.0,1.1887755102040816,0.27040816326530615,0.22959183673469388,196,1.416243654822335,0.29441624365482233,0.17766497461928935,197,-2.5284548611111113,33.39930555555556,17.725694444444446,1.0,269,316,8.0,16,8.0,-47,-2.9375,16.8125,19.75
1999,REG,LV,0.029279678197971414,0.42276422764227645,984,-0.053936365862304964,0.38521836506159013,893,0.023888912876874075,-0.03853361506862552,0.1472569778633301,0.13375130616509928,0.08672566371681416,565,0.07880910683012259,571,27.0,35.0,8.0,3.9170854271356785,2.0,1.7474226804123711,0.34536082474226804,0.19072164948453607,194,1.4120603015075377,0.2914572864321608,0.1708542713567839,199,2.653645833333333,48.83506944444444,25.505208333333332,4.0,390,329,8.0,16,8.0,61,3.8125,24.375,20.5625
1999,REG,MIA,-0.1257101161274195,0.3766769865841073,969,-0.12263296954581333,0.33825338253382536,813,-0.08133791184534615,-0.09213628755617945,0.11439466158245949,0.12004405286343613,0.06168831168831169,616,0.0755813953488372,516,34.0,28.0,-6.0,3.5738498789346247,3.0,1.2077294685990339,0.32367149758454106,0.1932367149758454,207,1.2857142857142858,0.2857142857142857,0.21428571428571427,196,-1.0327430555555557,35.423611111111114,16.96875,2.0,326,336,9.0,16,7.0,-10,-0.625,20.375,21.0
1999,REG,MIN,0.022000358335938597,0.45111111111111113,900,-0.01936671735425221,0.4175257731958763,970,-0.02721359961392189,-0.021342694173370175,0.15904365904365905,0.13001912045889102,0.0759493670886076,553,0.07020280811232449,641,38.0,32.0,-6.0,3.906024096385542,1.0,1.7354497354497354,0.3386243386243386,0.12169312169312169,189,1.4731182795698925,0.3118279569892473,0.12903225806451613,186,1.0102777777777778,45.442708333333336,24.947916666666664,3.0,399,335,10.0,16,6.0,64,4.0,24.9375,20.9375
1999,REG,NE,-0.11799138926657121,0.37599093997734995,883,-0.06958644114357469,0.37846836847946724,901,-0.07914026459616579,-0.069717683999808,0.11770623742454728,0.11879259980525804,0.09491525423728814,590,0.0737410071942446,556,33.0,31.0,-2.0,3.6934156378600824,4.0,1.2619047619047619,0.2571428571428571,0.17142857142857143,210,1.2077294685990339,0.2608695652173913,0.21739130434782608,207,-0.37194444444444447,38.94097222222222,21.30902777777778,3.0,299,284,8.0,16,8.0,15,0.9375,18.6875,17.75
1999,REG,NO,-0.13011556180406317,0.3574097135740971,803,0.0013487407344974786,0.4397905759162304,764,-0.12708360860524456,0.005681765185935157,0.12415130940834142,0.14421052631578948,0.06872852233676977,582,0.08426966292134831,534,40.0,33.0,-7.0,4.1016166281755195,5.0,1.0392156862745099,0.24019607843137256,0.16666666666666666,204,1.9393939393939394,0.3282828282828283,0.1414141414141414,198,-4.2262152777777775,33.213541666666664,13.723958333333332,2.0,260,434,3.0,16,13.0,-174,-10.875,16.25,27.125
1999,REG,NYG,-0.13381806934041865,0.37109826589595374,865,-0.06289472384239966,0.39125,800,-0.07875858058785128,0.029291732043977343,0.10910815939278938,0.11328527291452112,0.06376360808709176,643,0.0575139146567718,539,32.0,24.0,-8.0,3.482142857142857,6.0,1.121212121212121,0.2676767676767677,0.17676767676767677,198,1.4145077720207253,0.29533678756476683,0.22279792746113988,193,-2.4963888888888888,29.932291666666664,11.447916666666666,2.0,299,358,7.0,16,9.0,-59,-3.6875,18.6875,22.375
1999,REG,NYJ,-0.029020690281010345,0.3938356164383562,876,-0.061048385346771594,0.3967391304347826,920,-0.004909774192265053,-0.06604634857646059,0.12332990750256938,0.11916583912611718,0.07088122605363985,522,0.04340567612687813,599,21.0,36.0,15.0,3.9604651162790696,4.0,1.450261780104712,0.2931937172774869,0.18324607329842932,191,1.3948717948717948,0.29743589743589743,0.1641025641025641,195,-0.06595486111111101,41.75868055555556,19.414930555555554,2.0,308,309,8.0,16,8.0,-1,-0.0625,19.25,19.3125
1999,REG,PHI,-0.21244570956776018,0.32124352331606215,772,-0.1134836078604104,0.3989189189189189,925,-0.19906840900910686,-0.09839687833082296,0.09750812567713976,0.12190650779101742,0.09596928982725528,521,0.06105610561056106,606,36.0,49.0,13.0,3.848076923076923,3.0,1.0097087378640777,0.21359223300970873,0.2766990291262136,206,1.4045454545454545,0.3181818181818182,0.1590909090909091,220,-4.3596875,30.394097222222225,20.06076388888889,1.0,272,357,5.0,16,11.0,-85,-5.3125,17.0,22.3125
1999,REG,PIT,-0.12111306527749686,0.4085155350978136,869,-0.022561405507653655,0.3822784810126582,790,-0.07998124930653072,-0.0017142822418992232,0.10480769230769231,0.1277292576419214,0.06725663716814159,565,0.08064516129032258,496,25.0,28.0,3.0,4.331858407079646,5.0,1.263681592039801,0.2885572139303483,0.1791044776119403,201,1.3195876288659794,0.25773195876288657,0.19072164948453607,194,-1.1836458333333333,41.58680555555556,20.411458333333336,6.0,317,320,6.0,16,10.0,-3,-0.1875,19.8125,20.0
1999,REG,SEA,-0.06630907296420517,0.3858560794044665,806,-0.05362863631112324,0.3938753959873284,947,-0.03346074777758099,-0.040532613878179906,0.1350210970464135,0.12546468401486988,0.06690777576853527,553,0.06239737274220033,609,31.0,38.0,7.0,3.9876288659793815,4.0,1.494949494949495,0.32323232323232326,0.18181818181818182,198,1.2403846153846154,0.27884615384615385,0.16346153846153846,208,2.0560416666666668,47.3125,29.79340277777778,5.0,338,298,9.0,16,7.0,40,2.5,21.125,18.625
1999,REG,SF,-0.020661462374576518,0.42765685019206146,781,0.13078102557862759,0.4423076923076923,780,0.03877354655556645,0.10801911495167484,0.12815338042381433,0.14570230607966456,0.05802047781569966,586,0.058931860036832415,543,32.0,20.0,-12.0,3.7873831775700935,3.0,1.2582417582417582,0.2692307692307692,0.17032967032967034,182,1.9528795811518325,0.387434554973822,0.1518324607329843,191,-4.973229166666667,24.14236111111111,13.041666666666668,2.0,295,453,4.0,16,12.0,-158,-9.875,18.4375,28.3125
1999,REG,TB,-0.13908582783907944,0.3526627218934911,845,-0.18605183591312588,0.34278959810874704,846,-0.12448668548687497,-0.1548958294599213,0.09917355371900827,0.10240334378265413,0.0860655737704918,488,0.07049180327868852,610,34.0,32.0,-2.0,3.897506925207756,3.0,1.0813397129186604,0.24880382775119617,0.215311004784689,209,0.9545454545454546,0.21717171717171718,0.22727272727272727,198,-0.3680555555555554,48.50868055555556,25.088541666666668,4.0,270,235,11.0,16,5.0,35,2.1875,16.875,14.6875
1999,REG,TEN,0.04395966307234269,0.41962174940898345,846,-0.07782486902210341,0.4014336917562724,837,0.03783063187612974,-0.026572365917120554,0.14052953156822812,0.13435897435897437,0.04595588235294118,544,0.08985024958402663,601,25.0,37.0,12.0,4.036458333333333,1.0,1.6354679802955665,0.3103448275862069,0.17733990147783252,203,1.2538071065989849,0.24873096446700507,0.16751269035532995,197,4.082326388888889,61.76909722222222,34.307291666666664,8.0,392,324,13.0,16,3.0,68,4.25,24.5,20.25
1999,REG,WAS,0.08046824982421262,0.45217391304347826,805,-0.005475985963940539,0.3924050632911392,869,0.12712843031139526,0.00819172352831107,0.15115115115115116,0.1413562559694365,0.05291005291005291,567,0.06260032102728733,623,25.0,37.0,12.0,4.482993197278912,4.0,1.9207920792079207,0.35148514851485146,0.1188118811881188,202,1.6243654822335025,0.3248730964467005,0.19289340101522842,197,3.793993055555555,54.046875,35.75868055555556,6.0,443,377,10.0,16,6.0,66,4.125,27.6875,23.5625
2000,POST,BAL,-0.1324811895497001,0.2471264367816092,174,-0.4338824209691612,0.2894736842105263,190,-0.072459952625195,-0.32966499195491966,0.10267857142857142,0.08171206225680934,0.11235955056179775,89,0.07734806629834254,181,2.0,12.0,10.0,3.0714285714285716,0.0,1.1964285714285714,0.23214285714285715,0.25,56,-0.08771929824561403,0.07017543859649122,0.3333333333333333,57,6.948958333333334,61.48611111111111,48.673611111111114,3.0,95,23,4.0,4,0.0,72,18.0,23.75,5.75
2000,POST,DEN,-0.2972027098906418,0.2571428571428571,35,0.08637637771272029,0.358974358974359,39,-0.3822103750274982,0.2834082017225834,0.11475409836065574,0.10909090909090909,0.11627906976744186,43,0.1111111111111111,18,1.0,0.0,-1.0,3.210526315789474,1.0,0.21428571428571427,0.07142857142857142,0.2857142857142857,14,1.5,0.21428571428571427,0.35714285714285715,14,-9.31638888888889,0.0,0.2222222222222222,0.0,3,21,0.0,1,1.0,-18,-18.0,3.0,21.0
2000,POST,IND,-0.03767727155292346,0.4,55,0.03874946908741583,0.4939759036144578,83,0.17529490987532015,0.06958527382994362,0.10909090909090909,0.10843373493975904,0.0,32,0.05263157894736842,38,0.0,3.0,3.0,5.375,1.0,1.3333333333333333,0.3333333333333333,0.16666666666666666,12,2.0,0.3333333333333333,0.08333333333333333,12,6.052222222222222,77.33333333333333,49.888888888888886,0.0,17,23,0.0,1,1.0,-6,-6.0,17.0,23.0
2000,POST,LA,0.007719565899373884,0.2978723404255319,47,0.01838745751432591,0.34615384615384615,52,-0.36371016497723757,-0.2405792130004903,0.19298245614035087,0.08064516129032258,0.047619047619047616,42,0.06060606060606061,33,4.0,3.0,-1.0,1.5625,0.0,2.1538461538461537,0.3076923076923077,0.15384615384615385,13,2.2142857142857144,0.35714285714285715,0.21428571428571427,14,-4.828055555555555,10.194444444444445,0.3055555555555556,0.0,28,31,0.0,1,1.0,-3,-3.0,28.0,31.0
2000,POST,LV,-0.3590984609876827,0.325,80,-0.36060619924050924,0.2077922077922078,77,-0.1429029713801962,-0.48430476258631405,0.07317073170731707,0.1,0.1,70,0.06451612903225806,62,6.0,6.0,0.0,2.3968253968253967,0.0,0.8846153846153846,0.19230769230769232,0.3076923076923077,26,0.34615384615384615,0.15384615384615385,0.15384615384615385,26,5.186527777777778,47.40277777777778,44.93055555555556,1.0,30,16,1.0,2,1.0,14,7.0,15.0,8.0
2000,POST,MIA,-0.15225453271620099,0.42990654205607476,107,0.02078808272826163,0.4470588235294118,85,-0.15056582990225897,0.1346711984272891,0.10071942446043165,0.09090909090909091,0.05063291139240506,79,0.05172413793103448,58,7.0,1.0,-6.0,3.514705882352941,1.0,0.7083333333333334,0.16666666666666666,0.16666666666666666,24,1.5,0.3333333333333333,0.25,24,-11.647916666666667,0.3194444444444445,0.09722222222222222,0.0,23,44,1.0,2,1.0,-21,-10.5,11.5,22.0
2000,POST,MIN,0.11668074486627071,0.37254901960784315,51,0.13576616926165863,0.3888888888888889,72,-0.011812109867797085,0.13509841292190167,0.10784313725490197,0.14285714285714285,0.06060606060606061,66,0.021505376344086023,93,5.0,4.0,-1.0,3.5689655172413794,0.0,1.5454545454545454,0.2727272727272727,0.18181818181818182,22,2.4166666666666665,0.4166666666666667,0.041666666666666664,24,-8.245277777777778,47.56944444444444,38.90277777777777,1.0,34,57,1.0,2,1.0,-23,-11.5,17.0,28.5
2000,POST,NO,-0.005857816266382093,0.32653061224489793,98,0.19359898590092764,0.36470588235294116,85,-0.14660347744632563,-0.10561057774993103,0.078125,0.175,0.046511627906976744,86,0.02631578947368421,76,5.0,4.0,-1.0,3.2857142857142856,0.0,1.8461538461538463,0.3076923076923077,0.15384615384615385,26,2.5833333333333335,0.4166666666666667,0.16666666666666666,24,-3.8363888888888886,26.305555555555554,21.625,0.0,47,62,1.0,2,1.0,-15,-7.5,23.5,31.0
2000,POST,NYG,-0.3022704009092495,0.336283185840708,113,-0.474375821147159,0.24528301886792453,106,-0.25121580911408,-0.33840880117119776,0.11442786069651742,0.05555555555555555,0.04716981132075472,106,0.11711711711711711,111,9.0,9.0,0.0,3.767857142857143,1.0,0.975609756097561,0.21951219512195122,0.24390243902439024,41,0.5476190476190477,0.14285714285714285,0.2619047619047619,42,9.835740740740741,65.64814814814815,61.12037037037038,2.0,68,44,2.0,3,1.0,24,8.0,22.666666666666668,14.666666666666666
2000,POST,PHI,-0.208264994973835,0.3917525773195876,97,-0.3336582533574958,0.35,80,-0.16206006834464562,-0.1632341362774241,0.0625,0.05263157894736842,0.09302325581395349,86,0.09259259259259259,54,5.0,3.0,-2.0,2.6129032258064515,0.0,0.9230769230769231,0.19230769230769232,0.23076923076923078,26,0.375,0.125,0.16666666666666666,24,-2.2840277777777778,27.861111111111107,26.375,0.0,31,23,1.0,2,1.0,8,4.0,15.5,11.5
2000,POST,TB,-0.29249016158560626,0.35135135135135137,37,0.16454132958142603,0.5,48,-0.07121514770852659,0.13085879016767388,0.05660377358490566,0.08955223880597014,0.11764705882352941,34,0.05555555555555555,36,1.0,1.0,0.0,3.8181818181818183,0.0,0.2727272727272727,0.09090909090909091,0.18181818181818182,11,1.9090909090909092,0.2727272727272727,0.09090909090909091,11,-7.080277777777778,11.472222222222223,0.0,0.0,3,21,0.0,1,1.0,-18,-18.0,3.0,21.0
2000,POST,TEN,-0.1619187263465202,0.4426229508196721,61,-0.16103675822930996,0.21052631578947367,38,-0.11295081446995027,-0.11291095579924461,0.075,0.09302325581395349,0.020833333333333332,48,0.14285714285714285,21,1.0,0.0,-1.0,2.130434782608696,0.0,-0.3076923076923077,0.15384615384615385,0.23076923076923078,13,0.8333333333333334,0.16666666666666666,0.3333333333333333,12,-0.47638888888888886,30.416666666666664,1.25,0.0,10,24,0.0,1,1.0,-14,-14.0,10.0,24.0
2000,REG,ARI,-0.18758179660050903,0.3613933236574746,689,0.15343182270579508,0.48366013071895425,765,-0.17950392844185897,0.07957956730748167,0.10434782608695652,0.1360153256704981,0.05714285714285714,595,0.049281314168377825,487,41.0,23.0,-18.0,4.506044905008635,8.0,0.9830508474576272,0.21468926553672316,0.1638418079096045,177,2.2905027932960893,0.41899441340782123,0.1340782122905028,179,-9.046510416666667,13.131944444444446,4.057291666666667,0.0,210,443,3.0,16,13.0,-233,-14.5625,13.125,27.6875
2000,REG,ATL,-0.2430003398598527,0.35900962861072905,727,-0.002569823432905459,0.4139715394566624,773,-0.21117138304901192,0.019924654679170404,0.11074561403508772,0.13488843813387424,0.10627177700348432,574,0.05415162454873646,554,35.0,24.0,-11.0,4.352297592997812,4.0,1.010928961748634,0.2459016393442623,0.16939890710382513,183,1.8702702702702703,0.3675675675675676,0.17297297297297298,185,-5.804427083333334,20.977430555555557,7.354166666666666,2.0,252,413,4.0,16,12.0,-161,-10.0625,15.75,25.8125
2000,REG,BAL,-0.05101135263596713,0.39806996381182147,829,-0.212992605964791,0.35733695652173914,736,-0.02529558928430101,-0.23918922261206033,0.11439466158245949,0.08533916849015317,0.0766488413547237,561,0.05964912280701754,570,28.0,47.0,19.0,2.6869806094182827,0.0,1.5076923076923077,0.3282051282051282,0.15897435897435896,195,0.6752577319587629,0.15463917525773196,0.20618556701030927,194,5.354444444444445,57.953125,39.25347222222222,6.0,333,165,12.0,16,4.0,168,10.5,20.8125,10.3125
2000,REG,BUF,-0.0381812901481385,0.416389811738649,903,-0.08165653843008533,0.37146529562982006,778,-0.0031474268764856385,-0.08243014153037578,0.13974231912784935,0.10496613995485328,0.08818635607321132,601,0.07858546168958742,509,20.0,29.0,9.0,3.531862745098039,3.0,1.3535353535353536,0.2777777777777778,0.23232323232323232,198,1.4578947368421054,0.3,0.23157894736842105,190,0.35372222222222216,40.87592592592593,19.51111111111111,5.0,315,350,8.0,16,8.0,-35,-2.1875,19.6875,21.875
2000,REG,CAR,-0.06906536538960481,0.4158291457286432,796,-0.006570171616126352,0.4500601684717208,831,-0.0942482452895479,-0.01958777190460689,0.11134020618556702,0.1359026369168357,0.10485133020344288,639,0.04607508532423208,586,37.0,35.0,-2.0,4.552693208430913,4.0,1.3806818181818181,0.32386363636363635,0.14204545454545456,176,1.3876404494382022,0.28651685393258425,0.12921348314606743,178,1.2268402777777778,40.33680555555556,24.524305555555557,4.0,310,310,7.0,16,9.0,0,0.0,19.375,19.375
2000,REG,CHI,-0.09099829899024753,0.39878048780487807,820,-0.013361444044213138,0.4175824175824176,819,-0.062008044036646386,0.006943673044716502,0.09693877551020408,0.1201171875,0.058419243986254296,582,0.06228373702422145,578,30.0,19.0,-11.0,3.8872340425531915,3.0,0.865979381443299,0.20103092783505155,0.20618556701030927,194,1.5376884422110553,0.2914572864321608,0.19597989949748743,199,-3.5791319444444447,25.052083333333336,15.03125,3.0,216,355,5.0,16,11.0,-139,-8.6875,13.5,22.1875
2000,REG,CIN,-0.13883317815904908,0.3572395128552097,739,0.06335143092551776,0.423728813559322,826,-0.12912961636475206,0.031317727016835224,0.12422997946611909,0.12204351939451277,0.099609375,512,0.04529616724738676,574,33.0,23.0,-10.0,3.8194444444444446,5.0,0.8052631578947368,0.1631578947368421,0.1736842105263158,190,1.6734693877551021,0.32653061224489793,0.19387755102040816,196,-5.8394965277777775,18.578125,11.802083333333334,2.0,185,359,4.0,16,12.0,-174,-10.875,11.5625,22.4375
2000,REG,CLE,-0.1657698965792994,0.32507739938080493,646,0.05771877890129097,0.4339152119700748,802,-0.14300953282946294,0.03797967208247634,0.09422850412249706,0.12511332728921123,0.0745697896749522,523,0.07518796992481203,532,28.0,25.0,-3.0,4.184563758389261,9.0,0.7083333333333334,0.15625,0.2708333333333333,192,2.0520833333333335,0.390625,0.16145833333333334,192,-6.936892361111111,17.446180555555554,8.131944444444445,2.0,161,419,3.0,16,13.0,-258,-16.125,10.0625,26.1875
2000,REG,DAL,-0.1143510792891606,0.3968042609853529,751,0.039322109842463294,0.4388020833333333,768,-0.07448840904236444,0.045843121593688724,0.13626609442060086,0.11911911911911911,0.07172131147540983,488,0.04921259842519685,508,41.0,23.0,-18.0,4.881481481481481,7.0,1.3297872340425532,0.2872340425531915,0.15425531914893617,188,1.7445652173913044,0.3423913043478261,0.10869565217391304,184,-1.7140972222222222,37.71180555555556,21.678819444444443,1.0,294,361,5.0,16,11.0,-67,-4.1875,18.375,22.5625
2000,REG,DEN,0.09034788639489373,0.4672586015538291,901,-0.02789879350995859,0.3853904282115869,794,0.06938541296389547,-0.009954902893449283,0.14454545454545453,0.14767932489451477,0.048414023372287146,599,0.07003257328990228,614,25.0,44.0,19.0,4.645348837209302,2.0,1.9748743718592965,0.38190954773869346,0.07537688442211055,199,1.453125,0.3020833333333333,0.1875,192,4.616684027777778,55.453125,34.65798611111111,7.0,485,369,11.0,16,5.0,116,7.25,30.3125,23.0625
2000,REG,DET,-0.17256502489729067,0.3585798816568047,845,-0.10594479767866173,0.38564476885644766,822,-0.0870823381400395,-0.1326182793787544,0.11043566362715299,0.12653061224489795,0.09009009009009009,555,0.04844290657439446,578,31.0,42.0,11.0,4.330166270783848,6.0,1.2878048780487805,0.2634146341463415,0.18048780487804877,205,1.296116504854369,0.27184466019417475,0.16019417475728157,206,-1.2935590277777775,35.20659722222222,18.869791666666668,3.0,307,307,9.0,16,7.0,0,0.0,19.1875,19.1875
2000,REG,GB,-0.024752250544939076,0.4,885,0.035769755208925356,0.413472706155633,861,-0.04783898236022585,0.06612095439193212,0.1280310378273521,0.11581067472306143,0.05379746835443038,632,0.06115702479338843,605,33.0,28.0,-5.0,3.875598086124402,3.0,1.6395939086294415,0.3401015228426396,0.16243654822335024,197,1.5101010101010102,0.2828282828282828,0.19696969696969696,198,0.9846875000000002,41.46527777777778,24.55902777777778,7.0,353,323,9.0,16,7.0,30,1.875,22.0625,20.1875
2000,REG,IND,0.12903033066365,0.4742268041237113,776,0.01854486517412694,0.4203262233375157,797,0.09261243544530015,0.04373507935154259,0.1513353115727003,0.1300893743793446,0.034013605442176874,588,0.07081174438687392,579,28.0,22.0,-6.0,4.3184855233853,2.0,2.1944444444444446,0.4,0.14444444444444443,180,1.554945054945055,0.3076923076923077,0.19230769230769232,182,2.648194444444444,50.359375,36.916666666666664,7.0,429,326,10.0,16,6.0,103,6.4375,26.8125,20.375
2000,REG,JAX,-0.01083070092448805,0.41522491349480967,867,-0.020406867637485688,0.36563307493540054,774,-0.012968937749064935,-0.03876661015424539,0.11704119850187265,0.14642082429501085,0.08576051779935275,618,0.07677165354330709,508,29.0,30.0,1.0,3.860411899313501,3.0,1.8080808080808082,0.3484848484848485,0.14646464646464646,198,1.5736040609137056,0.27411167512690354,0.2131979695431472,197,2.1288194444444444,43.123263888888886,27.84722222222222,4.0,367,327,7.0,16,9.0,40,2.5,22.9375,20.4375
2000,REG,KC,-0.042268806031150935,0.38944723618090454,796,0.011463642656795468,0.42789598108747046,846,0.018950928260432813,-0.027195242889748537,0.1495124593716143,0.14182939362795477,0.0547945205479452,584,0.07885304659498207,558,25.0,27.0,2.0,4.152224824355972,4.0,1.5932203389830508,0.2937853107344633,0.1694915254237288,177,1.7049180327868851,0.3224043715846995,0.1092896174863388,183,-2.2635555555555555,25.672222222222224,14.92222222222222,1.0,355,354,7.0,16,9.0,1,0.0625,22.1875,22.125
2000,REG,LA,0.17157233592323226,0.48444976076555024,836,0.057180698043385804,0.43375,800,0.14862291906176855,0.06949579082940249,0.18662674650698602,0.1620762711864407,0.06984126984126984,630,0.0868824531516184,587,32.0,28.0,-4.0,4.4067357512953365,2.0,2.5591397849462365,0.46774193548387094,0.12365591397849462,186,2.1881720430107525,0.40860215053763443,0.11290322580645161,186,2.5419965277777776,50.99652777777778,31.37847222222222,4.0,540,471,10.0,16,6.0,69,4.3125,33.75,29.4375
2000,REG,LAC,-0.17734210017300459,0.3486127864897467,829,-0.08919677143816789,0.373015873015873,882,-0.14878348904253477,-0.0708165344119178,0.10076670317634173,0.09641025641025641,0.07863247863247863,585,0.06678700361010831,554,47.0,22.0,-25.0,2.993119266055046,1.0,1.005128205128205,0.2205128205128205,0.18461538461538463,195,1.665,0.34,0.145,200,-3.6166296296296294,25.757407407407406,11.744444444444444,0.0,269,440,1.0,16,15.0,-171,-10.6875,16.8125,27.5
2000,REG,LV,0.10987508168283586,0.42962962962962964,810,-0.05744989175508123,0.41955445544554454,808,0.11076979845411083,-0.05054870026249347,0.14243027888446216,0.12072434607645875,0.051330798479087454,526,0.0685805422647528,627,21.0,36.0,15.0,4.0390625,4.0,2.168421052631579,0.3894736842105263,0.16842105263157894,190,1.2244897959183674,0.2653061224489796,0.14285714285714285,196,5.246128472222222,54.776041666666664,36.23090277777778,4.0,479,299,12.0,16,4.0,180,11.25,29.9375,18.6875
2000,REG,MIA,-0.004497090688523243,0.40384615384615385,728,-0.1260961947695561,0.3717277486910995,764,-0.00993736588703258,-0.12640868005409936,0.10944700460829493,0.11912568306010929,0.06323185011709602,427,0.07734806629834254,543,25.0,37.0,12.0,4.181360201511335,3.0,1.5524861878453038,0.30939226519337015,0.18232044198895028,181,1.0546448087431695,0.22404371584699453,0.22950819672131148,183,3.775888888888889,49.05555555555556,37.52407407407407,5.0,323,226,11.0,16,5.0,97,6.0625,20.1875,14.125
2000,REG,MIN,0.1676847912407337,0.46037735849056605,795,0.07350927285092279,0.45878136200716846,837,0.12748565877060214,0.056114084033284724,0.1573389651531151,0.15130260521042085,0.061837455830388695,566,0.04952076677316294,626,27.0,19.0,-8.0,4.481203007518797,5.0,2.164772727272727,0.39204545454545453,0.14204545454545456,176,2.0760233918128654,0.38011695906432746,0.09941520467836257,171,0.472361111111111,43.04166666666667,29.649305555555557,4.0,397,371,11.0,16,5.0,26,1.625,24.8125,23.1875
2000,REG,NE,-0.07469785388764932,0.3815648445873526,933,-0.004459803650958129,0.4114470842332613,926,-0.055191105424786356,-0.03029216306119054,0.09689922480620156,0.1150190114068441,0.07741935483870968,620,0.046232876712328765,584,25.0,23.0,-2.0,3.6841046277665996,2.0,1.2959183673469388,0.2755102040816326,0.1836734693877551,196,1.6062176165803108,0.30569948186528495,0.19170984455958548,193,-0.6436284722222223,35.032986111111114,16.151041666666668,2.0,276,338,5.0,16,11.0,-62,-3.875,17.25,21.125
2000,REG,NO,0.018295934834912635,0.4271070615034169,878,-0.08194669826899502,0.40707964601769914,791,0.004275376510741178,0.0010799837402646563,0.14538310412573674,0.13612004287245444,0.07169117647058823,544,0.11743772241992882,562,27.0,33.0,6.0,4.200501253132832,3.0,1.6483516483516483,0.3241758241758242,0.17032967032967034,182,1.3333333333333333,0.2768361581920904,0.1807909604519774,177,0.6135590277777778,39.39409722222222,22.711805555555557,4.0,354,305,10.0,16,6.0,49,3.0625,22.125,19.0625
2000,REG,NYG,-0.019321262894558922,0.40248447204968946,805,-0.11764102521010886,0.35894039735099337,755,-0.007549763288783978,-0.08378183195317265,0.12796208530805686,0.11372950819672131,0.049910873440285206,561,0.06666666666666667,645,25.0,30.0,5.0,3.2200557103064065,1.0,1.6649484536082475,0.29381443298969073,0.13402061855670103,194,1.296875,0.22395833333333334,0.203125,192,1.7425000000000002,50.69444444444444,33.52256944444444,8.0,328,246,12.0,16,4.0,82,5.125,20.5,15.375
2000,REG,NYJ,-0.07872186634978477,0.39932508436445446,889,-0.08770021643425437,0.3657957244655582,842,-0.10525955713118094,-0.09685706540789425,0.11523809523809524,0.1104594330400782,0.02909647779479326,653,0.06920415224913495,578,41.0,33.0,-8.0,3.9622641509433962,6.0,1.2705314009661837,0.2753623188405797,0.18357487922705315,207,1.3058252427184467,0.27184466019417475,0.1941747572815534,206,-1.1255555555555554,34.467013888888886,22.46527777777778,4.0,321,321,9.0,16,7.0,0,0.0,20.0625,20.0625
2000,REG,PHI,0.0036248002080045776,0.40047675804529204,839,-0.12309212499614922,0.37543859649122807,855,-0.03486171843613938,-0.07349481510396995,0.11840796019900497,0.13064361191162344,0.06746626686656672,667,0.08183306055646482,611,29.0,30.0,1.0,4.039735099337748,4.0,1.6368421052631579,0.33157894736842103,0.21052631578947367,190,1.0606060606060606,0.2474747474747475,0.17676767676767677,198,3.210451388888889,47.598958333333336,31.461805555555557,5.0,351,245,11.0,16,5.0,106,6.625,21.9375,15.3125
2000,REG,PIT,-0.05316561593811027,0.3784119106699752,806,-0.11170217598621528,0.3542926239419589,827,-0.020043441887828813,-0.11847178752048673,0.12048192771084337,0.1286008230452675,0.0823293172690763,498,0.06902654867256637,565,21.0,35.0,14.0,3.9835294117647058,3.0,1.455497382198953,0.2931937172774869,0.21465968586387435,191,1.117948717948718,0.26153846153846155,0.18461538461538463,195,0.9629166666666665,42.71180555555556,25.178819444444443,4.0,321,255,9.0,16,7.0,66,4.125,20.0625,15.9375
2000,REG,SEA,-0.03393333576057887,0.4108723135271808,791,0.11830162680823571,0.4713603818615752,838,-0.07747454183305624,0.1276464397663847,0.1027542372881356,0.15476190476190477,0.0812274368231047,554,0.0509433962264151,530,36.0,31.0,-5.0,4.869047619047619,10.0,1.419889502762431,0.287292817679558,0.16574585635359115,181,1.8918918918918919,0.3837837837837838,0.13513513513513514,185,-3.0465625,29.583333333333332,14.571180555555555,1.0,320,405,6.0,16,10.0,-85,-5.3125,20.0,25.3125
2000,REG,SF,0.13361479712173774,0.4396200814111262,737,0.1050356703500682,0.44415243101182655,761,0.1761622983850913,0.12380054000237135,0.157,0.1492094861660079,0.03980099502487562,603,0.06281833616298811,589,19.0,21.0,2.0,4.11441647597254,2.0,1.9672131147540983,0.33879781420765026,0.14754098360655737,183,2.1475409836065573,0.3989071038251366,0.13114754098360656,183,-1.3307986111111112,42.270833333333336,25.61111111111111,5.0,388,422,6.0,16,10.0,-34,-2.125,24.25,26.375
2000,REG,TB,-0.04429294605766332,0.38461538461538464,793,-0.1294555962147199,0.3917748917748918,924,-0.020520459752560644,-0.11292980157839862,0.11914893617021277,0.10521235521235521,0.07739307535641547,491,0.07993966817496229,663,22.0,43.0,21.0,4.125,2.0,1.61,0.32,0.225,200,1.0049261083743843,0.2413793103448276,0.18719211822660098,203,4.879010416666667,57.22743055555556,35.0625,4.0,388,269,10.0,16,6.0,119,7.4375,24.25,16.8125
2000,REG,TEN,-0.025783257709778795,0.4048723897911833,862,-0.19498654997800488,0.3329048843187661,778,-0.08500544656854621,-0.15602981845639993,0.14299706170421156,0.10333333333333333,0.05168986083499006,503,0.10242085661080075,537,31.0,29.0,-2.0,3.591731266149871,2.0,1.4564102564102563,0.30256410256410254,0.18974358974358974,195,0.6808510638297872,0.18085106382978725,0.2553191489361702,188,5.166840277777777,52.05381944444444,34.572916666666664,4.0,346,191,13.0,16,3.0,155,9.6875,21.625,11.9375
2000,REG,WAS,-0.012665235698366265,0.4119601328903654,903,-0.12118074026299111,0.37014563106796117,824,-0.0357519365737994,-0.10308063419025222,0.12586037364798427,0.12203023758099352,0.05272108843537415,588,0.0817490494296578,526,32.0,33.0,1.0,4.3125,4.0,1.3128205128205128,0.26666666666666666,0.14871794871794872,195,1.3055555555555556,0.2833333333333333,0.15,180,0.20638888888888884,33.30381944444444,19.609375,3.0,281,269,8.0,16,8.0,12,0.75,17.5625,16.8125
2001,POST,BAL,-0.1191606373687383,0.42528735632183906,87,-0.10544213297652144,0.4069767441860465,86,-0.11823015734554658,-0.041498136694303175,0.06666666666666667,0.09243697478991597,0.06779661016949153,59,0.0847457627118644,59,5.0,4.0,-1.0,3.125,0.0,1.0,0.21739130434782608,0.2608695652173913,23,0.92,0.24,0.2,25,-3.5763888888888893,36.361111111111114,16.38888888888889,0.0,30,30,1.0,2,1.0,0,0.0,15.0,15.0
2001,POST,CHI,-0.23752745149847632,0.34210526315789475,38,0.06392832505822735,0.4603174603174603,63,-0.10063823603667077,0.09660025647893662,0.0425531914893617,0.05555555555555555,0.08333333333333333,24,0.04878048780487805,41,4.0,1.0,-3.0,2.806451612903226,0.0,0.9090909090909091,0.18181818181818182,0.36363636363636365,11,1.8461538461538463,0.5384615384615384,0.15384615384615385,13,-4.194444444444445,19.194444444444443,0.0,0.0,19,33,0.0,1,1.0,-14,-14.0,19.0,33.0
2001,POST,GB,-0.03564692451526894,0.45161290322580644,93,0.12553485424366778,0.4482758620689655,87,-0.10407423238777685,0.17151271900323029,0.14285714285714285,0.14678899082568808,0.03896103896103896,77,0.05970149253731343,67,9.0,3.0,-6.0,3.7674418604651163,0.0,0.8214285714285714,0.2857142857142857,0.07142857142857142,28,1.8095238095238095,0.2857142857142857,0.19047619047619047,21,-6.624027777777777,31.583333333333336,12.555555555555555,0.0,42,60,1.0,2,1.0,-18,-9.0,21.0,30.0
2001,POST,LA,0.06845003150281082,0.46987951807228917,166,-0.11114932898652613,0.4041095890410959,146,0.1158844301284234,-0.07617119841088277,0.16842105263157894,0.12429378531073447,0.05217391304347826,115,0.06140350877192982,114,4.0,10.0,6.0,5.231884057971015,0.0,1.8285714285714285,0.37142857142857144,0.08571428571428572,35,0.8461538461538461,0.2564102564102564,0.15384615384615385,39,4.970185185185184,55.944444444444436,41.63888888888889,1.0,91,61,2.0,3,1.0,30,10.0,30.333333333333332,20.333333333333332
2001,POST,LV,0.10406521356609798,0.4166666666666667,120,0.001343439753995775,0.4318181818181818,132,0.16125270351093557,0.03027482961946483,0.13008130081300814,0.13513513513513514,0.03076923076923077,65,0.03,100,0.0,3.0,3.0,4.018867924528302,1.0,2.1739130434782608,0.43478260869565216,0.043478260869565216,23,1.6666666666666667,0.3333333333333333,0.16666666666666666,24,5.315972222222222,76.375,35.666666666666664,1.0,51,40,1.0,2,1.0,11,5.5,25.5,20.0
2001,POST,MIA,-0.4807260486839431,0.20512820512820512,39,0.186101526190109,0.5263157894736842,57,-0.3664782124447058,0.06758916910443334,0.08695652173913043,0.08695652173913043,0.08823529411764706,34,0.05263157894736842,19,3.0,1.0,-2.0,4.52,1.0,0.3,0.1,0.2,10,2.0,0.4,0.1,10,-4.7875,23.72222222222222,0.0,0.0,3,20,0.0,1,1.0,-17,-17.0,3.0,20.0
2001,POST,NE,-0.07858290902044557,0.405,200,-0.10073926013178887,0.3888888888888889,198,0.013765565496013675,-0.026621392473223236,0.10679611650485436,0.12626262626262627,0.06060606060606061,132,0.0546875,128,1.0,7.0,6.0,3.0405405405405403,0.0,1.054054054054054,0.24324324324324326,0.1891891891891892,37,0.65,0.225,0.1,40,2.4512962962962965,48.203703703703695,34.02777777777778,1.0,60,47,3.0,3,0.0,13,4.333333333333333,20.0,15.666666666666666
2001,POST,NYJ,0.1590427790987969,0.4583333333333333,48,0.31168970735332996,0.5517241379310345,58,0.0791937907171161,0.3310976021117919,0.203125,0.18032786885245902,0.023809523809523808,42,0.03225806451612903,31,2.0,0.0,-2.0,6.78125,1.0,2.4,0.4,0.0,10,4.111111111111111,0.7777777777777778,0.0,9,-6.557222222222222,0.0,0.0,0.0,24,38,0.0,1,1.0,-14,-14.0,24.0,38.0
2001,POST,PHI,0.09285505790677061,0.43312101910828027,157,-0.0432861272899078,0.4154929577464789,142,0.08940681958333435,-0.013387311247036964,0.09239130434782608,0.10285714285714286,0.07339449541284404,109,0.041666666666666664,96,4.0,8.0,4.0,4.1875,1.0,2.057142857142857,0.42857142857142855,0.17142857142857143,35,1.2,0.3142857142857143,0.22857142857142856,35,2.8471296296296296,55.055555555555564,23.64814814814815,0.0,88,57,2.0,3,1.0,31,10.333333333333334,29.333333333333332,19.0
2001,POST,PIT,-0.005277751979929217,0.45614035087719296,114,-0.2844177296266138,0.3225806451612903,93,0.042776912968838586,-0.18530776011217656,0.1,0.08403361344537816,0.06944444444444445,72,0.08333333333333333,84,5.0,4.0,-1.0,2.4722222222222223,0.0,0.7931034482758621,0.27586206896551724,0.20689655172413793,29,0.52,0.12,0.2,25,2.867638888888889,45.625,42.638888888888886,1.0,44,34,1.0,2,1.0,10,5.0,22.0,17.0
2001,POST,SF,0.11892795762837591,0.45454545454545453,55,0.2088291045360149,0.49056603773584906,53,0.0920038363519991,0.12549494204207937,0.14545454545454545,0.13793103448275862,0.058823529411764705,34,0.03333333333333333,30,2.0,1.0,-1.0,3.7857142857142856,0.0,1.5555555555555556,0.2222222222222222,0.2222222222222222,9,2.4545454545454546,0.45454545454545453,0.18181818181818182,11,-3.411388888888889,10.416666666666668,0.0,0.0,15,25,0.0,1,1.0,-10,-10.0,15.0,25.0
2001,POST,TB,-0.20966762608156225,0.41025641025641024,39,0.23443119709470758,0.4634146341463415,41,-0.1909853511433773,0.20406249145068409,0.08196721311475409,0.14035087719298245,0.02702702702702703,37,0.0967741935483871,31,4.0,1.0,-3.0,5.103448275862069,0.0,0.15384615384615385,0.23076923076923078,0.23076923076923078,13,2.1818181818181817,0.36363636363636365,0.09090909090909091,11,-7.821666666666666,7.5,0.0,0.0,9,31,0.0,1,1.0,-22,-22.0,9.0,31.0
2001,REG,ARI,-0.049459251794518544,0.38310893512851896,817,0.01576702602544617,0.43546576879910215,891,0.004034486177391468,0.036721540252419686,0.12710084033613445,0.1162136832239925,0.050788091068301226,571,0.03225806451612903,589,28.0,23.0,-5.0,4.203219315895372,5.0,1.3611111111111112,0.2722222222222222,0.24444444444444444,180,1.5294117647058822,0.3155080213903743,0.1497326203208556,187,-1.1126736111111113,33.614583333333336,16.571180555555557,1.0,295,343,7.0,16,9.0,-48,-3.0,18.4375,21.4375
2001,REG,ATL,-0.061360067569909714,0.3864168618266979,854,0.06861141508185802,0.4275618374558304,849,-0.08523780262260808,0.03421607835950343,0.14285714285714285,0.16422594142259414,0.11307420494699646,566,0.06491228070175438,570,30.0,27.0,-3.0,4.7975308641975305,5.0,1.3563829787234043,0.30319148936170215,0.1595744680851064,188,1.95,0.3388888888888889,0.16666666666666666,180,-0.9898958333333332,40.623263888888886,20.008680555555557,4.0,291,377,7.0,16,9.0,-86,-5.375,18.1875,23.5625
2001,REG,BAL,-0.12642175208403097,0.38752783964365256,898,-0.13552856912591976,0.36363636363636365,902,-0.0765463467323624,-0.09803320818773181,0.11884865366759517,0.10139165009940358,0.0667779632721202,599,0.07269789983844911,619,37.0,27.0,-10.0,3.4414634146341463,1.0,1.311881188118812,0.29207920792079206,0.19306930693069307,202,0.8970588235294118,0.20588235294117646,0.24019607843137256,204,0.5996874999999999,38.17013888888889,21.17534722222222,3.0,303,265,10.0,16,6.0,38,2.375,18.9375,16.5625
2001,REG,BUF,-0.06772928392381408,0.3815789473684211,836,0.0321324814894575,0.43099273607748184,826,-0.04519660130351005,0.03294511199001661,0.12003968253968254,0.1446280991735537,0.07395498392282958,622,0.06772908366533864,502,34.0,18.0,-16.0,4.425311203319502,8.0,1.1304347826086956,0.24456521739130435,0.15760869565217392,184,1.8846153846153846,0.38461538461538464,0.13186813186813187,182,-4.781458333333333,15.706597222222223,7.756944444444445,1.0,265,420,3.0,16,13.0,-155,-9.6875,16.5625,26.25
2001,REG,CAR,-0.1851204306923502,0.35199004975124376,804,0.020692472495373263,0.4139072847682119,906,-0.12193580471396405,0.02453500162987073,0.10799584631360332,0.1457142857142857,0.050793650793650794,630,0.0466786355475763,557,37.0,34.0,-3.0,4.416506717850288,7.0,0.7611940298507462,0.22388059701492538,0.19402985074626866,201,1.6080402010050252,0.3165829145728643,0.1407035175879397,199,-4.632447916666667,28.140625,9.399305555555555,0.0,253,410,1.0,16,15.0,-157,-9.8125,15.8125,25.625
2001,REG,CHI,-0.07617749953636188,0.3895953757225434,865,-0.13857364010318948,0.4041095890410959,876,-0.028595285686835455,-0.12124031589300503,0.10443349753694581,0.11350293542074363,0.03130755064456722,543,0.0730593607305936,657,24.0,37.0,13.0,3.520107238605898,1.0,1.4307692307692308,0.29743589743589743,0.22564102564102564,195,0.7409326424870466,0.18652849740932642,0.22797927461139897,193,2.494097222222222,45.19097222222222,29.635416666666668,7.0,338,203,13.0,16,3.0,135,8.4375,21.125,12.6875
2001,REG,CIN,-0.0886412822402314,0.38748627881448955,911,-0.0949503808963648,0.4014167650531287,847,-0.08140993207726836,-0.11125793960310003,0.1092436974789916,0.12055335968379446,0.0438871473354232,638,0.08421052631578947,570,36.0,29.0,-7.0,3.69757174392936,3.0,1.041025641025641,0.20512820512820512,0.24615384615384617,195,1.1464646464646464,0.25757575757575757,0.17676767676767677,198,-2.0215277777777776,26.506944444444443,12.911458333333334,1.0,226,309,6.0,16,10.0,-83,-5.1875,14.125,19.3125
2001,REG,CLE,-0.12525530701314333,0.3628205128205128,780,-0.09053289508378723,0.3958333333333333,912,-0.11274447583235428,-0.05346280074765837,0.11241970021413276,0.11937557392102846,0.09807692307692308,520,0.07166666666666667,600,33.0,42.0,9.0,4.469635627530365,6.0,1.1581632653061225,0.25,0.2193877551020408,196,1.1127450980392157,0.25980392156862747,0.16666666666666666,204,0.4716840277777778,44.12152777777778,21.703125,5.0,285,319,7.0,16,9.0,-34,-2.125,17.8125,19.9375
2001,REG,DAL,-0.12992726691527753,0.3610421836228288,806,-0.029233432007091865,0.41016109045848825,807,-0.09308045765030273,0.004570898653658943,0.13157894736842105,0.09238578680203045,0.07391304347826087,460,0.0449438202247191,534,35.0,24.0,-11.0,3.6228813559322033,5.0,0.9840425531914894,0.23404255319148937,0.2127659574468085,188,1.478494623655914,0.3172043010752688,0.22580645161290322,186,-3.451701388888889,27.68402777777778,11.621527777777779,1.0,246,338,5.0,16,11.0,-92,-5.75,15.375,21.125
2001,REG,DEN,-0.03210579841978512,0.4292508917954816,841,-0.04618029620909563,0.43734335839599,798,-0.006619695069847009,0.007919367034981688,0.10058027079303675,0.12291666666666666,0.07526881720430108,558,0.06914893617021277,564,29.0,35.0,6.0,3.6658476658476657,3.0,1.4820512820512821,0.3282051282051282,0.15384615384615385,195,1.5240641711229947,0.3048128342245989,0.16042780748663102,187,0.46086805555555543,42.19444444444444,26.77951388888889,5.0,340,339,8.0,16,8.0,1,0.0625,21.25,21.1875
2001,REG,DET,-0.1438436093453675,0.3716915995397008,869,0.0638814085023972,0.44166666666666665,840,-0.14800290718663506,0.09479775308222252,0.12878048780487805,0.1362290227048371,0.09523809523809523,693,0.055456171735241505,559,39.0,21.0,-18.0,4.240425531914894,5.0,1.0319148936170213,0.25,0.15425531914893617,188,1.839572192513369,0.3422459893048128,0.1711229946524064,187,-5.994409722222223,18.319444444444443,5.385416666666667,0.0,270,424,2.0,16,14.0,-154,-9.625,16.875,26.5
2001,REG,GB,0.015370242969014871,0.4112271540469974,766,-0.1572645677000393,0.350920245398773,815,0.043408590267618,-0.12366901606557515,0.13829787234042554,0.12403846153846154,0.041044776119402986,536,0.0811232449297972,641,27.0,38.0,11.0,4.345588235294118,4.0,1.7692307692307692,0.3282051282051282,0.20512820512820512,195,1.0154639175257731,0.23195876288659795,0.211340206185567,194,4.4328125,56.076388888888886,36.26736111111111,5.0,390,266,12.0,16,4.0,124,7.75,24.375,16.625
2001,REG,IND,0.017215900085190132,0.4497549019607843,816,0.04105767337045789,0.4322250639386189,782,0.04321849811708615,0.036653834256285996,0.14985308521057786,0.14570858283433133,0.050505050505050504,594,0.07155635062611806,559,37.0,25.0,-12.0,4.642543859649122,6.0,1.7230769230769232,0.3641025641025641,0.15384615384615385,195,2.1709844559585494,0.41450777202072536,0.12953367875647667,193,-1.0796527777777776,37.46180555555556,23.76388888888889,4.0,413,486,6.0,16,10.0,-73,-4.5625,25.8125,30.375
2001,REG,JAX,-0.2683416792233035,0.39655172413793105,754,-0.0019477346976672905,0.41935483870967744,806,-0.2228667269111915,0.003979508110518893,0.13312693498452013,0.11268939393939394,0.10128617363344052,622,0.07131011608623548,603,28.0,23.0,-5.0,3.434968017057569,2.0,0.09895833333333333,0.16666666666666666,0.16666666666666666,192,1.518716577540107,0.2994652406417112,0.20855614973262032,187,-5.7584027777777775,20.77777777777778,8.616319444444445,2.0,294,286,6.0,16,10.0,8,0.5,18.375,17.875
2001,REG,KC,-0.01648141529812608,0.4241338112305854,837,0.03056002671806132,0.4325581395348837,860,0.03209137530529166,0.02305046936018484,0.15118577075098813,0.13758723828514458,0.06747404844290658,578,0.05794392523364486,535,32.0,26.0,-6.0,4.443983402489627,7.0,1.5578947368421052,0.3157894736842105,0.14736842105263157,190,1.4105263157894736,0.30526315789473685,0.21578947368421053,190,0.34460069444444447,36.09375,19.12152777777778,3.0,320,344,6.0,16,10.0,-24,-1.5,20.0,21.5
2001,REG,LA,0.18704277237801104,0.5143229166666666,768,-0.14036710400190408,0.38133333333333336,750,0.1348246646800504,-0.1459293607216986,0.18091451292246521,0.12394957983193278,0.06688963210702341,598,0.07389162561576355,609,41.0,37.0,-4.0,3.733695652173913,0.0,2.532967032967033,0.43956043956043955,0.07142857142857142,182,1.175531914893617,0.2553191489361702,0.2127659574468085,188,8.868819444444444,71.08506944444444,50.37152777777778,9.0,503,273,14.0,16,2.0,230,14.375,31.4375,17.0625
2001,REG,LAC,-0.00913020850058293,0.3989010989010989,910,0.005796870693426412,0.4121546961325967,905,0.019107081003147123,-0.03283582465459317,0.13478691774033696,0.11609756097560976,0.04522613065326633,597,0.06972789115646258,588,29.0,31.0,2.0,3.3496659242761693,1.0,1.4742268041237114,0.30412371134020616,0.19072164948453607,194,1.4472361809045227,0.3015075376884422,0.24120603015075376,199,0.6971875,35.779513888888886,22.23611111111111,4.0,332,321,5.0,16,11.0,11,0.6875,20.75,20.0625
2001,REG,LV,0.09850995666639903,0.4745945945945946,925,-0.036273299938411746,0.4026996625421822,889,0.11289216678131139,0.024284995308947725,0.11467444120505345,0.1317365269461078,0.04433497536945813,609,0.06867671691792294,597,22.0,26.0,4.0,4.562929061784897,4.0,1.8972972972972972,0.3621621621621622,0.1783783783783784,185,1.455497382198953,0.3036649214659686,0.15706806282722513,191,3.7775,53.857638888888886,29.66840277777778,8.0,399,327,10.0,16,6.0,72,4.5,24.9375,20.4375
2001,REG,MIA,-0.01316347950078977,0.41374837872892345,771,-0.05895345094818336,0.3889602053915276,779,-0.03602327920021483,-0.04019368185141232,0.11962224554039874,0.11192468619246862,0.0531496062992126,508,0.07156673114119923,517,35.0,30.0,-5.0,3.9185022026431717,3.0,1.5054945054945055,0.2967032967032967,0.2032967032967033,182,1.1989247311827957,0.25268817204301075,0.20967741935483872,186,-0.047083333333333366,39.296875,25.42013888888889,4.0,344,290,11.0,16,5.0,54,3.375,21.5,18.125
2001,REG,MIN,-0.08957312593185623,0.4103896103896104,770,0.0072203964401368085,0.43112244897959184,784,-0.08743630219329843,-0.0015360092010990062,0.1330603889457523,0.17617107942973523,0.07378335949764521,637,0.05671077504725898,529,38.0,18.0,-20.0,4.809623430962343,7.0,1.3626373626373627,0.26373626373626374,0.16483516483516483,182,1.9435028248587571,0.3954802259887006,0.2033898305084746,177,-3.5346701388888886,27.515625,13.552083333333332,2.0,290,390,5.0,16,11.0,-100,-6.25,18.125,24.375
2001,REG,NE,-0.015093188192793533,0.4227941176470588,816,-0.09130201158981426,0.392204628501827,821,0.012547325627541878,-0.02954816349453336,0.119,0.1399014778325123,0.08614232209737828,534,0.06699346405228758,612,27.0,36.0,9.0,4.313953488372093,5.0,1.6,0.32432432432432434,0.22162162162162163,185,1.0372340425531914,0.2765957446808511,0.18617021276595744,188,3.8725520833333333,56.3125,32.39756944444444,6.0,371,272,11.0,16,5.0,99,6.1875,23.1875,17.0
2001,REG,NO,-0.07733649935660676,0.3804100227790433,878,-0.010409312356844398,0.3884514435695538,762,-0.06078591092908451,0.031912239312109424,0.14161008729388944,0.16050686378035903,0.078125,640,0.10192307692307692,520,34.0,31.0,-3.0,3.8629213483146065,5.0,1.5918367346938775,0.3163265306122449,0.1683673469387755,196,2.005181347150259,0.37305699481865284,0.16062176165803108,193,-3.987552083333333,29.493055555555557,18.375,0.0,333,409,7.0,16,9.0,-76,-4.75,20.8125,25.5625
2001,REG,NYG,-0.05870905361791911,0.3927038626609442,932,-0.06290039159091995,0.3826086956521739,920,-0.014162956704193128,-0.0004997116825542839,0.12840466926070038,0.13668341708542714,0.058823529411764705,612,0.07944732297063903,579,28.0,29.0,1.0,3.6098130841121496,3.0,1.280612244897959,0.27040816326530615,0.23469387755102042,196,1.4020100502512562,0.27638190954773867,0.20100502512562815,199,-1.3618229166666667,39.22743055555556,17.43402777777778,4.0,294,321,7.0,16,9.0,-27,-1.6875,18.375,20.0625
2001,REG,NYJ,-0.007278424534566676,0.41676942046855736,811,-0.04003918124690976,0.43148357870894677,883,-0.04519643548942133,-0.0853254049076318,0.15318230852211434,0.12050534499514091,0.0389344262295082,488,0.05799648506151142,569,21.0,38.0,17.0,4.473029045643154,5.0,1.3522727272727273,0.29545454545454547,0.17045454545454544,176,1.2472527472527473,0.2802197802197802,0.21428571428571427,182,1.0108333333333333,45.05729166666667,22.552083333333332,4.0,308,295,10.0,16,6.0,13,0.8125,19.25,18.4375
2001,REG,PHI,-0.04651645727358806,0.40102827763496146,778,-0.12100831365443929,0.3767605633802817,852,0.012054813245673637,-0.10385950037099709,0.144912641315519,0.11701081612586037,0.06722689075630252,595,0.07718696397941681,583,26.0,31.0,5.0,4.032894736842105,2.0,1.5024875621890548,0.2935323383084577,0.23880597014925373,201,0.8743718592964824,0.21105527638190955,0.24623115577889448,199,3.852239583333333,50.47743055555555,34.96006944444444,6.0,343,208,11.0,16,5.0,135,8.4375,21.4375,13.0
2001,REG,PIT,0.11017540437306361,0.4430523917995444,878,-0.1843349634469249,0.36766623207301175,767,0.05078391555701694,-0.16035092938460557,0.1513157894736842,0.12527233115468409,0.0611439842209073,507,0.09306260575296109,591,21.0,28.0,7.0,3.5250737463126844,1.0,1.7032967032967032,0.34615384615384615,0.15384615384615385,182,0.702247191011236,0.16853932584269662,0.19101123595505617,178,5.838315972222222,62.74305555555556,44.87847222222222,8.0,352,212,13.0,16,3.0,140,8.75,22.0,13.25
2001,REG,SEA,-0.020086356262242425,0.3962040332147094,843,-0.005054365999916378,0.405997693194925,867,0.0003694243553474202,0.011202016252564525,0.12448979591836734,0.1314508276533593,0.09245283018867924,530,0.061389337641357025,619,21.0,27.0,6.0,4.011655011655011,4.0,1.320855614973262,0.26737967914438504,0.20320855614973263,187,1.4619565217391304,0.32065217391304346,0.17391304347826086,184,-0.38588541666666654,43.57118055555556,23.9375,4.0,301,324,9.0,16,7.0,-23,-1.4375,18.8125,20.25
2001,REG,SF,0.10563879209202658,0.45080091533180777,874,-0.025560883186405613,0.4262295081967213,854,0.1017272376696897,-0.018094269524219702,0.12692307692307692,0.1299492385786802,0.047619047619047616,546,0.05306799336650083,603,19.0,34.0,15.0,4.033333333333333,5.0,2.0164835164835164,0.3626373626373626,0.17582417582417584,182,1.3465909090909092,0.2840909090909091,0.14772727272727273,176,2.246006944444445,43.989583333333336,30.682291666666668,3.0,409,282,12.0,16,4.0,127,7.9375,25.5625,17.625
2001,REG,TB,-0.05840659288056569,0.3856988082340195,923,-0.0873594330533431,0.38349514563106796,824,-0.04413698786774738,-0.03225762886153676,0.1125,0.13983050847457626,0.0724191063174114,649,0.07526881720430108,558,22.0,39.0,17.0,4.091127098321343,3.0,1.559782608695652,0.31521739130434784,0.1956521739130435,184,1.2789473684210526,0.2789473684210526,0.2,190,2.153888888888889,44.529513888888886,26.35590277777778,3.0,324,280,9.0,16,7.0,44,2.75,20.25,17.5
2001,REG,TEN,-0.004930812975198929,0.40416210295728366,913,0.022158021959578833,0.40350877192982454,855,-0.020640937631406044,0.020671726552616686,0.1276803118908382,0.13654618473895583,0.07375643224699828,583,0.052980132450331126,604,28.0,24.0,-4.0,3.5295566502463056,2.0,1.4923076923076923,0.28205128205128205,0.21025641025641026,195,1.7371134020618557,0.33505154639175255,0.20618556701030927,194,0.10635416666666675,44.744791666666664,21.458333333333332,5.0,336,388,7.0,16,9.0,-52,-3.25,21.0,24.25
2001,REG,WAS,-0.09805670851213068,0.3857677902621723,801,-0.07121895726570823,0.3872549019607843,816,-0.0561599709703157,-0.026383681567243533,0.12395833333333334,0.12219959266802444,0.0778688524590164,488,0.048638132295719845,514,26.0,36.0,10.0,3.8615702479338845,6.0,1.1354166666666667,0.2552083333333333,0.22916666666666666,192,1.3631578947368421,0.2789473684210526,0.1736842105263158,190,-2.088263888888889,28.710069444444443,17.40798611111111,4.0,256,303,8.0,16,8.0,-47,-2.9375,16.0,18.9375
2002,POST,ATL,0.05613742302264823,0.5164835164835165,91,-0.10585923332097807,0.3670886075949367,79,0.010135227730436704,-0.045806833728940025,0.16666666666666666,0.11764705882352941,0.04285714285714286,70,0.05063291139240506,79,3.0,4.0,1.0,3.2666666666666666,0.0,0.8636363636363636,0.2727272727272727,0.2727272727272727,22,0.6190476190476191,0.19047619047619047,0.047619047619047616,21,4.281527777777777,45.33333333333333,42.041666666666664,1.0,33,27,1.0,2,1.0,6,3.0,16.5,13.5
2002,POST,CLE,0.14021079687571567,0.36923076923076925,65,0.09640634744541038,0.5074626865671642,67,-0.03361082191346213,0.20409381111651675,0.18055555555555555,0.15714285714285714,0.043478260869565216,46,0.058823529411764705,51,2.0,2.0,0.0,4.45,0.0,1.6875,0.375,0.0,16,2.1538461538461537,0.3076923076923077,0.3076923076923077,13,9.776944444444444,96.41666666666666,60.0,0.0,33,36,0.0,1,1.0,-3,-3.0,33.0,36.0
2002,POST,GB,-0.28897239394267293,0.3448275862068966,29,0.3578067968200864,0.5757575757575758,33,-0.18531119037943428,0.2523384845117107,0.0967741935483871,0.16417910447761194,0.045454545454545456,44,0.0,25,4.0,1.0,-3.0,4.363636363636363,0.0,0.0,0.09090909090909091,0.0,11,1.8181818181818181,0.36363636363636365,0.36363636363636365,11,-16.76222222222222,0.0,0.0,0.0,7,27,0.0,1,1.0,-20,-20.0,7.0,27.0
2002,POST,IND,-0.15203637749604224,0.3333333333333333,21,0.44884718426383463,0.5833333333333334,24,-0.24992974982264318,0.5335950057120308,0.08695652173913043,0.13432835820895522,0.030303030303030304,33,0.07407407407407407,27,3.0,0.0,-3.0,4.285714285714286,1.0,0.0,0.0,0.2222222222222222,9,4.1,0.7,0.1,10,-20.981666666666666,0.0,0.0,0.0,0,41,0.0,1,1.0,-41,-41.0,0.0,41.0
2002,POST,LV,0.051993926341726414,0.4296875,128,0.013940344196424693,0.4251497005988024,167,0.11132998686825514,0.019019427134875613,0.12429378531073447,0.1095890410958904,0.05384615384615385,130,0.046153846153846156,130,7.0,7.0,0.0,4.25,1.0,1.641025641025641,0.38461538461538464,0.15384615384615385,39,1.588235294117647,0.3235294117647059,0.11764705882352941,34,0.3661111111111109,48.27777777777778,27.944444444444443,0.0,92,82,2.0,3,1.0,10,3.3333333333333335,30.666666666666668,27.333333333333332
2002,POST,NYG,0.312390367733074,0.5625,64,0.2032824469855539,0.46551724137931033,58,0.38653846048853463,0.31749990516982507,0.13333333333333333,0.16923076923076924,0.043478260869565216,46,0.0,45,2.0,1.0,-1.0,4.5,0.0,2.923076923076923,0.46153846153846156,0.15384615384615385,13,3.4545454545454546,0.5454545454545454,0.18181818181818182,11,5.973055555555556,63.55555555555556,43.611111111111114,0.0,38,39,0.0,1,1.0,-1,-1.0,38.0,39.0
2002,POST,NYJ,0.0557324370064341,0.4578313253012048,83,0.12337745764224407,0.43283582089552236,67,0.06099694836021011,0.09154309842112222,0.11267605633802817,0.1320754716981132,0.0759493670886076,79,0.046153846153846156,65,4.0,4.0,0.0,4.068181818181818,0.0,2.3181818181818183,0.4090909090909091,0.09090909090909091,22,1.3636363636363635,0.2727272727272727,0.13636363636363635,22,7.602361111111111,51.041666666666664,43.916666666666664,1.0,51,30,1.0,2,1.0,21,10.5,25.5,15.0
2002,POST,PHI,-0.2114873220321591,0.35454545454545455,110,-0.0336355801869423,0.4576271186440678,118,-0.19869820061409504,-0.07242613123695765,0.10852713178294573,0.12,0.0449438202247191,89,0.0379746835443038,79,3.0,3.0,0.0,2.5357142857142856,0.0,0.6666666666666666,0.20833333333333334,0.16666666666666666,24,0.7916666666666666,0.25,0.20833333333333334,24,1.9674999999999998,55.583333333333336,40.40277777777778,1.0,30,33,1.0,2,1.0,-3,-1.5,15.0,16.5
2002,POST,PIT,0.05209882568480441,0.43846153846153846,130,0.09881204961747486,0.4217687074829932,147,0.1207230815351876,-0.10696546927962938,0.15789473684210525,0.14935064935064934,0.0425531914893617,94,0.031914893617021274,94,3.0,6.0,3.0,2.140625,0.0,2.1481481481481484,0.37037037037037035,0.18518518518518517,27,1.967741935483871,0.3870967741935484,0.06451612903225806,31,-6.877777777777778,7.388888888888888,0.75,0.0,67,67,1.0,2,1.0,0,0.0,33.5,33.5
2002,POST,SF,0.09498649791247696,0.4358974358974359,78,0.26468996212112395,0.5283018867924528,106,0.17016997160212435,0.2542793293870027,0.12195121951219512,0.13013698630136986,0.044444444444444446,90,0.0375,80,6.0,4.0,-2.0,3.582089552238806,1.0,1.9130434782608696,0.34782608695652173,0.21739130434782608,23,2.76,0.44,0.2,25,-10.788194444444445,9.125,2.3333333333333335,0.0,45,69,1.0,2,1.0,-24,-12.0,22.5,34.5
2002,POST,TB,0.1065577024559129,0.4407894736842105,152,-0.40057973437722594,0.30973451327433627,113,0.045222319532474346,-0.35166907557348687,0.10144927536231885,0.06842105263157895,0.009708737864077669,103,0.07333333333333333,150,4.0,13.0,9.0,3.577777777777778,0.0,1.9189189189189189,0.3783783783783784,0.21621621621621623,37,0.125,0.175,0.25,40,10.258981481481483,73.97222222222221,54.21296296296297,1.0,106,37,3.0,3,0.0,69,23.0,35.333333333333336,12.333333333333334
2002,POST,TEN,0.06059820816438948,0.45714285714285713,140,0.11707982610353287,0.42857142857142855,112,-0.05963308728982652,0.13544169685984445,0.12666666666666668,0.15833333333333333,0.03296703296703297,91,0.011111111111111112,90,6.0,2.0,-4.0,4.216216216216216,0.0,2.32,0.4,0.12,25,2.6153846153846154,0.46153846153846156,0.07692307692307693,26,-1.1261111111111108,35.0,23.13888888888889,0.0,58,72,1.0,2,1.0,-14,-7.0,29.0,36.0
2002,REG,ARI,-0.10540050455810884,0.3772032902467685,851,0.07599386546202996,0.45161290322580644,837,-0.1500593890742306,0.062035749490431,0.11788211788211789,0.13391136801541426,0.06710310965630115,611,0.037300177619893425,563,37.0,23.0,-14.0,4.3795918367346935,6.0,1.122340425531915,0.22872340425531915,0.20212765957446807,188,2.0,0.36363636363636365,0.12299465240641712,187,-7.109253472222222,10.32986111111111,3.5850694444444446,1.0,262,417,5.0,16,11.0,-155,-9.6875,16.375,26.0625
2002,REG,ATL,0.0157149296355028,0.40792540792540793,858,-0.040654461195593274,0.4083333333333333,840,-0.03612762128851336,-0.07865080375518074,0.1382667964946446,0.14514514514514515,0.06498194945848375,554,0.07925801011804384,593,28.0,38.0,10.0,4.64172335600907,5.0,1.9523809523809523,0.3862433862433862,0.1746031746031746,189,1.5,0.2789473684210526,0.15263157894736842,190,3.348576388888889,46.22743055555556,26.79861111111111,6.0,402,314,9.5,16,6.5,88,5.5,25.125,19.625
2002,REG,BAL,-0.04580849635741408,0.4170984455958549,772,-0.06058069710426638,0.4184239733629301,901,-0.06084476520988571,-0.09770755167880979,0.12218649517684887,0.1111111111111111,0.07706766917293233,532,0.05305466237942122,622,32.0,30.0,-2.0,3.7136842105263157,5.0,1.3027027027027027,0.2756756756756757,0.14594594594594595,185,1.4450261780104712,0.32460732984293195,0.14136125654450263,191,-0.8462673611111112,34.96006944444444,21.15972222222222,4.0,316,354,7.0,16,9.0,-38,-2.375,19.75,22.125
2002,REG,BUF,0.038364127788159764,0.473568281938326,908,0.0038078991194294425,0.4034285714285714,875,0.04830490832829142,0.06274270174637699,0.12761904761904763,0.13224821973550355,0.08047690014903129,671,0.056776556776556776,546,30.0,20.0,-10.0,4.476793248945148,8.0,1.8532608695652173,0.358695652173913,0.1358695652173913,184,1.8670212765957446,0.3351063829787234,0.1595744680851064,188,-1.4571180555555558,35.23784722222222,15.130208333333332,2.0,379,397,8.0,16,8.0,-18,-1.125,23.6875,24.8125
2002,REG,CAR,-0.17631861743862434,0.34068627450980393,816,-0.13157158866939825,0.3891402714932127,884,-0.10521799962244385,-0.09690496600966533,0.11615628299894404,0.1270935960591133,0.08445297504798464,521,0.08637873754152824,602,40.0,33.0,-7.0,3.689732142857143,1.0,0.976303317535545,0.1943127962085308,0.25118483412322273,211,1.1886792452830188,0.25471698113207547,0.22169811320754718,212,-0.7492534722222222,39.904513888888886,19.289930555555557,1.0,258,302,7.0,16,9.0,-44,-2.75,16.125,18.875
2002,REG,CHI,-0.136828836849715,0.3838973162193699,857,0.005654259216436687,0.42291666666666666,960,-0.10397546697328156,0.01104762842381029,0.09834368530020704,0.13518518518518519,0.07407407407407407,594,0.058333333333333334,600,35.0,28.0,-7.0,4.106719367588933,5.0,1.3417085427135678,0.2613065326633166,0.22613065326633167,199,1.797029702970297,0.36633663366336633,0.15841584158415842,202,-2.5198263888888888,27.32465277777778,8.555555555555555,1.0,281,379,4.0,16,12.0,-98,-6.125,17.5625,23.6875
2002,REG,CIN,-0.08423100945557317,0.413265306122449,784,0.1220597500150693,0.4757412398921833,742,-0.057440004111407095,0.1504144396308025,0.1147227533460803,0.14181438998957246,0.05799373040752351,638,0.049079754601226995,489,32.0,22.0,-10.0,4.014,5.0,1.0765027322404372,0.2459016393442623,0.18579234972677597,183,2.0670391061452515,0.3854748603351955,0.15083798882681565,179,-6.581857638888889,16.192708333333332,8.70138888888889,0.0,279,456,2.0,16,14.0,-177,-11.0625,17.4375,28.5
2002,REG,CLE,-0.031952887486001044,0.4044032444959444,863,-0.016308143220198686,0.4010989010989011,910,-0.04296621019788406,-0.03967040391202397,0.11561866125760649,0.14088669950738916,0.05912162162162162,592,0.051001821493624776,549,32.0,28.0,-4.0,4.295454545454546,8.0,1.6282722513089005,0.3089005235602094,0.16230366492146597,191,1.3915343915343916,0.30158730158730157,0.19576719576719576,189,0.49564236111111126,43.892361111111114,21.06597222222222,2.0,344,320,9.0,16,7.0,24,1.5,21.5,20.0
2002,REG,DAL,-0.1926225841423974,0.3737864077669903,824,-0.06151792332633865,0.42433862433862435,945,-0.10364339934712744,-0.04499313723315376,0.12684989429175475,0.1092436974789916,0.09854014598540146,548,0.03858520900321544,622,34.0,30.0,-4.0,3.7796257796257797,2.0,0.7783251231527094,0.1625615763546798,0.21674876847290642,203,1.3588516746411483,0.2822966507177033,0.15789473684210525,209,-4.186927083333333,16.116319444444443,4.779513888888889,0.0,217,329,5.0,16,11.0,-112,-7.0,13.5625,20.5625
2002,REG,DEN,0.06878467863001488,0.5005793742757821,863,0.02617545771108533,0.4657039711191336,831,0.08892620421807683,0.025832799806433864,0.13097514340344169,0.10531697341513292,0.07590759075907591,606,0.06514657980456026,614,28.0,21.0,-7.0,3.928759894459103,3.0,1.9392265193370166,0.3756906077348066,0.11602209944751381,181,1.7175141242937852,0.3446327683615819,0.1864406779661017,177,1.1734895833333332,51.80381944444444,30.432291666666664,7.0,392,344,9.0,16,7.0,48,3.0,24.5,21.5
2002,REG,DET,-0.16524709466438056,0.3423312883435583,815,0.06967985237749076,0.4640250260688217,959,-0.12474183501054796,0.03752734544203184,0.11659663865546219,0.14052583862194015,0.03289473684210526,608,0.05124223602484472,644,29.0,26.0,-3.0,3.9617706237424546,3.0,1.1734693877551021,0.2602040816326531,0.20408163265306123,196,1.8514851485148516,0.37623762376237624,0.15346534653465346,202,-3.770625,23.692708333333332,12.375,1.0,306,451,3.0,16,13.0,-145,-9.0625,19.125,28.1875
2002,REG,GB,0.007361022114298324,0.4397244546498278,871,-0.13091889179140304,0.4057788944723618,796,0.02775371732860682,-0.08734190885865825,0.1313035204567079,0.12296747967479675,0.043973941368078175,614,0.07363013698630137,584,29.0,44.0,15.0,4.830917874396135,4.0,1.803030303030303,0.3484848484848485,0.21717171717171718,198,1.4444444444444444,0.2727272727272727,0.1919191919191919,198,1.511388888888889,43.734375,25.40625,3.0,398,328,12.0,16,4.0,70,4.375,24.875,20.5
2002,REG,HOU,-0.24518610476822345,0.31722428748451054,807,-0.08088247705269376,0.4,850,-0.15853534804224206,-0.03111781101429406,0.09302325581395349,0.1297709923664122,0.13743218806509946,553,0.0625,560,28.0,22.0,-6.0,4.096078431372549,5.0,0.7562189054726368,0.1691542288557214,0.25870646766169153,201,1.2476190476190476,0.28095238095238095,0.18095238095238095,210,-3.8128472222222225,23.866319444444443,14.51736111111111,3.0,213,356,4.0,16,12.0,-143,-8.9375,13.3125,22.25
2002,REG,IND,-0.03563978756731621,0.4225181598062954,826,-0.04328162454920933,0.4425363276089828,757,-0.06693639779766741,-0.00593244005534875,0.11946050096339114,0.12012644889357219,0.037037037037037035,621,0.06857142857142857,525,32.0,27.0,-5.0,4.339869281045751,2.0,1.830601092896175,0.33879781420765026,0.14754098360655737,183,1.4550561797752808,0.29775280898876405,0.17415730337078653,178,-1.0848784722222222,34.411458333333336,25.442708333333332,4.0,349,313,10.0,16,6.0,36,2.25,21.8125,19.5625
2002,REG,JAX,-0.24509119486506004,0.41161290322580646,775,0.015335440008416447,0.4524390243902439,820,-0.23925288887774496,0.03498698189128256,0.12605042016806722,0.11164581328200192,0.0782122905027933,537,0.06132879045996593,587,15.0,27.0,12.0,4.247950819672131,5.0,0.20224719101123595,0.20786516853932585,0.20786516853932585,178,1.7215909090909092,0.32386363636363635,0.14204545454545456,176,-6.234097222222222,17.98784722222222,7.260416666666666,1.0,328,315,6.0,16,10.0,13,0.8125,20.5,19.6875
2002,REG,KC,0.13728936777056086,0.4678787878787879,825,0.14399843192752435,0.5015806111696522,949,0.18240092103043537,0.16120599400488625,0.17512953367875647,0.13209302325581396,0.051181102362204724,508,0.0517503805175038,657,15.0,31.0,16.0,4.754587155963303,7.0,2.4719101123595504,0.42696629213483145,0.15168539325842698,178,2.0824175824175826,0.3956043956043956,0.14835164835164835,182,2.179027777777778,43.94097222222222,24.19097222222222,1.0,467,399,8.0,16,8.0,68,4.25,29.1875,24.9375
2002,REG,LA,-0.06376911366262737,0.43526785714285715,896,-0.012806778191989191,0.41729323308270677,798,-0.04745785648831975,0.007465755672538412,0.13307240704500978,0.13219616204690832,0.06695778748180495,687,0.07421875,512,45.0,26.0,-19.0,4.080898876404494,3.0,1.2210526315789474,0.28421052631578947,0.12631578947368421,190,1.5138121546961325,0.30939226519337015,0.16022099447513813,181,-2.8505555555555557,34.10590277777778,17.31423611111111,3.0,316,369,7.0,16,9.0,-53,-3.3125,19.75,23.0625
2002,REG,LAC,0.026882459094725277,0.4248878923766816,892,0.04132522504488722,0.45733788395904434,879,0.03770476933383394,0.053880977831376714,0.1378299120234604,0.13878326996197718,0.04225352112676056,568,0.059001512859304085,661,22.0,29.0,7.0,4.241463414634146,5.0,1.5183246073298429,0.28272251308900526,0.15706806282722513,191,1.6326530612244898,0.3163265306122449,0.1989795918367347,196,-1.1797395833333333,35.170138888888886,22.522569444444443,3.0,333,367,8.0,16,8.0,-34,-2.125,20.8125,22.9375
2002,REG,LV,0.2015749966858866,0.5199501246882793,802,-0.03258825890803213,0.4409148665819568,787,0.1427684265797325,-0.03911492329173512,0.1342155009451796,0.12374245472837023,0.05333333333333334,675,0.0679304897314376,633,19.0,31.0,12.0,3.774025974025974,4.0,2.3391812865497075,0.4269005847953216,0.10526315789473684,171,1.441988950276243,0.287292817679558,0.1712707182320442,181,5.639184027777778,60.119791666666664,41.78125,7.0,450,304,11.0,16,5.0,146,9.125,28.125,19.0
2002,REG,MIA,0.025291040791172514,0.4620253164556962,790,-0.08013716761507603,0.4089171974522293,785,0.0557008926053226,0.00519184573243794,0.13827655310621242,0.10869565217391304,0.05030181086519115,497,0.08117443868739206,579,33.0,27.0,-6.0,3.8181818181818183,3.0,1.8795811518324608,0.3507853403141361,0.18848167539267016,191,1.4893617021276595,0.30319148936170215,0.18617021276595744,188,4.546458333333334,56.04340277777778,42.73784722222222,8.0,378,301,9.0,16,7.0,77,4.8125,23.625,18.8125
2002,REG,MIN,0.06710544680612898,0.4472252448313384,919,0.12243798188341921,0.43863912515188336,823,0.05914285961210955,0.08554836130637085,0.1464318813716404,0.17291666666666666,0.07413010590015129,661,0.04647160068846816,581,41.0,23.0,-18.0,4.207070707070707,4.0,1.8272251308900525,0.35602094240837695,0.12041884816753927,191,2.085561497326203,0.3689839572192513,0.1657754010695187,187,-1.72515625,36.78819444444444,18.958333333333336,2.0,390,442,6.0,16,10.0,-52,-3.25,24.375,27.625
2002,REG,NE,-0.017604046853966673,0.4359281437125748,835,0.040893799340073346,0.4467312348668281,826,-0.018507507293010404,-0.015381460186781312,0.10784313725490197,0.13073170731707318,0.0483619344773791,641,0.05862068965517241,580,22.0,30.0,8.0,4.706638115631692,8.0,1.8,0.34594594594594597,0.14594594594594595,185,1.6684491978609626,0.32085561497326204,0.1497326203208556,187,0.34385416666666657,35.21180555555556,25.85590277777778,6.0,381,346,9.0,16,7.0,35,2.1875,23.8125,21.625
2002,REG,NO,-0.03122162746854743,0.3797606093579978,919,-0.03780925160445077,0.4077079107505071,986,-0.05820258233368104,-0.027761446485754463,0.1393939393939394,0.1318267419962335,0.06105610561056106,606,0.05963302752293578,654,28.0,40.0,12.0,4.523809523809524,4.0,1.96875,0.3854166666666667,0.16145833333333334,192,1.7448979591836735,0.336734693877551,0.12755102040816327,196,1.3356944444444445,49.03819444444444,24.821180555555557,5.0,432,388,9.0,16,7.0,44,2.75,27.0,24.25
2002,REG,NYG,0.010137809626310945,0.4106753812636166,918,-0.09202000296560718,0.3862310385064177,857,0.014965289716760899,-0.06895377321006384,0.13770180436847104,0.116751269035533,0.041811846689895474,574,0.06156405990016639,601,28.0,24.0,-4.0,4.47921760391198,3.0,1.5873015873015872,0.31216931216931215,0.10582010582010581,189,1.3621621621621622,0.2702702702702703,0.1837837837837838,185,3.3177256944444444,49.26041666666667,26.90451388888889,5.0,320,279,10.0,16,6.0,41,2.5625,20.0,17.4375
2002,REG,NYJ,0.06085276766847815,0.4510344827586207,725,0.004417018479649421,0.46386946386946387,858,0.09774149987230801,-0.0231348491431366,0.15088105726872247,0.11354581673306773,0.06130268199233716,522,0.05025125628140704,597,19.0,23.0,4.0,4.620608899297424,5.0,1.8757396449704142,0.3609467455621302,0.21301775147928995,169,1.490909090909091,0.3393939393939394,0.10303030303030303,165,3.2869618055555554,50.58506944444444,30.51215277777778,6.0,359,336,9.0,16,7.0,23,1.4375,22.4375,21.0
2002,REG,PHI,0.004998340949192572,0.4448484848484848,825,-0.2420274806834852,0.3731155778894472,796,0.03141115410766982,-0.1773069182078922,0.12218045112781954,0.11332007952286283,0.057692307692307696,624,0.08641975308641975,648,26.0,36.0,10.0,4.239795918367347,3.0,1.885,0.365,0.175,200,0.8,0.19487179487179487,0.19487179487179487,195,6.537256944444445,65.91840277777777,47.45833333333333,6.0,415,241,12.0,16,4.0,174,10.875,25.9375,15.0625
2002,REG,PIT,0.023912649188435352,0.4405594405594406,858,-0.08715113951977912,0.39095744680851063,752,-0.02166428222588498,-0.14166505102362684,0.13878676470588236,0.1286008230452675,0.05676126878130217,599,0.07849293563579278,637,36.0,36.0,0.0,3.83008356545961,3.0,1.75,0.3520408163265306,0.1326530612244898,196,1.398936170212766,0.28191489361702127,0.24468085106382978,188,3.5900173611111112,49.74131944444444,38.828125,6.0,390,345,10.5,16,5.5,45,2.8125,24.375,21.5625
2002,REG,SEA,0.021187444756103967,0.4370629370629371,858,0.08528526026931026,0.4571092831962397,851,0.03773470017096463,0.05558628304412423,0.1318051575931232,0.1469767441860465,0.05116279069767442,645,0.04666666666666667,600,28.0,30.0,2.0,4.866533864541832,10.0,1.7150837988826815,0.329608938547486,0.1452513966480447,179,1.7570621468926553,0.3446327683615819,0.1694915254237288,177,-0.5482465277777777,35.91840277777778,17.958333333333332,4.0,355,369,7.0,16,9.0,-14,-0.875,22.1875,23.0625
2002,REG,SF,0.10690102528440687,0.453551912568306,915,-0.01038564949201921,0.41100702576112413,854,0.029320816233901044,-0.07274862253873052,0.1200750469043152,0.16065911431513905,0.035830618892508145,614,0.05414551607445008,591,18.0,26.0,8.0,4.171717171717172,1.0,1.907514450867052,0.37572254335260113,0.17341040462427745,173,1.8402366863905326,0.34911242603550297,0.17159763313609466,169,3.3743229166666664,50.375,31.18402777777778,4.0,367,351,10.0,16,6.0,16,1.0,22.9375,21.9375
2002,REG,TB,-0.05755685860098288,0.4284077892325315,873,-0.25596146175018086,0.3179347826086957,736,-0.04542844138639145,-0.2256537386503402,0.11984282907662082,0.0912906610703043,0.06518282988871224,629,0.07543859649122807,570,22.0,37.0,15.0,3.781021897810219,3.0,1.4866310160427807,0.32620320855614976,0.19786096256684493,187,0.6649746192893401,0.17766497461928935,0.24873096446700507,197,2.8355555555555556,46.03819444444444,32.41493055555556,6.0,346,196,12.0,16,4.0,150,9.375,21.625,12.25
2002,REG,TEN,0.057173184090981655,0.4512338425381904,851,-0.08467281807114803,0.39238845144356954,762,0.012516739236891271,-0.054211376672405734,0.12512315270935961,0.1197110423116615,0.038461538461538464,546,0.06462035541195477,619,25.0,28.0,3.0,3.827956989247312,1.0,1.6428571428571428,0.34615384615384615,0.14835164835164835,182,1.344632768361582,0.2655367231638418,0.1864406779661017,177,1.9319444444444445,50.31423611111111,35.916666666666664,7.0,367,324,11.0,16,5.0,43,2.6875,22.9375,20.25
2002,REG,WAS,-0.05836008472300258,0.41975308641975306,891,-0.09728561205478327,0.3835616438356164,876,-0.0677528762565439,-0.07990688679278134,0.13521400778210116,0.12112112112112113,0.0625,608,0.0684931506849315,584,37.0,29.0,-8.0,4.018306636155606,2.0,1.2741116751269035,0.25380710659898476,0.14720812182741116,197,1.421875,0.3229166666666667,0.15625,192,-0.7904513888888889,41.579861111111114,26.01215277777778,4.0,307,365,7.0,16,9.0,-58,-3.625,19.1875,22.8125
2003,POST,BAL,-0.20606698995813721,0.37037037037037035,54,-0.08243601352374957,0.4126984126984127,63,-0.1555439486782277,-0.004421132369316183,0.09259259259259259,0.07936507936507936,0.05263157894736842,38,0.0,23,2.0,3.0,1.0,4.125,0.0,0.7692307692307693,0.15384615384615385,0.38461538461538464,13,1.0,0.3076923076923077,0.15384615384615385,13,-1.3847222222222222,14.666666666666666,0.0,0.0,17,20,0.0,1,1.0,-3,-3.0,17.0,20.0
2003,POST,CAR,0.20786475648677247,0.43478260869565216,207,-0.05573548109308169,0.4089068825910931,247,0.11699128207499926,0.0005457723396812973,0.16033755274261605,0.09712230215827339,0.07207207207207207,111,0.056818181818181816,176,2.0,10.0,8.0,3.9029126213592233,0.0,2.1666666666666665,0.4166666666666667,0.1875,48,1.375,0.2916666666666667,0.22916666666666666,48,3.832361111111111,51.20138888888889,30.541666666666668,2.0,101,68,3.0,4,1.0,33,8.25,25.25,17.0
2003,POST,DAL,-0.2851766865640468,0.2727272727272727,33,0.20864556447827315,0.3902439024390244,41,-0.24277636956889181,-0.0055217624059839664,0.07017543859649122,0.12903225806451613,0.07692307692307693,39,0.03333333333333333,30,2.0,0.0,-2.0,3.1470588235294117,1.0,0.8333333333333334,0.16666666666666666,0.4166666666666667,12,2.230769230769231,0.5384615384615384,0.15384615384615385,13,-11.97,0.0,0.0,0.0,10,29,0.0,1,1.0,-19,-19.0,10.0,29.0
2003,POST,DEN,0.05937041980410868,0.46153846153846156,26,1.0392921769323393,0.6521739130434783,23,-0.07405863791446839,0.7666181583132129,0.1206896551724138,0.18518518518518517,0.0625,32,0.0,31,3.0,1.0,-2.0,3.6956521739130435,0.0,1.1111111111111112,0.2222222222222222,0.0,9,4.555555555555555,0.7777777777777778,0.0,9,-21.48472222222222,0.0,0.0,0.0,10,41,0.0,1,1.0,-31,-31.0,10.0,41.0
2003,POST,GB,0.08483566726243444,0.4740740740740741,135,-0.007340368958775873,0.4460431654676259,139,0.12978703153097262,0.08454031548815327,0.11851851851851852,0.1366906474820144,0.015151515151515152,66,0.10752688172043011,93,1.0,2.0,1.0,4.630434782608695,1.0,1.8333333333333333,0.3333333333333333,0.08333333333333333,24,1.5384615384615385,0.34615384615384615,0.34615384615384615,26,3.0977777777777775,49.88888888888889,24.583333333333336,0.0,50,47,1.0,2,1.0,3,1.5,25.0,23.5
2003,POST,IND,0.295026944171791,0.5149253731343284,134,0.17954924286857096,0.4806201550387597,129,0.25069877022286635,0.08275960196828237,0.15625,0.13513513513513514,0.04424778761061947,113,0.020202020202020204,99,6.0,6.0,0.0,5.159090909090909,2.0,3.25,0.5357142857142857,0.03571428571428571,28,2.0,0.42857142857142855,0.07142857142857142,28,6.572592592592592,61.94444444444445,44.916666666666664,2.0,93,65,2.0,3,1.0,28,9.333333333333334,31.0,21.666666666666668
2003,POST,KC,0.26985620729256793,0.5384615384615384,52,0.6061136268217855,0.6140350877192983,57,0.17054013404343832,0.45086671266350703,0.18333333333333332,0.22580645161290322,0.0,30,0.03225806451612903,31,1.0,0.0,-1.0,4.4375,1.0,3.4285714285714284,0.5714285714285714,0.0,7,4.75,0.75,0.0,8,-8.455,0.0,0.0,0.0,31,38,0.0,1,1.0,-7,-7.0,31.0,38.0
2003,POST,LA,-0.09390419888715454,0.352112676056338,71,0.31760372223599176,0.47761194029850745,67,-0.15316295471051153,0.15124547940007793,0.1267605633802817,0.16901408450704225,0.041666666666666664,48,0.1,30,3.0,1.0,-2.0,5.2682926829268295,0.0,1.8333333333333333,0.5,0.0,12,2.727272727272727,0.5454545454545454,0.0,11,-0.32555555555555554,30.86111111111111,5.333333333333334,0.0,23,29,0.0,1,1.0,-6,-6.0,23.0,29.0
2003,POST,NE,0.1148676660677374,0.4444444444444444,198,-0.047675016045972136,0.38509316770186336,161,0.05001417647077081,-0.07053313127292168,0.10697674418604651,0.12568306010928962,0.0,125,0.09401709401709402,117,4.0,7.0,3.0,4.08955223880597,0.0,2.0,0.4,0.14285714285714285,35,1.6764705882352942,0.2647058823529412,0.17647058823529413,34,5.322037037037037,62.73148148148149,40.53703703703704,2.0,73,57,3.0,3,0.0,16,5.333333333333333,24.333333333333332,19.0
2003,POST,PHI,-0.10694875924153865,0.4122137404580153,131,0.07008798126652234,0.45535714285714285,112,0.07842061112083212,0.07533514476452227,0.10869565217391304,0.13675213675213677,0.14942528735632185,87,0.023255813953488372,43,5.0,1.0,-4.0,4.740259740259741,1.0,0.92,0.2,0.32,25,1.3478260869565217,0.21739130434782608,0.17391304347826086,23,-5.644027777777778,0.6527777777777778,1.3055555555555556,0.0,23,31,1.0,2,1.0,-8,-4.0,11.5,15.5
2003,POST,SEA,0.044110164750975685,0.4852941176470588,68,0.15220390753213411,0.5217391304347826,69,0.07006977360487879,0.24819093528955977,0.1323529411764706,0.10144927536231885,0.0425531914893617,47,0.0,37,1.0,0.0,-1.0,2.4375,0.0,1.6666666666666667,0.4166666666666667,0.3333333333333333,12,2.25,0.4166666666666667,0.08333333333333333,12,-0.20972222222222223,29.666666666666668,0.0,0.0,27,33,0.0,1,1.0,-6,-6.0,27.0,33.0
2003,POST,TEN,-0.002098622002857311,0.42735042735042733,117,-0.07009634010312209,0.3728813559322034,118,-0.03757278249527603,-0.15712658060610094,0.09401709401709402,0.10084033613445378,0.057692307692307696,52,0.02564102564102564,78,4.0,3.0,-1.0,3.488372093023256,0.0,1.173913043478261,0.2608695652173913,0.13043478260869565,23,1.173913043478261,0.21739130434782608,0.21739130434782608,23,-1.0455555555555556,18.34722222222222,5.708333333333333,0.0,34,34,1.0,2,1.0,0,0.0,17.0,17.0
2003,REG,ARI,-0.2018460511067583,0.3746556473829201,726,0.08517113279302983,0.47643979057591623,764,-0.2247590506471126,0.050952344186038466,0.10860655737704918,0.13441955193482688,0.07504363001745201,573,0.03875968992248062,516,34.0,24.0,-10.0,4.0210084033613445,5.0,0.827027027027027,0.22162162162162163,0.1945945945945946,185,2.081081081081081,0.3675675675675676,0.16756756756756758,185,-8.103958333333333,19.3125,5.614583333333334,0.0,225,452,4.0,16,12.0,-227,-14.1875,14.0625,28.25
2003,REG,ATL,-0.09745435425380695,0.3897849462365591,744,0.057366565504426814,0.44004796163069543,834,-0.022388028444325123,0.05557261040365088,0.1092896174863388,0.15160349854227406,0.0708502024291498,494,0.0661764705882353,544,29.0,31.0,2.0,4.627254509018036,8.0,1.2537313432835822,0.24875621890547264,0.1791044776119403,201,1.832512315270936,0.33497536945812806,0.1477832512315271,203,-1.9834722222222223,36.24131944444444,21.0625,3.0,299,422,5.0,16,11.0,-123,-7.6875,18.6875,26.375
2003,REG,BAL,-0.11998275993139358,0.3946406820950061,821,-0.19650280722474017,0.3646341463414634,820,-0.06837578231692511,-0.09651812167793974,0.11491935483870967,0.10029498525073746,0.09312638580931264,451,0.08304498269896193,578,41.0,38.0,-3.0,3.455357142857143,2.0,1.5345622119815667,0.31797235023041476,0.1935483870967742,217,0.9954128440366973,0.24311926605504589,0.22477064220183487,218,1.2000868055555554,43.28645833333333,26.796875,4.0,391,281,10.0,16,6.0,110,6.875,24.4375,17.5625
2003,REG,BUF,-0.1047776206117937,0.3867403314917127,724,-0.0795314458187929,0.409261576971214,799,-0.0065561695436472936,-0.0729712944396849,0.11443298969072165,0.086,0.09239130434782608,552,0.0695970695970696,546,33.0,19.0,-14.0,3.4463519313304722,3.0,1.1336898395721926,0.2192513368983957,0.2192513368983957,187,1.2694300518134716,0.2694300518134715,0.21761658031088082,193,-1.333072916666667,35.98090277777778,22.90277777777778,4.0,243,279,6.0,16,10.0,-36,-2.25,15.1875,17.4375
2003,REG,CAR,-0.036872026156327745,0.39605110336817656,861,-0.04964270134761188,0.4094922737306843,906,-0.03527878551492526,-0.02675679405705368,0.13039117352056168,0.12298387096774194,0.053497942386831275,486,0.06964285714285715,560,32.0,24.0,-8.0,3.947247706422018,4.0,1.2755102040816326,0.30612244897959184,0.1836734693877551,196,1.2421052631578948,0.2631578947368421,0.17894736842105263,190,1.5319270833333334,47.385416666666664,28.94097222222222,5.0,325,304,11.0,16,5.0,21,1.3125,20.3125,19.0
2003,REG,CHI,-0.11311641728637907,0.3815950920245399,815,-0.0184767108156363,0.42092746730083236,841,-0.05974554291025869,-0.029786218007601194,0.10121457489878542,0.11824668705402651,0.07789855072463768,552,0.03512014787430684,541,29.0,20.0,-9.0,4.1759465478841875,7.0,1.2849462365591398,0.27419354838709675,0.17204301075268819,186,1.6666666666666667,0.34408602150537637,0.1827956989247312,186,-2.2524305555555557,33.432291666666664,19.74652777777778,4.0,283,346,7.0,16,9.0,-63,-3.9375,17.6875,21.625
2003,REG,CIN,0.060860299958567746,0.4397790055248619,905,0.05731058886947675,0.4523809523809524,882,0.03055175160599006,0.04603778612762456,0.11764705882352941,0.14994934143870314,0.06654676258992806,556,0.056074766355140186,535,21.0,25.0,4.0,4.789587852494577,7.0,1.7666666666666666,0.3333333333333333,0.16111111111111112,180,1.9723756906077348,0.3812154696132597,0.19337016574585636,181,-0.05277777777777792,37.328125,18.977430555555554,2.0,346,384,8.0,16,8.0,-38,-2.375,21.625,24.0
2003,REG,CLE,-0.08943291487478654,0.4214876033057851,847,-0.006164915550178276,0.42565947242206237,834,-0.07172696173642534,0.04277097227863456,0.11740041928721175,0.10896130346232179,0.072992700729927,548,0.06378986866791744,533,32.0,23.0,-9.0,4.598253275109171,6.0,1.2,0.26666666666666666,0.15555555555555556,180,1.5730337078651686,0.34831460674157305,0.15168539325842698,178,-2.4611805555555555,23.649305555555554,12.272569444444445,2.0,254,322,5.0,16,11.0,-68,-4.25,15.875,20.125
2003,REG,DAL,-0.06448446167342108,0.40373395565927656,857,-0.126833127118264,0.35517693315858456,763,-0.059190175073629274,-0.06741559396252059,0.12535612535612536,0.09763948497854077,0.06776556776556776,546,0.06476190476190476,525,30.0,23.0,-7.0,3.4817518248175183,3.0,1.1921182266009853,0.2512315270935961,0.20689655172413793,203,1.116751269035533,0.233502538071066,0.2436548223350254,197,2.0727256944444443,49.185763888888886,31.50347222222222,5.0,289,260,10.0,16,6.0,29,1.8125,18.0625,16.25
2003,REG,DEN,0.06975118567070064,0.45859085290482077,809,-0.04689122466974314,0.3914246196403873,723,0.12400776056667188,-0.02162753517515482,0.1282798833819242,0.12168141592920353,0.05,500,0.06779661016949153,531,23.0,21.0,-2.0,4.228947368421053,2.0,1.825136612021858,0.366120218579235,0.14207650273224043,183,1.3405405405405406,0.2864864864864865,0.21081081081081082,185,4.3957291666666665,57.536458333333336,34.93402777777778,4.0,381,301,10.0,16,6.0,80,5.0,23.8125,18.8125
2003,REG,DET,-0.17921314388211115,0.3448735019973369,751,0.02127389812860017,0.444,750,-0.11153819591185964,-0.04353790442843097,0.09251559251559252,0.12525458248472504,0.021775544388609715,597,0.051188299817184646,547,29.0,27.0,-2.0,3.9865771812080535,2.0,0.9736842105263158,0.23157894736842105,0.23684210526315788,190,1.5416666666666667,0.3020833333333333,0.16666666666666666,192,-5.905,21.36111111111111,13.020833333333334,1.0,270,379,5.0,16,11.0,-109,-6.8125,16.875,23.6875
2003,REG,GB,0.07989979012646188,0.47051442910915936,797,-0.06773030974971705,0.40224159402241594,803,0.07843689491424259,-0.0362064411443086,0.1354062186559679,0.10905550146056475,0.038539553752535496,493,0.05654281098546042,619,30.0,35.0,5.0,4.143203883495145,3.0,2.109375,0.3802083333333333,0.17708333333333334,192,1.3877551020408163,0.29591836734693877,0.1989795918367347,196,4.881371527777778,57.998263888888886,38.78472222222222,7.0,442,307,10.0,16,6.0,135,8.4375,27.625,19.1875
2003,REG,HOU,-0.06430635963135686,0.37547892720306514,783,0.054657379846952125,0.4429175475687104,946,-0.028284354699632877,0.04890359753355079,0.12725225225225226,0.1446360153256705,0.07627118644067797,472,0.03653846153846154,520,27.0,21.0,-6.0,4.439024390243903,7.0,1.122340425531915,0.24468085106382978,0.24468085106382978,188,1.826086956521739,0.3532608695652174,0.16304347826086957,184,-3.204270833333333,25.151041666666668,11.38888888888889,0.0,255,380,5.0,16,11.0,-125,-7.8125,15.9375,23.75
2003,REG,IND,0.09489222033203085,0.45785876993166286,878,0.026295248073526296,0.43060959792477305,771,0.0981805766361225,0.055226873508144675,0.12633624878522837,0.14634146341463414,0.03395585738539898,589,0.06553911205073996,473,19.0,29.0,10.0,4.525114155251141,7.0,2.367231638418079,0.4632768361581921,0.14689265536723164,177,1.6647727272727273,0.3068181818181818,0.14772727272727273,176,2.1861805555555556,44.244791666666664,30.036458333333336,2.0,447,336,12.0,16,4.0,111,6.9375,27.9375,21.0
2003,REG,JAX,-0.06124307040857916,0.4024390243902439,902,-0.027569299982095292,0.4079718640093787,853,-0.017602697390386998,-0.05370908439346294,0.1259765625,0.10062240663900415,0.049723756906077346,543,0.04331450094161959,531,30.0,27.0,-3.0,3.1666666666666665,1.0,1.4262295081967213,0.273224043715847,0.17486338797814208,183,1.7417582417582418,0.32967032967032966,0.19230769230769232,182,-2.7168402777777776,22.59548611111111,14.366319444444446,2.0,276,331,5.0,16,11.0,-55,-3.4375,17.25,20.6875
2003,REG,KC,0.1597222536515416,0.49504950495049505,707,0.017042986118252064,0.43039591315453385,783,0.16271375256344484,0.058606771846268835,0.1606060606060606,0.14961389961389962,0.03597122302158273,556,0.06091370558375635,591,20.0,35.0,15.0,5.17439293598234,9.0,2.25531914893617,0.3829787234042553,0.18617021276595744,188,1.4789473684210526,0.29473684210526313,0.13157894736842105,190,5.085364583333333,56.36805555555556,42.24131944444444,8.0,484,332,13.0,16,3.0,152,9.5,30.25,20.75
2003,REG,LA,-0.012380860502615814,0.4287292817679558,905,-0.1119668857296525,0.4088669950738916,812,-0.06006192560522786,-0.10277335298031731,0.14395393474088292,0.13912133891213388,0.06697819314641744,642,0.07650273224043716,549,36.0,47.0,11.0,4.805825242718447,4.0,1.9340101522842639,0.41116751269035534,0.1319796954314721,197,1.2938144329896908,0.26804123711340205,0.16494845360824742,194,3.3295659722222224,57.63888888888889,39.77777777777778,4.0,447,328,12.0,16,4.0,119,7.4375,27.9375,20.5
2003,REG,LAC,-0.05935670412253773,0.38263229308005425,737,0.10435523208723108,0.4603960396039604,808,-0.0064663514549617475,0.09216314091386067,0.153125,0.13744075829383887,0.05301645338208409,547,0.056466302367941715,549,32.0,19.0,-13.0,4.327519379844961,7.0,1.4712041884816753,0.27225130890052357,0.16753926701570682,191,2.1204188481675392,0.3769633507853403,0.16230366492146597,191,-5.365451388888889,23.359375,17.258680555555557,4.0,313,441,4.0,16,12.0,-128,-8.0,19.5625,27.5625
2003,REG,LV,-0.08202272853420799,0.3773364485981308,856,0.04515212456767807,0.42342342342342343,888,-0.06848499151125689,0.020789356352604312,0.11349693251533742,0.15701668302257116,0.07706093189964158,558,0.05122950819672131,488,25.0,25.0,0.0,4.595978062157221,9.0,1.2380952380952381,0.24338624338624337,0.2222222222222222,189,1.74,0.35,0.135,200,-3.103090277777778,31.96527777777778,13.59375,3.0,270,379,4.0,16,12.0,-109,-6.8125,16.875,23.6875
2003,REG,MIA,-0.07049157493388908,0.4021608643457383,833,-0.12684577834208366,0.3772032902467685,851,-0.019864785532942318,-0.06617875563716828,0.12095933263816476,0.114,0.06652806652806653,481,0.07880910683012259,571,35.0,35.0,0.0,3.3015873015873014,0.0,1.3802083333333333,0.28125,0.19270833333333334,192,1.1134020618556701,0.25257731958762886,0.21649484536082475,194,2.429930555555556,51.017361111111114,29.170138888888886,6.0,311,261,10.0,16,6.0,50,3.125,19.4375,16.3125
2003,REG,MIN,0.14760986005044552,0.4854721549636804,826,-0.04166721943716532,0.4188034188034188,702,0.10673069431743129,0.011824425250112122,0.14722753346080306,0.15457413249211358,0.07692307692307693,559,0.06537102473498234,566,25.0,35.0,10.0,4.842783505154639,5.0,1.9781420765027322,0.3551912568306011,0.12568306010928962,183,1.7078651685393258,0.33707865168539325,0.15168539325842698,178,2.2605381944444445,47.76388888888889,31.744791666666664,7.0,416,353,9.0,16,7.0,63,3.9375,26.0,22.0625
2003,REG,NE,-0.022061179893311918,0.40852974186307517,891,-0.15202902045452796,0.38530066815144765,898,-0.02141253157797974,-0.09309151427771727,0.11925708699902249,0.09876543209876543,0.056338028169014086,568,0.06116207951070336,654,24.0,39.0,15.0,3.5472636815920398,1.0,1.3872549019607843,0.27941176470588236,0.1715686274509804,204,0.89,0.23,0.215,200,3.0822569444444445,57.94618055555556,31.368055555555554,8.0,348,238,14.0,16,2.0,110,6.875,21.75,14.875
2003,REG,NO,-0.023126808763235855,0.4123957091775924,839,0.0026991660527375177,0.4180522565320665,842,-0.06111680587748798,0.050206509868696875,0.1263681592039801,0.12817904374364192,0.06514084507042253,568,0.062135922330097085,515,29.0,25.0,-4.0,4.66875,7.0,1.6236559139784945,0.3118279569892473,0.12365591397849462,186,1.5108695652173914,0.30978260869565216,0.15760869565217392,184,-1.0691666666666664,36.23611111111111,20.12152777777778,3.0,340,326,8.0,16,8.0,14,0.875,21.25,20.375
2003,REG,NYG,-0.12657296711114227,0.4161073825503356,894,-0.0019637605772188775,0.4155251141552511,876,-0.06040301226062202,0.03193551388551386,0.11571841851494696,0.13570741097208855,0.06707317073170732,656,0.08170515097690942,563,37.0,22.0,-15.0,3.8626262626262626,3.0,0.8673469387755102,0.21428571428571427,0.15816326530612246,196,1.5671641791044777,0.32338308457711445,0.14427860696517414,201,-4.682239583333333,20.11284722222222,8.897569444444445,0.0,243,387,4.0,16,12.0,-144,-9.0,15.1875,24.1875
2003,REG,NYJ,-0.008705829599663853,0.4148319814600232,863,0.03791883010178768,0.45185185185185184,945,0.019594137745396235,0.09416798900774748,0.1285097192224622,0.1284313725490196,0.05927342256214149,523,0.07331975560081466,491,20.0,20.0,0.0,4.236162361623617,8.0,1.5058823529411764,0.3235294117647059,0.18823529411764706,170,1.6369047619047619,0.30357142857142855,0.11904761904761904,168,-2.2538020833333334,24.70486111111111,7.802083333333333,1.0,283,299,6.0,16,10.0,-16,-1.0,17.6875,18.6875
2003,REG,PHI,0.05536366048307162,0.4294330518697226,829,-0.021893345296373476,0.44160177975528364,899,0.09020195299473038,0.0461956320119106,0.14408602150537633,0.12,0.08190476190476191,525,0.06554621848739496,595,20.0,28.0,8.0,4.525054466230936,7.0,1.8449197860962567,0.3422459893048128,0.19786096256684493,187,1.3457446808510638,0.2765957446808511,0.15425531914893617,188,3.1412152777777775,54.6875,30.25347222222222,5.0,374,287,12.0,16,4.0,87,5.4375,23.375,17.9375
2003,REG,PIT,-0.08086607766698818,0.4169611307420495,849,-0.05459583639951847,0.39421813403416556,761,-0.07296543039361673,-0.026915641683637335,0.11287128712871287,0.12130801687763713,0.07517482517482517,572,0.06640625,512,28.0,25.0,-3.0,3.847006651884701,4.0,1.296875,0.2708333333333333,0.1875,192,1.4,0.28205128205128205,0.1641025641025641,195,-0.5407291666666666,32.6875,19.539930555555557,4.0,300,327,6.0,16,10.0,-27,-1.6875,18.75,20.4375
2003,REG,SEA,0.10697311854152879,0.47642679900744417,806,-0.0019488861979918453,0.42080378250591016,846,0.06926113339944574,-0.021443987779557236,0.15208747514910537,0.09322033898305085,0.0763765541740675,563,0.06829268292682927,615,27.0,29.0,2.0,3.8634361233480177,4.0,1.9837837837837837,0.3675675675675676,0.12432432432432433,185,1.5425531914893618,0.30851063829787234,0.1702127659574468,188,4.445729166666666,54.11111111111111,37.229166666666664,5.0,404,327,10.0,16,6.0,77,4.8125,25.25,20.4375
2003,REG,SF,0.043385433433630875,0.4473007712082262,778,-0.05382647315949959,0.4108527131782946,774,0.06216476045499559,-0.08014572609676246,0.1495601173020528,0.14049586776859505,0.054104477611940295,536,0.07567567567567568,555,28.0,34.0,6.0,4.04047619047619,3.0,1.809278350515464,0.35051546391752575,0.14432989690721648,194,1.6470588235294117,0.29411764705882354,0.18181818181818182,187,2.453315972222222,45.66840277777778,33.58506944444444,6.0,384,337,7.0,16,9.0,47,2.9375,24.0,21.0625
2003,REG,TB,-0.04020330560868829,0.42494226327944573,866,-0.1101925248056958,0.37146529562982006,778,0.02979440043695624,-0.05882483541719835,0.11002921129503408,0.11006289308176101,0.037520391517128875,613,0.07086614173228346,508,30.0,33.0,3.0,3.893569844789357,5.0,1.3351063829787233,0.26063829787234044,0.1702127659574468,188,1.126984126984127,0.25396825396825395,0.20634920634920634,189,0.19406250000000003,35.71527777777778,26.397569444444443,5.0,301,264,7.0,16,9.0,37,2.3125,18.8125,16.5
2003,REG,TEN,0.08852071918183865,0.43118148599269185,821,-0.09195736762656043,0.40392706872370265,713,0.036829977050236225,-0.06006743452345167,0.13883299798792756,0.1299126637554585,0.04961832061068702,524,0.06518010291595197,583,20.0,34.0,14.0,3.8117647058823527,1.0,1.8882978723404256,0.39361702127659576,0.18085106382978725,188,1.2872340425531914,0.2978723404255319,0.20212765957446807,188,4.911024305555555,60.342013888888886,41.45659722222222,7.0,435,324,12.0,16,4.0,111,6.9375,27.1875,20.25
2003,REG,WAS,-0.05300736234662179,0.4022857142857143,875,0.04702741307404649,0.4344086021505376,930,0.005024025998825839,0.051539019829023223,0.10274669379450661,0.1432865731462926,0.07530647985989491,571,0.052941176470588235,510,27.0,30.0,3.0,4.386904761904762,7.0,1.382198952879581,0.28272251308900526,0.19895287958115182,191,1.8936170212765957,0.32978723404255317,0.18617021276595744,188,-2.5735416666666664,29.164930555555554,11.675347222222221,1.0,287,372,5.0,16,11.0,-85,-5.3125,17.9375,23.25
2004,POST,ATL,0.16163402300952304,0.425,80,0.14352657127309854,0.4772727272727273,88,0.0500610347537856,0.16838324101048716,0.14285714285714285,0.13043478260869565,0.10869565217391304,46,0.08955223880597014,67,2.0,2.0,0.0,4.568627450980392,0.0,2.526315789473684,0.42105263157894735,0.15789473684210525,19,1.6666666666666667,0.38095238095238093,0.09523809523809523,21,3.6183333333333336,46.666666666666664,36.44444444444444,1.0,57,44,1.0,2,1.0,13,6.5,28.5,22.0
2004,POST,DEN,-0.22737162959454515,0.3333333333333333,21,0.48005791643299744,0.59375,32,0.13343456306756707,0.5852398398306428,0.1206896551724138,0.25862068965517243,0.08108108108108109,37,0.029411764705882353,34,1.0,1.0,0.0,3.1666666666666665,0.0,2.4,0.4,0.3,10,4.9,0.7,0.1,10,-17.83388888888889,0.0,0.0,0.0,24,49,0.0,1,1.0,-25,-25.0,24.0,49.0
2004,POST,GB,-0.13714639737582227,0.5079365079365079,63,0.3441554136861575,0.43902439024390244,41,-0.03035646566532482,0.2883747748837777,0.109375,0.20689655172413793,0.05714285714285714,35,0.12121212121212122,33,4.0,0.0,-4.0,4.730769230769231,0.0,1.4166666666666667,0.25,0.08333333333333333,12,2.5833333333333335,0.4166666666666667,0.16666666666666666,12,-12.5875,0.0,0.0,0.0,17,31,0.0,1,1.0,-14,-14.0,17.0,31.0
2004,POST,IND,0.11248712863667543,0.5131578947368421,76,0.051399445565517156,0.4,80,0.19337881519975703,0.0377898313332304,0.16379310344827586,0.10317460317460317,0.025974025974025976,77,0.08955223880597014,67,4.0,1.0,-3.0,4.8,1.0,2.6,0.4,0.2,20,2.2,0.4,0.25,20,6.30263888888889,43.708333333333336,41.61111111111111,1.0,52,44,1.0,2,1.0,8,4.0,26.0,22.0
2004,POST,LA,0.2628505589982695,0.48514851485148514,101,0.24851967211918777,0.5306122448979592,98,0.09358455253350151,0.22428501875883622,0.13445378151260504,0.1885245901639344,0.12,75,0.06451612903225806,62,3.0,2.0,-1.0,6.8,2.0,1.5909090909090908,0.36363636363636365,0.045454545454545456,22,3.0526315789473686,0.5263157894736842,0.10526315789473684,19,-5.092083333333333,37.541666666666664,1.8194444444444444,0.0,44,67,1.0,2,1.0,-23,-11.5,22.0,33.5
2004,POST,LAC,0.05041901582815942,0.4675324675324675,77,0.19042073007960902,0.4444444444444444,63,0.12928862853638542,0.2258882313658409,0.09090909090909091,0.15873015873015872,0.045454545454545456,44,0.05714285714285714,35,1.0,0.0,-1.0,4.5,0.0,1.5454545454545454,0.2727272727272727,0.18181818181818182,11,1.8181818181818181,0.36363636363636365,0.09090909090909091,11,-1.458611111111111,11.055555555555555,6.25,0.0,17,20,0.0,1,1.0,-3,-3.0,17.0,20.0
2004,POST,MIN,0.06545945185169254,0.4329896907216495,97,0.023228805789647762,0.52,100,0.017301586166366987,0.0528276812927573,0.17829457364341086,0.14049586776859505,0.08433734939759036,83,0.043478260869565216,69,2.0,5.0,3.0,3.962962962962963,0.0,2.0454545454545454,0.3181818181818182,0.18181818181818182,22,1.9130434782608696,0.34782608695652173,0.13043478260869565,23,0.362916666666667,48.833333333333336,41.02777777777778,1.0,45,44,1.0,2,1.0,1,0.5,22.5,22.0
2004,POST,NE,0.17144073616027167,0.4551282051282051,156,-0.16131026240859767,0.3987341772151899,158,0.15458181820436184,-0.1538647539043348,0.11956521739130435,0.11458333333333333,0.07954545454545454,88,0.04878048780487805,123,1.0,11.0,10.0,3.681159420289855,0.0,2.2285714285714286,0.4,0.2571428571428571,35,1.2571428571428571,0.2571428571428571,0.22857142857142856,35,6.346666666666667,65.8611111111111,43.7962962962963,2.0,85,51,3.0,3,0.0,34,11.333333333333334,28.333333333333332,17.0
2004,POST,NYJ,0.03961263582580375,0.424,125,-0.040138185875411625,0.48344370860927155,151,0.09990648758059027,-0.034281579039900464,0.136,0.09271523178807947,0.07042253521126761,71,0.04,75,1.0,4.0,3.0,3.8552631578947367,1.0,1.0454545454545454,0.22727272727272727,0.09090909090909091,22,1.0,0.30434782608695654,0.13043478260869565,23,0.18027777777777776,22.47222222222222,13.791666666666666,0.0,37,37,1.0,2,1.0,0,0.0,18.5,18.5
2004,POST,PHI,0.06092212281274731,0.43870967741935485,155,-0.03698453214879378,0.43478260869565216,161,0.020186458620553852,-0.033235919242161474,0.13829787234042554,0.1276595744680851,0.059322033898305086,118,0.07964601769911504,113,5.0,4.0,-1.0,4.1066666666666665,0.0,2.2058823529411766,0.38235294117647056,0.20588235294117646,34,1.4545454545454546,0.24242424242424243,0.2727272727272727,33,5.577685185185185,60.94444444444445,47.99074074074073,2.0,75,48,2.0,3,1.0,27,9.0,25.0,16.0
2004,POST,PIT,-0.2070456196175068,0.44166666666666665,120,0.02075252738315803,0.4,100,-0.19069011548264442,0.10755955432807555,0.11764705882352941,0.13043478260869565,0.03571428571428571,56,0.0847457627118644,59,7.0,1.0,-6.0,4.0,0.0,1.0833333333333333,0.375,0.08333333333333333,24,1.608695652173913,0.30434782608695654,0.13043478260869565,23,-5.518194444444444,14.652777777777779,12.152777777777777,0.0,47,58,1.0,2,1.0,-11,-5.5,23.5,29.0
2004,POST,SEA,0.07019821505173726,0.515625,64,0.2566545944773216,0.4444444444444444,63,0.17866354321362451,0.03182732975300478,0.1875,0.12698412698412698,0.06818181818181818,44,0.13513513513513514,37,1.0,1.0,0.0,3.7777777777777777,0.0,2.0,0.4,0.1,10,2.4545454545454546,0.45454545454545453,0.0,11,-3.6008333333333336,9.416666666666666,0.0,0.0,20,27,0.0,1,1.0,-7,-7.0,20.0,27.0
2004,REG,ARI,-0.1543920890441367,0.3559322033898305,885,-0.0867250963557524,0.39595719381688466,841,-0.12992960393936226,-0.05531911616041969,0.10211946050096339,0.1377551020408163,0.06818181818181818,572,0.06813996316758748,543,28.0,31.0,3.0,4.637969094922737,9.0,1.205,0.255,0.195,200,1.3251231527093597,0.270935960591133,0.19704433497536947,203,-2.446996527777778,30.071180555555554,14.416666666666666,2.0,284,322,6.0,16,10.0,-38,-2.375,17.75,20.125
2004,REG,ATL,-0.018090785307629337,0.40707964601769914,791,-0.044074732458179076,0.4407185628742515,835,0.003963628007307968,-0.006998304811339075,0.1440588853838065,0.1325910931174089,0.11060948081264109,443,0.08495575221238938,565,30.0,32.0,2.0,3.8732718894009217,4.0,1.576086956521739,0.28804347826086957,0.20108695652173914,184,1.508108108108108,0.2972972972972973,0.12432432432432433,185,1.25703125,52.39756944444444,31.57986111111111,6.0,340,337,11.0,16,5.0,3,0.1875,21.25,21.0625
2004,REG,BAL,-0.09067215929620068,0.38246041412911086,821,-0.13093890320427745,0.3953216374269006,855,-0.04037999884342435,-0.06497943601101736,0.10341261633919338,0.11290322580645161,0.07128309572301425,491,0.07289719626168224,535,21.0,36.0,15.0,3.5808510638297872,4.0,1.2447916666666667,0.2760416666666667,0.1875,192,0.8844221105527639,0.24623115577889448,0.22110552763819097,199,2.0060243055555556,39.06944444444444,30.645833333333332,3.0,317,268,9.0,16,7.0,49,3.0625,19.8125,16.75
2004,REG,BUF,-0.0714245635320515,0.40932642487046633,772,-0.1517199442664374,0.35968379446640314,759,-0.036738268319727964,-0.19873029297109687,0.11099585062240663,0.11673553719008264,0.07959183673469387,490,0.08662900188323917,531,28.0,40.0,12.0,3.596412556053812,3.0,1.6203208556149733,0.32085561497326204,0.17647058823529413,187,1.1041666666666667,0.2760416666666667,0.20833333333333334,192,2.903298611111111,48.432291666666664,32.28819444444444,3.0,395,284,9.0,16,7.0,111,6.9375,24.6875,17.75
2004,REG,CAR,0.0434414188975454,0.42700729927007297,822,-0.018427172823761804,0.42773892773892774,858,0.09503330940054895,-0.07696627550556918,0.13719512195121952,0.12151394422310757,0.05799648506151142,569,0.062157221206581355,547,25.0,38.0,13.0,4.0168776371308015,5.0,1.7142857142857142,0.3241758241758242,0.13736263736263737,182,1.5935828877005347,0.3048128342245989,0.1497326203208556,187,0.02128472222222222,35.170138888888886,23.835069444444443,5.0,355,339,7.0,16,9.0,16,1.0,22.1875,21.1875
2004,REG,CHI,-0.2753869806017569,0.33375634517766495,788,-0.08915535602385603,0.39464882943143814,897,-0.16454176792998607,-0.0013165548770098811,0.0948905109489051,0.13326848249027237,0.1233644859813084,535,0.058823529411764705,544,35.0,30.0,-5.0,4.1002004008016035,7.0,0.714975845410628,0.1642512077294686,0.27053140096618356,207,1.1435185185185186,0.26851851851851855,0.2037037037037037,216,-4.294427083333334,21.213541666666668,9.51388888888889,0.0,231,331,5.0,16,11.0,-100,-6.25,14.4375,20.6875
2004,REG,CIN,-0.09909532152919784,0.42092746730083236,841,-0.06022406137883846,0.43885714285714283,875,-0.10662636736659638,-0.01150387427709801,0.12651821862348178,0.12561819980217606,0.05525846702317291,561,0.06715063520871144,551,34.0,34.0,0.0,4.350210970464135,9.0,1.4306930693069306,0.31683168316831684,0.19801980198019803,202,1.471794871794872,0.31794871794871793,0.14358974358974358,195,-0.11302083333333335,37.307291666666664,20.72048611111111,4.0,374,372,8.0,16,8.0,2,0.125,23.375,23.25
2004,REG,CLE,-0.15852935044893712,0.3788659793814433,776,9.136984601830496e-05,0.4605263157894737,836,-0.12683716001232492,0.04213960624102106,0.10831509846827134,0.11144278606965174,0.08921161825726141,482,0.06504065040650407,492,42.0,25.0,-17.0,4.349624060150376,8.0,1.1256281407035176,0.2562814070351759,0.20603015075376885,199,1.7333333333333334,0.3230769230769231,0.15384615384615385,195,-4.194809027777778,23.383680555555557,9.51388888888889,1.0,276,390,4.0,16,12.0,-114,-7.125,17.25,24.375
2004,REG,DAL,-0.03805081135933352,0.4232081911262799,879,0.05409158880027049,0.4289071680376028,851,-0.004620739957059392,0.06299626975044886,0.12324649298597194,0.12092534174553102,0.06715063520871144,551,0.06179775280898876,534,37.0,21.0,-16.0,4.1505882352941175,2.0,1.4064171122994653,0.28342245989304815,0.1711229946524064,187,2.021505376344086,0.3548387096774194,0.14516129032258066,186,-1.7046006944444445,39.85069444444444,15.34548611111111,3.0,293,405,6.0,16,10.0,-112,-7.0,18.3125,25.3125
2004,REG,DEN,0.056733333973232096,0.45381984036488027,877,-0.06963751860983486,0.3836734693877551,735,0.07995107834330366,-0.042630650815241,0.13946869070208728,0.11403508771929824,0.03171641791044776,536,0.07293666026871401,521,28.0,21.0,-7.0,3.8181818181818183,5.0,1.8848167539267016,0.3612565445026178,0.1256544502617801,191,1.4583333333333333,0.28125,0.21354166666666666,192,2.396631944444444,48.00868055555556,31.87326388888889,5.0,381,304,10.0,16,6.0,77,4.8125,23.8125,19.0
2004,REG,DET,-0.0550664968083194,0.39759036144578314,830,0.023577243987420685,0.4351145038167939,917,0.009752484212565134,-0.018595583972168456,0.1232583065380493,0.10964083175803403,0.06716417910447761,536,0.06654991243432574,571,20.0,24.0,4.0,3.789156626506024,4.0,1.1914893617021276,0.26595744680851063,0.2127659574468085,188,1.5555555555555556,0.2962962962962963,0.17989417989417988,189,-1.8176215277777776,35.49826388888889,17.055555555555557,2.0,296,350,6.0,16,10.0,-54,-3.375,18.5,21.875
2004,REG,GB,0.10819461513184567,0.46545454545454545,825,0.08036249130130922,0.4403183023872679,754,0.050508467506263276,0.15149384520181533,0.1359691417550627,0.15119916579770595,0.022988505747126436,609,0.07168458781362007,558,29.0,15.0,-14.0,4.591687041564792,6.0,2.0494505494505493,0.3791208791208791,0.12087912087912088,182,1.828729281767956,0.3425414364640884,0.16022099447513813,181,-0.4309722222222223,37.545138888888886,26.20659722222222,4.0,424,380,10.0,16,6.0,44,2.75,26.5,23.75
2004,REG,HOU,-0.02228522625749776,0.4051724137931034,812,0.01121298779818875,0.4495305164319249,852,-0.00612928856611517,-0.013139623918752641,0.1303030303030303,0.1340956340956341,0.09652509652509653,518,0.0433996383363472,553,24.0,31.0,7.0,4.419664268585132,7.0,1.463276836158192,0.2768361581920904,0.1638418079096045,177,1.5898876404494382,0.3258426966292135,0.16292134831460675,178,-2.613125,32.295138888888886,14.805555555555557,4.0,309,339,7.0,16,9.0,-30,-1.875,19.3125,21.1875
2004,REG,IND,0.2566249209705786,0.539227895392279,803,0.10870921638310385,0.4708798017348203,807,0.24948491682688997,0.1297828819987853,0.16350210970464135,0.14285714285714285,0.026022304832713755,538,0.07537688442211055,597,19.0,34.0,15.0,4.62358276643991,6.0,2.742857142857143,0.46285714285714286,0.13714285714285715,175,1.7584269662921348,0.3539325842696629,0.07865168539325842,178,5.443385416666667,55.447916666666664,37.204861111111114,9.0,522,351,12.0,16,4.0,171,10.6875,32.625,21.9375
2004,REG,JAX,-0.03347842230361582,0.39018952062430323,897,-0.004607715654492251,0.4242081447963801,884,-0.05989028208092876,-0.0018452496168785595,0.11133603238866396,0.13070539419087138,0.05871559633027523,545,0.06981132075471698,530,21.0,29.0,8.0,4.034168564920273,4.0,1.1910112359550562,0.2808988764044944,0.2247191011235955,178,1.3448275862068966,0.26436781609195403,0.14942528735632185,174,-1.1805555555555556,32.66840277777778,15.53125,3.0,261,280,9.0,16,7.0,-19,-1.1875,16.3125,17.5
2004,REG,KC,0.1697407202337371,0.5031380753138075,956,0.16886421362051482,0.44340723453908987,857,0.1463311016709207,0.1592452491355284,0.16248839368616527,0.17037037037037037,0.05414551607445008,591,0.07282415630550622,563,27.0,21.0,-6.0,4.64321608040201,4.0,2.3956043956043955,0.41208791208791207,0.0989010989010989,182,2.180327868852459,0.3879781420765027,0.14754098360655737,183,1.4590798611111113,38.90625,20.208333333333336,1.0,483,435,7.0,16,9.0,48,3.0,30.1875,27.1875
2004,REG,LA,0.01923812681959475,0.457002457002457,814,0.04208543398182257,0.4207858048162231,789,-0.005087960746066438,0.0651843498666621,0.16583912611717974,0.13880445795339413,0.07961783439490445,628,0.06844106463878327,526,37.0,16.0,-21.0,4.577405857740586,9.0,1.4857142857142858,0.3028571428571429,0.12571428571428572,175,1.828729281767956,0.3756906077348066,0.14917127071823205,181,-2.1185416666666663,31.4375,21.786458333333332,4.0,319,392,8.0,16,8.0,-73,-4.5625,19.9375,24.5
2004,REG,LAC,0.14525339584412036,0.45955882352941174,816,-0.020589852486607215,0.4252163164400494,809,0.09652066668775224,0.006097959282951223,0.12972420837589377,0.12296747967479675,0.042735042735042736,468,0.045813586097946286,633,16.0,35.0,19.0,3.741573033707865,2.0,2.4078212290502794,0.40782122905027934,0.12849162011173185,179,1.5792349726775956,0.29508196721311475,0.1912568306010929,183,5.093090277777778,57.61458333333333,43.607638888888886,9.0,446,313,12.0,16,4.0,133,8.3125,27.875,19.5625
2004,REG,LV,-0.017236476695417596,0.406905055487053,811,0.08839015522638285,0.46006749156355453,889,-0.015980869181469088,0.04572274404934397,0.12017167381974249,0.130558183538316,0.047540983606557376,610,0.04878048780487805,533,35.0,18.0,-17.0,3.7611940298507465,7.0,1.548913043478261,0.32065217391304346,0.1358695652173913,184,2.180327868852459,0.37158469945355194,0.16393442622950818,183,-2.977482638888889,32.189236111111114,10.993055555555555,3.0,320,442,5.0,16,11.0,-122,-7.625,20.0,27.625
2004,REG,MIA,-0.22067528808951098,0.3354908306364617,927,-0.08025132977361177,0.38391845979614947,883,-0.2276115107123,-0.054917401801643534,0.10837438423645321,0.12474849094567404,0.08150470219435736,638,0.0767590618336887,469,39.0,27.0,-12.0,4.270871985157699,10.0,0.9380952380952381,0.22857142857142856,0.22380952380952382,210,1.3414634146341464,0.25365853658536586,0.23414634146341465,205,-2.4370833333333333,22.53472222222222,9.126736111111112,2.0,275,354,4.0,16,12.0,-79,-4.9375,17.1875,22.125
2004,REG,MIN,0.15923085336724974,0.4988479262672811,868,0.12841982486964026,0.4904601571268238,891,0.08182498847003648,0.10471900707943915,0.1618556701030928,0.1550695825049702,0.07575757575757576,594,0.06724137931034482,580,21.0,22.0,1.0,4.611494252873563,8.0,2.281437125748503,0.38922155688622756,0.11377245508982035,167,2.2048192771084336,0.41566265060240964,0.12650602409638553,166,-0.8287499999999999,36.001736111111114,20.614583333333332,2.0,405,395,8.0,16,8.0,10,0.625,25.3125,24.6875
2004,REG,NE,0.14444803133323042,0.4876847290640394,812,-0.09227893243825301,0.40051347881899874,779,0.09386042551364777,-0.10632662239484515,0.15705765407554673,0.12040816326530612,0.05108055009823183,509,0.07903780068728522,582,27.0,36.0,9.0,3.913793103448276,3.0,2.134831460674157,0.42134831460674155,0.12921348314606743,178,1.177142857142857,0.24,0.16,175,6.0534375,68.53472222222223,45.3125,8.0,437,260,14.0,16,2.0,177,11.0625,27.3125,16.25
2004,REG,NO,-0.04439364656692923,0.38615023474178406,852,0.044154522517812204,0.4317937701396348,931,-0.01606774188659251,0.09825544201565105,0.1441717791411043,0.1523809523809524,0.07191780821917808,584,0.06401384083044982,578,26.0,32.0,6.0,4.645360824742268,8.0,1.4922279792746114,0.3005181347150259,0.18134715025906736,193,1.8762886597938144,0.36597938144329895,0.16494845360824742,194,-4.130277777777778,25.163194444444443,11.753472222222221,0.0,348,405,8.0,16,8.0,-57,-3.5625,21.75,25.3125
2004,REG,NYG,-0.03546943282250221,0.44072164948453607,776,-0.010324800883762168,0.4368098159509202,815,0.0542413209272395,0.012214966118214342,0.12076271186440678,0.13184584178498987,0.0994263862332696,523,0.08102766798418973,506,24.0,28.0,4.0,4.343373493975903,7.0,1.5164835164835164,0.2857142857142857,0.16483516483516483,182,1.743455497382199,0.3193717277486911,0.17277486910994763,191,-1.2515277777777778,35.27256944444444,19.916666666666664,2.0,303,347,6.0,16,10.0,-44,-2.75,18.9375,21.6875
2004,REG,NYJ,0.03449768458798742,0.44678362573099417,855,-0.07041872799804827,0.39354066985645936,836,0.05433239278326317,-0.07229509787613585,0.1443089430894309,0.1285563751317176,0.06609808102345416,469,0.06805293005671077,529,19.0,30.0,11.0,3.6129032258064515,2.0,1.7701149425287357,0.3333333333333333,0.20114942528735633,174,1.2921348314606742,0.25280898876404495,0.20786516853932585,178,2.1613020833333336,43.57465277777778,28.76215277777778,4.0,333,261,10.0,16,6.0,72,4.5,20.8125,16.3125
2004,REG,PHI,0.09468612750688467,0.46206896551724136,725,-0.01916331681102683,0.42424242424242425,759,0.15294659681977393,0.018652470308076034,0.14909478168264112,0.11844660194174757,0.06013745704467354,582,0.07925801011804384,593,24.0,26.0,2.0,4.295711060948081,4.0,1.9166666666666667,0.359375,0.15104166666666666,192,1.3114754098360655,0.25136612021857924,0.21311475409836064,183,4.813628472222223,59.392361111111114,38.416666666666664,6.0,386,260,13.0,16,3.0,126,7.875,24.125,16.25
2004,REG,PIT,0.05428436424715454,0.45232273838630804,818,-0.13303919958074695,0.3857331571994716,757,0.011819591901601157,-0.09557714286484846,0.1348314606741573,0.12041284403669725,0.0916030534351145,393,0.08076923076923077,520,22.0,31.0,9.0,3.648876404494382,1.0,1.7597765363128492,0.3575418994413408,0.10614525139664804,179,1.0689655172413792,0.25862068965517243,0.21839080459770116,174,4.3832812500000005,63.98784722222222,34.97048611111111,7.0,372,251,15.0,16,1.0,121,7.5625,23.25,15.6875
2004,REG,SEA,0.04051857372301575,0.4439252336448598,856,-0.034433661729001135,0.42668136714443217,907,0.09762569841859793,-0.025647108250628794,0.14694280078895464,0.13719806763285025,0.0586145648312611,563,0.06112054329371817,589,27.0,35.0,8.0,4.473568281938326,7.0,1.761658031088083,0.32642487046632124,0.16580310880829016,193,1.7979274611398963,0.35233160621761656,0.17616580310880828,193,0.5313541666666666,48.109375,27.369791666666664,5.0,371,373,9.0,16,7.0,-2,-0.125,23.1875,23.3125
2004,REG,SF,-0.19619030399316195,0.3526448362720403,794,0.0572058469315251,0.4476309226932668,802,-0.1750117144738068,0.06114098590214926,0.0947265625,0.14829659318637275,0.08496732026143791,612,0.055876685934489405,519,41.0,20.0,-21.0,4.018108651911469,8.0,1.005,0.22,0.25,200,2.0256410256410255,0.37948717948717947,0.15384615384615385,195,-5.623506944444444,17.421875,10.776041666666666,1.0,259,452,2.0,16,14.0,-193,-12.0625,16.1875,28.25
2004,REG,TB,-0.0857338297121223,0.42399049881235157,842,-0.06119497800234192,0.3806609547123623,817,-0.08342320927097652,-0.04402722817979773,0.12124463519313304,0.11076280041797283,0.07956600361663653,553,0.09147609147609148,481,35.0,27.0,-8.0,4.097713097713098,6.0,1.2422680412371134,0.24742268041237114,0.19072164948453607,194,1.2566844919786095,0.2620320855614973,0.1657754010695187,187,-0.2781076388888889,28.973958333333336,18.664930555555557,3.0,301,304,5.0,16,11.0,-3,-0.1875,18.8125,19.0
2004,REG,TEN,-0.002611189308125656,0.4140197152245345,913,0.05270503179844087,0.4432624113475177,846,0.057868748759092946,0.10602253523103827,0.13998082454458294,0.14926931106471816,0.06995230524642289,629,0.05807622504537205,551,33.0,28.0,-5.0,4.553444180522566,7.0,1.445,0.29,0.17,200,2.0,0.3645833333333333,0.16666666666666666,192,0.08314236111111106,39.98090277777778,17.744791666666668,2.0,344,439,5.0,16,11.0,-95,-5.9375,21.5,27.4375
2004,REG,WAS,-0.12603539069894693,0.3803611738148984,886,-0.13639478944034325,0.37821297429620565,817,-0.036607778440248304,-0.08199176610665779,0.09458128078817735,0.09663865546218488,0.06884057971014493,552,0.07090909090909091,550,26.0,27.0,1.0,3.107142857142857,3.0,0.9494949494949495,0.21717171717171718,0.23737373737373738,198,1.0353535353535352,0.20707070707070707,0.2222222222222222,198,-0.16456597222222236,36.17361111111111,20.34722222222222,6.0,240,265,6.0,16,10.0,-25,-1.5625,15.0,16.5625
2005,POST,CAR,0.019189381881882725,0.44274809160305345,131,-0.0025684807948839553,0.40714285714285714,140,0.02785619662140015,0.06525063922425296,0.13812154696132597,0.1366120218579235,0.07216494845360824,97,0.07446808510638298,94,6.0,5.0,-1.0,3.6043956043956045,1.0,1.6666666666666667,0.3333333333333333,0.19444444444444445,36,1.3714285714285714,0.2571428571428571,0.14285714285714285,35,0.9404629629629634,55.055555555555564,32.23148148148148,2.0,66,55,2.0,3,1.0,11,3.6666666666666665,22.0,18.333333333333332
2005,POST,CHI,-0.0149726932950216,0.359375,64,0.24966926881880744,0.5166666666666667,60,0.06359003246510767,0.20979729730000363,0.13043478260869565,0.140625,0.023809523809523808,42,0.029411764705882353,34,1.0,1.0,0.0,3.967741935483871,0.0,1.75,0.25,0.3333333333333333,12,2.3076923076923075,0.46153846153846156,0.23076923076923078,13,-7.046944444444445,0.0,0.0,0.0,21,29,0.0,1,1.0,-8,-8.0,21.0,29.0
2005,POST,CIN,0.0816138144385418,0.34545454545454546,55,0.5074674113842775,0.475,40,-0.0139518806929118,0.2619900968056754,0.13846153846153847,0.1320754716981132,0.08888888888888889,45,0.045454545454545456,22,2.0,0.0,-2.0,4.235294117647059,0.0,1.8888888888888888,0.3333333333333333,0.1111111111111111,9,3.1,0.5,0.0,10,-1.5705555555555555,52.80555555555555,21.166666666666668,0.0,17,31,0.0,1,1.0,-14,-14.0,17.0,31.0
2005,POST,DEN,-0.182716795354818,0.36231884057971014,69,0.16299916944784665,0.46236559139784944,93,-0.20961644934026943,0.24701142909099064,0.12612612612612611,0.15,0.08196721311475409,61,0.029850746268656716,67,6.0,4.0,-2.0,3.1296296296296298,0.0,1.76,0.32,0.12,25,2.1363636363636362,0.4090909090909091,0.09090909090909091,22,-3.224861111111111,26.458333333333332,16.305555555555557,0.0,44,47,1.0,2,1.0,-3,-1.5,22.0,23.5
2005,POST,IND,-0.15971430885857035,0.39215686274509803,51,0.1865441985646612,0.4642857142857143,56,0.0766300469756396,0.008062327254920938,0.15789473684210525,0.109375,0.11627906976744186,43,0.07692307692307693,26,0.0,2.0,2.0,2.6666666666666665,0.0,1.5454545454545454,0.2727272727272727,0.36363636363636365,11,1.75,0.25,0.08333333333333333,12,-10.0775,0.0,0.0,0.0,18,21,0.0,1,1.0,-3,-3.0,18.0,21.0
2005,POST,JAX,-0.2602717002545021,0.3125,32,0.19794581264342961,0.3673469387755102,49,-0.14246059098280967,-0.08532997463024347,0.11290322580645161,0.13793103448275862,0.13333333333333333,45,0.12903225806451613,31,2.0,0.0,-2.0,4.214285714285714,0.0,-0.36363636363636365,0.09090909090909091,0.2727272727272727,11,1.9090909090909092,0.2727272727272727,0.09090909090909091,11,-9.846111111111112,0.0,0.0,0.0,3,28,0.0,1,1.0,-25,-25.0,3.0,28.0
2005,POST,NE,0.022853789588598815,0.39603960396039606,101,-0.17814759061738408,0.3466666666666667,75,0.06955530996095728,-0.10311126910668814,0.14035087719298245,0.11764705882352941,0.05970149253731343,67,0.1095890410958904,73,4.0,4.0,0.0,3.7346938775510203,0.0,1.4782608695652173,0.2608695652173913,0.043478260869565216,23,0.92,0.24,0.2,25,2.682083333333334,36.95833333333333,21.791666666666668,1.0,41,30,1.0,2,1.0,11,5.5,20.5,15.0
2005,POST,NYG,-0.5258984514041983,0.23076923076923078,26,0.11820874526920037,0.5217391304347826,46,-0.3287169392569922,0.11553427142401536,0.08571428571428572,0.16176470588235295,0.18181818181818182,22,0.15384615384615385,26,4.0,1.0,-3.0,4.955555555555556,1.0,0.0,0.0,0.0,9,2.3,0.5,0.0,10,-9.563055555555556,0.0,0.0,0.0,0,23,0.0,1,1.0,-23,-23.0,0.0,23.0
2005,POST,PIT,0.30943414591525076,0.45604395604395603,182,-0.05503264538014353,0.39195979899497485,199,0.15880016846806808,-0.019770595982425452,0.14042553191489363,0.1349206349206349,0.058823529411764705,102,0.0872093023255814,172,4.0,7.0,3.0,4.7,0.0,2.3777777777777778,0.37777777777777777,0.15555555555555556,45,1.4186046511627908,0.2558139534883721,0.16279069767441862,43,6.506111111111111,65.01388888888889,49.86805555555556,2.0,107,62,4.0,4,0.0,45,11.25,26.75,15.5
2005,POST,SEA,0.09827019453139815,0.46551724137931033,174,-0.16806115378420602,0.28346456692913385,127,0.07815451841365281,-0.13654744161305846,0.1320754716981132,0.11904761904761904,0.04672897196261682,107,0.05,100,3.0,8.0,5.0,3.942857142857143,0.0,1.5405405405405406,0.32432432432432434,0.1891891891891892,37,0.9743589743589743,0.15384615384615385,0.3333333333333333,39,4.874722222222222,54.18518518518518,41.73148148148148,1.0,64,45,2.0,3,1.0,19,6.333333333333333,21.333333333333332,15.0
2005,POST,TB,-0.3890161585949975,0.4090909090909091,66,-0.28303946982654327,0.3181818181818182,44,-0.4128549387771636,-0.25731231697136536,0.045454545454545456,0.043478260869565216,0.07317073170731707,41,0.1111111111111111,18,3.0,1.0,-2.0,3.064516129032258,0.0,0.25,0.16666666666666666,0.25,12,0.8333333333333334,0.16666666666666666,0.25,12,-8.934166666666666,0.0,0.0,0.0,10,17,0.0,1,1.0,-7,-7.0,10.0,17.0
2005,POST,WAS,-0.18728081158248758,0.297029702970297,101,-0.18803524335979488,0.4065040650406504,123,-0.1861267335255564,-0.25965325254946947,0.07207207207207207,0.07317073170731707,0.06896551724137931,58,0.04477611940298507,67,3.0,5.0,2.0,3.3448275862068964,0.0,0.8,0.16,0.32,25,1.0,0.2608695652173913,0.34782608695652173,23,2.326944444444444,49.43055555555556,37.611111111111114,1.0,27,30,1.0,2,1.0,-3,-1.5,13.5,15.0
2005,REG,ARI,-0.06379519440910157,0.4126637554585153,916,-0.036525259813578105,0.4247787610619469,791,-0.05693830976540642,0.000414476128599942,0.12851782363977485,0.1306695464362851,0.06329113924050633,711,0.07034220532319392,526,36.0,26.0,-10.0,3.9683698296836982,4.0,1.324742268041237,0.33505154639175255,0.17525773195876287,194,1.5909090909090908,0.30303030303030304,0.1717171717171717,198,-3.6645833333333333,23.43576388888889,10.913194444444445,1.0,311,387,5.0,16,11.0,-76,-4.75,19.4375,24.1875
2005,REG,ATL,0.011079321984459363,0.4090909090909091,836,-0.009074347524762282,0.45703611457036114,803,0.013960469490926638,0.02702959188700957,0.14456630109670987,0.14054600606673406,0.08163265306122448,490,0.0659536541889483,561,25.0,32.0,7.0,4.710045662100456,8.0,1.631578947368421,0.3157894736842105,0.19473684210526315,190,1.6,0.32105263157894737,0.18421052631578946,190,0.7910763888888891,43.673611111111114,26.62326388888889,5.0,351,341,8.0,16,8.0,10,0.625,21.9375,21.3125
2005,REG,BAL,-0.13237343879264282,0.3626634958382878,841,-0.09575225790460934,0.3907203907203907,819,-0.17626219250358693,-0.03300503682101853,0.1111111111111111,0.11396303901437371,0.07178631051752922,599,0.07473309608540925,562,37.0,25.0,-12.0,3.7069767441860466,4.0,1.1204188481675392,0.27225130890052357,0.16230366492146597,191,1.305263157894737,0.2894736842105263,0.20526315789473684,190,-1.1079166666666664,30.84027777777778,16.848958333333332,4.0,265,299,6.0,16,10.0,-34,-2.125,16.5625,18.6875
2005,REG,BUF,-0.07437055276264529,0.38780804150453957,771,0.05104834414440223,0.4662004662004662,858,-0.02989093626938214,0.015588386690557348,0.10675381263616558,0.13555992141453832,0.08450704225352113,497,0.07063197026022305,538,26.0,30.0,4.0,4.50920245398773,6.0,1.3502824858757063,0.2994350282485876,0.15254237288135594,177,1.8926553672316384,0.3389830508474576,0.11864406779661017,177,-0.16135416666666663,42.427083333333336,24.18923611111111,3.0,271,367,5.0,16,11.0,-96,-6.0,16.9375,22.9375
2005,REG,CAR,0.004532612769877563,0.4053708439897698,782,-0.12040114086176158,0.3650990099009901,808,-0.028317176609908595,-0.1591891081275864,0.11534391534391535,0.10655737704918032,0.05672268907563025,476,0.07705779334500876,571,27.0,40.0,13.0,3.5902439024390245,3.0,1.837696335078534,0.35602094240837695,0.2094240837696335,191,1.1550802139037433,0.25133689839572193,0.17647058823529413,187,3.439965277777778,47.85243055555556,29.54340277777778,6.0,391,259,11.0,16,5.0,132,8.25,24.4375,16.1875
2005,REG,CHI,-0.15651109564206456,0.3587385019710907,761,-0.16306031287593442,0.3579676674364896,866,-0.12197982714395639,-0.14519021110143185,0.10486486486486486,0.10059171597633136,0.06904231625835189,449,0.06791171477079797,589,26.0,35.0,9.0,3.686936936936937,3.0,1.0923076923076922,0.22564102564102564,0.22564102564102564,195,0.7586206896551724,0.19704433497536947,0.21182266009852216,203,1.8745138888888888,49.17361111111111,26.560763888888893,5.0,260,202,11.0,16,5.0,58,3.625,16.25,12.625
2005,REG,CIN,0.14184524123357664,0.4908200734394125,817,-0.008514252052981654,0.4745308310991957,746,0.15389410502486978,-0.025099814982928615,0.14171656686626746,0.15078534031413612,0.039285714285714285,560,0.053406998158379376,543,20.0,44.0,24.0,4.347319347319347,5.0,2.2681564245810057,0.41899441340782123,0.1340782122905028,179,1.8268156424581006,0.3463687150837989,0.08379888268156424,179,2.9306770833333333,46.05381944444444,30.850694444444443,6.0,421,350,11.0,16,5.0,71,4.4375,26.3125,21.875
2005,REG,CLE,-0.11905833226504402,0.3970223325062035,806,0.011473908247341695,0.43309859154929575,852,-0.07778006083096291,0.02848697904736416,0.1101511879049676,0.121,0.08502772643253234,541,0.0508130081300813,492,31.0,22.0,-9.0,4.219047619047619,7.0,1.1629213483146068,0.25842696629213485,0.20786516853932585,178,1.5642458100558658,0.3240223463687151,0.13966480446927373,179,-2.3060069444444444,33.973958333333336,14.442708333333334,2.0,232,301,6.0,16,10.0,-69,-4.3125,14.5,18.8125
2005,REG,DAL,-0.012131388367225873,0.4006479481641469,926,-0.039592821608275,0.4098939929328622,849,-0.03965626040535457,0.014479402022282165,0.12181303116147309,0.11914893617021277,0.09174311926605505,545,0.0696798493408663,531,32.0,25.0,-7.0,4.181159420289855,4.0,1.4639175257731958,0.28865979381443296,0.16494845360824742,194,1.4,0.2736842105263158,0.24210526315789474,190,-0.44934027777777796,34.692708333333336,19.505208333333332,2.0,325,308,9.0,16,7.0,17,1.0625,20.3125,19.25
2005,REG,DEN,0.12378355287562583,0.4481865284974093,772,-0.11966600382440391,0.39627329192546584,805,0.15035381326813746,-0.08487227194079507,0.13030602171767028,0.11698880976602238,0.04918032786885246,488,0.0453125,640,17.0,35.0,18.0,3.9825072886297375,2.0,1.967741935483871,0.3602150537634409,0.1774193548387097,186,1.3011363636363635,0.25,0.125,176,6.086944444444444,58.479166666666664,43.791666666666664,9.0,395,258,13.0,16,3.0,137,8.5625,24.6875,16.125
2005,REG,DET,-0.1352158418682933,0.37037037037037035,783,-0.024277203216469645,0.4230769230769231,806,-0.1350809636122941,-0.006635322457516894,0.08535300316122234,0.13768844221105528,0.05454545454545454,550,0.059961315280464215,517,29.0,32.0,3.0,4.175869120654396,7.0,1.1396648044692737,0.24581005586592178,0.2122905027932961,179,1.559782608695652,0.31521739130434784,0.15760869565217392,184,-3.5815451388888886,28.072916666666668,13.512152777777777,3.0,254,345,5.0,16,11.0,-91,-5.6875,15.875,21.5625
2005,REG,GB,-0.06909779138927377,0.4246119733924612,902,-0.05632681984646363,0.4052044609665427,807,-0.09796154693213509,-0.03800460686696069,0.10632183908045977,0.11752360965372508,0.04141104294478527,652,0.07758620689655173,464,45.0,21.0,-24.0,4.01192842942346,5.0,1.2804232804232805,0.2698412698412698,0.1746031746031746,189,1.5104166666666667,0.3177083333333333,0.20833333333333334,192,-1.5035243055555556,25.618055555555557,14.737847222222223,1.0,298,344,4.0,16,12.0,-46,-2.875,18.625,21.5
2005,REG,HOU,-0.0722096344840078,0.4024691358024691,810,0.1273597191260887,0.47073170731707314,820,-0.027752760184097777,0.13738683042184663,0.10242872228088701,0.15539858728557013,0.13229571984435798,514,0.07341269841269842,504,24.0,15.0,-9.0,4.551383399209486,10.0,1.2196531791907514,0.28901734104046245,0.2138728323699422,173,2.293103448275862,0.41954022988505746,0.12643678160919541,174,-3.6218749999999997,23.359375,9.92013888888889,0.0,260,431,2.0,16,14.0,-171,-10.6875,16.25,26.9375
2005,REG,IND,0.20995693573962076,0.5184713375796178,785,-0.0360834266427869,0.431266846361186,742,0.18596491392018824,-0.025357250894803816,0.13360739979445016,0.12421052631578948,0.03731343283582089,536,0.08152173913043478,552,18.0,32.0,14.0,4.371571072319202,2.0,2.496969696969697,0.43636363636363634,0.11515151515151516,165,1.2634730538922156,0.2694610778443114,0.1317365269461078,167,6.1106597222222225,66.14583333333333,46.49131944444444,12.0,439,247,14.0,16,2.0,192,12.0,27.4375,15.4375
2005,REG,JAX,0.00901875807518004,0.40919282511210764,892,-0.08705236805490538,0.3870967741935484,837,-0.02267736244687141,-0.02563916625580775,0.13013013013013014,0.10796645702306079,0.06551059730250482,519,0.08712121212121213,528,18.0,28.0,10.0,3.9377880184331797,3.0,1.6269430051813472,0.32124352331606215,0.13471502590673576,193,1.2324324324324325,0.24864864864864866,0.21621621621621623,185,1.6330034722222222,41.6875,24.413194444444443,3.0,361,269,12.0,16,4.0,92,5.75,22.5625,16.8125
2005,REG,KC,0.10181334093196581,0.4542124542124542,819,-0.001542359767376061,0.42312579415501905,787,0.11708534852842337,0.06980529038309409,0.15465898174831894,0.1331945889698231,0.0595903165735568,537,0.04778156996587031,586,25.0,29.0,4.0,4.080519480519481,1.0,2.0491803278688523,0.3825136612021858,0.12568306010928962,183,1.6836158192090396,0.3163841807909605,0.1864406779661017,177,3.3955729166666666,54.203125,33.35069444444444,7.0,403,325,10.0,16,6.0,78,4.875,25.1875,20.3125
2005,REG,LA,-0.06946399934751236,0.42414174972314506,903,0.059399473274019204,0.45071982281284606,903,-0.06321186514589236,0.0950402570385231,0.14931237721021612,0.1506572295247725,0.07131782945736434,645,0.07509157509157509,546,36.0,26.0,-10.0,4.745098039215686,8.0,1.6358974358974359,0.3230769230769231,0.14871794871794872,195,2.0259067357512954,0.38341968911917096,0.14507772020725387,193,-2.86625,33.11284722222222,11.309027777777779,1.0,363,429,6.0,16,10.0,-66,-4.125,22.6875,26.8125
2005,REG,LAC,0.09226042607339213,0.452914798206278,892,-0.015925043473764815,0.40799031476997577,826,0.0732342936286235,0.013235934326105406,0.13681102362204725,0.1122345803842265,0.054249547920433995,553,0.07540983606557378,610,26.0,21.0,-5.0,3.4974093264248705,1.0,2.191011235955056,0.39325842696629215,0.21910112359550563,178,1.5106382978723405,0.2872340425531915,0.17553191489361702,188,3.6127777777777776,49.09201388888889,34.322916666666664,4.0,418,312,9.0,16,7.0,106,6.625,26.125,19.5
2005,REG,LV,-0.046653842008677206,0.3870967741935484,837,0.06690354361032641,0.4360400444938821,899,-0.019491879672967317,0.06987435030026884,0.1231079717457114,0.1220472440944882,0.06771653543307087,635,0.06923076923076923,520,22.0,20.0,-2.0,4.035502958579881,3.0,1.3879781420765027,0.28415300546448086,0.16939890710382513,183,1.9021739130434783,0.3858695652173913,0.22826086956521738,184,-3.145277777777778,27.91840277777778,10.026041666666668,2.0,290,383,4.0,16,12.0,-93,-5.8125,18.125,23.9375
2005,REG,MIA,-0.03760033561491548,0.4074492099322799,886,-0.016617316614953172,0.3837837837837838,925,-0.005874660282654052,-0.03702116724681174,0.11857707509881422,0.1125703564727955,0.04513888888888889,576,0.08249158249158249,594,32.0,28.0,-4.0,3.6673596673596673,2.0,1.4702970297029703,0.2871287128712871,0.19306930693069307,202,1.5153061224489797,0.29591836734693877,0.1836734693877551,196,-2.1617361111111113,34.64236111111111,17.62847222222222,4.0,318,317,9.0,16,7.0,1,0.0625,19.875,19.8125
2005,REG,MIN,-0.05598952371592649,0.4034090909090909,704,-0.06525812704235157,0.40335051546391754,776,-0.036901778690173616,-0.08999617614244958,0.12996777658431793,0.11154985192497532,0.0962566844919786,561,0.0584070796460177,565,30.0,34.0,4.0,3.9719827586206895,2.0,1.4157894736842105,0.2789473684210526,0.1736842105263158,190,1.6666666666666667,0.3439153439153439,0.15873015873015872,189,-1.1199479166666668,40.265625,28.01909722222222,5.0,306,344,9.0,16,7.0,-38,-2.375,19.125,21.5
2005,REG,NE,0.07208407673845746,0.4374240583232078,823,0.03398223040087213,0.40954773869346733,796,0.07472820458796343,0.07510111643105252,0.153921568627451,0.12804878048780488,0.04745762711864407,590,0.05734767025089606,558,24.0,18.0,-6.0,3.6155606407322654,6.0,1.9130434782608696,0.34782608695652173,0.17391304347826086,184,1.7032967032967032,0.32967032967032966,0.1978021978021978,182,0.9352256944444445,38.375,26.49826388888889,6.0,379,338,10.0,16,6.0,41,2.5625,23.6875,21.125
2005,REG,NO,-0.10065731063616618,0.3962040332147094,843,0.06078116608858766,0.4215189873417722,790,-0.08577188487053435,0.055114370758587244,0.1341948310139165,0.1288936627282492,0.06960950764006792,589,0.05855855855855856,444,41.0,19.0,-22.0,4.274900398406374,3.0,1.0054945054945055,0.26373626373626374,0.16483516483516483,182,1.9166666666666667,0.37222222222222223,0.2111111111111111,180,-4.8922743055555555,22.82465277777778,8.522569444444445,1.0,235,398,3.0,16,13.0,-163,-10.1875,14.6875,24.875
2005,REG,NYG,0.04426478228714486,0.43105320304017375,921,-0.0334275028715431,0.37725225225225223,888,0.05494029452332972,-0.07852852338595331,0.13928914505283382,0.136669874879692,0.04607508532423208,586,0.06655844155844155,616,24.0,38.0,14.0,3.869158878504673,6.0,1.845771144278607,0.3781094527363184,0.14925373134328357,201,1.33,0.265,0.175,200,3.26796875,52.510416666666664,32.37152777777778,8.0,422,314,11.0,16,5.0,108,6.75,26.375,19.625
2005,REG,NYJ,-0.17458406709590854,0.3869281045751634,765,0.000738111846490742,0.43503480278422274,862,-0.11177729526052338,-0.006889038777877565,0.09944751381215469,0.10654936461388075,0.10305343511450382,524,0.06313645621181263,491,32.0,30.0,-2.0,3.9602169981916817,6.0,1.1845238095238095,0.25595238095238093,0.21428571428571427,168,1.7445652173913044,0.358695652173913,0.15760869565217392,184,-4.6476041666666665,22.171875,10.869791666666666,2.0,240,355,4.0,16,12.0,-115,-7.1875,15.0,22.1875
2005,REG,PHI,-0.11884555396075515,0.3923900118906064,841,-0.032175053370285596,0.3819691577698695,843,-0.09168880916275748,-0.043097445417825744,0.12549407114624506,0.12585365853658537,0.06525037936267071,659,0.054613935969868174,531,33.0,28.0,-5.0,3.7213438735177866,7.0,1.1376146788990826,0.24770642201834864,0.21100917431192662,218,1.5215311004784688,0.291866028708134,0.23923444976076555,209,-3.694131944444444,26.635416666666668,14.265625,1.0,310,388,6.0,16,10.0,-78,-4.875,19.375,24.25
2005,REG,PIT,0.058162162651105256,0.43297587131367293,746,-0.07232426493770573,0.3919902912621359,824,0.11763093981385739,-0.09210225063868427,0.13085106382978723,0.10887096774193548,0.07804878048780488,410,0.07899159663865546,595,22.0,31.0,9.0,3.392059553349876,1.0,1.9234972677595628,0.36065573770491804,0.15300546448087432,183,1.2375690607734806,0.27071823204419887,0.18232044198895028,181,5.116701388888889,56.583333333333336,33.4375,5.0,389,258,11.0,16,5.0,131,8.1875,24.3125,16.125
2005,REG,SEA,0.15889306470330622,0.4877149877149877,814,-0.03985702029127688,0.4,870,0.17756556340762367,-0.04013645521158189,0.15384615384615385,0.1132623426911907,0.05189620758483034,501,0.07941653160453808,617,17.0,27.0,10.0,3.5866983372921615,1.0,2.3351351351351353,0.3891891891891892,0.1783783783783784,185,1.2941176470588236,0.3048128342245989,0.13903743315508021,187,6.6580208333333335,60.36805555555556,40.79861111111111,5.0,452,271,13.0,16,3.0,181,11.3125,28.25,16.9375
2005,REG,SF,-0.20302143978427908,0.332398316970547,713,0.0530238944189725,0.45381984036488027,877,-0.13428735000671005,0.08006170645956627,0.09101516919486581,0.14689265536723164,0.1103448275862069,435,0.046357615894039736,604,36.0,24.0,-12.0,3.7581967213114753,5.0,0.9336734693877551,0.2193877551020408,0.29081632653061223,196,1.845771144278607,0.373134328358209,0.14427860696517414,201,-5.632378472222222,24.40625,11.600694444444445,1.0,239,428,4.0,16,12.0,-189,-11.8125,14.9375,26.75
2005,REG,TB,-0.04374552144943404,0.4069898534385569,887,-0.12143951419685253,0.3713942307692308,832,-0.05646496164548956,-0.13017026652960795,0.10673575129533679,0.11677282377919321,0.07648183556405354,523,0.0688976377952756,508,24.0,29.0,5.0,3.4350797266514808,2.0,1.3789473684210527,0.2736842105263158,0.16842105263157894,190,1.25,0.27717391304347827,0.22282608695652173,184,0.6493055555555556,46.734375,23.35590277777778,6.0,300,274,11.0,16,5.0,26,1.625,18.75,17.125
2005,REG,TEN,-0.10712875878013688,0.39950372208436724,806,0.049151426921047806,0.4470899470899471,756,-0.03288362778593825,0.11121292614307676,0.10813492063492064,0.13544973544973546,0.04854368932038835,618,0.0803921568627451,510,27.0,19.0,-8.0,4.21826280623608,8.0,1.1554404145077721,0.26424870466321243,0.15025906735751296,193,1.7487179487179487,0.3384615384615385,0.2564102564102564,195,-3.9373090277777782,25.789930555555557,13.684027777777779,2.0,299,421,4.0,16,12.0,-122,-7.625,18.6875,26.3125
2005,REG,WAS,0.010889740899338796,0.40969162995594716,908,-0.04966368601134048,0.378698224852071,845,0.010125167134087346,-0.03587214373787211,0.13431372549019607,0.11145510835913312,0.060665362035225046,511,0.06172839506172839,567,28.0,27.0,-1.0,4.097087378640777,3.0,1.640625,0.296875,0.17708333333333334,192,1.336734693877551,0.2653061224489796,0.19387755102040816,196,1.9906423611111113,48.255208333333336,23.078125,3.0,359,293,10.0,16,6.0,66,4.125,22.4375,18.3125
2006,POST,BAL,-0.2905166406044318,0.32,50,-0.11387842431969641,0.36065573770491804,61,-0.10910615698697093,-0.06567992414189079,0.11764705882352941,0.0625,0.1875,32,0.125,32,4.0,2.0,-2.0,2.857142857142857,0.0,0.5,0.16666666666666666,0.25,12,1.25,0.4166666666666667,0.25,12,-5.230833333333333,0.0,0.0,0.0,6,15,0.0,1,1.0,-9,-9.0,6.0,15.0
2006,POST,CHI,-0.17988455455140653,0.378698224852071,169,0.016591409648550992,0.45698924731182794,186,-0.10797711674675829,0.0055430416564344834,0.11398963730569948,0.13270142180094788,0.11458333333333333,96,0.125,128,7.0,8.0,1.0,4.4,2.0,1.5952380952380953,0.3333333333333333,0.2619047619047619,42,1.4047619047619047,0.2619047619047619,0.11904761904761904,42,3.0398148148148145,56.555555555555564,22.81481481481481,1.0,83,67,2.0,3,1.0,16,5.333333333333333,27.666666666666668,22.333333333333332
2006,POST,DAL,-0.0957931586027545,0.3157894736842105,57,-0.09936283062399973,0.3880597014925373,67,-0.014951337992291277,-0.06370247698006486,0.12280701754385964,0.1044776119402985,0.12903225806451613,31,0.08108108108108109,37,1.0,2.0,1.0,2.875,0.0,0.9166666666666666,0.25,0.25,12,1.5384615384615385,0.3076923076923077,0.15384615384615385,13,1.1183333333333334,42.77777777777778,9.055555555555555,0.0,20,21,0.0,1,1.0,-1,-1.0,20.0,21.0
2006,POST,IND,0.019038749985379636,0.4946236559139785,279,-0.21340449761557057,0.3559322033898305,177,-0.02510664843726583,-0.17054273486180507,0.10963455149501661,0.09900990099009901,0.11875,160,0.16129032258064516,124,9.0,13.0,4.0,4.1375,1.0,1.7843137254901962,0.43137254901960786,0.13725490196078433,51,0.8958333333333334,0.20833333333333334,0.3125,48,1.9021527777777778,60.31944444444444,37.0625,2.0,105,65,4.0,4,0.0,40,10.0,26.25,16.25
2006,POST,KC,-0.31700061010320685,0.27586206896551724,29,0.04392086240498375,0.6,70,0.05743421008810401,-0.013819070678437129,0.022222222222222223,0.14285714285714285,0.25,28,0.05128205128205128,39,3.0,3.0,0.0,4.7,1.0,0.6363636363636364,0.09090909090909091,0.5454545454545454,11,1.9166666666666667,0.4166666666666667,0.08333333333333333,12,-7.978055555555556,0.0,0.0,0.0,8,23,0.0,1,1.0,-15,-15.0,8.0,23.0
2006,POST,LAC,-0.022347390707705705,0.42424242424242425,66,-0.06981952076578682,0.3918918918918919,74,0.09925266292819288,-0.038901374182647226,0.16666666666666666,0.0945945945945946,0.09090909090909091,33,0.12962962962962962,54,2.0,4.0,2.0,2.409090909090909,0.0,1.5,0.21428571428571427,0.2857142857142857,14,1.4375,0.3125,0.3125,16,1.7647222222222223,54.666666666666664,15.194444444444443,0.0,21,24,0.0,1,1.0,-3,-3.0,21.0,24.0
2006,POST,NE,0.05560547245970514,0.435,200,0.03271722839753689,0.4639175257731959,194,-0.038485111987884374,0.013108938148694247,0.10784313725490197,0.12682926829268293,0.144,125,0.171875,128,6.0,5.0,-1.0,4.341772151898734,1.0,2.1052631578947367,0.42105263157894735,0.18421052631578946,38,1.5789473684210527,0.3684210526315789,0.18421052631578946,38,3.6492592592592588,52.055555555555564,23.13888888888889,0.0,95,75,2.0,3,1.0,20,6.666666666666667,31.666666666666668,25.0
2006,POST,NO,0.07069309239155665,0.47107438016528924,121,0.06392149618857264,0.3904761904761905,105,0.10666154462948423,0.10599094669959402,0.14925373134328357,0.15702479338842976,0.13636363636363635,88,0.22413793103448276,58,5.0,0.0,-5.0,4.833333333333333,2.0,1.56,0.28,0.04,25,2.3461538461538463,0.4230769230769231,0.3076923076923077,26,-3.17125,26.15277777777778,7.458333333333334,0.0,41,63,1.0,2,1.0,-22,-11.0,20.5,31.5
2006,POST,NYG,0.03423923083827812,0.4067796610169492,59,0.008450684777890356,0.421875,64,0.18707633410072463,0.11348134450450101,0.11864406779661017,0.125,0.1,30,0.1388888888888889,36,1.0,0.0,-1.0,5.967741935483871,1.0,1.8181818181818181,0.36363636363636365,0.36363636363636365,11,1.9166666666666667,0.4166666666666667,0.25,12,-1.9616666666666667,21.055555555555554,0.0,0.0,20,23,0.0,1,1.0,-3,-3.0,20.0,23.0
2006,POST,NYJ,0.041936219683049815,0.40816326530612246,49,0.12671677393280326,0.5147058823529411,68,-0.08942320586938876,-0.03673883439327221,0.11666666666666667,0.09722222222222222,0.17777777777777778,45,0.16666666666666666,36,2.0,1.0,-1.0,4.157894736842105,0.0,0.8181818181818182,0.36363636363636365,0.09090909090909091,11,3.0,0.6,0.0,10,-5.788888888888889,6.555555555555556,0.0,0.0,16,37,0.0,1,1.0,-21,-21.0,16.0,37.0
2006,POST,PHI,0.098741009966717,0.4,115,0.076036842731656,0.43410852713178294,129,0.09438969682590785,0.14845120847923682,0.14782608695652175,0.15503875968992248,0.22058823529411764,68,0.1076923076923077,65,0.0,2.0,2.0,5.279411764705882,2.0,2.1363636363636362,0.4090909090909091,0.22727272727272727,22,2.1363636363636362,0.4090909090909091,0.22727272727272727,22,0.35111111111111115,44.80555555555556,22.194444444444443,0.0,47,47,1.0,2,1.0,0,0.0,23.5,23.5
2006,POST,SEA,-0.05829528551385623,0.40601503759398494,133,-0.07601014987149493,0.3333333333333333,132,-0.03611359454075729,-0.018282660326197703,0.13533834586466165,0.10606060606060606,0.1232876712328767,73,0.1388888888888889,72,3.0,3.0,0.0,3.933333333333333,1.0,1.6296296296296295,0.2962962962962963,0.2222222222222222,27,1.52,0.32,0.16,25,-1.9795833333333333,26.416666666666664,1.0,0.0,45,47,1.0,2,1.0,-2,-1.0,22.5,23.5
2006,REG,ARI,-0.03885992760472819,0.41964285714285715,784,-0.024004845210467463,0.4416058394160584,822,-0.03538653732181433,-0.02851350406855295,0.11495422177009156,0.150398406374502,0.12048192771084337,581,0.1254416961130742,566,27.0,36.0,9.0,4.124183006535947,5.0,1.4519774011299436,0.3220338983050847,0.1694915254237288,177,1.867403314917127,0.3812154696132597,0.13259668508287292,181,-1.3472048611111112,41.026041666666664,29.56423611111111,2.0,314,389,5.0,16,11.0,-75,-4.6875,19.625,24.3125
2006,REG,ATL,-0.015156356014061392,0.4103448275862069,870,-0.020463233068887456,0.4223529411764706,850,0.012698678547624652,-0.010308754989974685,0.14688128772635814,0.13793103448275862,0.14230019493177387,513,0.11449016100178891,559,21.0,24.0,3.0,3.7516930022573365,4.0,1.4021739130434783,0.28804347826086957,0.1793478260869565,184,1.6368715083798884,0.31843575418994413,0.16759776536312848,179,-1.6181076388888889,32.119791666666664,17.02777777777778,1.0,292,328,7.0,16,9.0,-36,-2.25,18.25,20.5
2006,REG,BAL,-0.005940861760900456,0.40048543689320387,824,-0.23131725985343332,0.3648124191461837,773,-0.04185064385163922,-0.1512968974470937,0.10499490316004077,0.10883620689655173,0.12093862815884476,554,0.18524871355060035,583,22.0,41.0,19.0,3.296195652173913,2.0,1.59375,0.3125,0.16145833333333334,192,0.7794871794871795,0.19487179487179487,0.24102564102564103,195,4.330052083333333,54.864583333333336,40.494791666666664,8.0,353,201,13.0,16,3.0,152,9.5,22.0625,12.5625
2006,REG,BUF,-0.1063277489062004,0.40657894736842104,760,-0.040819102128542,0.43443557582668185,877,-0.056773775223571896,-0.022522990342051737,0.10850111856823266,0.12648221343873517,0.16463414634146342,492,0.12456140350877193,570,28.0,22.0,-6.0,4.707724425887265,6.0,1.3010752688172043,0.27419354838709675,0.22043010752688172,186,1.3636363636363635,0.2887700534759358,0.20320855614973263,187,-0.35168402777777785,42.76909722222222,23.477430555555557,4.0,300,311,7.0,16,9.0,-11,-0.6875,18.75,19.4375
2006,REG,CAR,-0.057898027689823175,0.40279394644935973,859,-0.07255131815705414,0.38202247191011235,890,0.043752655655589265,-0.062989464874867,0.12665985699693566,0.12846865364850976,0.10051993067590988,577,0.13604240282685512,566,26.0,22.0,-4.0,3.868596881959911,6.0,1.2538071065989849,0.25380710659898476,0.2436548223350254,197,1.435897435897436,0.28717948717948716,0.2512820512820513,195,1.0284027777777778,50.68402777777778,20.5625,1.0,270,305,8.0,16,8.0,-35,-2.1875,16.875,19.0625
2006,REG,CHI,-0.06784677876871759,0.4056603773584906,742,-0.20107445713688188,0.3801418439716312,705,-0.02183737766520249,-0.15967704059776414,0.13431372549019607,0.12202380952380952,0.11895910780669144,538,0.13548387096774195,620,34.0,46.0,12.0,3.957816377171216,4.0,1.6616915422885572,0.3482587064676617,0.1791044776119403,201,0.8516746411483254,0.20574162679425836,0.20574162679425836,209,5.2690625,51.51909722222222,36.763888888888886,7.0,427,255,13.0,16,3.0,172,10.75,26.6875,15.9375
2006,REG,CIN,0.06728227012148098,0.4666666666666667,825,0.030422098316818996,0.4568764568764569,858,0.12597591994849666,0.016121579362639124,0.1330603889457523,0.136986301369863,0.1512455516014235,562,0.13136288998357964,609,28.0,27.0,-1.0,4.158482142857143,4.0,1.925531914893617,0.35638297872340424,0.17553191489361702,188,1.7204301075268817,0.3064516129032258,0.1827956989247312,186,2.494288194444444,46.74652777777778,29.23263888888889,5.0,373,331,8.0,16,8.0,42,2.625,23.3125,20.6875
2006,REG,CLE,-0.20170075021977052,0.37575757575757573,825,0.01701099057480687,0.41946308724832215,894,-0.17150502495083386,-0.013388870328357602,0.10691144708423327,0.1350293542074364,0.1733102253032929,577,0.14444444444444443,540,41.0,28.0,-13.0,4.457925636007828,8.0,0.9680851063829787,0.22872340425531915,0.20212765957446807,188,1.5647668393782384,0.31088082901554404,0.18652849740932642,193,-4.01546875,23.607638888888886,13.802083333333332,1.0,238,356,4.0,16,12.0,-118,-7.375,14.875,22.25
2006,REG,DAL,0.062304583305686084,0.45195729537366547,843,-0.0016371256762057326,0.42597087378640774,824,0.010148066104031631,0.02983948548036403,0.14243027888446216,0.1186264308012487,0.1172291296625222,563,0.10314685314685315,572,28.0,31.0,3.0,3.8627906976744186,3.0,2.1079545454545454,0.3806818181818182,0.07954545454545454,176,1.5846994535519126,0.3224043715846995,0.16393442622950818,183,0.8238368055555555,37.354166666666664,22.375,2.0,425,350,9.0,16,7.0,75,4.6875,26.5625,21.875
2006,REG,DEN,-0.042279641128213065,0.4066437571592211,873,-0.07913006939325352,0.4166666666666667,924,-0.013199121448204421,-0.02036442962765355,0.12539184952978055,0.11473788328387735,0.12877263581488935,497,0.11243611584327087,587,30.0,30.0,0.0,4.08314606741573,7.0,1.4791666666666667,0.3072916666666667,0.1875,192,1.4673913043478262,0.32608695652173914,0.16847826086956522,184,1.3136631944444446,41.923611111111114,27.78298611111111,5.0,319,305,9.0,16,7.0,14,0.875,19.9375,19.0625
2006,REG,DET,-0.1325500494155694,0.4174418604651163,860,0.060471027805257864,0.4535637149028078,926,-0.12040515038751698,0.04539410542158568,0.1424083769633508,0.11968348170128586,0.13561847988077497,671,0.10611510791366907,556,41.0,28.0,-13.0,4.0669371196754565,4.0,1.454054054054054,0.31891891891891894,0.15135135135135136,185,1.9513513513513514,0.3783783783783784,0.12432432432432433,185,-3.213697916666667,29.760416666666668,10.34201388888889,2.0,305,398,3.0,16,13.0,-93,-5.8125,19.0625,24.875
2006,REG,GB,-0.0542606987274386,0.3992932862190813,849,-0.09967805557429732,0.39824120603015073,796,-0.09653677890113356,-0.05554615889611811,0.11484593837535013,0.12232415902140673,0.10413476263399694,653,0.1746031746031746,567,33.0,33.0,0.0,4.138321995464852,4.0,1.236180904522613,0.2663316582914573,0.20603015075376885,199,1.537313432835821,0.31840796019900497,0.1791044776119403,201,-0.9095833333333334,46.364583333333336,22.93923611111111,3.0,301,366,8.0,16,8.0,-65,-4.0625,18.8125,22.875
2006,REG,HOU,-0.10061929834741212,0.4103225806451613,775,0.025510245104984255,0.43483870967741933,775,-0.09283390809954696,-0.025722762059946277,0.09862142099681867,0.1392931392931393,0.1170018281535649,547,0.10054844606946983,547,25.0,22.0,-3.0,4.385650224215246,4.0,1.331360946745562,0.27218934911242604,0.21301775147928995,169,1.9047619047619047,0.375,0.15476190476190477,168,-3.369427083333333,32.09201388888889,14.916666666666666,3.0,267,366,6.0,16,10.0,-99,-6.1875,16.6875,22.875
2006,REG,IND,0.17395124202860118,0.5215366705471478,859,0.0563380607312004,0.47577639751552797,805,0.10671144291263587,0.0323405039671001,0.1398390342052314,0.14931650893796003,0.078397212543554,574,0.13882863340563992,461,18.0,27.0,9.0,5.333333333333333,10.0,2.519230769230769,0.47435897435897434,0.10897435897435898,156,1.9871794871794872,0.38461538461538464,0.1282051282051282,156,2.9060069444444445,51.60243055555556,28.49652777777778,5.0,427,360,12.0,16,4.0,67,4.1875,26.6875,22.5
2006,REG,JAX,0.011140743035608297,0.4254007398273736,811,-0.07204443270023665,0.4060846560846561,756,0.027523274125390646,-0.04975449952001599,0.15329218106995884,0.10684647302904564,0.15145631067961166,515,0.10726643598615918,578,21.0,25.0,4.0,3.4761904761904763,3.0,1.6808510638297873,0.35106382978723405,0.15425531914893617,188,1.2085561497326203,0.22994652406417113,0.21390374331550802,187,2.868246527777778,41.10069444444444,28.522569444444443,4.0,371,274,8.0,16,8.0,97,6.0625,23.1875,17.125
2006,REG,KC,0.02179417260705001,0.4045077105575326,843,-0.01006386003955528,0.43990384615384615,832,0.013148311880287165,0.00461543946296413,0.13636363636363635,0.13747454175152748,0.12974051896207583,501,0.11233885819521179,543,24.0,31.0,7.0,4.175324675324675,2.0,1.664835164835165,0.3241758241758242,0.18681318681318682,182,1.5824175824175823,0.31868131868131866,0.15934065934065933,182,0.23928819444444438,43.579861111111114,29.477430555555557,4.0,331,315,9.0,16,7.0,16,1.0,20.6875,19.6875
2006,REG,LA,-0.0012875348558186422,0.43770672546857775,907,-0.007317587091823808,0.43838862559241704,844,0.0026359373848038976,0.02093959492155983,0.13944603629417382,0.14120126448893572,0.09905660377358491,636,0.1393939393939394,495,19.0,31.0,12.0,4.878406708595388,10.0,1.8524590163934427,0.3770491803278688,0.16939890710382513,183,1.9147727272727273,0.3465909090909091,0.19886363636363635,176,-0.19451388888888888,37.89409722222222,19.192708333333332,3.0,367,381,8.0,16,8.0,-14,-0.875,22.9375,23.8125
2006,REG,LAC,0.13627038278169698,0.45930232558139533,860,-0.11231980296006105,0.3644278606965174,804,0.18073112641124403,-0.08849853881808202,0.14257425742574256,0.12155260469867211,0.11332007952286283,503,0.13838550247116968,607,16.0,26.0,10.0,4.15979381443299,3.0,2.4526315789473685,0.4368421052631579,0.17894736842105263,190,1.4607329842931938,0.2879581151832461,0.225130890052356,191,4.5226041666666665,57.703125,40.70659722222222,7.0,492,303,14.0,16,2.0,189,11.8125,30.75,18.9375
2006,REG,LV,-0.250105783255486,0.3604060913705584,788,-0.07635693461592598,0.39950372208436724,806,-0.24413633872195334,-0.028759286484643987,0.10699152542372882,0.12070759625390219,0.17017543859649123,570,0.11208791208791209,455,46.0,23.0,-23.0,3.955719557195572,9.0,0.6777777777777778,0.16666666666666666,0.18888888888888888,180,1.5185185185185186,0.3333333333333333,0.1746031746031746,189,-3.5615277777777776,23.135416666666668,11.48611111111111,2.0,168,332,2.0,16,14.0,-164,-10.25,10.5,20.75
2006,REG,MIA,-0.12818656454608104,0.4069898534385569,887,-0.09150070945745582,0.37844036697247707,872,-0.09884253550288336,-0.12940406283840813,0.1071779744346116,0.11468812877263582,0.1277602523659306,634,0.12857142857142856,560,27.0,25.0,-2.0,3.5032537960954446,2.0,1.1842105263157894,0.2578947368421053,0.17894736842105263,190,1.3191489361702127,0.2712765957446808,0.2127659574468085,188,-0.8051215277777778,31.21875,16.23090277777778,2.0,260,283,6.0,16,10.0,-23,-1.4375,16.25,17.6875
2006,REG,MIN,-0.13886606287953354,0.39244851258581237,874,-0.11596349109707535,0.39135654261704683,833,-0.11201445654745408,-0.11389181163847424,0.10946745562130178,0.11758584807492195,0.14545454545454545,605,0.09177215189873418,632,34.0,34.0,0.0,2.793696275071633,1.0,0.9847715736040609,0.23857868020304568,0.20304568527918782,197,1.1875,0.3020833333333333,0.21875,192,-2.4425173611111113,26.932291666666668,11.40798611111111,1.0,282,327,6.0,16,10.0,-45,-2.8125,17.625,20.4375
2006,REG,NE,0.05380221888538084,0.4424882629107981,852,-0.089444160935196,0.3820638820638821,814,0.015591695794232337,-0.05841207770143685,0.12720156555772993,0.11808510638297873,0.1280701754385965,570,0.18629173989455183,569,26.0,35.0,9.0,3.8688946015424164,4.0,1.8624338624338623,0.3439153439153439,0.1164021164021164,189,1.1593406593406594,0.23626373626373626,0.15384615384615385,182,4.552569444444445,52.869791666666664,34.385416666666664,7.0,385,237,12.0,16,4.0,148,9.25,24.0625,14.8125
2006,REG,NO,0.05763368808129682,0.45382882882882886,888,0.014535099141097971,0.4055766793409379,789,0.02159398737436069,-0.007141834352333404,0.12786259541984732,0.13785557986870897,0.10097719869706841,614,0.17415730337078653,534,25.0,17.0,-8.0,4.935406698564593,8.0,1.9473684210526316,0.3684210526315789,0.17894736842105263,190,1.4814814814814814,0.26455026455026454,0.21693121693121692,189,2.0154513888888888,48.088541666666664,31.40625,4.0,413,322,10.0,16,6.0,91,5.6875,25.8125,20.125
2006,REG,NYG,0.0009690732241533968,0.45197044334975367,812,-0.025146363009077626,0.4294330518697226,829,0.026303469725917957,-0.041003527261672994,0.1276595744680851,0.13122605363984674,0.09636363636363636,550,0.11410459587955626,631,26.0,29.0,3.0,3.991285403050109,4.0,1.7263157894736842,0.3263157894736842,0.19473684210526315,190,1.7647058823529411,0.3315508021390374,0.1711229946524064,187,0.5430902777777776,44.86284722222223,28.220486111111107,3.0,355,362,8.0,16,8.0,-7,-0.4375,22.1875,22.625
2006,REG,NYJ,-0.008203012314472697,0.42718446601941745,824,-0.046974674284601795,0.45118733509234826,758,-0.02067408922466623,0.0329411329597418,0.09929789368104312,0.1211519364448858,0.11069418386491557,533,0.10278745644599303,574,24.0,26.0,2.0,4.600441501103753,8.0,1.6420454545454546,0.3181818181818182,0.1875,176,1.5274725274725274,0.2802197802197802,0.15384615384615385,182,1.3306076388888888,46.05902777777778,29.43923611111111,6.0,316,295,10.0,16,6.0,21,1.3125,19.75,18.4375
2006,REG,PHI,0.06908750041249799,0.4278728606356968,818,-0.09177293943867966,0.4239733629300777,901,0.096219132680363,-0.04760504658151679,0.15692307692307692,0.1295585412667946,0.0978441127694859,603,0.1264957264957265,585,22.0,31.0,9.0,4.451020408163266,5.0,1.7486338797814207,0.33879781420765026,0.18032786885245902,183,1.3602150537634408,0.3010752688172043,0.1827956989247312,186,1.5850694444444446,44.251736111111114,29.911458333333336,3.0,398,328,10.0,16,6.0,70,4.375,24.875,20.5
2006,REG,PIT,-0.0038533485845298025,0.4209905660377358,848,-0.01968384145067492,0.40470297029702973,808,-0.022294558870418944,-0.05035850633601247,0.14243614931237722,0.11574556830031282,0.1183533447684391,583,0.10344827586206896,580,35.0,31.0,-4.0,3.4705882352941178,0.0,1.622340425531915,0.31382978723404253,0.19148936170212766,188,1.377659574468085,0.2765957446808511,0.21808510638297873,188,1.2951909722222223,39.458333333333336,23.77951388888889,4.0,353,315,8.0,16,8.0,38,2.375,22.0625,19.6875
2006,REG,SEA,-0.08214795754010328,0.38742857142857146,875,-0.032480816399631955,0.3918757467144564,837,-0.04884064774660461,0.007437953959914886,0.12150433944069432,0.1273100616016427,0.13636363636363635,572,0.12658227848101267,553,34.0,25.0,-9.0,4.611363636363636,7.0,1.4467005076142132,0.29949238578680204,0.16751269035532995,197,1.4948979591836735,0.29591836734693877,0.22959183673469388,196,0.6298611111111112,41.064236111111114,25.484375,4.0,335,341,9.0,16,7.0,-6,-0.375,20.9375,21.3125
2006,REG,SF,-0.10815725326468238,0.39166666666666666,720,0.021253235224295015,0.4448441247002398,834,-0.0694337356503534,0.023240316954522538,0.13067552602436322,0.12437810945273632,0.15821501014198783,493,0.11347517730496454,564,32.0,27.0,-5.0,4.093023255813954,7.0,1.3862433862433863,0.30158730158730157,0.24338624338624337,189,2.0053475935828877,0.39037433155080214,0.13368983957219252,187,-5.491614583333333,30.1875,15.82638888888889,2.0,298,412,7.0,16,9.0,-114,-7.125,18.625,25.75
2006,REG,TB,-0.17134284599982674,0.3780487804878049,820,0.005387502555951804,0.42016806722689076,833,-0.14762936426832138,0.03868795950522529,0.09345794392523364,0.12663316582914572,0.14715719063545152,598,0.13382899628252787,538,31.0,20.0,-11.0,3.875,4.0,0.8578947368421053,0.19473684210526315,0.2578947368421053,190,1.6344086021505377,0.3172043010752688,0.1935483870967742,186,-4.841284722222222,21.598958333333336,9.881944444444445,1.0,211,353,4.0,16,12.0,-142,-8.875,13.1875,22.0625
2006,REG,TEN,-0.07685835983243197,0.37389100126742714,789,0.031767635995202895,0.4284077892325315,873,-0.059973814731635156,0.06801551633939287,0.14331550802139037,0.12488083889418494,0.11262135922330097,515,0.10452961672473868,574,27.0,27.0,0.0,4.57905138339921,4.0,1.3262032085561497,0.26737967914438504,0.22459893048128343,187,1.7407407407407407,0.37566137566137564,0.14814814814814814,189,-3.233576388888889,32.395833333333336,16.256944444444446,2.0,324,400,8.0,16,8.0,-76,-4.75,20.25,25.0
2006,REG,WAS,-0.03246346117467342,0.397196261682243,856,0.11830255427185919,0.4293849658314351,878,0.012128431889593984,0.06940099252394338,0.15463917525773196,0.13524590163934427,0.12845849802371542,506,0.08571428571428572,525,19.0,10.0,-9.0,4.473577235772358,7.0,1.5307262569832403,0.3016759776536313,0.20670391061452514,179,1.9776536312849162,0.3854748603351955,0.18435754189944134,179,-2.351961805555556,26.729166666666668,9.975694444444445,1.0,307,376,5.0,16,11.0,-69,-4.3125,19.1875,23.5
2007,POST,DAL,0.11563594410788056,0.4,70,0.20049392220531698,0.4883720930232558,43,0.004188299571704295,0.3295262941563338,0.14285714285714285,0.11627906976744186,0.2,40,0.18181818181818182,22,1.0,0.0,-1.0,3.9130434782608696,0.0,1.8888888888888888,0.3333333333333333,0.0,9,2.3333333333333335,0.3333333333333333,0.2222222222222222,9,-1.7886111111111112,15.472222222222223,0.6944444444444444,0.0,17,21,0.0,1,1.0,-4,-4.0,17.0,21.0
2007,POST,GB,0.1002715719678451,0.4606741573033708,89,-0.03551188845616163,0.41228070175438597,114,0.02036100981058553,0.01767409801528708,0.14953271028037382,0.09090909090909091,0.0847457627118644,59,0.11688311688311688,77,4.0,1.0,-3.0,2.8421052631578947,0.0,2.5833333333333335,0.4166666666666667,0.16666666666666666,24,1.7916666666666667,0.375,0.16666666666666666,24,4.251111111111111,53.77777777777777,25.98611111111111,0.0,62,43,1.0,2,1.0,19,9.5,31.0,21.5
2007,POST,IND,0.062251441490421486,0.5,66,0.4198966312014788,0.56,50,0.1438982645460569,0.25156710902956547,0.15151515151515152,0.22,0.020833333333333332,48,0.041666666666666664,24,3.0,1.0,-2.0,3.3,0.0,2.4,0.4,0.0,10,2.5454545454545454,0.36363636363636365,0.2727272727272727,11,1.4616666666666667,54.666666666666664,6.888888888888889,0.0,24,28,0.0,1,1.0,-4,-4.0,24.0,28.0
2007,POST,JAX,0.10216398027601657,0.38461538461538464,104,0.12703825353252465,0.5641025641025641,117,-0.06386588164677062,0.02859508446909814,0.1743119266055046,0.0916030534351145,0.23076923076923078,65,0.1,80,4.0,4.0,0.0,3.357142857142857,1.0,2.0952380952380953,0.38095238095238093,0.09523809523809523,21,2.619047619047619,0.47619047619047616,0.09523809523809523,21,1.5904166666666668,33.86111111111111,24.15277777777778,0.0,51,60,1.0,2,1.0,-9,-4.5,25.5,30.0
2007,POST,LAC,0.12790924191324804,0.43478260869565216,161,0.0004569185246923068,0.49162011173184356,179,0.0008485706145875156,0.057474188272354,0.2023121387283237,0.11518324607329843,0.10752688172043011,93,0.06896551724137931,116,4.0,8.0,4.0,3.949367088607595,1.0,1.78125,0.34375,0.125,32,1.6451612903225807,0.2903225806451613,0.1935483870967742,31,-1.6092592592592592,22.194444444444443,8.324074074074074,0.0,57,51,2.0,3,1.0,6,2.0,19.0,17.0
2007,POST,NE,0.14003017467764511,0.5344827586206896,174,0.07320061317662714,0.3988439306358382,173,0.18769364733681349,0.04348379820786571,0.09473684210526316,0.14606741573033707,0.11864406779661017,118,0.16964285714285715,112,4.0,5.0,1.0,3.9285714285714284,0.0,2.357142857142857,0.35714285714285715,0.14285714285714285,28,1.6896551724137931,0.3793103448275862,0.10344827586206896,29,2.9446296296296297,61.648148148148145,30.76851851851852,0.0,66,49,2.0,3,1.0,17,5.666666666666667,22.0,16.333333333333332
2007,POST,NYG,0.10248621000273571,0.43829787234042555,235,-0.011086555877176862,0.3888888888888889,234,0.11721864348605703,-0.025306417848218972,0.07818930041152264,0.11244979919678715,0.12307692307692308,130,0.19642857142857142,168,1.0,7.0,6.0,3.4823529411764707,1.0,2.0238095238095237,0.35714285714285715,0.21428571428571427,42,1.5853658536585367,0.2682926829268293,0.17073170731707318,41,1.2404861111111112,37.34722222222222,13.305555555555555,0.0,85,65,4.0,4,0.0,20,5.0,21.25,16.25
2007,POST,PIT,-0.18744595969974015,0.47761194029850745,67,-0.05390402497708231,0.33962264150943394,53,-0.28136168888516044,-0.2616374746870772,0.08108108108108109,0.18867924528301888,0.12,50,0.2413793103448276,29,4.0,2.0,-2.0,4.655172413793103,0.0,1.8461538461538463,0.38461538461538464,0.15384615384615385,13,1.8461538461538463,0.3076923076923077,0.07692307692307693,13,-6.865833333333334,10.416666666666668,0.0,0.0,29,31,0.0,1,1.0,-2,-2.0,29.0,31.0
2007,POST,SEA,-0.11430236965246944,0.3764705882352941,85,-0.03393589685875741,0.4722222222222222,108,0.01139890292792448,-0.09774123559233404,0.1320754716981132,0.11347517730496454,0.07246376811594203,69,0.1794871794871795,78,3.0,4.0,1.0,4.84375,1.0,1.6,0.32,0.24,25,1.5,0.2857142857142857,0.10714285714285714,28,-0.6908333333333334,46.708333333333336,36.18055555555556,0.0,55,56,1.0,2,1.0,-1,-0.5,27.5,28.0
2007,POST,TB,-0.10043998077348311,0.425531914893617,47,0.14883513150981265,0.5,50,-0.14787862633820623,0.16190083233622563,0.0967741935483871,0.034482758620689655,0.275,40,0.07142857142857142,28,3.0,0.0,-3.0,3.3333333333333335,0.0,1.4,0.2,0.2,10,2.1818181818181817,0.36363636363636365,0.36363636363636365,11,-4.989166666666667,11.416666666666666,4.277777777777778,0.0,14,24,0.0,1,1.0,-10,-10.0,14.0,24.0
2007,POST,TEN,-0.05704404780700072,0.41379310344827586,58,0.1116399049355571,0.3333333333333333,51,-0.19674172433995762,-0.2884469879193332,0.09836065573770492,0.19047619047619047,0.15151515151515152,33,0.0967741935483871,31,2.0,1.0,-1.0,2.125,0.0,0.6,0.2,0.4,10,1.7,0.3,0.1,10,-0.09472222222222222,61.55555555555555,0.0,0.0,6,17,0.0,1,1.0,-11,-11.0,6.0,17.0
2007,POST,WAS,-0.2420669434732158,0.373134328358209,67,-0.057311756606934904,0.39215686274509803,51,-0.16577870424313004,0.07969927376068038,0.07317073170731707,0.16666666666666666,0.24074074074074073,54,0.029411764705882353,34,2.0,2.0,0.0,3.6666666666666665,0.0,0.0,0.11764705882352941,0.11764705882352941,17,1.5384615384615385,0.3076923076923077,0.23076923076923078,13,-6.9927777777777775,10.722222222222221,0.0,0.0,14,35,0.0,1,1.0,-21,-21.0,14.0,35.0
2007,REG,ARI,-0.02091845615605584,0.42934782608695654,920,-0.0607312180063053,0.41920374707259955,854,-0.04910593184812524,-0.06581033842828926,0.12027833001988071,0.12725450901803606,0.1338709677419355,620,0.10194174757281553,618,37.0,28.0,-9.0,3.86977886977887,4.0,1.5888324873096447,0.3197969543147208,0.12690355329949238,197,1.6041666666666667,0.3489583333333333,0.19791666666666666,192,-0.7133854166666667,35.42881944444444,21.84375,1.0,404,399,8.0,16,8.0,5,0.3125,25.25,24.9375
2007,REG,ATL,-0.13363447732812167,0.3678571428571429,840,0.008566889598355209,0.4447086801426873,841,-0.12367661900188391,0.04285939729393862,0.09908069458631256,0.13654223968565815,0.125,616,0.07801418439716312,564,26.0,25.0,-1.0,4.247401247401247,4.0,1.0515463917525774,0.26288659793814434,0.20103092783505155,194,1.8716577540106951,0.3582887700534759,0.17647058823529413,187,-4.955729166666667,21.89236111111111,6.222222222222222,0.0,259,414,4.0,16,12.0,-155,-9.6875,16.1875,25.875
2007,REG,BAL,-0.11971971496576887,0.3896595208070618,793,-0.04421696273205451,0.39339752407152684,727,-0.1277214388343709,-0.020501858369199835,0.11337209302325581,0.11449579831932773,0.1468189233278956,613,0.13345864661654136,532,37.0,25.0,-12.0,2.8609865470852016,0.0,1.2150537634408602,0.27419354838709675,0.1935483870967742,186,1.7448979591836735,0.37244897959183676,0.1836734693877551,196,-3.91984375,32.923611111111114,18.74826388888889,5.0,275,384,5.0,16,11.0,-109,-6.8125,17.1875,24.0
2007,REG,BUF,-0.09994209001515697,0.38461538461538464,780,-0.0018958972177135643,0.4231651376146789,872,-0.02608664852282211,-0.018250354628325735,0.11086717892425905,0.1361003861003861,0.13402061855670103,485,0.10264900662251655,604,23.0,28.0,5.0,4.386813186813187,9.0,1.0677966101694916,0.24858757062146894,0.1977401129943503,177,1.7093023255813953,0.36046511627906974,0.13372093023255813,172,-2.2227083333333333,30.99826388888889,16.53472222222222,4.0,252,354,7.0,16,9.0,-102,-6.375,15.75,22.125
2007,REG,CAR,-0.12823164078778465,0.37451235370611186,769,-0.04059347075042577,0.41919805589307413,823,-0.059328216715378516,-0.05564882284775468,0.10499490316004077,0.11538461538461539,0.0867992766726944,553,0.07903780068728522,582,29.0,30.0,1.0,3.748414376321353,4.0,1.2698412698412698,0.26455026455026454,0.2275132275132275,189,1.625,0.3229166666666667,0.16145833333333334,192,-4.05921875,23.93402777777778,9.703125,2.0,267,347,7.0,16,9.0,-80,-5.0,16.6875,21.6875
2007,REG,CHI,-0.1274728607625495,0.3786096256684492,935,-0.047610906232966724,0.4161290322580645,930,-0.06766705976019725,0.011710797083387622,0.10206084396467124,0.13365853658536586,0.12745098039215685,612,0.12903225806451613,589,32.0,34.0,2.0,4.345054945054945,6.0,1.273170731707317,0.2780487804878049,0.21951219512195122,205,1.3224299065420562,0.2850467289719626,0.22897196261682243,214,0.4322743055555556,35.967013888888886,16.59548611111111,2.0,334,348,7.0,16,9.0,-14,-0.875,20.875,21.75
2007,REG,CIN,0.025426219344225794,0.4608187134502924,855,0.009462474735917577,0.4469606674612634,839,0.03050245383824431,0.04298900669111454,0.12727272727272726,0.12550607287449392,0.09475465313028765,591,0.1280701754385965,570,30.0,35.0,5.0,4.216035634743875,7.0,1.7909604519774012,0.3785310734463277,0.13559322033898305,177,1.7955801104972375,0.35911602209944754,0.13259668508287292,181,0.10222222222222221,40.770833333333336,22.60590277777778,4.0,380,385,7.0,16,9.0,-5,-0.3125,23.75,24.0625
2007,REG,CLE,-0.005991472027275131,0.4282380396732789,857,-0.0005301654017610305,0.42810457516339867,918,0.013639728322439145,0.03689888774636987,0.15376782077393075,0.14744801512287334,0.07760141093474426,567,0.11456628477905073,611,29.0,27.0,-2.0,4.504347826086956,11.0,1.7916666666666667,0.3541666666666667,0.15104166666666666,192,1.8128342245989304,0.3689839572192513,0.18716577540106952,187,0.4288888888888891,44.770833333333336,30.68402777777778,5.0,402,382,10.0,16,6.0,20,1.25,25.125,23.875
2007,REG,DAL,0.13123818433147136,0.48267326732673266,808,-0.03633137163626593,0.4161712247324614,841,0.07286242001314752,-0.06291444906642765,0.1392931392931393,0.12008072653884964,0.07867132867132867,572,0.13636363636363635,638,24.0,28.0,4.0,3.981578947368421,1.0,2.197802197802198,0.4175824175824176,0.15934065934065933,182,1.4505494505494505,0.3076923076923077,0.16483516483516483,182,2.531909722222222,43.420138888888886,30.116319444444443,4.0,455,325,13.0,16,3.0,130,8.125,28.4375,20.3125
2007,REG,DEN,0.08291137812635509,0.45310435931307796,757,0.07262332495476582,0.4306748466257669,815,0.08983177453133505,0.014453253781810763,0.15072765072765074,0.15250767656090072,0.0936936936936937,555,0.08806262230919765,511,29.0,30.0,1.0,4.544731610337972,6.0,1.463276836158192,0.327683615819209,0.15254237288135594,177,1.8806818181818181,0.375,0.17045454545454544,176,-1.467673611111111,32.744791666666664,24.80902777777778,2.0,320,409,7.0,16,9.0,-89,-5.5625,20.0,25.5625
2007,REG,DET,-0.07677228432210052,0.4146341463414634,738,0.04800709725667111,0.5105590062111801,805,-0.02102168426105469,0.057419810807117805,0.14748953974895398,0.1294559099437148,0.1165644171779141,652,0.125,648,36.0,35.0,-1.0,4.265625,6.0,1.5238095238095237,0.32275132275132273,0.1746031746031746,189,1.9585492227979275,0.35233160621761656,0.18134715025906736,193,-3.34125,37.541666666666664,22.62326388888889,5.0,346,444,7.0,16,9.0,-98,-6.125,21.625,27.75
2007,REG,GB,0.09509590517811761,0.43765903307888043,786,-0.06223601911084091,0.3895939086294416,788,0.09075482244794124,-0.01013563813807621,0.12486992715920915,0.1243680485338726,0.09698996655518395,598,0.14160839160839161,572,26.0,26.0,0.0,3.8688524590163933,3.0,2.0736842105263156,0.4,0.15789473684210525,190,1.3571428571428572,0.29120879120879123,0.17582417582417584,182,4.29703125,56.05729166666667,33.63715277777778,5.0,435,291,13.0,16,3.0,144,9.0,27.1875,18.1875
2007,REG,HOU,-0.060085464504651506,0.43988684582743987,707,0.05901879504849795,0.48267008985879334,779,-0.057089383712532686,0.08216173411615198,0.12302839116719243,0.12044534412955465,0.0967741935483871,558,0.0831918505942275,589,39.0,24.0,-15.0,4.376498800959233,5.0,1.7790697674418605,0.3546511627906977,0.10465116279069768,172,2.0,0.38857142857142857,0.15428571428571428,175,-0.9398090277777776,42.791666666666664,22.961805555555557,4.0,379,384,8.0,16,8.0,-5,-0.3125,23.6875,24.0
2007,REG,IND,0.13264914355156932,0.49382716049382713,810,-0.078136254832321,0.44692005242463956,763,0.12944598946076133,-0.09316661330482238,0.13073852295409183,0.07810894141829394,0.10069444444444445,576,0.10307414104882459,553,21.0,35.0,14.0,3.7609649122807016,2.0,2.4819277108433737,0.4457831325301205,0.12650602409638553,166,1.2469135802469136,0.25308641975308643,0.1419753086419753,162,6.254895833333333,59.97569444444444,44.734375,5.0,450,262,13.0,16,3.0,188,11.75,28.125,16.375
2007,REG,JAX,0.1309740282246917,0.44471744471744473,814,-0.028370625132854106,0.42377260981912146,774,0.08699585141868857,-0.0525278438673796,0.149,0.13270637408568442,0.1360153256704981,522,0.1140495867768595,605,17.0,32.0,15.0,4.11025641025641,3.0,2.224852071005917,0.39644970414201186,0.1301775147928994,169,1.5029239766081872,0.29239766081871343,0.15204678362573099,171,3.166545138888889,54.552083333333336,39.359375,7.0,411,304,11.0,16,5.0,107,6.6875,25.6875,19.0
2007,REG,KC,-0.12120646317425225,0.37682789651293586,889,-0.046385116819395465,0.42028985507246375,828,-0.1113685047342672,0.048466229771095756,0.1056338028169014,0.13522012578616352,0.14170692431561996,621,0.11857707509881422,506,31.0,24.0,-7.0,4.343035343035343,8.0,0.9329896907216495,0.21649484536082475,0.2268041237113402,194,1.4974093264248705,0.32124352331606215,0.20725388601036268,193,-3.944201388888889,22.225694444444443,6.967013888888889,0.0,226,335,4.0,16,12.0,-109,-6.8125,14.125,20.9375
2007,REG,LA,-0.1458738161353835,0.3780193236714976,828,0.008457488239339006,0.4278728606356968,818,-0.12441496048343907,-0.014994785919625317,0.10650887573964497,0.14974358974358976,0.13504823151125403,622,0.13237924865831843,559,38.0,26.0,-12.0,4.125,2.0,1.0984455958549222,0.24870466321243523,0.18652849740932642,193,1.9528795811518325,0.39790575916230364,0.193717277486911,191,-2.2010590277777777,31.229166666666664,17.260416666666668,2.0,263,438,3.0,16,13.0,-175,-10.9375,16.4375,27.375
2007,REG,LAC,-0.01737952140099775,0.41620879120879123,728,-0.14614664076740677,0.40440165061898214,727,0.005967331330798857,-0.12027135613952625,0.1366906474820144,0.12151394422310757,0.099601593625498,502,0.10596026490066225,604,26.0,46.0,20.0,4.129496402877698,4.0,1.7329842931937174,0.3403141361256545,0.18848167539267016,191,1.1567567567567567,0.23783783783783785,0.14594594594594595,185,5.771875,54.05555555555556,43.380208333333336,7.0,412,284,11.0,16,5.0,128,8.0,25.75,17.75
2007,REG,LV,-0.10859742569619976,0.3952434881087203,883,0.02872707652763641,0.41927710843373495,830,-0.07971045840063691,0.06656553772729476,0.11222444889779559,0.15738758029978586,0.12403100775193798,516,0.081419624217119,479,33.0,28.0,-5.0,4.7967145790554415,10.0,1.2670157068062826,0.2670157068062827,0.1518324607329843,191,1.8481675392670156,0.3507853403141361,0.1518324607329843,191,-4.359236111111111,22.730902777777775,9.09201388888889,2.0,283,398,4.0,16,12.0,-115,-7.1875,17.6875,24.875
2007,REG,MIA,-0.12792937395246182,0.37681159420289856,759,0.09668718520592266,0.45,780,-0.0977485735693751,0.06793361741580918,0.11632653061224489,0.14715025906735751,0.1256198347107438,605,0.11159737417943107,457,30.0,21.0,-9.0,4.510091743119266,8.0,1.3085714285714285,0.26857142857142857,0.18857142857142858,175,2.2126436781609193,0.42528735632183906,0.15517241379310345,174,-6.934253472222222,13.409722222222221,1.3819444444444446,0.0,267,437,1.0,16,15.0,-170,-10.625,16.6875,27.3125
2007,REG,MIN,-0.039146593198225124,0.42838196286472147,754,-0.07714768433705922,0.4061032863849765,852,-0.037927908948156196,-0.04916365171196002,0.15164369034994699,0.12298959318826869,0.1417004048582996,494,0.09352517985611511,695,29.0,31.0,2.0,3.107894736842105,1.0,1.436842105263158,0.28421052631578947,0.17894736842105263,190,1.1927083333333333,0.296875,0.17708333333333334,192,1.5547916666666668,40.61631944444444,26.61284722222222,4.0,365,311,8.0,16,8.0,54,3.375,22.8125,19.4375
2007,REG,NE,0.29123448873468516,0.5349794238683128,729,-0.08280283656874189,0.42457231726283046,643,0.21482595789225187,-0.018310423224883347,0.136669874879692,0.11555075593952484,0.09791332263242375,623,0.15726495726495726,585,15.0,30.0,15.0,4.373259052924791,3.0,3.059880239520958,0.5269461077844312,0.1317365269461078,167,1.1657142857142857,0.24,0.2057142857142857,175,10.2853125,72.09722222222221,54.67881944444444,9.0,589,274,16.0,16,0.0,315,19.6875,36.8125,17.125
2007,REG,NO,0.022684745084466162,0.47613065326633164,796,0.0077212721421276945,0.42163661581137307,721,0.026445011879600147,0.02329560085095227,0.12810707456978968,0.14120126448893572,0.06547619047619048,672,0.12105263157894737,570,29.0,23.0,-6.0,4.034313725490196,3.0,1.7555555555555555,0.31666666666666665,0.17777777777777778,180,1.7637362637362637,0.3626373626373626,0.13736263736263737,182,0.3743229166666666,41.276041666666664,25.046875,4.0,379,388,7.0,16,9.0,-9,-0.5625,23.6875,24.25
2007,REG,NYG,-0.02485498717049131,0.4376417233560091,882,-0.036522995885342566,0.39927623642943305,829,0.029792027709242105,-0.045362453136103334,0.1279296875,0.13003095975232198,0.1070811744386874,579,0.1658119658119658,585,34.0,25.0,-9.0,3.797560975609756,3.0,1.6137566137566137,0.32275132275132273,0.1693121693121693,189,1.450777202072539,0.29533678756476683,0.22279792746113988,193,-0.6264930555555557,37.776041666666664,20.883680555555554,3.0,373,351,10.0,16,6.0,22,1.375,23.3125,21.9375
2007,REG,NYJ,-0.09759829644581257,0.4116331096196868,894,0.04652693201256019,0.4513888888888889,864,-0.053226309061129226,0.07749906005360273,0.109,0.11277445109780439,0.1602787456445993,574,0.12085769980506822,513,25.0,21.0,-4.0,4.166023166023166,9.0,1.1637426900584795,0.29239766081871343,0.17543859649122806,171,1.757396449704142,0.3609467455621302,0.11242603550295859,169,-1.410190972222222,31.359375,14.409722222222221,2.0,268,355,4.0,16,12.0,-87,-5.4375,16.75,22.1875
2007,REG,PHI,0.032725406065962456,0.44601962922573607,917,-0.040302248283610134,0.4047350620067644,887,0.04709635406844251,0.015476377489114249,0.13579049466537343,0.13020833333333334,0.1162079510703364,654,0.09661016949152543,590,24.0,21.0,-3.0,3.8104738154613464,3.0,1.7417582417582418,0.34065934065934067,0.17582417582417584,182,1.5080213903743316,0.31016042780748665,0.1657754010695187,187,0.8767534722222223,43.81944444444444,19.708333333333332,2.0,336,300,8.0,16,8.0,36,2.25,21.0,18.75
2007,REG,PIT,0.049787568109456636,0.4189873417721519,790,-0.06605812543122966,0.391644908616188,766,-0.035626600468742775,-0.0715377939456125,0.14081632653061224,0.11521739130434783,0.12573673870333987,509,0.1075085324232082,586,22.0,25.0,3.0,3.9833795013850417,2.0,2.0342857142857143,0.37714285714285717,0.18285714285714286,175,1.3485714285714285,0.26285714285714284,0.2057142857142857,175,2.764548611111111,45.484375,31.50173611111111,5.0,393,269,10.0,16,6.0,124,7.75,24.5625,16.8125
2007,REG,SEA,0.003250002587743728,0.44727272727272727,825,-0.11526987036575927,0.3776978417266187,834,0.04732363075836462,-0.08517596007603692,0.13859480269489893,0.11403508771929824,0.11076443057722309,641,0.14308426073131955,629,23.0,35.0,12.0,3.8865248226950353,2.0,1.7128712871287128,0.3316831683168317,0.1782178217821782,202,1.25,0.2548076923076923,0.19230769230769232,208,3.079739583333333,49.401041666666664,30.463541666666668,5.0,393,291,10.0,16,6.0,102,6.375,24.5625,18.1875
2007,REG,SF,-0.27207156730202403,0.35408022130013833,723,0.0075155687812432535,0.43163841807909603,885,-0.20791875106816823,0.0034263731894111854,0.10154525386313466,0.12109744560075686,0.15077989601386482,577,0.08967851099830795,591,33.0,23.0,-10.0,3.761904761904762,5.0,0.8719211822660099,0.19704433497536947,0.24630541871921183,203,1.598984771573604,0.3248730964467005,0.14720812182741116,197,-6.3446701388888895,15.776041666666668,4.881944444444445,0.0,219,364,5.0,16,11.0,-145,-9.0625,13.6875,22.75
2007,REG,TB,-0.022811505604657088,0.40633245382585753,758,-0.10767336014595212,0.39775561097256856,802,0.028729828751456785,-0.08573485071895816,0.13011542497376705,0.09232365145228216,0.132486388384755,551,0.1340782122905028,537,19.0,34.0,15.0,3.801762114537445,4.0,1.6162162162162161,0.32972972972972975,0.17297297297297298,185,1.2857142857142858,0.24175824175824176,0.2032967032967033,182,3.770190972222222,49.78472222222222,34.807291666666664,7.0,334,270,9.0,16,7.0,64,4.0,20.875,16.875
2007,REG,TEN,-0.06365243980899689,0.41555555555555557,900,-0.09273623832332162,0.39699074074074076,864,-0.04951433303535416,-0.10788997583562056,0.11263467189030363,0.10824742268041238,0.10313075506445672,543,0.1715210355987055,618,35.0,31.0,-4.0,3.9864864864864864,2.0,1.4074074074074074,0.32275132275132273,0.14814814814814814,189,1.4426229508196722,0.273224043715847,0.20218579234972678,183,-0.3658506944444443,39.21180555555556,20.13888888888889,2.0,301,297,10.0,16,6.0,4,0.25,18.8125,18.5625
2007,REG,WAS,-0.03612599150831436,0.4163135593220339,944,-0.08360583048322057,0.3912543153049482,869,-0.04581723181724852,-0.10132547078359493,0.13089509143407121,0.10869565217391304,0.1346153846153846,572,0.09465648854961832,655,29.0,24.0,-5.0,3.7168367346938775,2.0,1.5647668393782384,0.32124352331606215,0.21761658031088082,193,1.4145077720207253,0.29533678756476683,0.19170984455958548,193,2.1142708333333333,53.0625,32.267361111111114,6.0,334,310,9.0,16,7.0,24,1.5,20.875,19.375
2008,POST,ARI,0.21662748959525255,0.5226130653266332,199,-0.0869303868819406,0.425,200,0.16917673140507092,-0.06983098211101067,0.12601626016260162,0.09917355371900827,0.15602836879432624,141,0.10909090909090909,165,4.0,13.0,9.0,3.4939759036144578,0.0,2.106382978723404,0.3829787234042553,0.14893617021276595,47,1.574468085106383,0.3191489361702128,0.10638297872340426,47,5.3805555555555555,62.458333333333336,44.65277777777778,0.0,118,89,3.0,4,1.0,29,7.25,29.5,22.25
2008,POST,ATL,-0.19838653479221288,0.40625,64,0.05691190109595948,0.4423076923076923,52,-0.2144241756103321,0.005519465579149814,0.04477611940298507,0.12280701754385964,0.1111111111111111,45,0.09090909090909091,33,3.0,1.0,-2.0,3.0714285714285716,0.0,1.1538461538461537,0.3076923076923077,0.23076923076923078,13,1.6153846153846154,0.23076923076923078,0.23076923076923078,13,-7.072222222222222,1.9444444444444444,0.0,0.0,24,30,0.0,1,1.0,-6,-6.0,24.0,30.0
2008,POST,BAL,-0.2545737723715883,0.3082191780821918,146,-0.2407547972505296,0.3655913978494624,186,-0.13567447051225992,-0.15443184778430602,0.09259259259259259,0.10204081632653061,0.189873417721519,79,0.1487603305785124,121,5.0,9.0,4.0,2.857142857142857,0.0,1.0526315789473684,0.23684210526315788,0.2631578947368421,38,0.7631578947368421,0.21052631578947367,0.21052631578947367,38,-0.02907407407407388,24.222222222222225,17.25925925925926,0.0,54,42,2.0,3,1.0,12,4.0,18.0,14.0
2008,POST,CAR,-1.0378469808281146,0.2727272727272727,22,0.41306366244305776,0.5675675675675675,37,-1.145428041351567,0.24843506266188342,0.13725490196078433,0.0958904109589041,0.08333333333333333,36,0.15151515151515152,33,6.0,1.0,-5.0,3.372093023255814,0.0,1.0769230769230769,0.15384615384615385,0.07692307692307693,13,2.357142857142857,0.5,0.07142857142857142,14,-13.164166666666667,15.472222222222223,0.0,0.0,13,33,0.0,1,1.0,-20,-20.0,13.0,33.0
2008,POST,IND,0.09257149690358454,0.36923076923076925,65,-0.0013973927907321622,0.4305555555555556,72,0.10994556131095587,-0.10632242700963265,0.1076923076923077,0.1527777777777778,0.046511627906976744,43,0.15,40,0.0,2.0,2.0,5.0606060606060606,1.0,1.4166666666666667,0.25,0.25,12,2.0,0.3333333333333333,0.16666666666666666,12,1.6325,54.63888888888889,3.5833333333333335,0.0,17,23,0.0,1,1.0,-6,-6.0,17.0,23.0
2008,POST,LAC,-0.07265332354492415,0.39622641509433965,106,0.07053042636137118,0.3793103448275862,116,-0.15309434828554638,0.13401752686960125,0.14634146341463414,0.12121212121212122,0.1518987341772152,79,0.04225352112676056,71,3.0,1.0,-2.0,3.578125,1.0,1.7083333333333333,0.3333333333333333,0.16666666666666666,24,1.875,0.2916666666666667,0.20833333333333334,24,-3.1483333333333334,12.0,0.638888888888889,0.0,47,52,1.0,2,1.0,-5,-2.5,23.5,26.0
2008,POST,MIA,-0.39835778997488813,0.45454545454545453,55,-0.13598231629559512,0.3902439024390244,41,-0.0941206488262295,-0.06879009983640572,0.08064516129032258,0.09259259259259259,0.14634146341463414,41,0.13043478260869565,23,5.0,1.0,-4.0,4.575757575757576,0.0,0.25,0.16666666666666666,0.16666666666666666,12,1.8181818181818181,0.36363636363636365,0.36363636363636365,11,-6.847222222222222,9.13888888888889,0.0,0.0,9,27,0.0,1,1.0,-18,-18.0,9.0,27.0
2008,POST,MIN,-0.2461374732411059,0.34375,64,-0.04414446075159793,0.38181818181818183,55,-0.25808422557505156,-0.0187554035378742,0.08571428571428572,0.1,0.08108108108108109,37,0.21621621621621623,37,2.0,2.0,0.0,2.9130434782608696,0.0,0.5384615384615384,0.15384615384615385,0.3076923076923077,13,1.5833333333333333,0.4166666666666667,0.08333333333333333,12,-3.3733333333333335,5.75,0.0,0.0,14,26,0.0,1,1.0,-12,-12.0,14.0,26.0
2008,POST,NYG,-0.3751063242747439,0.36363636363636365,55,-0.06070886403796371,0.38596491228070173,57,-0.2431376705848379,-0.16527253303520995,0.14754098360655737,0.09230769230769231,0.034482758620689655,29,0.0975609756097561,41,3.0,2.0,-1.0,2.107142857142857,0.0,0.75,0.25,0.0,12,1.6153846153846154,0.38461538461538464,0.15384615384615385,13,-3.4141666666666666,17.166666666666668,0.0,0.0,11,23,0.0,1,1.0,-12,-12.0,11.0,23.0
2008,POST,PHI,0.024886208757303078,0.4186046511627907,172,-0.10913492847427471,0.4069767441860465,172,0.03954718880266086,-0.08635287281649653,0.10416666666666667,0.13157894736842105,0.1328125,128,0.11458333333333333,96,7.0,5.0,-2.0,4.08421052631579,0.0,1.8611111111111112,0.4166666666666667,0.08333333333333333,36,1.3428571428571427,0.2857142857142857,0.2,35,-0.3429629629629627,56.083333333333336,12.74074074074074,0.0,74,57,2.0,3,1.0,17,5.666666666666667,24.666666666666668,19.0
2008,POST,PIT,-0.012795952287578268,0.36363636363636365,165,-0.17629599115312228,0.3904109589041096,146,-0.04356382141993418,-0.04108618430322606,0.10695187165775401,0.12048192771084337,0.13131313131313133,99,0.1794871794871795,117,3.0,7.0,4.0,2.4693877551020407,0.0,1.7222222222222223,0.3333333333333333,0.19444444444444445,36,1.0555555555555556,0.25,0.16666666666666666,36,6.094444444444444,77.74074074074075,48.69444444444445,1.0,85,61,3.0,3,0.0,24,8.0,28.333333333333332,20.333333333333332
2008,POST,TEN,-0.14958427637421273,0.38028169014084506,71,-0.12400526935000186,0.3,50,0.03440020637777211,-0.16033938609541873,0.14084507042253522,0.08,0.11627906976744186,43,0.17391304347826086,23,3.0,0.0,-3.0,1.6666666666666667,0.0,0.8333333333333334,0.16666666666666666,0.16666666666666666,12,1.0,0.23076923076923078,0.15384615384615385,13,-0.15416666666666667,5.694444444444445,3.638888888888889,0.0,10,13,0.0,1,1.0,-3,-3.0,10.0,13.0
2008,REG,ARI,0.06498860249826689,0.45917001338688085,747,0.004412653868890731,0.4357459379615953,677,0.07707457567274018,-0.0239216604031126,0.1470888661899898,0.1218014329580348,0.1534954407294833,658,0.13274336283185842,565,30.0,29.0,-1.0,3.9596412556053813,3.0,2.1123595505617976,0.39325842696629215,0.1348314606741573,178,2.0497237569060776,0.3867403314917127,0.14917127071823205,181,-1.0474305555555552,42.78819444444444,31.548611111111114,4.0,427,426,9.0,16,7.0,1,0.0625,26.6875,26.625
2008,REG,ATL,0.08432893188325438,0.42990654205607476,856,0.037543955914613465,0.45235223160434257,829,0.05529507615602328,0.08944910046810906,0.15454545454545454,0.1458966565349544,0.07991360691144708,463,0.10385259631490787,597,19.0,19.0,0.0,4.877697841726619,6.0,2.0689655172413794,0.39655172413793105,0.16666666666666666,174,1.6629213483146068,0.3202247191011236,0.19101123595505617,178,4.410625,60.47222222222222,39.76215277777778,8.0,391,325,11.0,16,5.0,66,4.125,24.4375,20.3125
2008,REG,BAL,0.02861316412175911,0.4087677725118483,844,-0.2032043870525917,0.35724137931034483,725,-0.014630151691788384,-0.13217675373906027,0.11196911196911197,0.11655773420479303,0.11691022964509394,479,0.1452991452991453,585,21.0,34.0,13.0,3.5714285714285716,0.0,1.6237113402061856,0.32989690721649484,0.17525773195876287,194,0.826530612244898,0.21428571428571427,0.2602040816326531,196,3.2885763888888886,57.76909722222222,40.170138888888886,6.0,385,244,11.0,16,5.0,141,8.8125,24.0625,15.25
2008,REG,BUF,-0.03541000313846508,0.44364508393285373,834,0.027589727914125367,0.4433849821215733,839,-0.054857031893180724,0.059698789479669806,0.1235356762513312,0.13130252100840337,0.12734082397003746,534,0.10674157303370786,534,29.0,24.0,-5.0,4.286343612334802,2.0,1.6136363636363635,0.3409090909090909,0.13636363636363635,176,1.664804469273743,0.3687150837988827,0.1787709497206704,179,-2.2091840277777774,23.569444444444443,11.690972222222223,1.0,336,342,7.0,16,9.0,-6,-0.375,21.0,21.375
2008,REG,CAR,0.09537985269906654,0.43178807947019865,755,-0.022163945752172138,0.4300822561692127,851,0.11100223064949015,-0.035925048330742615,0.15217391304347827,0.1220472440944882,0.08027522935779817,436,0.08970099667774087,602,19.0,25.0,6.0,4.415704387990762,4.0,1.9322916666666667,0.3802083333333333,0.19791666666666666,192,1.6,0.3081081081081081,0.1837837837837838,185,2.5225173611111114,54.041666666666664,31.15625,4.0,414,329,12.0,16,4.0,85,5.3125,25.875,20.5625
2008,REG,CHI,-0.0681849963920201,0.3990665110851809,857,-0.05676433693142725,0.4119601328903654,903,-0.04234290357020512,-0.007786134843554906,0.11416921508664628,0.12138188608776844,0.09380530973451327,565,0.10752688172043011,651,28.0,30.0,2.0,3.4233409610983982,3.0,1.5911330049261083,0.3103448275862069,0.23645320197044334,203,1.4830917874396135,0.30434782608695654,0.16908212560386474,207,2.5528298611111113,52.00347222222222,28.307291666666664,4.0,375,350,9.0,16,7.0,25,1.5625,23.4375,21.875
2008,REG,CIN,-0.1200622884286222,0.3818407960199005,804,0.012841262293410205,0.43208430913348944,854,-0.08536722323807105,0.032233082601927004,0.088659793814433,0.11611611611611612,0.1310116086235489,603,0.11380597014925373,536,27.0,22.0,-5.0,3.9122448979591837,2.0,0.8440860215053764,0.20967741935483872,0.26344086021505375,186,1.681081081081081,0.32432432432432434,0.16216216216216217,185,-2.30625,28.958333333333332,19.380208333333336,5.0,204,364,4.5,16,11.5,-160,-10.0,12.75,22.75
2008,REG,CLE,-0.1109133763120577,0.3649815043156597,811,0.08125459041260487,0.4723557692307692,832,-0.05142793892101909,0.04434804939262675,0.10601092896174863,0.1524390243902439,0.14340344168260039,523,0.10084033613445378,476,25.0,31.0,6.0,4.493530499075786,8.0,0.9709302325581395,0.27325581395348836,0.18604651162790697,172,1.6842105263157894,0.3157894736842105,0.09941520467836257,171,-3.113368055555555,29.84375,11.036458333333334,1.0,232,350,4.0,16,12.0,-118,-7.375,14.5,21.875
2008,REG,DAL,0.005135161168166112,0.4140625,768,-0.05517414329932373,0.40324594257178525,801,-0.01911977983197066,-0.054789273505345085,0.13471502590673576,0.11437565582371459,0.13945578231292516,588,0.18696397941680962,583,32.0,23.0,-9.0,4.229426433915212,5.0,1.631578947368421,0.32105263157894737,0.19473684210526315,190,1.6864864864864866,0.3621621621621622,0.15675675675675677,185,-0.13097222222222227,43.140625,26.07986111111111,4.0,362,365,9.0,16,7.0,-3,-0.1875,22.625,22.8125
2008,REG,DEN,0.13201745089939604,0.4942922374429224,876,0.13005360561014936,0.4586374695863747,822,0.11226616562294242,0.14168282859554218,0.143,0.15210688591983557,0.029185867895545316,651,0.07561436672967864,529,29.0,13.0,-16.0,4.972340425531915,6.0,1.9880239520958083,0.38922155688622756,0.12574850299401197,167,2.4047619047619047,0.4642857142857143,0.125,168,-1.3436458333333334,37.92361111111111,19.727430555555557,3.0,370,448,8.0,16,8.0,-78,-4.875,23.125,28.0
2008,REG,DET,-0.15617786010527668,0.366120218579235,732,0.2218931833753083,0.5136540962288687,769,-0.1030075005690442,0.1870505366521943,0.11233480176211454,0.17766497461928935,0.15343915343915343,567,0.10816326530612246,490,32.0,17.0,-15.0,5.157303370786517,12.0,1.1122994652406417,0.2620320855614973,0.22459893048128343,187,2.558659217877095,0.45251396648044695,0.16759776536312848,179,-8.475972222222222,17.96527777777778,4.565972222222222,0.0,268,517,0.0,16,16.0,-249,-15.5625,16.75,32.3125
2008,REG,GB,0.07432686740914964,0.4444444444444444,873,0.003700482309108922,0.4225028702640643,871,0.004348605460889819,-0.00863081670842902,0.1213640922768305,0.11538461538461539,0.1266891891891892,592,0.1263537906137184,554,21.0,28.0,7.0,4.5804347826086955,6.0,1.905027932960894,0.3687150837988827,0.16201117318435754,179,1.59375,0.3489583333333333,0.18229166666666666,192,0.8315277777777779,38.35243055555556,20.817708333333332,2.0,419,380,6.0,16,10.0,39,2.4375,26.1875,23.75
2008,REG,HOU,0.06502217603668085,0.4476744186046512,860,0.07023333899132332,0.4444444444444444,792,0.0691217327802594,0.0819538203487824,0.14356929212362912,0.13852813852813853,0.12562814070351758,597,0.11605415860735009,517,30.0,23.0,-7.0,4.481735159817352,5.0,1.8563218390804597,0.3793103448275862,0.1206896551724138,174,1.9885714285714287,0.38285714285714284,0.15428571428571428,175,0.05862847222222217,43.005208333333336,26.65277777777778,4.0,366,394,8.0,16,8.0,-28,-1.75,22.875,24.625
2008,REG,IND,0.118607592915019,0.4828850855745721,818,0.016457504203344953,0.4679860302677532,859,0.05869714257285132,0.026746696260000324,0.11332633788037776,0.10071942446043165,0.08471760797342193,602,0.11153119092627599,529,15.0,28.0,13.0,4.167728237791932,6.0,2.1133333333333333,0.4066666666666667,0.09333333333333334,150,1.5620915032679739,0.37254901960784315,0.16339869281045752,153,1.4751215277777778,41.576388888888886,22.772569444444443,4.0,377,298,12.0,16,4.0,79,4.9375,23.5625,18.625
2008,REG,JAX,0.01839662652728822,0.45506912442396313,868,0.10387107678249312,0.4469413233458177,801,0.006754526999930818,0.06678293339866573,0.12487411883182276,0.13516483516483516,0.18923327895595432,613,0.1189083820662768,513,25.0,17.0,-8.0,3.9929906542056073,3.0,1.552325581395349,0.29651162790697677,0.13953488372093023,172,1.988235294117647,0.38823529411764707,0.19411764705882353,170,-2.442100694444444,29.505208333333332,14.177083333333334,0.0,302,367,5.0,16,11.0,-65,-4.0625,18.875,22.9375
2008,REG,KC,-0.0469950541075209,0.41773778920308485,778,0.08331200295386847,0.4925544100801833,873,-0.014845144357921716,0.06112455152317633,0.12380952380952381,0.14901960784313725,0.09136212624584718,602,0.04981549815498155,542,26.0,28.0,2.0,4.99607072691552,6.0,1.449438202247191,0.2696629213483146,0.25280898876404495,178,2.2099447513812156,0.43646408839779005,0.11049723756906077,181,-3.2544965277777775,29.947916666666668,14.4375,0.0,291,440,2.0,16,14.0,-149,-9.3125,18.1875,27.5
2008,REG,LA,-0.1557352404079827,0.3717421124828532,729,0.08233225193693541,0.461864406779661,708,-0.1524050130622583,0.14105759731209655,0.11897435897435897,0.18018967334035826,0.12369337979094076,574,0.1446028513238289,491,32.0,25.0,-7.0,4.947895791583166,8.0,0.9315789473684211,0.2631578947368421,0.20526315789473684,190,2.2054054054054055,0.41621621621621624,0.15135135135135136,185,-6.705729166666667,26.04513888888889,14.418402777777779,0.0,232,465,2.0,16,14.0,-233,-14.5625,14.5,29.0625
2008,REG,LAC,0.1188667362844869,0.4620253164556962,790,0.05672978411673317,0.4810126582278481,869,0.10452472501561869,0.09726953655975598,0.1512513601741023,0.1124031007751938,0.072265625,512,0.06605222734254992,651,20.0,25.0,5.0,4.007317073170731,3.0,2.2941176470588234,0.43529411764705883,0.12352941176470589,170,1.7810650887573964,0.35502958579881655,0.16568047337278108,169,1.289513888888889,37.390625,22.40625,2.0,439,347,8.0,16,8.0,92,5.75,27.4375,21.6875
2008,REG,LV,-0.15931286533151434,0.36538461538461536,676,0.07339461542042763,0.43375,800,-0.0457420373975684,0.015041677452853916,0.12349726775956284,0.149706457925636,0.12606837606837606,468,0.08108108108108109,518,25.0,22.0,-3.0,4.707182320441989,6.0,1.160427807486631,0.24598930481283424,0.2192513368983957,187,1.796875,0.34375,0.18229166666666666,192,-4.768836805555555,29.928819444444443,14.57638888888889,3.0,263,388,5.0,16,11.0,-125,-7.8125,16.4375,24.25
2008,REG,MIA,0.09664800142672046,0.4688601645123384,851,0.018659961084500663,0.42219679633867274,874,0.1633650725478398,0.009492464147836381,0.13291139240506328,0.1380020597322348,0.08571428571428572,525,0.1070840197693575,607,14.0,28.0,14.0,4.180412371134021,3.0,1.7183908045977012,0.3390804597701149,0.1724137931034483,174,1.6606060606060606,0.3515151515151515,0.11515151515151516,165,1.3335069444444445,57.00868055555556,26.35590277777778,5.0,345,317,11.0,16,5.0,28,1.75,21.5625,19.8125
2008,REG,MIN,-0.07514765950318002,0.40160183066361554,874,-0.09458906930670308,0.3926014319809069,838,-0.07110639968633159,-0.0767685518432162,0.12912912912912913,0.11670235546038545,0.17288801571709234,509,0.16129032258064516,589,29.0,27.0,-2.0,3.3091397849462365,0.0,1.5157894736842106,0.3473684210526316,0.14736842105263157,190,1.256544502617801,0.28272251308900526,0.17277486910994763,191,1.5764236111111112,43.375,26.098958333333332,3.0,379,333,10.0,16,6.0,46,2.875,23.6875,20.8125
2008,REG,NE,0.11248421825503471,0.4757969303423849,847,0.02563028921621922,0.42482758620689653,725,0.08205078232217973,0.028007942325323536,0.12242990654205607,0.12336244541484716,0.1396103896103896,616,0.12,525,21.0,22.0,1.0,4.1298076923076925,3.0,2.310344827586207,0.4482758620689655,0.13218390804597702,174,1.7411764705882353,0.3058823529411765,0.2411764705882353,170,3.025763888888889,48.939236111111114,32.50347222222222,7.0,410,309,11.0,16,5.0,101,6.3125,25.625,19.3125
2008,REG,NO,0.10893979274931936,0.4879725085910653,873,0.032023006441818574,0.43552311435523117,822,0.09746964148552471,0.04067800108950362,0.14161008729388944,0.12462006079027356,0.07716049382716049,648,0.11149825783972125,574,27.0,21.0,-6.0,4.235955056179775,3.0,2.3258426966292136,0.42696629213483145,0.1404494382022472,178,1.8620689655172413,0.39655172413793105,0.19540229885057472,174,1.06484375,39.97743055555556,23.416666666666668,2.0,463,393,8.0,16,8.0,70,4.375,28.9375,24.5625
2008,REG,NYG,0.099423929252971,0.4722550177095632,847,-0.036437477211103644,0.3984272608125819,763,0.07493972266973721,-0.03544148564830905,0.14770459081836326,0.12540894220283533,0.11641221374045801,524,0.1319073083778966,561,13.0,22.0,9.0,3.9922077922077923,3.0,2.140449438202247,0.43820224719101125,0.1348314606741573,178,1.4277456647398843,0.28901734104046245,0.2023121387283237,173,4.353020833333333,54.13368055555556,38.71006944444444,7.0,427,294,12.0,16,4.0,133,8.3125,26.6875,18.375
2008,REG,NYJ,0.017220844922805536,0.467680608365019,789,-0.03715569090746705,0.4328180737217598,841,0.0686166901907896,0.01585112935127755,0.12926577042399173,0.11741293532338308,0.09252669039145907,562,0.1,620,30.0,31.0,1.0,3.7163814180929093,3.0,1.8305084745762712,0.3728813559322034,0.14124293785310735,177,1.5706214689265536,0.3333333333333333,0.14124293785310735,177,2.851128472222222,47.78125,28.46527777777778,5.0,405,356,9.0,16,7.0,49,3.0625,25.3125,22.25
2008,REG,PHI,-0.004948051493732809,0.4380733944954128,872,-0.15484998522597798,0.36407185628742517,835,-0.010084831673296834,-0.12192782602022899,0.12934362934362933,0.11632653061224489,0.07987711213517665,651,0.12991452991452992,585,25.0,30.0,5.0,3.505938242280285,3.0,1.6517412935323383,0.3482587064676617,0.24875621890547264,201,1.0606060606060606,0.25252525252525254,0.26262626262626265,198,4.459010416666667,49.314236111111114,31.689236111111107,5.0,416,289,9.5,16,6.5,127,7.9375,26.0,18.0625
2008,REG,PIT,-0.03004662740316492,0.4214689265536723,885,-0.1617798218289397,0.36835891381345925,847,0.029250055589484816,-0.1369722025271455,0.1285140562248996,0.08704663212435233,0.13884007029876977,569,0.135678391959799,597,25.0,29.0,4.0,3.292307692307692,0.0,1.6210526315789473,0.3263157894736842,0.1736842105263158,190,0.9680851063829787,0.22872340425531915,0.2553191489361702,188,2.5743229166666666,42.53819444444444,24.821180555555554,4.0,347,223,12.0,16,4.0,124,7.75,21.6875,13.9375
2008,REG,SEA,-0.06141940046814777,0.3695364238410596,755,0.09027111731953777,0.44912280701754387,855,0.00625351136700383,0.06356505180932037,0.11496746203904555,0.12884615384615383,0.14150943396226415,530,0.13495934959349593,615,26.0,20.0,-6.0,4.155361050328228,4.0,1.4431818181818181,0.29545454545454547,0.23295454545454544,176,1.8663101604278074,0.40106951871657753,0.1657754010695187,187,-3.16484375,30.98090277777778,18.40972222222222,2.0,294,392,4.0,16,12.0,-98,-6.125,18.375,24.5
2008,REG,SF,-0.08792247086964902,0.4309462915601023,782,0.04578885070498625,0.4207980652962515,827,-0.08240334151176075,0.021809915247616937,0.13544973544973546,0.11363636363636363,0.13175675675675674,592,0.09401709401709402,585,35.0,18.0,-17.0,3.7809734513274336,4.0,1.545945945945946,0.32972972972972975,0.15135135135135136,185,1.826086956521739,0.3858695652173913,0.15760869565217392,184,-0.9464756944444446,35.875,17.272569444444446,4.0,339,381,7.0,16,9.0,-42,-2.625,21.1875,23.8125
2008,REG,TB,-0.024422264414537747,0.43838604143947657,917,-0.06612101560659281,0.4018369690011481,871,-0.0006550666428719715,-0.08949629903313536,0.11262135922330097,0.1271551724137931,0.1567043618739903,619,0.15076335877862596,524,25.0,30.0,5.0,4.3106575963718825,5.0,1.5449735449735449,0.3333333333333333,0.1693121693121693,189,1.3489583333333333,0.3072916666666667,0.19791666666666666,192,0.9106597222222222,36.02430555555556,24.743055555555557,3.0,361,323,9.0,16,7.0,38,2.375,22.5625,20.1875
2008,REG,TEN,-0.010189210182551759,0.41012658227848103,790,-0.1287972422144013,0.38901869158878505,856,-0.030194650431905074,-0.09057804867418906,0.12343096234309624,0.10307234886025768,0.07966457023060797,477,0.1735668789808917,628,18.0,30.0,12.0,3.7313432835820897,2.0,1.8115183246073299,0.34554973821989526,0.24083769633507854,191,1.0670103092783505,0.23195876288659795,0.16494845360824742,194,3.2713715277777773,54.61458333333333,32.125,4.0,375,234,13.0,16,3.0,141,8.8125,23.4375,14.625
2008,REG,WAS,-0.006781183176680505,0.42459893048128344,935,-0.012936921030640229,0.42592592592592593,864,0.0157269505351452,0.012197287542566338,0.12103174603174603,0.1037117903930131,0.14235500878734622,569,0.11009174311926606,545,17.0,19.0,2.0,3.8341708542713566,3.0,1.303370786516854,0.29213483146067415,0.19662921348314608,178,1.4829545454545454,0.29545454545454547,0.25,176,-1.9400868055555556,35.532986111111114,15.753472222222223,3.0,265,296,8.0,16,8.0,-31,-1.9375,16.5625,18.5
2009,POST,ARI,0.40526047805066623,0.6052631578947368,76,0.3597585875311566,0.6082474226804123,97,0.4039725961862814,0.3202777814324149,0.21296296296296297,0.20155038759689922,0.1,70,0.1625,80,3.0,3.0,0.0,4.833333333333333,0.0,2.260869565217391,0.391304347826087,0.13043478260869565,23,3.1666666666666665,0.5416666666666666,0.08333333333333333,24,-3.7024999999999997,44.40277777777778,38.958333333333336,1.0,65,90,1.0,2,1.0,-25,-12.5,32.5,45.0
2009,POST,BAL,-0.05944276788522954,0.43661971830985913,71,-0.26118683976740237,0.4235294117647059,85,0.011929144280478723,-0.27444933777459324,0.07894736842105263,0.045454545454545456,0.06382978723404255,47,0.12087912087912088,91,4.0,6.0,2.0,2.4651162790697674,0.0,1.608695652173913,0.30434782608695654,0.30434782608695654,23,1.36,0.24,0.28,25,4.248333333333333,49.94444444444445,46.291666666666664,1.0,36,34,1.0,2,1.0,2,1.0,18.0,17.0
2009,POST,CIN,-0.04739952946828709,0.44642857142857145,56,0.31590446535420263,0.44680851063829785,47,0.11408851791489978,0.3933713223791289,0.08196721311475409,0.16981132075471697,0.125,40,0.06666666666666667,15,2.0,0.0,-2.0,4.170731707317073,1.0,1.1666666666666667,0.16666666666666666,0.16666666666666666,12,2.0,0.3333333333333333,0.25,12,-4.075833333333334,17.25,0.0,0.0,14,24,0.0,1,1.0,-10,-10.0,14.0,24.0
2009,POST,DAL,0.0751273593803711,0.4945054945054945,91,-0.04241534122834552,0.3050847457627119,59,0.006892150363922623,-0.002395419367530849,0.10218978102189781,0.14655172413793102,0.189873417721519,79,0.23943661971830985,71,3.0,4.0,1.0,3.5869565217391304,0.0,1.4230769230769231,0.2692307692307692,0.07692307692307693,26,1.92,0.32,0.12,25,0.4452777777777781,33.513888888888886,31.319444444444443,1.0,37,48,1.0,2,1.0,-11,-5.5,18.5,24.0
2009,POST,GB,0.21750490017487892,0.5645161290322581,62,0.5922611373961439,0.6607142857142857,56,0.16456617835036014,0.6161470949748874,0.22727272727272727,0.2807017543859649,0.20833333333333334,48,0.11764705882352941,34,3.0,1.0,-2.0,6.782608695652174,0.0,2.923076923076923,0.5384615384615384,0.0,13,4.5,0.7,0.0,10,-10.6575,0.0,0.0,0.0,45,51,0.0,1,1.0,-6,-6.0,45.0,51.0
2009,POST,IND,0.16384034109366533,0.5161290322580645,155,0.11444132539769157,0.46853146853146854,143,0.1903682543328032,0.195739148553482,0.1414141414141414,0.11834319526627218,0.11363636363636363,132,0.0761904761904762,105,3.0,4.0,1.0,3.393939393939394,0.0,1.935483870967742,0.41935483870967744,0.25806451612903225,31,1.3870967741935485,0.2903225806451613,0.22580645161290322,31,3.6387037037037033,58.00925925925926,29.51851851851852,1.0,67,51,2.0,3,1.0,16,5.333333333333333,22.333333333333332,17.0
2009,POST,LAC,-0.06519291475038372,0.3728813559322034,59,-0.07683631859390443,0.3275862068965517,58,-0.033471592593830105,-0.13122387739990482,0.11864406779661017,0.08064516129032258,0.047619047619047616,42,0.13043478260869565,23,2.0,1.0,-1.0,4.333333333333333,1.0,1.0769230769230769,0.15384615384615385,0.23076923076923078,13,1.3076923076923077,0.23076923076923078,0.23076923076923078,13,1.46,47.77777777777778,6.25,0.0,14,17,0.0,1,1.0,-3,-3.0,14.0,17.0
2009,POST,MIN,0.03807939922046533,0.3949579831932773,119,-0.06642902414897213,0.43564356435643564,101,-0.049107250891569434,-0.06913487174824695,0.1619718309859155,0.06611570247933884,0.1780821917808219,73,0.1917808219178082,73,6.0,3.0,-3.0,3.3333333333333335,0.0,2.48,0.4,0.16,25,1.2592592592592593,0.2222222222222222,0.1111111111111111,27,5.649583333333333,49.291666666666664,34.88888888888889,1.0,62,34,1.0,2,1.0,28,14.0,31.0,17.0
2009,POST,NE,-0.7839849380999677,0.2972972972972973,37,0.0027961715072862096,0.4857142857142857,35,-0.7739720400015357,0.07021131994014677,0.047619047619047616,0.06779661016949153,0.08888888888888889,45,0.0,11,5.0,1.0,-4.0,4.415094339622642,1.0,1.0769230769230769,0.15384615384615385,0.23076923076923078,13,2.6153846153846154,0.46153846153846156,0.23076923076923078,13,-16.8175,0.0,0.0,0.0,14,33,0.0,1,1.0,-19,-19.0,14.0,33.0
2009,POST,NO,0.2432207386257229,0.547945205479452,146,0.04690688049952435,0.4585987261146497,157,0.3051727937505099,-0.056839584548011884,0.12643678160919541,0.16243654822335024,0.07766990291262135,103,0.09448818897637795,127,0.0,9.0,9.0,5.214285714285714,1.0,2.7058823529411766,0.47058823529411764,0.17647058823529413,34,1.3235294117647058,0.2647058823529412,0.20588235294117646,34,5.495185185185186,42.01851851851852,36.12962962962963,0.0,107,59,3.0,3,0.0,48,16.0,35.666666666666664,19.666666666666668
2009,POST,NYJ,0.11619435624456503,0.3717948717948718,156,0.014102795945748495,0.4431137724550898,167,0.12116964888062422,0.1264222584284132,0.1329479768786127,0.14054054054054055,0.11764705882352941,68,0.0975609756097561,123,2.0,5.0,3.0,5.203125,1.0,1.5675675675675675,0.2702702702702703,0.21621621621621623,37,1.6111111111111112,0.2777777777777778,0.19444444444444445,36,0.6125000000000002,40.0,21.314814814814813,0.0,58,58,2.0,3,1.0,0,0.0,19.333333333333332,19.333333333333332
2009,POST,PHI,-0.3197961379800373,0.2727272727272727,22,0.32659497619579275,0.4888888888888889,45,-0.22617154404533243,0.1918460121143855,0.14285714285714285,0.15492957746478872,0.22727272727272727,44,0.13157894736842105,38,4.0,0.0,-4.0,5.6571428571428575,1.0,1.0769230769230769,0.15384615384615385,0.07692307692307693,13,2.6153846153846154,0.46153846153846156,0.15384615384615385,13,-12.429722222222223,0.0,0.0,0.0,14,34,0.0,1,1.0,-20,-20.0,14.0,34.0
2009,REG,ARI,0.05732261265702224,0.48721399730820997,743,-0.043475033576531645,0.40076335877862596,786,0.08211502529259557,0.0016591422100829735,0.15328467153284672,0.13398058252427184,0.14838709677419354,620,0.11638591117917305,653,36.0,29.0,-7.0,4.487562189054726,6.0,1.6683417085427135,0.3065326633165829,0.19095477386934673,199,1.469387755102041,0.2755102040816326,0.1836734693877551,196,1.8715277777777777,45.704861111111114,36.135416666666664,6.0,375,325,10.0,16,6.0,50,3.125,23.4375,20.3125
2009,REG,ATL,0.04765944846219526,0.42939814814814814,864,0.014933933228126256,0.44224037339556593,857,0.002612386211873642,-0.008120581888457979,0.11598440545808966,0.14387031408308004,0.09484193011647254,601,0.10051107325383304,587,25.0,27.0,2.0,3.9560185185185186,1.0,1.9,0.35294117647058826,0.17647058823529413,170,1.6608187134502923,0.3216374269005848,0.17543859649122806,171,1.06625,39.03125,25.881944444444446,4.0,363,325,9.0,16,7.0,38,2.375,22.6875,20.3125
2009,REG,BAL,0.04991592496445609,0.4498806682577566,838,-0.05342661599938164,0.40507859733978235,827,0.05568198942408251,-0.04505062229613208,0.13034825870646766,0.12257405515832483,0.13059033989266547,559,0.10839160839160839,572,21.0,33.0,12.0,3.4298850574712643,3.0,1.9125683060109289,0.34972677595628415,0.15846994535519127,183,1.2150537634408602,0.26344086021505375,0.1827956989247312,186,2.587170138888889,46.236111111111114,28.994791666666668,6.0,391,261,9.0,16,7.0,130,8.125,24.4375,16.3125
2009,REG,BUF,-0.09826710027791286,0.3764404609475032,781,-0.05795928547658476,0.4183783783783784,925,-0.029559034896260085,-0.04536208429675305,0.10963455149501661,0.13602251407129456,0.201171875,512,0.13957597173144876,566,28.0,35.0,7.0,4.707865168539326,9.0,1.1436170212765957,0.2712765957446808,0.19148936170212766,188,1.4739583333333333,0.2864583333333333,0.171875,192,-0.7585243055555556,35.83680555555556,14.45138888888889,4.0,258,326,6.0,16,10.0,-68,-4.25,16.125,20.375
2009,REG,CAR,-0.04941993077965447,0.41262135922330095,824,-0.07135858963276755,0.4256670902160102,787,0.009298810090263282,-0.06090198881982737,0.14043824701195218,0.12993762993762994,0.1217564870259481,501,0.13443830570902393,543,30.0,38.0,8.0,4.4323725055432375,3.0,1.3419689119170986,0.2849740932642487,0.17098445595854922,193,1.3756906077348066,0.26519337016574585,0.14917127071823205,181,1.0683680555555557,44.77256944444444,23.109375,4.0,315,308,8.0,16,8.0,7,0.4375,19.6875,19.25
2009,REG,CHI,-0.07505718272500235,0.40370370370370373,810,0.04416430266538433,0.447953216374269,855,-0.03971617565054311,0.042504421001825846,0.12016718913270637,0.13667649950835792,0.12622950819672132,610,0.1408695652173913,575,34.0,28.0,-6.0,4.285714285714286,4.0,1.5699481865284974,0.29533678756476683,0.22797927461139897,193,1.8652849740932642,0.35233160621761656,0.18134715025906736,193,-3.196736111111111,31.789930555555557,18.20486111111111,3.0,327,375,7.0,16,9.0,-48,-3.0,20.4375,23.4375
2009,REG,CIN,0.02470397868578124,0.4501758499413834,853,-0.06579351401777224,0.407496977025393,827,-0.0028773449095365698,-0.021880718682585985,0.12550200803212852,0.11838006230529595,0.10810810810810811,518,0.1183533447684391,583,25.0,25.0,0.0,3.9423558897243107,2.0,1.497175141242938,0.2994350282485876,0.2033898305084746,177,1.3945945945945946,0.2864864864864865,0.1837837837837838,185,0.9149999999999996,37.96180555555556,26.118055555555554,4.0,305,291,10.0,16,6.0,14,0.875,19.0625,18.1875
2009,REG,CLE,-0.1721593999117555,0.350253807106599,788,0.06109702161590806,0.43888242142025613,859,-0.12710442386119267,0.0626449834163515,0.10673575129533679,0.1520912547528517,0.12578616352201258,477,0.14554794520547945,584,32.0,18.0,-14.0,4.5810276679841895,4.0,0.9947089947089947,0.2328042328042328,0.20105820105820105,189,1.8279569892473118,0.3602150537634409,0.17204301075268819,186,-3.2755034722222223,30.041666666666668,14.737847222222221,4.0,245,375,5.0,16,11.0,-130,-8.125,15.3125,23.4375
2009,REG,DAL,0.11214303726521277,0.4654761904761905,840,-0.041474394159853316,0.3937575030012005,833,0.14744800540059705,-0.038207943328890014,0.16283716283716285,0.12976313079299692,0.12962962962962962,594,0.15335463258785942,626,18.0,22.0,4.0,3.96986301369863,0.0,1.8212290502793296,0.33519553072625696,0.12849162011173185,179,1.1878453038674033,0.2430939226519337,0.1878453038674033,181,3.595138888888889,49.67881944444444,31.265625,4.0,361,250,11.0,16,5.0,111,6.9375,22.5625,15.625
2009,REG,DEN,-0.015500425999709348,0.4228571428571429,875,-0.06561279005098504,0.40162980209545984,859,0.03270855050407921,-0.04354893154384196,0.1328125,0.13026052104208416,0.09333333333333334,600,0.12321428571428572,560,23.0,30.0,7.0,4.495633187772926,4.0,1.439153439153439,0.31746031746031744,0.17989417989417988,189,1.454054054054054,0.31351351351351353,0.21621621621621623,185,-0.4199131944444445,35.65104166666667,19.20486111111111,3.0,326,324,8.0,16,8.0,2,0.125,20.375,20.25
2009,REG,DET,-0.14017637992654405,0.3953771289537713,822,0.1312997872125876,0.4777777777777778,810,-0.10421028215546843,0.13849688070293414,0.11609756097560976,0.1365902293120638,0.14108527131782947,645,0.10571923743500866,577,42.0,22.0,-20.0,4.414847161572053,8.0,1.097938144329897,0.23711340206185566,0.18556701030927836,194,2.296875,0.4375,0.17708333333333334,192,-6.28375,16.45659722222222,6.734375,1.0,262,494,2.0,16,14.0,-232,-14.5,16.375,30.875
2009,REG,GB,0.13763687901205268,0.44656488549618323,786,-0.13455855768962297,0.37517433751743373,717,0.0413823306456005,-0.1403964663042968,0.1264705882352941,0.1283138918345705,0.14724919093851133,618,0.15017064846416384,586,16.0,40.0,24.0,3.592991913746631,2.0,2.1518324607329844,0.4031413612565445,0.13612565445026178,191,1.3279569892473118,0.25268817204301075,0.1774193548387097,186,6.295954861111111,59.01215277777778,41.729166666666664,7.0,461,297,11.0,16,5.0,164,10.25,28.8125,18.5625
2009,REG,HOU,0.08433687817940386,0.46882217090069284,866,-0.009467882227506172,0.42428035043804757,799,0.11492540766990982,-0.048323213519505435,0.14131501472031405,0.12993762993762994,0.14421553090332806,631,0.13874788494077833,591,31.0,24.0,-7.0,4.307304785894207,4.0,1.7967914438502675,0.33689839572192515,0.16042780748663102,187,1.5769230769230769,0.3076923076923077,0.1978021978021978,182,2.0971180555555553,40.50694444444444,27.213541666666664,4.0,388,333,9.0,16,7.0,55,3.4375,24.25,20.8125
2009,REG,IND,0.15270781465724348,0.49694749694749696,819,-0.008272485584110973,0.4588364434687157,911,0.10658084698317231,0.0036972767187612027,0.15025906735751296,0.1092436974789916,0.06957928802588997,618,0.1232,625,24.0,26.0,2.0,4.315565031982943,6.0,2.2471264367816093,0.3793103448275862,0.16091954022988506,174,1.558659217877095,0.329608938547486,0.15083798882681565,179,3.6098784722222224,55.494791666666664,33.90972222222222,5.0,416,307,14.0,16,2.0,109,6.8125,26.0,19.1875
2009,REG,JAX,-0.01109257810666015,0.4273182957393484,798,0.07901224226794967,0.44601542416452444,778,-0.03659987000455282,0.0023400121502420794,0.1442986881937437,0.14330218068535824,0.20840336134453782,595,0.08379888268156424,537,23.0,25.0,2.0,4.0456521739130435,3.0,1.5284090909090908,0.29545454545454547,0.1875,176,2.0952380952380953,0.38095238095238093,0.19047619047619047,168,-3.2127083333333335,30.991319444444443,17.56597222222222,2.0,290,380,7.0,16,9.0,-90,-5.625,18.125,23.75
2009,REG,KC,-0.13727799342440886,0.36247086247086246,858,0.06139576756958631,0.4450736126840317,883,-0.08953320207120882,0.09852501191242577,0.10968379446640317,0.13288718929254303,0.13764510779436154,603,0.08378870673952642,549,27.0,28.0,1.0,4.715630885122411,6.0,1.1584158415841583,0.2524752475247525,0.2376237623762376,202,1.7810945273631842,0.3582089552238806,0.19900497512437812,201,-5.021284722222222,18.270833333333336,6.168402777777778,1.0,294,424,4.0,16,12.0,-130,-8.125,18.375,26.5
2009,REG,LA,-0.22154455321707975,0.3764404609475032,781,0.08232657012556824,0.44597989949748745,796,-0.1590008366854203,0.09524157894412094,0.1096579476861167,0.15338042381432895,0.15859766277128548,599,0.13282732447817835,527,32.0,21.0,-11.0,4.402,6.0,0.7016574585635359,0.19337016574585636,0.2154696132596685,181,2.0489130434782608,0.358695652173913,0.20652173913043478,184,-7.533107638888889,13.305555555555557,1.996527777777778,1.0,175,436,1.0,16,15.0,-261,-16.3125,10.9375,27.25
2009,REG,LAC,0.15463892026152395,0.4427672955974843,795,0.006935502510334008,0.46971569839307786,809,0.13439157106940233,0.02073838935410873,0.16805845511482254,0.11764705882352941,0.09239130434782608,552,0.09466437177280551,581,17.0,26.0,9.0,4.432941176470588,2.0,2.458823529411765,0.4647058823529412,0.12352941176470589,170,1.6428571428571428,0.34523809523809523,0.17261904761904762,168,4.60390625,56.388888888888886,36.182291666666664,5.0,454,320,13.0,16,3.0,134,8.375,28.375,20.0
2009,REG,LV,-0.1650061499853526,0.3729456384323641,791,0.058249201845380814,0.425,840,-0.1458823943057312,0.11033276749249735,0.12004287245444802,0.14427860696517414,0.16878402903811252,551,0.12448979591836734,490,36.0,17.0,-19.0,4.54014598540146,9.0,1.0051546391752577,0.22164948453608246,0.27319587628865977,194,1.9170984455958548,0.3626943005181347,0.18134715025906736,193,-6.810920138888889,14.993055555555557,2.6753472222222223,0.0,197,379,5.0,16,11.0,-182,-11.375,12.3125,23.6875
2009,REG,MIA,-0.013240669903116902,0.4519956850053937,927,0.05768033934104346,0.4221165279429251,841,-0.06872468996771344,0.08221397375039119,0.11420612813370473,0.1452455590386625,0.10843373493975904,581,0.14,550,28.0,22.0,-6.0,4.205949656750572,3.0,1.729281767955801,0.3425414364640884,0.1878453038674033,181,1.924731182795699,0.3870967741935484,0.1881720430107527,186,-0.6224305555555556,31.515625,17.4375,2.0,360,390,7.0,16,9.0,-30,-1.875,22.5,24.375
2009,REG,MIN,0.07264873012088854,0.45454545454545453,803,-0.10669216757635122,0.4013793103448276,725,0.05278867343426496,-0.10885535082861966,0.14437984496124032,0.13211600429645542,0.141396933560477,587,0.16722408026755853,598,18.0,24.0,6.0,3.8910614525139664,1.0,2.202127659574468,0.42021276595744683,0.2074468085106383,188,1.4574468085106382,0.28191489361702127,0.26595744680851063,188,5.983420138888889,57.39409722222222,45.09722222222222,7.0,470,312,12.0,16,4.0,158,9.875,29.375,19.5
2009,REG,NE,0.1059833351023071,0.496551724137931,870,-0.017669056542960467,0.42839195979899497,796,0.10588200194797275,0.02539202501933467,0.13018867924528302,0.14070891514500536,0.11308562197092084,619,0.12614259597806216,547,22.0,27.0,5.0,4.442211055276382,4.0,2.1292134831460676,0.4101123595505618,0.15168539325842698,178,1.329608938547486,0.25139664804469275,0.19553072625698323,179,6.626684027777778,61.65972222222222,41.34722222222222,4.0,427,285,10.0,16,6.0,142,8.875,26.6875,17.8125
2009,REG,NO,0.16360040845096113,0.5048076923076923,832,-0.0002140149250613842,0.46226415094339623,848,0.17791977320907662,0.023365476151411393,0.15255905511811024,0.12584704743465633,0.0913884007029877,569,0.13548387096774195,620,28.0,37.0,9.0,4.518433179723503,5.0,2.3513513513513513,0.42162162162162165,0.15135135135135136,185,1.3762886597938144,0.30927835051546393,0.18556701030927836,194,2.999704861111111,52.296875,37.369791666666664,6.0,510,341,13.0,16,3.0,169,10.5625,31.875,21.3125
2009,REG,NYG,0.06417456624617209,0.44077134986225897,726,0.062157686071999396,0.4481203007518797,665,-0.004451262543049928,0.09034106185884,0.14442231075697212,0.14270500532481364,0.1254295532646048,582,0.16029143897996356,549,30.0,25.0,-5.0,4.158018867924528,2.0,1.9726775956284153,0.3770491803278688,0.16939890710382513,183,2.142857142857143,0.38461538461538464,0.19230769230769232,182,-0.7292881944444448,41.31076388888889,28.817708333333332,5.0,402,427,8.0,16,8.0,-25,-1.5625,25.125,26.6875
2009,REG,NYJ,-0.06790728279128254,0.3926940639269406,876,-0.1416178799608563,0.3558897243107769,798,-0.06468794039925198,-0.1099256994732941,0.13142292490118576,0.11452810180275716,0.11670480549199085,437,0.12885662431941924,551,33.0,28.0,-5.0,3.7482185273159145,1.0,1.4444444444444444,0.3181818181818182,0.18686868686868688,198,0.9037433155080213,0.20320855614973263,0.2887700534759358,187,3.558315972222222,53.677083333333336,36.75868055555556,5.0,348,236,9.0,16,7.0,112,7.0,21.75,14.75
2009,REG,PHI,0.08512979491585645,0.44308943089430897,738,-0.08363653400356559,0.3854166666666667,768,0.13271194449918938,-0.059400327891823604,0.1518324607329843,0.1267056530214425,0.09735973597359736,606,0.11912225705329153,638,24.0,37.0,13.0,4.0556900726392255,1.0,1.9583333333333333,0.3802083333333333,0.20833333333333334,192,1.4365482233502538,0.29949238578680204,0.17766497461928935,197,4.875590277777778,57.11805555555556,41.37152777777778,7.0,429,337,11.0,16,5.0,92,5.75,26.8125,21.0625
2009,REG,PIT,0.04126293762385573,0.4483870967741935,930,-0.037416031190006735,0.3902439024390244,902,0.09556051508897666,-0.11135917204609666,0.15030060120240482,0.12957157784743992,0.1226890756302521,595,0.12086092715231789,604,25.0,23.0,-2.0,3.8525469168900806,1.0,1.7814207650273224,0.3551912568306011,0.16393442622950818,183,1.4325842696629214,0.29213483146067415,0.19101123595505617,178,3.183333333333333,54.68402777777778,25.54340277777778,4.0,368,324,9.0,16,7.0,44,2.75,23.0,20.25
2009,REG,SEA,-0.1198852401620023,0.4013245033112583,755,0.06833106978423158,0.453929539295393,738,-0.0668762776712215,0.09646165722805422,0.11453320500481232,0.13577799801783944,0.13622754491017963,668,0.15091210613598674,603,32.0,22.0,-10.0,4.144522144522145,2.0,1.2731958762886597,0.26288659793814434,0.2422680412371134,194,1.8010204081632653,0.336734693877551,0.22959183673469388,196,-4.2839583333333335,24.74826388888889,14.246527777777779,3.0,280,390,5.0,16,11.0,-110,-6.875,17.5,24.375
2009,REG,SF,-0.0737168688183768,0.366412213740458,786,-0.10302672155610333,0.3891509433962264,848,-0.07326083439421091,-0.08130106701298612,0.11663066954643629,0.12147716229348883,0.14482758620689656,580,0.14668769716088328,634,22.0,34.0,12.0,3.643192488262911,2.0,1.5408163265306123,0.28061224489795916,0.29591836734693877,196,1.203883495145631,0.2669902912621359,0.23786407766990292,206,0.3081597222222222,41.17534722222222,23.255208333333332,5.0,330,281,8.0,16,8.0,49,3.0625,20.625,17.5625
2009,REG,TB,-0.17185634641902436,0.3616751269035533,788,0.0568288713132127,0.44653349001175086,851,-0.10533903705337437,0.07602910815577976,0.1259181532004197,0.1411764705882353,0.15294117647058825,595,0.1450381679389313,524,35.0,28.0,-7.0,4.775471698113208,7.0,0.9948453608247423,0.20103092783505155,0.23711340206185566,194,1.8842105263157896,0.3684210526315789,0.1736842105263158,190,-6.442916666666667,15.989583333333334,5.546875,0.0,244,400,3.0,16,13.0,-156,-9.75,15.25,25.0
2009,REG,TEN,0.04178516822393524,0.40971357409713577,803,0.06424224659501175,0.45384615384615384,780,-0.013951439036045551,0.07143652307202458,0.1411042944785276,0.12463199214916584,0.08301158301158301,518,0.13601236476043277,647,30.0,28.0,-2.0,4.25990099009901,2.0,1.7433155080213905,0.3315508021390374,0.1925133689839572,187,1.931578947368421,0.3631578947368421,0.1631578947368421,190,-3.0969791666666664,31.145833333333332,15.973958333333332,2.0,354,402,8.0,16,8.0,-48,-3.0,22.125,25.125
2009,REG,WAS,-0.05197298719857921,0.3971119133574007,831,0.019868186849648896,0.4311717861205916,879,-0.048423420747942786,0.04991653490486722,0.12200208550573514,0.11361310133060389,0.15257048092868988,603,0.13932980599647266,567,23.0,21.0,-2.0,4.015625,3.0,1.377906976744186,0.29651162790697677,0.19186046511627908,172,1.702247191011236,0.34269662921348315,0.16853932584269662,178,-3.5574999999999997,30.58159722222222,10.699652777777777,0.0,266,336,4.0,16,12.0,-70,-4.375,16.625,21.0
2010,POST,ATL,-0.3509320996015268,0.3103448275862069,29,0.47477268345860973,0.5777777777777777,45,-0.48865053318845836,0.3059773192284271,0.08333333333333333,0.17647058823529413,0.17647058823529413,34,0.1,40,4.0,1.0,-3.0,3.096774193548387,0.0,0.7777777777777778,0.2222222222222222,0.2222222222222222,9,4.1,0.7,0.0,10,-9.079722222222221,23.36111111111111,0.0,0.0,21,48,0.0,1,1.0,-27,-27.0,21.0,48.0
2010,POST,BAL,-0.10693068598749719,0.3611111111111111,108,-0.1908628909362541,0.39215686274509803,102,-0.16107804393053385,-0.3428616279889417,0.078125,0.09433962264150944,0.15584415584415584,77,0.20634920634920634,63,4.0,7.0,3.0,3.58,0.0,2.1363636363636362,0.4090909090909091,0.09090909090909091,22,1.2916666666666667,0.25,0.125,24,4.37,55.80555555555556,29.041666666666664,0.0,54,38,1.0,2,1.0,16,8.0,27.0,19.0
2010,POST,CHI,-0.04767471438796303,0.4069767441860465,86,-0.13945589285951385,0.40229885057471265,87,0.0921117485290429,0.1233220200611478,0.13768115942028986,0.1652892561983471,0.12987012987012986,77,0.08536585365853659,82,4.0,2.0,-2.0,3.5,0.0,1.5,0.25,0.17857142857142858,28,1.4074074074074074,0.2222222222222222,0.18518518518518517,27,3.434861111111111,47.736111111111114,45.986111111111114,1.0,49,45,1.0,2,1.0,4,2.0,24.5,22.5
2010,POST,GB,0.1751559845793406,0.47465437788018433,217,-0.11544347116758151,0.40654205607476634,214,0.19083308084252557,-0.06836404668107261,0.18181818181818182,0.1440677966101695,0.13013698630136986,146,0.12195121951219512,164,4.0,12.0,8.0,4.0602409638554215,0.0,2.1739130434782608,0.34782608695652173,0.10869565217391304,46,1.0666666666666667,0.24444444444444444,0.2,45,8.218194444444444,75.33333333333333,62.388888888888886,3.0,121,76,4.0,4,0.0,45,11.25,30.25,19.0
2010,POST,IND,0.05840779188794428,0.5,54,0.07312768084996947,0.4714285714285714,70,0.1532184680492231,0.0692240304559389,0.09259259259259259,0.1,0.037037037037037035,27,0.15151515151515152,33,0.0,1.0,1.0,4.447368421052632,0.0,1.7777777777777777,0.4444444444444444,0.2222222222222222,9,1.8888888888888888,0.3333333333333333,0.1111111111111111,9,1.353888888888889,36.02777777777778,1.3888888888888888,0.0,16,17,0.0,1,1.0,-1,-1.0,16.0,17.0
2010,POST,KC,-0.39199366212290315,0.4,35,0.11741886930994418,0.43859649122807015,57,-0.30040548474062234,0.05984549999677414,0.15384615384615385,0.07894736842105263,0.2608695652173913,23,0.16666666666666666,42,5.0,1.0,-4.0,3.55,0.0,0.6363636363636364,0.09090909090909091,0.18181818181818182,11,3.0,0.6,0.1,10,-5.126666666666667,28.111111111111107,4.694444444444444,0.0,7,30,0.0,1,1.0,-23,-23.0,7.0,30.0
2010,POST,NE,-0.14217068658503954,0.45714285714285713,70,0.1761609636798369,0.4375,48,-0.013854950598695062,0.08060799072942852,0.09090909090909091,0.1320754716981132,0.14,50,0.0,25,1.0,0.0,-1.0,4.137931034482759,0.0,1.6666666666666667,0.3333333333333333,0.08333333333333333,12,2.3333333333333335,0.3333333333333333,0.08333333333333333,12,-5.5275,9.583333333333334,0.0,0.0,21,28,0.0,1,1.0,-7,-7.0,21.0,28.0
2010,POST,NO,0.054627969886384686,0.4507042253521127,71,0.2631189084104681,0.5454545454545454,55,0.13717832074827593,0.2573662917305672,0.12345679012345678,0.11666666666666667,0.06666666666666667,60,0.10810810810810811,37,1.0,1.0,0.0,6.25,1.0,2.8461538461538463,0.5384615384615384,0.07692307692307693,13,3.1538461538461537,0.5384615384615384,0.15384615384615385,13,-2.971388888888889,32.77777777777778,0.0,0.0,36,41,0.0,1,1.0,-5,-5.0,36.0,41.0
2010,POST,NYJ,0.05792147841845459,0.4251497005988024,167,-0.020567995164429583,0.47752808988764045,178,0.062252690386969706,0.08082827589687634,0.12222222222222222,0.09947643979057591,0.09574468085106383,94,0.0970873786407767,103,2.0,3.0,1.0,3.7777777777777777,1.0,1.8333333333333333,0.3333333333333333,0.13333333333333333,30,1.7,0.36666666666666664,0.1,30,-1.8973148148148151,27.583333333333332,16.175925925925927,0.0,64,61,2.0,3,1.0,3,1.0,21.333333333333332,20.333333333333332
2010,POST,PHI,0.08929719206696123,0.4666666666666667,60,0.19468510670412797,0.5,58,0.1237945308948047,0.18568000032467788,0.18333333333333332,0.11666666666666667,0.07142857142857142,42,0.1,30,2.0,1.0,-1.0,4.3125,1.0,1.7,0.3,0.1,10,2.1,0.3,0.1,10,-6.7075,0.0,0.0,0.0,16,21,0.0,1,1.0,-5,-5.0,16.0,21.0
2010,POST,PIT,-0.026441008303981512,0.44324324324324327,185,-0.08665428537781819,0.33986928104575165,153,-0.1349926585375908,-0.1173361518916576,0.11518324607329843,0.13580246913580246,0.12612612612612611,111,0.1504424778761062,113,7.0,4.0,-3.0,2.9245283018867925,0.0,1.6470588235294117,0.35294117647058826,0.08823529411764706,34,1.5454545454545454,0.30303030303030304,0.15151515151515152,33,-0.24851851851851828,36.72222222222222,26.472222222222225,1.0,80,74,2.0,3,1.0,6,2.0,26.666666666666668,24.666666666666668
2010,POST,SEA,0.0724888465347708,0.4691358024691358,81,0.18108426974196615,0.4895833333333333,96,0.13827736566623022,0.16757418157017467,0.1,0.13548387096774195,0.08235294117647059,85,0.0851063829787234,94,1.0,2.0,1.0,3.7205882352941178,0.0,2.5,0.4230769230769231,0.19230769230769232,26,2.6666666666666665,0.4444444444444444,0.07407407407407407,27,-6.993055555555555,26.15277777777778,20.25,0.0,65,71,1.0,2,1.0,-6,-3.0,32.5,35.5
2010,REG,ARI,-0.2304344254740884,0.35104895104895106,715,-0.03376605742917114,0.4107142857142857,840,-0.15760108277588356,-0.012554637730903371,0.12580645161290321,0.1496282527881041,0.14814814814814814,621,0.11815068493150685,584,32.0,31.0,-1.0,4.416349809885932,7.0,1.0052631578947369,0.23684210526315788,0.24736842105263157,190,1.7549019607843137,0.39705882352941174,0.12745098039215685,204,-4.85078125,23.59722222222222,12.09375,0.0,289,434,5.0,16,11.0,-145,-9.0625,18.0625,27.125
2010,REG,ATL,0.058910815240702775,0.4276595744680851,940,-0.06079037761968379,0.42138364779874216,795,0.006330865347508601,-0.01297778042608545,0.1195551436515292,0.12750263435194942,0.10144927536231885,621,0.0915032679738562,612,17.0,30.0,13.0,4.628415300546448,4.0,2.044943820224719,0.39325842696629215,0.12921348314606743,178,1.3388888888888888,0.2611111111111111,0.16111111111111112,180,3.762447916666667,49.046875,34.55902777777778,5.0,414,288,13.0,16,3.0,126,7.875,25.875,18.0
2010,REG,BAL,0.018828313530300046,0.41956521739130437,920,-0.07290597640995947,0.3856988082340195,923,0.03513186260939662,-0.017868764653807476,0.124,0.11835506519558676,0.14917127071823205,543,0.09859154929577464,639,19.0,28.0,9.0,3.9140625,3.0,1.746031746031746,0.328042328042328,0.164021164021164,189,1.345945945945946,0.2918918918918919,0.1891891891891892,185,3.8283506944444445,63.052083333333336,34.645833333333336,6.0,357,270,12.0,16,4.0,87,5.4375,22.3125,16.875
2010,REG,BUF,-0.07800763100259188,0.4044943820224719,801,0.08414709145593267,0.4727474972191324,899,-0.08125577725388294,0.10275616872363083,0.12302839116719243,0.1366223908918406,0.16234887737478412,579,0.10485436893203884,515,39.0,22.0,-17.0,4.7596491228070175,9.0,1.3296703296703296,0.25274725274725274,0.1978021978021978,182,2.031413612565445,0.39267015706806285,0.14659685863874344,191,-5.097690972222222,21.56597222222222,11.20486111111111,2.0,283,425,4.0,16,12.0,-142,-8.875,17.6875,26.5625
2010,REG,CAR,-0.25366731496636297,0.3194630872483222,745,-0.012880518263534884,0.43617021276595747,846,-0.19052257044674892,0.010352790791936664,0.10960334029227557,0.13928914505283382,0.1678832116788321,548,0.13756613756613756,567,37.0,29.0,-8.0,3.9305555555555554,4.0,0.7360406091370558,0.20812182741116753,0.2436548223350254,197,1.8172588832487309,0.350253807106599,0.14720812182741116,197,-6.675694444444444,15.09201388888889,6.559027777777777,1.0,196,408,2.0,16,14.0,-212,-13.25,12.25,25.5
2010,REG,CHI,-0.07598315586491723,0.4,805,-0.10906969170302372,0.4149821640903686,841,-0.01070930417070226,-0.07204406257230324,0.1341330425299891,0.12804878048780488,0.16727272727272727,550,0.11912225705329153,638,31.0,35.0,4.0,3.7235142118863047,2.0,1.393939393939394,0.29292929292929293,0.22727272727272727,198,1.1785714285714286,0.25,0.1989795918367347,196,0.9394618055555556,43.579861111111114,22.96875,2.0,334,286,11.0,16,5.0,48,3.0,20.875,17.875
2010,REG,CIN,-0.08926480625349015,0.4322799097065463,886,0.009133071025710022,0.42053789731051344,818,-0.0757902858797564,0.05465138492575212,0.11627906976744186,0.1372340425531915,0.1184,625,0.13537906137184116,554,34.0,26.0,-8.0,4.430288461538462,4.0,1.4,0.30526315789473685,0.15263157894736842,190,1.7692307692307692,0.3516483516483517,0.1813186813186813,182,-2.5254861111111113,30.927083333333336,14.131944444444445,2.0,322,395,4.0,16,12.0,-73,-4.5625,20.125,24.6875
2010,REG,CLE,-0.11429406457725741,0.39805825242718446,824,0.022598675835294124,0.4388888888888889,900,-0.07810400583423902,0.023088307534164756,0.11732456140350878,0.123046875,0.1169811320754717,530,0.13333333333333333,555,28.0,29.0,1.0,4.099009900990099,4.0,1.2921348314606742,0.2752808988764045,0.20224719101123595,178,1.6534090909090908,0.3409090909090909,0.125,176,-0.2666666666666668,42.567708333333336,15.822916666666666,4.0,271,332,5.0,16,11.0,-61,-3.8125,16.9375,20.75
2010,REG,DAL,0.018996380023233624,0.4434389140271493,884,0.039436468758814826,0.4138755980861244,836,-0.00719231108036635,0.09025991435999525,0.1424390243902439,0.13778705636743216,0.11811023622047244,635,0.11643835616438356,584,29.0,31.0,2.0,4.313432835820896,5.0,1.6830601092896176,0.3442622950819672,0.18032786885245902,183,1.7765957446808511,0.3670212765957447,0.15425531914893617,188,-2.1225868055555557,28.947916666666668,17.178819444444443,1.0,394,436,6.0,16,10.0,-42,-2.625,24.625,27.25
2010,REG,DEN,-0.051490285383273805,0.38642297650130547,766,0.10821116137701432,0.4160206718346253,774,0.0365928085576851,0.11712913977426379,0.15690168818272096,0.15642994241842612,0.0998439937597504,641,0.11131725417439703,539,26.0,19.0,-7.0,4.657250470809793,8.0,1.6122448979591837,0.30612244897959184,0.20918367346938777,196,2.2311557788944723,0.40703517587939697,0.18592964824120603,199,-4.048420138888889,21.09722222222222,12.755208333333332,2.0,344,471,4.0,16,12.0,-127,-7.9375,21.5,29.4375
2010,REG,DET,-0.031919589766285096,0.41041666666666665,960,0.004688845825124683,0.44594594594594594,888,-0.06778261300569532,0.025090857617142717,0.12132701421800948,0.13549039433771487,0.09467455621301775,676,0.1440677966101695,590,25.0,29.0,4.0,4.52262443438914,6.0,1.621761658031088,0.32124352331606215,0.21243523316062177,193,1.6632124352331605,0.31088082901554404,0.17098445595854922,193,-0.22734374999999996,34.10590277777778,11.765625,2.0,362,369,6.0,16,10.0,-7,-0.4375,22.625,23.0625
2010,REG,GB,0.07160301077724043,0.458041958041958,858,-0.09237140832714236,0.39859320046893315,853,0.08511115084940901,-0.057470932242029205,0.13109756097560976,0.13857290589451912,0.10823909531502424,619,0.14720812182741116,591,23.0,31.0,8.0,4.643939393939394,3.0,1.8907103825136613,0.34972677595628415,0.18579234972677597,183,1.1263736263736264,0.25274725274725274,0.23626373626373626,182,5.1233506944444445,58.661458333333336,31.696180555555557,5.0,388,240,10.0,16,6.0,148,9.25,24.25,15.0
2010,REG,HOU,0.09855070067591308,0.4618991793669402,853,0.19487454930020282,0.5,830,0.13607568795745162,0.17126321260195343,0.15551181102362205,0.1470292044310171,0.12355848434925865,607,0.15436241610738255,596,18.0,18.0,0.0,4.039170506912442,4.0,2.094972067039106,0.39664804469273746,0.1452513966480447,179,2.3333333333333335,0.40229885057471265,0.13218390804597702,174,-2.5406597222222222,31.53472222222222,20.19965277777778,4.0,390,427,6.0,16,10.0,-37,-2.3125,24.375,26.6875
2010,REG,IND,0.09715415151141372,0.4788877445932029,971,-0.008348825687783267,0.47268408551068886,842,0.12495331336422402,0.055835001597318704,0.11369990680335508,0.1227364185110664,0.06752873563218391,696,0.11458333333333333,576,26.0,20.0,-6.0,4.5662921348314605,7.0,2.0391061452513966,0.4022346368715084,0.1340782122905028,179,1.7513812154696133,0.3701657458563536,0.1878453038674033,181,2.254965277777778,51.93055555555556,32.24131944444444,9.0,435,388,10.0,16,6.0,47,2.9375,27.1875,24.25
2010,REG,JAX,0.05338417447590274,0.45936395759717313,849,0.1111079368464431,0.4565483476132191,817,0.06809911730767174,0.11351009656490729,0.14172447968285432,0.16098081023454158,0.20186915887850468,535,0.1213235294117647,544,30.0,21.0,-9.0,4.669064748201439,5.0,1.8757062146892656,0.3502824858757062,0.07344632768361582,177,2.2471264367816093,0.40229885057471265,0.1781609195402299,174,-2.2617361111111114,28.44097222222222,18.196180555555557,3.0,353,419,8.0,16,8.0,-66,-4.125,22.0625,26.1875
2010,REG,KC,0.05284604051311391,0.4323671497584541,828,-0.03369311944168086,0.39585870889159563,821,0.08235039182797274,-0.023195752720874718,0.14666666666666667,0.126232741617357,0.1417624521072797,522,0.12954186413902052,633,16.0,21.0,5.0,4.323529411764706,3.0,1.6614583333333333,0.3125,0.1875,192,1.40625,0.28125,0.16145833333333334,192,1.6361458333333332,50.35243055555556,32.842013888888886,5.0,366,326,10.0,16,6.0,40,2.5,22.875,20.375
2010,REG,LA,-0.07077328240616843,0.38831615120274915,873,-0.0529910861472859,0.39724454649827784,871,-0.05175164646635963,0.007407015333722664,0.1143131604226705,0.1465603190428714,0.12087912087912088,637,0.14622641509433962,636,20.0,26.0,6.0,4.469135802469136,3.0,1.3417085427135678,0.3015075376884422,0.22613065326633167,199,1.5654450261780104,0.3298429319371728,0.19895287958115182,191,0.14125000000000004,46.30902777777778,25.31423611111111,3.0,289,328,7.0,16,9.0,-39,-2.4375,18.0625,20.5
2010,REG,LAC,0.10387679003462723,0.4575645756457565,813,-0.10265187891244133,0.3900134952766532,741,0.09005910083038124,-0.04971451619804515,0.16391852570320078,0.11650485436893204,0.11973018549747048,593,0.10727272727272727,550,28.0,24.0,-4.0,3.712871287128713,3.0,2.0698924731182795,0.4032258064516129,0.14516129032258066,186,1.3532608695652173,0.2608695652173913,0.24456521739130435,184,2.2656944444444447,43.30208333333333,31.61284722222222,4.0,441,322,9.0,16,7.0,119,7.4375,27.5625,20.125
2010,REG,LV,-0.039115471301475156,0.38077858880778587,822,-0.005342331725039881,0.38978829389788294,803,-0.035103519152611506,0.028639684898310903,0.13294232649071358,0.14476386036960986,0.13427561837455831,566,0.16446124763705103,529,29.0,21.0,-8.0,4.510548523206751,5.0,1.7635467980295567,0.3448275862068966,0.1921182266009852,203,1.6195121951219513,0.3121951219512195,0.2048780487804878,205,1.5417534722222221,42.80902777777778,23.38715277777778,3.0,410,371,8.0,16,8.0,39,2.4375,25.625,23.1875
2010,REG,MIA,-0.05089248973321652,0.4256900212314225,942,-0.025723444006898244,0.38111490329920367,879,-0.021077613471378376,-0.00664651714171786,0.12074001947419669,0.12886597938144329,0.11165048543689321,618,0.13416815742397137,559,28.0,21.0,-7.0,3.58165548098434,2.0,1.281081081081081,0.2972972972972973,0.16216216216216217,185,1.558011049723757,0.3149171270718232,0.22099447513812154,181,-1.724079861111111,34.19965277777778,15.055555555555555,3.0,273,333,7.0,16,9.0,-60,-3.75,17.0625,20.8125
2010,REG,MIN,-0.09739547721024025,0.43611793611793614,814,-0.017603247786719466,0.413751507840772,829,-0.009220180815933832,-0.01921383918178791,0.13347022587268995,0.12448132780082988,0.15302491103202848,562,0.1323024054982818,582,38.0,24.0,-14.0,3.920863309352518,3.0,1.1957671957671958,0.24867724867724866,0.12698412698412698,189,1.548913043478261,0.28804347826086957,0.17391304347826086,184,-2.324652777777778,23.041666666666668,12.598958333333332,0.0,281,348,6.0,16,10.0,-67,-4.1875,17.5625,21.75
2010,REG,NE,0.21851718790558253,0.4971830985915493,710,-0.033729716425627956,0.4528061224489796,784,0.16614699311813017,-0.07597531029622404,0.14730290456431536,0.13757115749525617,0.09869646182495345,537,0.10029940119760479,668,11.0,37.0,26.0,4.2317073170731705,1.0,2.7590361445783134,0.46987951807228917,0.14457831325301204,166,1.4375,0.3068181818181818,0.1534090909090909,176,7.419895833333333,61.036458333333336,46.31944444444444,6.0,518,313,14.0,16,2.0,205,12.8125,32.375,19.5625
2010,REG,NO,0.044760599519475884,0.46760259179265656,926,-0.04475597700054536,0.3997524752475248,808,0.03511598099701779,-0.06010812853688939,0.12285714285714286,0.12686567164179105,0.09766763848396501,686,0.12979890310786105,547,33.0,23.0,-10.0,4.268408551068884,3.0,1.9195402298850575,0.3850574712643678,0.14942528735632185,174,1.4855491329479769,0.3179190751445087,0.19653179190751446,173,3.7172395833333334,56.736111111111114,29.552083333333332,2.0,384,307,11.0,16,5.0,77,4.8125,24.0,19.1875
2010,REG,NYG,0.05985368338472151,0.4580559254327563,751,-0.10387856708963208,0.39344262295081966,732,0.11678987735560875,-0.04067686414220189,0.15088757396449703,0.12551867219917012,0.09219858156028368,564,0.1821138211382114,615,42.0,38.0,-4.0,4.16452442159383,4.0,1.7439613526570048,0.32367149758454106,0.15942028985507245,207,1.5544554455445545,0.2871287128712871,0.15841584158415842,202,2.6874305555555558,48.357638888888886,34.64409722222222,5.0,394,347,10.0,16,6.0,47,2.9375,24.625,21.6875
2010,REG,NYJ,-0.000528532936436931,0.4182939362795478,973,-0.09973656703587798,0.3695652173913043,874,0.028175661336771816,-0.12253316397378806,0.1239515377446412,0.12616339193381593,0.09269162210338681,561,0.13435374149659865,588,22.0,29.0,7.0,3.5637254901960786,1.0,1.6130653266331658,0.32160804020100503,0.20603015075376885,199,1.36318407960199,0.263681592039801,0.2537313432835821,201,0.8361979166666669,44.19791666666667,20.15798611111111,3.0,367,304,11.0,16,5.0,63,3.9375,22.9375,19.0
2010,REG,PHI,0.07882247603161358,0.4460093896713615,852,-0.015463969394139963,0.4065533980582524,824,0.08221214023878168,-0.015731701632648303,0.16094210009813542,0.1460446247464503,0.1518796992481203,665,0.11735537190082644,605,24.0,34.0,10.0,4.143867924528302,2.0,2.0255102040816326,0.3979591836734694,0.16326530612244897,196,1.7216494845360826,0.31443298969072164,0.18556701030927836,194,2.9305902777777777,50.86284722222222,33.454861111111114,3.0,439,377,10.0,16,6.0,62,3.875,27.4375,23.5625
2010,REG,PIT,0.05411264932766733,0.3956185567010309,776,-0.14096826315462269,0.3839050131926121,758,0.03399013959646782,-0.1263705109710767,0.15447991761071062,0.10569948186528498,0.14661654135338345,532,0.12691131498470948,654,19.0,33.0,14.0,3.0089820359281436,0.0,1.8826815642458101,0.3687150837988827,0.1564245810055866,179,1.100558659217877,0.2569832402234637,0.1787709497206704,179,4.978559027777778,55.390625,33.111111111111114,5.0,375,232,12.0,16,4.0,143,8.9375,23.4375,14.5
2010,REG,SEA,-0.1309314569124107,0.386094674556213,676,0.0524316256483932,0.42105263157894735,760,-0.05231655068973652,0.039422802116219596,0.10782241014799154,0.13446969696969696,0.10588235294117647,595,0.11968503937007874,635,31.0,22.0,-9.0,4.210176991150442,3.0,1.2295918367346939,0.2653061224489796,0.2193877551020408,196,1.875,0.359375,0.20833333333333334,192,-4.423072916666667,32.796875,18.796875,3.0,310,407,7.0,16,9.0,-97,-6.0625,19.375,25.4375
2010,REG,SF,-0.039339703070897174,0.39118825100133514,749,-0.03685635860525396,0.42052565707133915,799,-0.0027401928013733204,0.020799939658249108,0.14025695931477516,0.1123046875,0.16934046345811052,561,0.11475409836065574,610,21.0,23.0,2.0,3.460850111856823,0.0,1.3210526315789475,0.26842105263157895,0.21578947368421053,190,1.471794871794872,0.31794871794871793,0.21025641025641026,195,-0.5534027777777777,37.638888888888886,17.178819444444443,3.0,305,346,6.0,16,10.0,-41,-2.5625,19.0625,21.625
2010,REG,TB,0.035290117198762114,0.4077669902912621,824,0.0059614942993070396,0.4232558139534884,860,-0.012351596322017393,-0.005409674737359363,0.1523809523809524,0.14549180327868852,0.1256637168141593,565,0.1051693404634581,561,17.0,30.0,13.0,4.739325842696629,8.0,1.744186046511628,0.3372093023255814,0.16279069767441862,172,1.5536723163841808,0.2937853107344633,0.11864406779661017,177,-1.1125694444444445,33.26215277777778,18.37847222222222,3.0,341,318,10.0,16,6.0,23,1.4375,21.3125,19.875
2010,REG,TEN,-0.05693995551060897,0.3800277392510402,721,0.03753460932326098,0.443024494142705,939,-0.0275460925248004,0.013501906009837927,0.13646532438478748,0.12400354295837024,0.09375,512,0.1395007342143906,681,30.0,24.0,-6.0,3.9029535864978904,3.0,1.7608695652173914,0.33152173913043476,0.19021739130434784,184,1.6885245901639345,0.3770491803278688,0.1366120218579235,183,-0.18189236111111107,35.55034722222222,20.692708333333332,4.0,356,339,6.0,16,10.0,17,1.0625,22.25,21.1875
2010,REG,WAS,-0.10140264846050767,0.39289678135405104,901,0.033264627530346924,0.4533898305084746,944,-0.03924528346078854,0.08075199884067252,0.1432896064581231,0.151252408477842,0.16591251885369532,663,0.10828025477707007,628,32.0,26.0,-6.0,4.591011235955056,5.0,1.2390243902439024,0.2634146341463415,0.18536585365853658,205,1.6551724137931034,0.3251231527093596,0.1921182266009852,203,-3.1265972222222222,30.602430555555557,12.52951388888889,3.0,302,377,6.0,16,10.0,-75,-4.6875,18.875,23.5625
2011,POST,ATL,-0.21258580700261517,0.36,50,0.20352833880439447,0.4146341463414634,41,-0.05777577305303162,-0.1114247629754165,0.09375,0.1746031746031746,0.1590909090909091,44,0.14705882352941177,34,,,,5.548387096774194,0.0,0.0,0.0,0.36363636363636365,11,2.0,0.36363636363636365,0.18181818181818182,11,-6.786944444444444,18.194444444444443,0.0,0.0,2,24,0.0,1,1.0,-22,-22.0,2.0,24.0
2011,POST,BAL,-0.06948305123802145,0.3953488372093023,129,-0.02177335999391114,0.4409448818897638,127,-0.02441589646225207,-0.03596798368880168,0.10606060606060606,0.12598425196850394,0.17333333333333334,75,0.06944444444444445,72,2.0,6.0,4.0,3.847457627118644,1.0,1.5384615384615385,0.3076923076923077,0.4230769230769231,26,1.44,0.32,0.24,25,1.7029166666666664,51.69444444444445,29.26388888888889,0.0,40,36,1.0,2,1.0,4,2.0,20.0,18.0
2011,POST,CIN,-0.2031888662497686,0.3958333333333333,48,0.142440721006817,0.38095238095238093,42,-0.21478110287539862,0.23932357811067692,0.13846153846153847,0.16071428571428573,0.10638297872340426,47,0.13636363636363635,22,3.0,0.0,-3.0,5.371428571428571,1.0,0.2727272727272727,0.18181818181818182,0.09090909090909091,11,2.4,0.4,0.1,10,-5.574722222222222,13.38888888888889,0.0,0.0,10,31,0.0,1,1.0,-21,-21.0,10.0,31.0
2011,POST,DEN,0.06479383491963908,0.38095238095238093,84,0.19140245614747636,0.5,102,0.055635555013110724,0.24090629796113786,0.16129032258064516,0.20454545454545456,0.12727272727272726,55,0.12195121951219512,82,2.0,3.0,1.0,5.69811320754717,1.0,1.6,0.32,0.28,25,2.9565217391304346,0.5217391304347826,0.08695652173913043,23,-8.315972222222223,33.0,30.51388888888889,0.0,39,68,1.0,2,1.0,-29,-14.5,19.5,34.0
2011,POST,DET,0.3527421855556202,0.5476190476190477,42,0.32894261080004555,0.6617647058823529,68,0.29340743757989807,0.1807205565083245,0.20754716981132076,0.1794871794871795,0.11627906976744186,43,0.08888888888888889,45,2.0,2.0,0.0,4.638888888888889,0.0,3.111111111111111,0.4444444444444444,0.1111111111111111,9,4.5,0.7,0.0,10,-1.0772222222222223,38.44444444444444,0.0,0.0,28,45,0.0,1,1.0,-17,-17.0,28.0,45.0
2011,POST,GB,-0.1658763396623123,0.39344262295081966,61,0.2476471404384829,0.43137254901960786,51,-0.24074619139867778,0.25910476799440774,0.1643835616438356,0.22413793103448276,0.10909090909090909,55,0.20588235294117646,34,4.0,1.0,-3.0,3.5185185185185186,0.0,1.8181818181818181,0.36363636363636365,0.0,11,3.0833333333333335,0.5833333333333334,0.08333333333333333,12,-5.721111111111111,0.0,0.0,0.0,20,37,0.0,1,1.0,-17,-17.0,20.0,37.0
2011,POST,HOU,0.0005770456001124067,0.38461538461538464,104,-0.21862415252212117,0.34579439252336447,107,0.0619510584481759,-0.14096001816506032,0.16101694915254236,0.11023622047244094,0.08771929824561403,57,0.13924050632911392,79,3.0,4.0,1.0,3.26,0.0,1.5416666666666667,0.2916666666666667,0.20833333333333334,24,0.8846153846153846,0.23076923076923078,0.34615384615384615,26,0.050000000000000266,27.930555555555557,24.916666666666668,0.0,44,30,1.0,2,1.0,14,7.0,22.0,15.0
2011,POST,NE,0.1753832407357493,0.51875,160,0.07893603911472351,0.49411764705882355,170,0.13555682403411368,0.06559605487498955,0.14736842105263157,0.11428571428571428,0.12280701754385964,114,0.16101694915254236,118,6.0,2.0,-4.0,3.74,0.0,2.59375,0.46875,0.15625,32,1.5151515151515151,0.30303030303030304,0.24242424242424243,33,7.8819444444444455,69.00925925925925,37.27777777777778,1.0,85,51,2.0,3,1.0,34,11.333333333333334,28.333333333333332,17.0
2011,POST,NO,0.2052224776517673,0.5675675675675675,148,0.16631805823267182,0.44954128440366975,109,0.17325646888146143,0.19083944328540806,0.12658227848101267,0.16666666666666666,0.13392857142857142,112,0.13636363636363635,88,6.0,4.0,-2.0,5.303030303030303,0.0,3.04,0.48,0.12,25,2.6,0.44,0.16,25,-1.9552777777777777,26.319444444444446,12.805555555555555,0.0,77,64,1.0,2,1.0,13,6.5,38.5,32.0
2011,POST,NYG,0.1072476797037148,0.44176706827309237,249,-0.05048236314666408,0.40611353711790393,229,0.09328439125622968,-0.009031852273340205,0.13309352517985612,0.13725490196078433,0.1676300578034682,173,0.14367816091954022,174,3.0,5.0,2.0,4.8791208791208796,0.0,2.020408163265306,0.3877551020408163,0.16326530612244897,49,1.1555555555555554,0.2222222222222222,0.26666666666666666,45,2.9700694444444444,45.39583333333333,21.708333333333336,1.0,102,56,4.0,4,0.0,46,11.5,25.5,14.0
2011,POST,PIT,0.10063185335946201,0.47058823529411764,68,0.18995912772901227,0.3333333333333333,54,0.16129363023313037,0.2164428120621861,0.20588235294117646,0.2037037037037037,0.14893617021276595,47,0.0,23,1.0,1.0,0.0,3.8529411764705883,0.0,2.090909090909091,0.45454545454545453,0.09090909090909091,11,2.5,0.5,0.16666666666666666,12,-5.578055555555555,21.333333333333336,0.0,0.0,23,29,0.0,1,1.0,-6,-6.0,23.0,29.0
2011,POST,SF,0.0022324940685331295,0.3629032258064516,124,0.0010598986077483366,0.437125748502994,167,0.12358094000107182,0.06750591024187584,0.13709677419354838,0.07784431137724551,0.14102564102564102,78,0.17829457364341086,129,2.0,6.0,4.0,3.05,0.0,1.8,0.3333333333333333,0.3,30,1.59375,0.28125,0.25,32,3.1243055555555554,53.138888888888886,24.23611111111111,0.0,53,52,1.0,2,1.0,1,0.5,26.5,26.0
2011,REG,ARI,-0.10347892230398263,0.40211019929660025,853,-0.0029883631441453328,0.4236760124610592,963,-0.05265452238026159,0.08092451781170844,0.12040816326530612,0.13184772516248838,0.14331210191082802,628,0.13312693498452013,646,31.0,20.0,-11.0,4.181052631578948,2.0,1.3467336683417086,0.2613065326633166,0.19597989949748743,199,1.4754901960784315,0.3284313725490196,0.14705882352941177,204,-3.4639583333333333,23.42013888888889,9.296875,1.0,312,348,8.0,16,8.0,-36,-2.25,19.5,21.75
2011,REG,ATL,0.09222648711242476,0.4369047619047619,840,0.009020414085900482,0.4167725540025413,787,0.06993571009055156,-0.05779466828207482,0.15583173996175909,0.148380355276907,0.13990461049284578,629,0.13452188006482982,617,21.0,29.0,8.0,4.160857908847185,2.0,1.8449197860962567,0.37433155080213903,0.15508021390374332,187,1.6277777777777778,0.32222222222222224,0.2111111111111111,180,3.874253472222222,50.786458333333336,36.66493055555556,6.0,402,350,10.0,16,6.0,52,3.25,25.125,21.875
2011,REG,BAL,0.06688812708979586,0.4207980652962515,827,-0.12232326563788105,0.3818646232439336,783,0.03028068630241475,-0.10974023765362112,0.12303149606299213,0.10483870967741936,0.1348122866894198,586,0.15640599001663893,601,24.0,26.0,2.0,3.5369928400954653,3.0,1.7258064516129032,0.3548387096774194,0.13440860215053763,186,1.0797872340425532,0.26595744680851063,0.19148936170212766,188,4.243888888888889,56.48784722222222,39.208333333333336,8.0,378,266,12.0,16,4.0,112,7.0,23.625,16.625
2011,REG,BUF,0.015486602416199162,0.43631778058007564,793,0.10903580820438492,0.4714828897338403,789,0.07501466070599892,0.14066394192292145,0.14271151885830785,0.16700404858299595,0.112,625,0.10344827586206896,551,31.0,30.0,-1.0,4.756410256410256,6.0,1.5502645502645502,0.31216931216931215,0.20105820105820105,189,1.8783068783068784,0.37037037037037035,0.18518518518518517,189,-2.1469965277777776,32.74652777777778,21.84201388888889,3.0,372,434,6.0,16,10.0,-62,-3.875,23.25,27.125
2011,REG,CAR,0.10626322790278503,0.45104895104895104,858,0.09541971881248203,0.46291866028708134,836,0.10479559388588154,0.09484920006852612,0.18642350557244175,0.16927899686520376,0.11204013377926421,598,0.0914179104477612,536,23.0,24.0,1.0,4.64079822616408,7.0,2.0502793296089385,0.3854748603351955,0.1452513966480447,179,2.3333333333333335,0.4269005847953216,0.09941520467836257,171,1.3710416666666667,44.82986111111111,27.40277777777778,5.0,406,429,6.0,16,10.0,-23,-1.4375,25.375,26.8125
2011,REG,CHI,-0.055593054789571494,0.39540816326530615,784,-0.04020919080965833,0.38610478359908884,878,-0.03410974508790184,-0.03337465415020005,0.15995872033023736,0.13026819923371646,0.16453382084095064,547,0.10263929618768329,682,31.0,29.0,-2.0,4.005194805194805,2.0,1.2914572864321607,0.2864321608040201,0.23618090452261306,199,1.2610837438423645,0.3054187192118227,0.2019704433497537,203,1.9223090277777777,44.494791666666664,28.17534722222222,4.0,353,341,8.0,16,8.0,12,0.75,22.0625,21.3125
2011,REG,CIN,-0.013976416257784351,0.4213362068965517,928,-0.04409208174827129,0.4017857142857143,896,-0.015206481310464733,0.0011992263587463955,0.1154228855721393,0.1227364185110664,0.10787671232876712,584,0.17529215358931552,599,21.0,22.0,1.0,3.931924882629108,3.0,1.532994923857868,0.3248730964467005,0.2131979695431472,197,1.405,0.285,0.245,200,-0.7245486111111112,34.697916666666664,17.944444444444446,3.0,344,323,9.0,16,7.0,21,1.3125,21.5,20.1875
2011,REG,CLE,-0.12005961870591546,0.3836405529953917,868,0.01914159425360532,0.4306487695749441,894,-0.0868710665801077,0.0052498527304306606,0.09189723320158102,0.119960668633235,0.1325115562403698,649,0.12092130518234165,521,18.0,21.0,3.0,4.417602996254682,8.0,1.1,0.24444444444444444,0.16111111111111112,180,1.603448275862069,0.3333333333333333,0.1781609195402299,174,-3.8991666666666664,23.53472222222222,6.262152777777778,1.0,218,307,4.0,16,12.0,-89,-5.5625,13.625,19.1875
2011,REG,DAL,0.0697249097029029,0.4471445929526124,823,-0.003101688715654398,0.42297979797979796,792,0.07035431981392104,0.0009006220667046299,0.13086913086913088,0.1480709071949948,0.13452188006482982,617,0.1510673234811166,609,21.0,25.0,4.0,4.11139896373057,4.0,1.7945945945945947,0.3783783783783784,0.13513513513513514,185,1.7166666666666666,0.3333333333333333,0.18888888888888888,180,1.1354687499999998,43.42013888888889,27.203125,4.0,369,347,8.0,16,8.0,22,1.375,23.0625,21.6875
2011,REG,DEN,-0.07547536675096576,0.38497109826589593,865,0.018206110111850395,0.43611404435058077,947,-0.01860084605204874,0.07841813711449053,0.14697120158887786,0.14258373205741626,0.1497005988023952,501,0.1414141414141414,594,30.0,18.0,-12.0,4.141393442622951,5.0,1.1274509803921569,0.24509803921568626,0.23529411764705882,204,1.5194174757281553,0.3300970873786408,0.16019417475728157,206,-3.6809722222222225,23.756944444444446,6.006944444444445,2.0,309,390,8.0,16,8.0,-81,-5.0625,19.3125,24.375
2011,REG,DET,0.05283962673950881,0.4437869822485207,845,-0.029936468585717458,0.4133811230585424,837,0.11819988115751974,0.02722450351311678,0.14325842696629212,0.13904761904761906,0.11586206896551725,725,0.12275449101796407,668,23.0,33.0,10.0,4.995157384987894,4.0,1.9543147208121827,0.3756345177664975,0.14213197969543148,197,1.4362745098039216,0.3235294117647059,0.18627450980392157,204,0.5618402777777782,41.588541666666664,25.803819444444443,3.0,474,387,10.0,16,6.0,87,5.4375,29.625,24.1875
2011,REG,GB,0.3006474263056174,0.5019762845849802,759,0.04831323217714913,0.465495608531995,797,0.2451399713150659,0.07954372888418441,0.17133956386292834,0.1673076923076923,0.11532385466034756,633,0.10115606936416185,692,12.0,40.0,28.0,4.6450777202072535,4.0,2.8,0.48333333333333334,0.1,180,1.6612021857923498,0.33879781420765026,0.14207650273224043,183,7.411371527777778,69.12326388888889,50.66840277777778,8.0,560,359,15.0,16,1.0,201,12.5625,35.0,22.4375
2011,REG,HOU,0.05385333565848115,0.4443168771526981,871,-0.10875863917764382,0.3751522533495737,821,0.0819831823895271,-0.08761459254881405,0.16163583252190847,0.13185654008438819,0.13663366336633664,505,0.18729096989966554,598,20.0,26.0,6.0,4.063492063492063,2.0,1.8952879581151831,0.3717277486910995,0.18324607329842932,191,1.372340425531915,0.2978723404255319,0.20212765957446807,188,5.361180555555555,61.864583333333336,37.40277777777778,8.0,381,278,10.0,16,6.0,103,6.4375,23.8125,17.375
2011,REG,IND,-0.1709124192203746,0.3734610123119015,731,0.0647803524066722,0.46650426309378806,821,-0.10310362071990928,0.038514298421094106,0.10649627263045794,0.14024975984630164,0.1426086956521739,575,0.11152416356877323,538,29.0,17.0,-12.0,4.264814814814815,7.0,1.010752688172043,0.24193548387096775,0.23118279569892472,186,2.010752688172043,0.3924731182795699,0.15591397849462366,186,-7.214149305555556,16.567708333333332,5.206597222222221,0.0,243,430,2.0,16,14.0,-187,-11.6875,15.1875,26.875
2011,REG,JAX,-0.16044614972391696,0.3573923166472643,859,-0.019080856103057896,0.4146919431279621,844,-0.11010479707040755,-0.03615856473341353,0.10851926977687627,0.12200208550573514,0.1455223880597015,536,0.12255772646536411,563,24.0,27.0,3.0,3.832183908045977,4.0,1.056701030927835,0.23195876288659795,0.20103092783505155,194,1.4871794871794872,0.2923076923076923,0.2153846153846154,195,-3.5421354166666665,28.083333333333332,18.447916666666668,4.0,243,329,5.0,16,11.0,-86,-5.375,15.1875,20.5625
2011,REG,KC,-0.05797418343184557,0.3896260554885404,829,-0.013133449673565166,0.4170731707317073,820,-0.018803786081370136,0.08653774067918622,0.1259920634920635,0.14169215086646278,0.13405797101449277,552,0.13682092555331993,497,25.0,28.0,3.0,4.15748031496063,3.0,1.0,0.2222222222222222,0.2275132275132275,189,1.6702127659574468,0.3191489361702128,0.19148936170212766,188,-3.963211805555556,30.567708333333336,14.289930555555555,3.0,212,338,7.0,16,9.0,-126,-7.875,13.25,21.125
2011,REG,LA,-0.21702849169889882,0.3463541666666667,768,0.0316714693463649,0.4336399474375821,761,-0.10784644936199848,0.054781501973738864,0.12039800995024875,0.13676907829534193,0.18699186991869918,615,0.14568345323741008,556,23.0,18.0,-5.0,4.770588235294118,6.0,0.6428571428571429,0.18877551020408162,0.22448979591836735,196,1.7760416666666667,0.359375,0.13020833333333334,192,-6.443524305555556,18.15277777777778,6.348958333333333,1.0,193,407,2.0,16,14.0,-214,-13.375,12.0625,25.4375
2011,REG,LAC,0.1098082911620221,0.4626696832579186,884,0.1001584889856374,0.4504283965728274,817,0.09524205221575927,0.021056031263574086,0.16586306653809066,0.1464699683877766,0.10032362459546926,618,0.10018552875695733,539,28.0,21.0,-7.0,4.3533333333333335,4.0,2.0348837209302326,0.4127906976744186,0.11627906976744186,172,1.8823529411764706,0.36470588235294116,0.17058823529411765,170,1.1696527777777779,44.80381944444444,29.453125,3.0,406,377,8.0,16,8.0,29,1.8125,25.375,23.5625
2011,REG,LV,0.06677274725777631,0.42650602409638555,830,0.05797380838758832,0.43119266055045874,872,0.09538283245007943,0.08149055989547027,0.1540755467196819,0.16857142857142857,0.13297872340425532,564,0.13587786259541984,655,30.0,26.0,-4.0,5.065116279069767,4.0,1.5699481865284974,0.3471502590673575,0.19170984455958548,193,2.0,0.35638297872340424,0.11170212765957446,188,-1.717795138888889,44.578125,23.58159722222222,2.0,359,433,8.0,16,8.0,-74,-4.625,22.4375,27.0625
2011,REG,MIA,-0.037379982858758126,0.39184177997527814,809,-0.014774892988942816,0.4343675417661098,838,0.011926141495928445,0.05335981463899048,0.14300306435137897,0.13662790697674418,0.17830882352941177,544,0.14854517611026033,653,26.0,18.0,-8.0,3.709443099273608,1.0,1.564102564102564,0.3282051282051282,0.21025641025641026,195,1.476923076923077,0.29743589743589743,0.21025641025641026,195,2.613854166666667,47.564236111111114,27.069444444444443,2.0,329,313,6.0,16,10.0,16,1.0,20.5625,19.5625
2011,REG,MIN,-0.0654887191164641,0.3988235294117647,850,0.08700780341589427,0.46523388116308473,791,-0.03885170533479756,0.06391685600126287,0.15269461077844312,0.14891518737672585,0.1390284757118928,597,0.1513157894736842,608,29.0,20.0,-9.0,3.8954545454545455,3.0,1.560846560846561,0.31746031746031744,0.17989417989417988,189,2.172972972972973,0.41081081081081083,0.17297297297297298,185,-2.7403819444444446,35.732638888888886,14.684027777777779,1.0,340,449,3.0,16,13.0,-109,-6.8125,21.25,28.0625
2011,REG,NE,0.23338092386577022,0.5292207792207793,924,0.07327314156433067,0.4628099173553719,847,0.22707233015805905,0.08065826637383419,0.15543071161048688,0.16571969696969696,0.10823170731707317,656,0.13973799126637554,687,19.0,32.0,13.0,4.615763546798029,2.0,2.6222222222222222,0.4722222222222222,0.11666666666666667,180,1.6850828729281768,0.3259668508287293,0.143646408839779,181,4.250329861111111,56.14930555555556,38.171875,3.0,513,342,13.0,16,3.0,171,10.6875,32.0625,21.375
2011,REG,NO,0.23388330251254566,0.5249709639953543,861,0.05454210684665781,0.4104979811574697,743,0.14612187375938826,0.07277046717425106,0.16906474820143885,0.1513353115727003,0.07317073170731707,697,0.12262773722627737,685,19.0,16.0,-3.0,4.952247191011236,3.0,2.92,0.5142857142857142,0.12,175,1.6373626373626373,0.34065934065934067,0.16483516483516483,182,5.702986111111111,60.067708333333336,39.842013888888886,6.0,547,339,13.0,16,3.0,208,13.0,34.1875,21.1875
2011,REG,NYG,0.041453628140891194,0.4287305122494432,898,0.04372484856778195,0.4494264859228363,959,0.029288422040198044,0.06620285612578837,0.14796425024826215,0.15137180700094607,0.11961722488038277,627,0.1393939393939394,660,25.0,30.0,5.0,4.419354838709677,6.0,1.78,0.325,0.185,200,1.8622448979591837,0.3469387755102041,0.14285714285714285,196,-1.0405034722222222,30.786458333333332,15.15625,1.0,394,400,9.0,16,7.0,-6,-0.375,24.625,25.0
2011,REG,NYJ,-0.08173528837276632,0.4075382803297998,849,-0.0790514891740683,0.3803680981595092,815,-0.05797135342644821,-0.007044621313271994,0.11078431372549019,0.11758691206543967,0.11833333333333333,600,0.13333333333333333,555,32.0,33.0,1.0,3.935840707964602,4.0,1.4433497536945812,0.2955665024630542,0.21182266009852216,203,1.3653846153846154,0.2932692307692308,0.21634615384615385,208,-0.7947569444444443,31.475694444444446,18.56076388888889,3.0,377,363,8.0,16,8.0,14,0.875,23.5625,22.6875
2011,REG,PHI,0.04048744875098337,0.4746376811594203,828,-0.04599271527517761,0.39923954372623577,789,0.06996538874455471,-0.05075658921151876,0.1874386653581943,0.14772727272727273,0.13157894736842105,646,0.17353951890034364,582,35.0,27.0,-8.0,4.344578313253012,7.0,1.8526315789473684,0.3473684210526316,0.12105263157894737,190,1.4564102564102563,0.27692307692307694,0.20512820512820512,195,3.7418923611111112,55.05034722222222,36.295138888888886,6.0,396,328,8.0,16,8.0,68,4.25,24.75,20.5
2011,REG,PIT,0.06958328675020505,0.451338199513382,822,-0.051742339057601325,0.3906447534766119,791,0.03126826366403472,-0.04750515934704612,0.16148445336008024,0.1022964509394572,0.132996632996633,594,0.12371134020618557,582,28.0,15.0,-13.0,3.9975,3.0,1.7857142857142858,0.3392857142857143,0.13690476190476192,168,1.1952662721893492,0.2603550295857988,0.2603550295857988,169,3.9729513888888888,56.51909722222222,37.86111111111111,7.0,325,227,12.0,16,4.0,98,6.125,20.3125,14.1875
2011,REG,SEA,-0.05923124610637578,0.3938706015891033,881,-0.06735945867719514,0.405982905982906,936,0.009806545121802032,-0.05083627180101802,0.11391129032258064,0.13288069835111543,0.19655172413793104,580,0.12234910277324633,613,23.0,31.0,8.0,3.7953586497890295,2.0,1.297979797979798,0.2777777777777778,0.16161616161616163,198,1.239795918367347,0.2857142857142857,0.17346938775510204,196,-0.35541666666666655,34.89756944444444,19.927083333333332,3.0,321,315,7.0,16,9.0,6,0.375,20.0625,19.6875
2011,REG,SF,0.00021107313198739643,0.4204131227217497,823,-0.13320281279339288,0.36967418546365916,798,0.05389743725514217,-0.09515666857449741,0.1264131551901336,0.11606217616580311,0.1576923076923077,520,0.14946070878274267,649,11.0,37.0,26.0,3.5113636363636362,1.0,1.84375,0.3958333333333333,0.19270833333333334,192,1.0932642487046633,0.23316062176165803,0.21761658031088082,193,4.731076388888889,54.50868055555556,39.154513888888886,7.0,380,229,13.0,16,3.0,151,9.4375,23.75,14.3125
2011,REG,TB,-0.09822020594151526,0.425561797752809,712,0.16736610345426786,0.4825268817204301,744,-0.09740083261954706,0.1711775192559317,0.11789473684210526,0.17599186164801628,0.09907120743034056,646,0.10638297872340426,517,38.0,26.0,-12.0,5.004008016032064,6.0,1.3204419889502763,0.287292817679558,0.1712707182320442,181,2.380434782608696,0.43478260869565216,0.125,184,-8.673246527777778,15.519097222222221,8.536458333333334,1.0,287,494,4.0,16,12.0,-207,-12.9375,17.9375,30.875
2011,REG,TEN,-0.05155307594726903,0.3826530612244898,784,-0.02496667585246001,0.40736478711162255,869,-0.05307036259286967,0.010982023632515962,0.1360824742268041,0.14165103189493433,0.09546925566343042,618,0.10377358490566038,636,22.0,23.0,1.0,4.434125269978401,7.0,1.4680851063829787,0.31382978723404253,0.22340425531914893,188,1.481283422459893,0.31016042780748665,0.16042780748663102,187,0.23282986111111123,43.078125,27.04861111111111,3.0,325,317,9.0,16,7.0,8,0.5,20.3125,19.8125
2011,REG,WAS,-0.04651837182526712,0.41122565864833904,873,0.034729612017607166,0.42857142857142855,854,-0.025721090617143106,0.07278029600867703,0.14734774066797643,0.1375770020533881,0.1806853582554517,642,0.1433628318584071,565,36.0,20.0,-16.0,4.301369863013699,6.0,1.4627659574468086,0.30851063829787234,0.1595744680851064,188,1.8631578947368421,0.3736842105263158,0.14210526315789473,190,-1.8961631944444446,25.83159722222222,12.21701388888889,2.0,288,367,5.0,16,11.0,-79,-4.9375,18.0,22.9375
2012,POST,ATL,0.18247556222135541,0.4956521739130435,115,0.17738280381061325,0.5247524752475248,101,0.19807215391498897,0.31792394261398393,0.1732283464566929,0.23076923076923078,0.0625,80,0.07462686567164178,67,4.0,3.0,-1.0,4.771929824561403,0.0,2.7,0.5,0.1,20,2.6666666666666665,0.38095238095238093,0.09523809523809523,21,8.19736111111111,85.375,63.25,0.0,54,56,1.0,2,1.0,-2,-1.0,27.0,28.0
2012,POST,BAL,0.14633102649255084,0.42386831275720166,243,0.0002738374434753714,0.49429657794676807,263,0.11888274572580841,0.09447014362745064,0.16044776119402984,0.10543130990415335,0.11940298507462686,134,0.13705583756345177,197,4.0,10.0,6.0,4.4296875,1.0,2.061224489795918,0.3673469387755102,0.16326530612244897,49,1.346938775510204,0.30612244897959184,0.08163265306122448,49,3.332361111111111,53.36805555555556,29.15277777777778,2.0,124,88,4.0,4,0.0,36,9.0,31.0,22.0
2012,POST,CIN,-0.33424321317978445,0.3191489361702128,47,-0.04531041609790691,0.4647887323943662,71,-0.1623098246361931,0.058439947353218925,0.1276595744680851,0.1643835616438356,0.08571428571428572,35,0.05405405405405406,37,1.0,1.0,0.0,4.051282051282051,1.0,0.6,0.2,0.2,10,1.0909090909090908,0.45454545454545453,0.09090909090909091,11,-3.9019444444444447,11.86111111111111,0.0,0.0,13,19,0.0,1,1.0,-6,-6.0,13.0,19.0
2012,POST,DEN,0.009182626812817974,0.4939759036144578,83,0.07354264954347783,0.33783783783783783,74,0.1377968802568572,0.06860815952885398,0.05813953488372093,0.14864864864864866,0.13043478260869565,46,0.05555555555555555,36,3.0,1.0,-2.0,3.9743589743589745,1.0,1.0,0.21428571428571427,0.07142857142857142,14,1.6,0.3333333333333333,0.13333333333333333,15,2.4316666666666666,45.44444444444444,39.77777777777778,0.0,35,38,0.0,1,1.0,-3,-3.0,35.0,38.0
2012,POST,GB,0.2289462497349902,0.46511627906976744,86,0.10279726178228202,0.44565217391304346,92,0.2668753711829819,-0.015870101199349545,0.13008130081300814,0.21641791044776118,0.1,80,0.13043478260869565,69,2.0,4.0,2.0,6.805555555555555,2.0,2.2857142857142856,0.38095238095238093,0.38095238095238093,21,2.0,0.375,0.16666666666666666,24,2.9627777777777777,45.083333333333336,32.29166666666667,0.0,55,55,1.0,2,1.0,0,0.0,27.5,27.5
2012,POST,HOU,-0.032511051639146485,0.46153846153846156,117,0.012681474068165355,0.45454545454545453,99,0.0940755403300567,0.08819015667018576,0.14864864864864866,0.12612612612612611,0.06666666666666667,90,0.11842105263157894,76,2.0,1.0,-1.0,5.05,0.0,1.625,0.4166666666666667,0.08333333333333333,24,2.1363636363636362,0.4090909090909091,0.22727272727272727,22,-1.9620833333333334,48.44444444444445,21.194444444444443,0.0,47,54,1.0,2,1.0,-7,-3.5,23.5,27.0
2012,POST,IND,-0.012007810645582708,0.44776119402985076,67,0.22867285677777813,0.425531914893617,47,0.033431907284046665,0.1786872629323625,0.11494252873563218,0.24528301886792453,0.16393442622950818,61,0.08333333333333333,24,2.0,2.0,0.0,5.3125,1.0,0.8181818181818182,0.2727272727272727,0.09090909090909091,11,2.1818181818181817,0.36363636363636365,0.18181818181818182,11,-5.595833333333333,0.0,0.0,0.0,9,24,0.0,1,1.0,-15,-15.0,9.0,24.0
2012,POST,MIN,-0.18123147549293167,0.4,30,0.2597083119630269,0.4888888888888889,45,-0.08548764270910231,0.29365859057744836,0.18032786885245902,0.11940298507462686,0.2,35,0.13157894736842105,38,2.0,1.0,-1.0,2.4516129032258065,0.0,0.8333333333333334,0.16666666666666666,0.25,12,2.0,0.3333333333333333,0.5,12,-10.259444444444444,14.944444444444443,0.0,0.0,10,24,0.0,1,1.0,-14,-14.0,10.0,24.0
2012,POST,NE,0.12414278744608417,0.5603448275862069,116,0.15830903439447316,0.47572815533980584,103,0.12479953592404357,0.2510634112031647,0.09027777777777778,0.14383561643835616,0.1368421052631579,95,0.09782608695652174,92,3.0,1.0,-2.0,3.7857142857142856,0.0,2.25,0.4166666666666667,0.16666666666666666,24,2.2,0.36,0.16,25,2.8755555555555556,59.59722222222222,34.52777777777778,0.0,54,56,1.0,2,1.0,-2,-1.0,27.0,28.0
2012,POST,SEA,0.07489064994885329,0.4954128440366973,109,0.08853371194130134,0.4387755102040816,98,0.18546712039407406,0.0662412873703611,0.20300751879699247,0.11304347826086956,0.12987012987012986,77,0.07352941176470588,68,3.0,4.0,1.0,5.530612244897959,0.0,2.3181818181818183,0.4090909090909091,0.09090909090909091,22,2.2,0.4,0.1,20,-6.907222222222222,6.361111111111111,5.944444444444445,0.0,52,44,1.0,2,1.0,8,4.0,26.0,22.0
2012,POST,SF,0.21439530500696802,0.5,162,0.10712849191623558,0.47093023255813954,172,0.21116574967677212,0.06551770215266024,0.23369565217391305,0.14583333333333334,0.07526881720430108,93,0.11570247933884298,121,5.0,4.0,-1.0,3.7567567567567566,0.0,2.823529411764706,0.5,0.11764705882352941,34,2.433333333333333,0.43333333333333335,0.13333333333333333,30,-3.12712962962963,22.296296296296294,12.925925925925926,0.0,104,89,2.0,3,1.0,15,5.0,34.666666666666664,29.666666666666668
2012,POST,WAS,-0.08899721991726939,0.3877551020408163,49,0.12553299284826017,0.4915254237288136,59,-0.20796181132736352,0.14724159452938088,0.05555555555555555,0.1791044776119403,0.125,32,0.18181818181818182,33,2.0,1.0,-1.0,6.054054054054054,1.0,1.4,0.2,0.1,10,2.090909090909091,0.45454545454545453,0.18181818181818182,11,3.044722222222222,79.44444444444444,32.361111111111114,0.0,14,24,0.0,1,1.0,-10,-10.0,14.0,24.0
2012,REG,ARI,-0.26641611846258045,0.3408239700374532,801,-0.08186948670526144,0.4056029232643118,821,-0.17955038473747445,-0.04506062563796221,0.09871668311944719,0.13809990205680706,0.14497041420118342,676,0.15232974910394265,558,34.0,33.0,-1.0,4.33201581027668,5.0,0.8181818181818182,0.22009569377990432,0.2679425837320574,209,1.3175355450236967,0.27488151658767773,0.22274881516587677,211,-4.021145833333334,26.87326388888889,12.684027777777777,1.0,250,357,5.0,16,11.0,-107,-6.6875,15.625,22.3125
2012,REG,ATL,0.09005643478941233,0.464327485380117,855,-0.02979912275206214,0.4318181818181818,836,0.09616698287712118,0.0020726952364513657,0.1349206349206349,0.15096251266464034,0.12518853695324283,663,0.11764705882352941,595,18.0,31.0,13.0,4.795620437956204,5.0,2.2742857142857145,0.44,0.17714285714285713,175,1.538888888888889,0.31666666666666665,0.14444444444444443,180,3.5606944444444446,50.86111111111111,33.484375,7.0,419,299,13.0,16,3.0,120,7.5,26.1875,18.6875
2012,REG,BAL,0.00832388624503339,0.4087346024636058,893,-0.006716715004880166,0.4340239912758997,917,0.042974349992903255,0.05903318017867346,0.13618677042801555,0.12163416898792943,0.11696869851729819,607,0.13957307060755336,609,18.0,23.0,5.0,3.9898580121703855,4.0,1.761658031088083,0.35751295336787564,0.23316062176165803,193,1.5625,0.3489583333333333,0.23958333333333334,192,1.91015625,52.595486111111114,26.868055555555554,5.0,398,344,10.0,16,6.0,54,3.375,24.875,21.5
2012,REG,BUF,-0.01814767486063121,0.43953185955786733,769,0.06320708753892162,0.4270334928229665,836,0.008106595000037253,0.040185794192334645,0.141091658084449,0.15856031128404668,0.13157894736842105,570,0.11205432937181664,589,33.0,21.0,-12.0,4.957537154989384,6.0,1.5105263157894737,0.3,0.21052631578947367,190,2.021505376344086,0.3709677419354839,0.13978494623655913,186,-2.103628472222222,37.13368055555556,25.67013888888889,3.0,344,435,6.0,16,10.0,-91,-5.6875,21.5,27.1875
2012,REG,CAR,0.10059732800358055,0.447242206235012,834,-0.00815645847634981,0.42560975609756097,820,0.09595608198872856,0.02801329376127122,0.16700819672131148,0.13,0.1252236135957066,559,0.10551948051948051,616,19.0,26.0,7.0,4.233173076923077,6.0,1.7428571428571429,0.32571428571428573,0.14857142857142858,175,1.7784090909090908,0.38636363636363635,0.17613636363636365,176,1.2614062499999998,47.18402777777778,25.81076388888889,3.0,357,363,7.0,16,9.0,-6,-0.375,22.3125,22.6875
2012,REG,CHI,-0.0709067239214902,0.38633193863319387,717,-0.14526500669019224,0.40562248995983935,747,-0.018980956000464465,-0.1724693313543111,0.1306122448979592,0.13478691774033696,0.1615798922800718,557,0.0916030534351145,655,25.0,43.0,18.0,4.193298969072165,4.0,1.435897435897436,0.30256410256410254,0.19487179487179487,195,0.9282051282051282,0.2512820512820513,0.20512820512820512,195,3.0297569444444448,48.888888888888886,36.576388888888886,6.0,375,277,10.0,16,6.0,98,6.125,23.4375,17.3125
2012,REG,CIN,0.014672770388868833,0.42285041224970554,849,-0.07281970168587469,0.41743119266055045,872,0.052242689195448624,-0.06443344480533493,0.11658291457286432,0.12732615083251714,0.10963455149501661,602,0.15262321144674085,629,26.0,29.0,3.0,4.054373522458629,2.0,1.7179487179487178,0.35384615384615387,0.20512820512820512,195,1.3403141361256545,0.2931937172774869,0.2094240837696335,191,3.4859722222222222,53.09548611111111,34.16319444444444,5.0,391,320,10.0,16,6.0,71,4.4375,24.4375,20.0
2012,REG,CLE,-0.07017784681025167,0.38839285714285715,896,0.01657237716060168,0.44618599791013586,957,-0.020241989711071946,0.031166378666863146,0.1202020202020202,0.12011173184357542,0.1393841166936791,617,0.1035548686244204,647,24.0,31.0,7.0,4.153172866520788,3.0,1.3717277486910995,0.29842931937172773,0.2198952879581152,191,1.6381909547738693,0.3065326633165829,0.16080402010050251,199,-1.9003993055555555,29.8125,16.526041666666668,2.0,302,368,5.0,16,11.0,-66,-4.125,18.875,23.0
2012,REG,DAL,0.03855349476350025,0.47807486631016044,935,0.06619660298599002,0.44089834515366433,846,0.03456364847847261,0.0793168526658242,0.13372093023255813,0.14636642784032752,0.10571428571428572,700,0.13949275362318841,552,30.0,15.0,-15.0,4.541950113378685,5.0,1.7277777777777779,0.36666666666666664,0.14444444444444443,180,1.8971428571428572,0.38857142857142857,0.16,175,-3.014826388888889,22.45486111111111,7.930555555555555,0.0,376,400,8.0,16,8.0,-24,-1.5,23.5,25.0
2012,REG,DEN,0.09071272206038979,0.4851228978007762,773,-0.08753972163216238,0.4021887824897401,731,0.11582658152098978,-0.02701992389770238,0.14675446848541862,0.11277445109780439,0.08183306055646482,611,0.15865384615384615,624,25.0,24.0,-1.0,3.6,3.0,2.154255319148936,0.39893617021276595,0.13297872340425532,188,1.1554404145077721,0.2694300518134715,0.25906735751295334,193,3.9740451388888887,57.03993055555556,39.55381944444444,6.0,481,289,13.0,16,3.0,192,12.0,30.0625,18.0625
2012,REG,DET,-0.024174814462209312,0.44091360476663355,1007,0.026720532625224083,0.4197247706422018,872,-0.020977388615162684,0.00736073374441283,0.13379669852302345,0.15274949083503056,0.10089399744572158,783,0.1652892561983471,605,31.0,19.0,-12.0,4.491686460807601,5.0,1.5888324873096447,0.3604060913705584,0.19289340101522842,197,1.9157894736842105,0.3684210526315789,0.20526315789473684,190,-2.5736979166666667,25.835069444444443,9.477430555555555,1.0,372,437,4.0,16,12.0,-65,-4.0625,23.25,27.3125
2012,REG,GB,0.10792626781770276,0.4676503972758229,881,-0.0015032219501182303,0.4168591224018476,866,0.056639675569422024,0.0033441457747576376,0.12609970674486803,0.1354775828460039,0.13260530421216848,641,0.138801261829653,634,16.0,23.0,7.0,4.529832935560859,3.0,2.1451612903225805,0.3763440860215054,0.12903225806451613,186,1.6149732620320856,0.3315508021390374,0.19786096256684493,187,3.0331770833333334,50.11631944444444,35.01909722222222,4.0,433,336,11.0,16,5.0,97,6.0625,27.0625,21.0
2012,REG,HOU,0.09340564085174344,0.4461538461538462,845,-0.1043426951178975,0.355297157622739,774,0.12599943221211812,-0.10242864423183402,0.1369990680335508,0.13333333333333333,0.13184931506849315,584,0.16563467492260062,646,17.0,29.0,12.0,4.0,2.0,1.8366336633663367,0.3564356435643564,0.2079207920792079,202,1.355,0.28,0.225,200,2.690138888888889,53.16840277777778,37.619791666666664,7.0,416,331,12.0,16,4.0,85,5.3125,26.0,20.6875
2012,REG,IND,0.03137147642956358,0.4427966101694915,944,0.06665616396548647,0.43714609286523215,883,0.001092883849442493,0.08546526162276545,0.1414048059149723,0.14111675126903553,0.1683453237410072,695,0.11815068493150685,584,26.0,15.0,-11.0,5.128205128205129,6.0,1.5611111111111111,0.3333333333333333,0.15555555555555556,180,1.7777777777777777,0.38333333333333336,0.17777777777777778,180,-1.095295138888889,40.880208333333336,17.26909722222222,4.0,357,387,11.0,16,5.0,-30,-1.875,22.3125,24.1875
2012,REG,JAX,-0.10909325099928467,0.37775061124694376,818,0.08577769170686939,0.4672489082969432,916,-0.05306554296615475,0.10540133332790924,0.11156186612576065,0.1278962001853568,0.15926493108728942,653,0.11072664359861592,578,27.0,21.0,-6.0,4.139449541284404,4.0,0.9897959183673469,0.25510204081632654,0.23979591836734693,196,1.9947643979057592,0.39790575916230364,0.15706806282722513,191,-4.552361111111111,22.901041666666668,8.928819444444445,0.0,255,444,2.0,16,14.0,-189,-11.8125,15.9375,27.75
2012,REG,KC,-0.17416448557558956,0.3960880195599022,818,0.1125050971421798,0.42988204456094364,763,-0.13475489950681366,0.08999832849388806,0.12562313060817548,0.16108786610878661,0.16791044776119404,536,0.10019646365422397,509,36.0,14.0,-22.0,4.504149377593361,5.0,0.8279569892473119,0.24193548387096775,0.1774193548387097,186,2.061797752808989,0.4044943820224719,0.20224719101123595,178,-7.309479166666666,11.04513888888889,2.171875,0.0,211,425,2.0,16,14.0,-214,-13.375,13.1875,26.5625
2012,REG,LA,-0.018150644086833086,0.42565947242206237,834,-0.015682197291268456,0.45200892857142855,896,0.017584488862912626,-0.025507098955120457,0.13238289205702647,0.13424124513618677,0.13930348258706468,603,0.1383147853736089,629,22.0,20.0,-2.0,4.253393665158371,4.0,1.3021978021978022,0.27472527472527475,0.18681318681318682,182,1.572972972972973,0.34594594594594597,0.1837837837837838,185,-2.2698958333333334,31.875,14.270833333333332,1.0,299,348,7.5,16,8.5,-49,-3.0625,18.6875,21.75
2012,REG,LAC,-0.05842342337670192,0.4071340713407134,813,-0.05518944319068267,0.42284325637910086,823,-0.05226058980369792,-0.049342585640677984,0.10633946830265849,0.1157684630738523,0.1264957264957265,585,0.11217948717948718,624,27.0,27.0,0.0,3.788697788697789,2.0,1.4277777777777778,0.3055555555555556,0.25555555555555554,180,1.456043956043956,0.3131868131868132,0.23076923076923078,182,2.269791666666667,53.00694444444444,34.236111111111114,5.0,350,350,7.0,16,9.0,0,0.0,21.875,21.875
2012,REG,LV,-0.09446362655023187,0.3926767676767677,792,0.09943573616731317,0.4444444444444444,783,-0.06079195077384887,0.06422834468731038,0.12195121951219512,0.14168377823408623,0.1043872919818457,661,0.14762741652021089,569,26.0,19.0,-7.0,4.2725225225225225,5.0,1.4627659574468086,0.31382978723404253,0.2127659574468085,188,2.2192513368983957,0.4117647058823529,0.21390374331550802,187,-6.6834375,14.52951388888889,6.508680555555555,2.0,290,443,4.0,16,12.0,-153,-9.5625,18.125,27.6875
2012,REG,MIA,-0.0605427237404605,0.4189189189189189,814,0.01845558728605625,0.41839080459770117,870,-0.028406980189064315,0.053638446665948726,0.12304483837330553,0.13383600377002827,0.1213768115942029,552,0.13663663663663664,666,24.0,18.0,-6.0,4.023201856148492,2.0,1.3118279569892473,0.27419354838709675,0.15591397849462366,186,1.5027322404371584,0.3224043715846995,0.16939890710382513,183,-0.8756770833333334,37.614583333333336,23.54861111111111,2.0,288,317,7.0,16,9.0,-29,-1.8125,18.0,19.8125
2012,REG,MIN,0.023328097506634688,0.42091503267973857,765,-0.00936474837962958,0.4344746162927981,847,0.03115683582847102,0.02831492285121531,0.13807106598984772,0.12242990654205607,0.11392405063291139,553,0.12954876273653565,687,23.0,22.0,-1.0,3.957943925233645,4.0,1.8461538461538463,0.3791208791208791,0.2032967032967033,182,1.6737967914438503,0.33689839572192515,0.17647058823529413,187,2.864565972222222,57.80555555555556,38.10069444444444,8.0,379,348,10.0,16,6.0,31,1.9375,23.6875,21.75
2012,REG,NE,0.15447483397885753,0.50271444082519,921,-0.016655227155948693,0.4434673366834171,796,0.1533338977523745,0.00464341342421794,0.13898305084745763,0.15043394406943106,0.10164424514200299,669,0.1143740340030912,647,16.0,41.0,25.0,3.927710843373494,1.0,2.71505376344086,0.478494623655914,0.10215053763440861,186,1.489795918367347,0.3010204081632653,0.1377551020408163,196,7.622638888888889,65.18229166666667,49.71527777777778,6.0,557,331,12.0,16,4.0,226,14.125,34.8125,20.6875
2012,REG,NO,0.07598064160155932,0.4766355140186916,856,0.11363706035624575,0.4555940023068051,867,0.039647389939500795,0.11630282175660277,0.14176974310180782,0.166044776119403,0.08608321377331421,697,0.12713178294573643,645,25.0,25.0,0.0,5.166301969365427,6.0,2.1157894736842104,0.3736842105263158,0.18947368421052632,190,2.0260416666666665,0.3958333333333333,0.11979166666666667,192,0.2997743055555553,39.81944444444444,23.37847222222222,3.0,461,454,7.0,16,9.0,7,0.4375,28.8125,28.375
2012,REG,NYG,0.08617837514480324,0.46368715083798884,716,0.026334992261151578,0.47429305912596403,778,0.12459781785464562,0.026482083770575742,0.14345549738219895,0.1507537688442211,0.10035211267605634,568,0.1111111111111111,585,24.0,32.0,8.0,4.601336302895323,7.0,2.2329545454545454,0.4375,0.125,176,1.8057142857142856,0.35428571428571426,0.10857142857142857,175,1.8914236111111111,44.328125,31.25347222222222,3.0,429,344,9.0,16,7.0,85,5.3125,26.8125,21.5
2012,REG,NYJ,-0.13393842896095565,0.39618138424821003,838,-0.05992009196969978,0.383939774153074,797,-0.10654508726030115,-0.03259850833343861,0.11100292112950341,0.114,0.13562386980108498,553,0.12359550561797752,534,35.0,25.0,-10.0,4.319191919191919,4.0,1.0721649484536082,0.2422680412371134,0.19072164948453607,194,1.5206185567010309,0.30412371134020616,0.20618556701030927,194,-3.0263541666666667,24.42013888888889,14.62673611111111,1.0,281,375,6.0,16,10.0,-94,-5.875,17.5625,23.4375
2012,REG,PHI,-0.07271844162187209,0.4280898876404494,890,0.11422686288843371,0.45777233782129745,817,-0.10947801049624231,0.1285539604727132,0.14780168381665107,0.150460593654043,0.17372881355932204,708,0.11731843575418995,537,35.0,15.0,-20.0,4.219206680584551,3.0,1.201086956521739,0.29891304347826086,0.1793478260869565,184,2.098901098901099,0.3901098901098901,0.17032967032967034,182,-5.328541666666666,22.631944444444446,5.270833333333333,0.0,280,444,4.0,16,12.0,-164,-10.25,17.5,27.75
2012,REG,PIT,-0.008661040503657501,0.41595744680851066,940,-0.057558698458975516,0.40820980615735464,877,-0.03252340308459275,-0.026019668119874082,0.1337958374628345,0.10660980810234541,0.11003236245954692,618,0.13636363636363635,572,30.0,20.0,-10.0,3.6989795918367347,2.0,1.5806451612903225,0.3387096774193548,0.1827956989247312,186,1.5,0.3076923076923077,0.22527472527472528,182,0.13473958333333344,33.307291666666664,14.78125,2.0,336,314,8.0,16,8.0,22,1.375,21.0,19.625
2012,REG,SEA,0.09031535162001882,0.4525916561314791,791,-0.04425696252633379,0.43009478672985785,844,0.10702365509770419,-0.017826197623302797,0.15416666666666667,0.12004175365344467,0.1290983606557377,488,0.128,625,21.0,28.0,7.0,4.480978260869565,3.0,2.1411764705882352,0.4,0.12352941176470589,170,1.1952662721893492,0.27218934911242604,0.17751479289940827,169,5.447239583333333,54.89756944444444,30.04340277777778,5.0,412,245,11.0,16,5.0,167,10.4375,25.75,15.3125
2012,REG,SF,0.1327147536150315,0.49064171122994654,748,-0.09776307322157433,0.4038199181446112,733,0.1536259585257409,-0.023902908753120778,0.16876310272536688,0.09063444108761329,0.1303501945525292,514,0.10702875399361023,626,16.0,25.0,9.0,3.7027027027027026,4.0,1.9719101123595506,0.39325842696629215,0.16292134831460675,178,1.25,0.26666666666666666,0.19444444444444445,180,3.5475000000000003,55.44097222222222,38.65972222222222,7.0,397,273,11.5,16,4.5,124,7.75,24.8125,17.0625
2012,REG,TB,0.02018447167146168,0.4062126642771804,837,0.042842866362251326,0.44431818181818183,880,0.08853368711672015,0.06936606329367281,0.15045135406218657,0.1594488188976378,0.1116584564860427,609,0.09361069836552749,673,23.0,25.0,2.0,3.497354497354497,2.0,1.7409326424870466,0.35233160621761656,0.16580310880829016,193,1.7552083333333333,0.328125,0.171875,192,0.06751736111111117,42.50694444444444,27.85763888888889,4.0,389,394,7.0,16,9.0,-5,-0.3125,24.3125,24.625
2012,REG,TEN,-0.09836175535742078,0.3526093088857546,709,0.04369680358322941,0.4654320987654321,810,-0.12549823377053548,0.0584859407010299,0.13894736842105262,0.14634146341463414,0.11219512195121951,615,0.13738019169329074,626,28.0,24.0,-4.0,4.213250517598344,3.0,1.1436170212765957,0.2765957446808511,0.19148936170212766,188,1.87434554973822,0.39790575916230364,0.09947643979057591,191,-4.205017361111111,33.255208333333336,14.333333333333332,1.0,330,471,6.0,16,10.0,-141,-8.8125,20.625,29.4375
2012,REG,WAS,0.16530813884787462,0.47248803827751196,836,0.02892772923231377,0.45930232558139533,860,0.15680092130713155,0.03636628067870898,0.18737270875763748,0.14201762977473065,0.15594541910331383,513,0.11094890510948906,685,14.0,31.0,17.0,4.202185792349726,3.0,2.191256830601093,0.39344262295081966,0.13114754098360656,183,1.9125683060109289,0.3825136612021858,0.14754098360655737,183,1.86921875,44.97743055555556,27.619791666666668,1.0,436,388,10.0,16,6.0,48,3.0,27.25,24.25
2013,POST,CAR,-0.112135576255783,0.574468085106383,47,0.2353592966458308,0.4444444444444444,54,-0.004348227853345609,0.1407210528742262,0.12962962962962962,0.12307692307692308,0.24242424242424243,33,0.1875,32,2.0,0.0,-2.0,3.7058823529411766,0.0,1.25,0.25,0.125,8,2.875,0.625,0.125,8,-5.060833333333333,22.38888888888889,4.166666666666666,0.0,10,23,0.0,1,1.0,-13,-13.0,10.0,23.0
2013,POST,CIN,-0.21693774126427723,0.46875,64,0.11545446842952847,0.4807692307692308,52,0.01338649571351053,0.2649808175330868,0.07792207792207792,0.07017543859649122,0.10909090909090909,55,0.15789473684210525,19,4.0,0.0,-4.0,4.9,0.0,0.8333333333333334,0.16666666666666666,0.0,12,2.4545454545454546,0.45454545454545453,0.2727272727272727,11,-4.046111111111111,13.583333333333334,0.0,0.0,10,27,0.0,1,1.0,-17,-17.0,10.0,27.0
2013,POST,DEN,0.10006490207125111,0.5289256198347108,121,0.054745967441264816,0.41237113402061853,97,0.057803875909456494,-0.03736699347054165,0.12807881773399016,0.15723270440251572,0.046511627906976744,129,0.0784313725490196,102,6.0,0.0,-6.0,4.125,0.0,1.7777777777777777,0.4074074074074074,0.037037037037037035,27,2.3461538461538463,0.4230769230769231,0.07692307692307693,26,-0.823888888888888,53.50925925925926,49.120370370370374,2.0,58,76,2.0,3,1.0,-18,-6.0,19.333333333333332,25.333333333333332
2013,POST,GB,0.040931832506999916,0.5081967213114754,61,0.14813525867185864,0.4603174603174603,63,0.026914443552246963,0.08771556665496323,0.06557377049180328,0.15873015873015872,0.16666666666666666,30,0.09090909090909091,33,0.0,1.0,1.0,5.566666666666666,0.0,2.2222222222222223,0.4444444444444444,0.3333333333333333,9,2.5555555555555554,0.5555555555555556,0.2222222222222222,9,-2.7780555555555555,7.444444444444444,0.0,0.0,20,23,0.0,1,1.0,-3,-3.0,20.0,23.0
2013,POST,IND,0.08386089028977271,0.4351851851851852,108,0.23443388965186734,0.44,125,0.047796852475254455,0.18294135493658573,0.1968503937007874,0.11842105263157894,0.14893617021276595,94,0.12658227848101267,79,8.0,1.0,-7.0,4.886075949367089,1.0,2.4074074074074074,0.4074074074074074,0.18518518518518517,27,3.111111111111111,0.5185185185185185,0.2222222222222222,27,-10.451527777777777,3.6249999999999996,1.597222222222222,0.0,67,87,1.0,2,1.0,-20,-10.0,33.5,43.5
2013,POST,KC,0.2662691952178328,0.463768115942029,69,0.15916750855241343,0.543859649122807,57,0.14928220330906664,0.04987353577078985,0.125,0.24193548387096775,0.09615384615384616,52,0.08163265306122448,49,1.0,4.0,3.0,5.2631578947368425,0.0,3.3846153846153846,0.6153846153846154,0.07692307692307693,13,3.4615384615384617,0.5384615384615384,0.07692307692307693,13,9.745555555555555,75.25,60.47222222222223,0.0,44,45,0.0,1,1.0,-1,-1.0,44.0,45.0
2013,POST,LAC,0.03563554379263681,0.4186046511627907,86,-0.0512141695081616,0.5,112,0.10607368973997741,0.033505896355581426,0.11428571428571428,0.08904109589041095,0.15384615384615385,52,0.07692307692307693,91,0.0,6.0,6.0,4.169491525423729,0.0,2.2,0.4,0.15,20,1.7,0.3,0.0,20,-2.7508333333333335,26.48611111111111,16.180555555555557,0.0,44,34,1.0,2,1.0,10,5.0,22.0,17.0
2013,POST,NE,0.11956699864979836,0.41304347826086957,92,0.16345968179877193,0.4411764705882353,102,0.15502691850172176,0.1113750696342322,0.1328125,0.17777777777777778,0.11764705882352941,68,0.11363636363636363,88,0.0,4.0,4.0,3.5918367346938775,0.0,2.590909090909091,0.4090909090909091,0.3181818181818182,22,2.090909090909091,0.45454545454545453,0.18181818181818182,22,1.108194444444445,48.95833333333333,45.513888888888886,1.0,59,48,1.0,2,1.0,11,5.5,29.5,24.0
2013,POST,NO,0.03351163867530574,0.4634146341463415,123,0.005518695995186658,0.38,100,0.11486984284266567,-0.0274787662481111,0.16058394160583941,0.10619469026548672,0.07894736842105263,76,0.0847457627118644,59,3.0,0.0,-3.0,4.456140350877193,1.0,1.6666666666666667,0.3333333333333333,0.08333333333333333,24,2.238095238095238,0.42857142857142855,0.3333333333333333,21,-3.9883333333333333,22.59722222222222,7.986111111111111,0.0,41,47,1.0,2,1.0,-6,-3.0,20.5,23.5
2013,POST,PHI,0.03371106752913419,0.40350877192982454,57,0.1530502698533982,0.5147058823529411,68,-0.01253541975504134,0.12352944232051416,0.08771929824561403,0.14705882352941177,0.05714285714285714,35,0.09090909090909091,33,0.0,2.0,2.0,5.138888888888889,0.0,2.4,0.4,0.4,10,2.3636363636363638,0.5454545454545454,0.09090909090909091,11,-2.3241666666666667,19.166666666666668,0.0,0.0,24,26,0.0,1,1.0,-2,-2.0,24.0,26.0
2013,POST,SEA,0.02635875421496228,0.4,125,-0.16543707093490717,0.4076923076923077,130,-0.11293785498628983,0.008210373017584172,0.12650602409638553,0.13978494623655913,0.17073170731707318,82,0.08130081300813008,123,1.0,8.0,7.0,4.318840579710145,1.0,2.3548387096774195,0.4838709677419355,0.12903225806451613,31,0.8285714285714286,0.17142857142857143,0.11428571428571428,35,9.542407407407408,71.75,58.06481481481482,2.0,89,40,3.0,3,0.0,49,16.333333333333332,29.666666666666668,13.333333333333334
2013,POST,SF,0.11499544453928004,0.4411764705882353,170,-0.038588080179297206,0.48466257668711654,163,0.08076112788536235,-0.06178517485456541,0.14917127071823205,0.1,0.11578947368421053,95,0.25806451612903225,93,4.0,3.0,-1.0,3.9523809523809526,1.0,2.25,0.4642857142857143,0.17857142857142858,28,1.8928571428571428,0.39285714285714285,0.17857142857142858,28,3.4910185185185187,69.92592592592592,16.09259259259259,0.0,63,53,2.0,3,1.0,10,3.3333333333333335,21.0,17.666666666666668
2013,REG,ARI,-0.00978703901063399,0.4160839160839161,858,-0.10889682765160742,0.40324449594438005,863,0.043000957858253974,-0.060347493150674364,0.13976377952755906,0.12730806608357628,0.16478190630048464,619,0.16521739130434782,690,31.0,30.0,-1.0,3.646900269541779,1.0,1.665,0.33,0.175,200,1.3431372549019607,0.28921568627450983,0.22549019607843138,204,0.19967013888888885,33.390625,20.16840277777778,2.0,379,324,10.0,16,6.0,55,3.4375,23.6875,20.25
2013,REG,ATL,-0.0019078543880396196,0.4470046082949309,868,0.09773986077178644,0.4485981308411215,856,-0.02242947034628261,0.06721166801447638,0.11330049261083744,0.14631685166498487,0.13963328631875882,709,0.10452961672473868,574,27.0,22.0,-5.0,4.775824175824176,4.0,1.6927374301675977,0.3407821229050279,0.16201117318435754,179,2.262857142857143,0.4514285714285714,0.1657142857142857,175,-1.3996874999999998,33.74305555555556,14.706597222222221,2.0,353,443,4.0,16,12.0,-90,-5.625,22.0625,27.6875
2013,REG,BAL,-0.11063311929909786,0.3492569002123142,942,-0.02236472624385545,0.3987138263665595,933,-0.08663956523521693,-0.011756504402237473,0.10083256244218317,0.1279527559055118,0.13323572474377746,683,0.1342062193126023,611,30.0,22.0,-8.0,3.834090909090909,1.0,1.2608695652173914,0.30917874396135264,0.21739130434782608,207,1.5,0.3137254901960784,0.20098039215686275,204,-0.7990451388888888,37.369791666666664,19.557291666666668,2.0,320,352,8.0,16,8.0,-32,-2.0,20.0,22.0
2013,REG,BUF,-0.07881686854406665,0.39237899073120497,971,-0.06600789638374578,0.3950617283950617,972,-0.014736184103904322,-0.03928396749773441,0.11850501367365543,0.1191806331471136,0.1768595041322314,605,0.15714285714285714,630,26.0,31.0,5.0,4.380042462845011,5.0,1.3457943925233644,0.29906542056074764,0.19626168224299065,214,1.5794392523364487,0.32242990654205606,0.205607476635514,214,-0.7921701388888889,36.265625,21.546875,2.0,339,388,6.0,16,10.0,-49,-3.0625,21.1875,24.25
2013,REG,CAR,0.0566965277920662,0.42427884615384615,832,-0.07094733359441513,0.4274905422446406,793,0.0355404541475771,-0.0634436640023275,0.127420998980632,0.13097713097713098,0.12159709618874773,551,0.16408668730650156,646,17.0,32.0,15.0,3.9517045454545454,1.0,1.964705882352941,0.36470588235294116,0.18823529411764706,170,1.1741573033707866,0.28651685393258425,0.20224719101123595,178,3.8935416666666667,54.072916666666664,31.11284722222222,6.0,366,241,12.0,16,4.0,125,7.8125,22.875,15.0625
2013,REG,CHI,0.07724927150526312,0.4482366325369738,879,0.0792771551970547,0.4608501118568233,894,0.04637292562641663,0.04278328103729917,0.1533066132264529,0.18712871287128713,0.14217252396166133,626,0.09352517985611511,556,23.0,28.0,5.0,5.3478260869565215,11.0,1.879120879120879,0.3901098901098901,0.19230769230769232,182,2.0842696629213484,0.42696629213483145,0.12359550561797752,178,-1.819027777777778,34.12152777777778,16.43402777777778,2.0,445,478,8.0,16,8.0,-33,-2.0625,27.8125,29.875
2013,REG,CIN,0.02185647696496885,0.43666666666666665,900,-0.10787235166461522,0.3871345029239766,855,0.04502755365045754,-0.01883545768267791,0.120817843866171,0.09777347531461762,0.07644305772230889,641,0.1511111111111111,675,30.0,31.0,1.0,4.005181347150259,2.0,1.756218905472637,0.32338308457711445,0.1890547263681592,201,1.1421319796954315,0.27411167512690354,0.2131979695431472,197,3.0584895833333334,47.65104166666667,34.18055555555556,5.0,430,305,11.0,16,5.0,125,7.8125,26.875,19.0625
2013,REG,CLE,-0.07072155668320616,0.3891891891891892,925,-0.002250973111896871,0.42754367934224047,973,-0.043760153295420164,-0.04988847713131774,0.12149532710280374,0.10895660203139428,0.1628838451268358,749,0.12574850299401197,668,28.0,22.0,-6.0,3.8466522678185746,2.0,1.2461538461538462,0.26153846153846155,0.17435897435897435,195,1.6748768472906403,0.3399014778325123,0.2019704433497537,203,-1.8366493055555555,36.151041666666664,12.4375,2.0,308,406,4.0,16,12.0,-98,-6.125,19.25,25.375
2013,REG,DAL,0.06784071071773941,0.47703180212014135,849,0.03362205844278553,0.46094609460946095,909,0.11524852130914207,0.03172876683640338,0.13847780126849896,0.17346938775510204,0.08744038155802862,629,0.09806835066864784,673,21.0,27.0,6.0,4.698630136986301,6.0,2.180327868852459,0.3989071038251366,0.18032786885245902,183,2.0264550264550265,0.3968253968253968,0.09523809523809523,189,1.587795138888889,51.697916666666664,26.85590277777778,5.0,439,432,8.0,16,8.0,7,0.4375,27.4375,27.0
2013,REG,DEN,0.23618155807454247,0.5083798882681564,895,-0.01576524151857871,0.4036585365853659,820,0.22280957748896169,-0.05624213987583197,0.14588859416445624,0.13202247191011235,0.08201438848920864,695,0.13138686131386862,685,21.0,30.0,9.0,3.862232779097387,1.0,2.7524752475247523,0.4752475247524752,0.12871287128712872,202,1.6941747572815533,0.32524271844660196,0.16990291262135923,206,6.535416666666666,66.19618055555556,49.25,7.0,606,399,13.0,16,3.0,207,12.9375,37.875,24.9375
2013,REG,DET,0.0006037785522702493,0.43270189431704886,1003,-0.027254826825803484,0.3816091954022989,870,-0.009758227463556321,0.02653341171425557,0.15179392824287027,0.13499480789200416,0.10526315789473684,665,0.144,625,34.0,22.0,-12.0,4.205263157894737,2.0,1.719387755102041,0.32142857142857145,0.15306122448979592,196,1.6281407035175879,0.35678391959798994,0.18592964824120603,199,0.6338368055555557,34.80381944444444,14.71701388888889,0.0,395,376,7.0,16,9.0,19,1.1875,24.6875,23.5
2013,REG,GB,0.04449414610550327,0.4477124183006536,918,0.05498641169821713,0.43934040047114253,849,0.04311977736093529,0.06856360239659444,0.15042573320719016,0.16417910447761194,0.11801242236024845,644,0.11258278145695365,604,24.0,23.0,-1.0,4.62962962962963,8.0,1.989247311827957,0.40860215053763443,0.15053763440860216,186,2.0722222222222224,0.3888888888888889,0.16666666666666666,180,0.17567708333333326,38.861111111111114,21.397569444444443,4.0,417,428,8.5,16,7.5,-11,-0.6875,26.0625,26.75
2013,REG,HOU,-0.08434046878278119,0.41220556745182013,934,0.04515207887501671,0.4106925880923451,823,-0.02042338407227656,0.06509070558312757,0.12258064516129032,0.1320754716981132,0.1644640234948605,681,0.19029850746268656,536,31.0,11.0,-20.0,4.312775330396476,3.0,1.0398009950248757,0.25870646766169153,0.15422885572139303,201,1.824742268041237,0.36082474226804123,0.19072164948453607,194,-4.29921875,25.72048611111111,9.442708333333332,0.0,276,428,2.0,16,14.0,-152,-9.5,17.25,26.75
2013,REG,IND,0.03882461566313623,0.4383916990920882,771,0.029947143554919557,0.44589308996088656,767,0.08255267731229347,0.051185151975145206,0.12524850894632206,0.13582677165354332,0.1659056316590563,657,0.13725490196078433,612,14.0,26.0,12.0,4.46875,5.0,1.851063829787234,0.3882978723404255,0.19148936170212766,188,1.6174863387978142,0.31693989071038253,0.19672131147540983,183,-0.4384895833333334,44.638888888888886,26.59548611111111,3.0,391,336,11.0,16,5.0,55,3.4375,24.4375,21.0
2013,REG,JAX,-0.17317999070192178,0.3655913978494624,744,0.0942758355546317,0.45936794582392776,886,-0.14776595644993487,0.10905092226851484,0.10816125860373647,0.14232209737827714,0.15326251896813353,659,0.13509060955518945,607,27.0,21.0,-6.0,4.157790927021696,2.0,1.035897435897436,0.2358974358974359,0.26153846153846155,195,2.035532994923858,0.38071065989847713,0.18781725888324874,197,-6.537274305555556,27.942708333333336,14.651041666666668,3.0,247,449,4.0,16,12.0,-202,-12.625,15.4375,28.0625
2013,REG,KC,0.03602031347077338,0.42857142857142855,875,-0.004763072248139718,0.3847953216374269,855,0.033910070631463896,0.018208812597847616,0.13817097415506957,0.13137996219281664,0.11885895404120443,631,0.11509715994020926,669,21.0,33.0,12.0,4.4825174825174825,4.0,1.8172588832487309,0.3248730964467005,0.15736040609137056,197,1.2156862745098038,0.27450980392156865,0.17647058823529413,204,4.336579861111111,58.208333333333336,32.03472222222222,5.0,430,305,11.0,16,5.0,125,7.8125,26.875,19.0625
2013,REG,LA,-0.06612031816446316,0.40634005763688763,694,0.03221527571902209,0.44722222222222224,720,-0.05377373087370037,0.01968775707729657,0.13011542497376705,0.13559322033898305,0.1400359066427289,557,0.16863406408094436,593,22.0,28.0,6.0,3.7324263038548753,4.0,1.440217391304348,0.31521739130434784,0.23369565217391305,184,1.576086956521739,0.30978260869565216,0.1956521739130435,184,-0.6314583333333335,35.99652777777778,27.37847222222222,4.0,348,364,7.0,16,9.0,-16,-1.0,21.75,22.75
2013,REG,LAC,0.14477352915933014,0.47785787847579814,971,0.12688070760668638,0.48982035928143713,835,0.09257733161990725,0.17274156586792835,0.13675213675213677,0.13941299790356393,0.10732538330494037,587,0.1070840197693575,607,19.0,19.0,0.0,4.587765957446808,2.0,2.2035928143712575,0.4491017964071856,0.11377245508982035,167,1.9337349397590362,0.3614457831325301,0.1686746987951807,166,1.3002083333333334,40.74131944444444,25.46527777777778,2.0,396,348,9.0,16,7.0,48,3.0,24.75,21.75
2013,REG,LV,-0.04563772767257366,0.386968085106383,752,0.05918899638687413,0.43614457831325304,830,0.02167786259816753,0.04599432918059024,0.136226034308779,0.13214990138067062,0.125,600,0.128500823723229,607,33.0,20.0,-13.0,3.9029345372460496,1.0,1.2989690721649485,0.27835051546391754,0.17525773195876287,194,2.0634920634920637,0.3862433862433862,0.19576719576719576,189,-3.005729166666667,37.239583333333336,20.494791666666668,3.0,322,453,4.0,16,12.0,-131,-8.1875,20.125,28.3125
2013,REG,MIA,-0.03180389653557784,0.4113785557986871,914,0.02490392930877304,0.4427860696517413,1005,0.010145719892972579,0.052872244919693265,0.11740890688259109,0.12638376383763839,0.1540785498489426,662,0.14906832298136646,644,27.0,23.0,-4.0,4.128099173553719,2.0,1.4742268041237114,0.29896907216494845,0.20103092783505155,194,1.5618556701030928,0.33505154639175255,0.20618556701030927,194,-0.9349305555555556,34.16319444444444,12.411458333333334,1.0,317,335,8.0,16,8.0,-18,-1.125,19.8125,20.9375
2013,REG,MIN,-0.01801234493283099,0.4101654846335697,846,0.06461164657481894,0.458592132505176,966,-0.031638789745013274,0.00971280039269697,0.14129353233830846,0.14118705035971224,0.14057507987220447,626,0.12340425531914893,705,33.0,19.0,-14.0,3.9887133182844243,3.0,1.6923076923076923,0.3435897435897436,0.2,195,2.1522842639593907,0.39593908629441626,0.18781725888324874,197,-2.6952604166666667,30.493055555555557,13.460069444444443,2.0,391,480,5.5,16,10.5,-89,-5.5625,24.4375,30.0
2013,REG,NE,0.031519445940311024,0.45542635658914726,1032,0.016333281565005364,0.42204568023833167,1007,0.056647158062857854,0.019938087653809628,0.135183527305282,0.13693693693693693,0.12143928035982009,667,0.1461187214611872,657,22.0,27.0,5.0,4.450207468879668,4.0,1.9950248756218905,0.4079601990049751,0.16417910447761194,201,1.5153061224489797,0.29591836734693877,0.18877551020408162,196,1.8189930555555556,46.348958333333336,26.39236111111111,4.0,444,338,12.0,16,4.0,106,6.625,27.75,21.125
2013,REG,NO,0.13342752928790128,0.4858490566037736,848,-0.0022548402461913756,0.4013245033112583,755,0.14390418348736608,0.023669099214419117,0.14488636363636365,0.13155080213903744,0.11015736766809728,699,0.1663778162911612,577,16.0,21.0,5.0,4.608247422680412,3.0,2.2154696132596685,0.40331491712707185,0.15469613259668508,181,1.5966850828729282,0.30386740331491713,0.24861878453038674,181,1.9935763888888889,49.66840277777778,29.489583333333336,3.0,414,304,11.0,16,5.0,110,6.875,25.875,19.0
2013,REG,NYG,-0.14780148665003615,0.3879093198992443,794,-0.0662035112516737,0.4125714285714286,875,-0.15875229342385389,-0.0407729393806506,0.12972420837589377,0.1276794035414725,0.13866231647634583,613,0.13353566009104703,659,44.0,29.0,-15.0,3.83920704845815,2.0,1.0147058823529411,0.2549019607843137,0.25,204,1.485,0.31,0.16,200,-3.184826388888889,28.77777777777778,14.96701388888889,2.0,294,383,7.0,16,9.0,-89,-5.5625,18.375,23.9375
2013,REG,NYJ,-0.06959553396432326,0.3815165876777251,844,0.01765277591395429,0.3940774487471526,878,-0.09208006716646247,0.036334320639324263,0.12462908011869436,0.109284332688588,0.17290552584670232,561,0.13043478260869565,644,29.0,15.0,-14.0,3.353919239904988,1.0,1.183673469387755,0.29591836734693877,0.22959183673469388,196,1.7083333333333333,0.3541666666666667,0.171875,192,-3.5046006944444446,28.703125,17.19097222222222,2.0,290,387,8.0,16,8.0,-97,-6.0625,18.125,24.1875
2013,REG,PHI,0.12109148180278367,0.4640198511166253,806,-0.004105161462909438,0.45485714285714285,875,0.15645384324938486,-0.01657732384059157,0.18410852713178294,0.1329225352112676,0.14285714285714285,588,0.09497964721845319,737,18.0,32.0,14.0,3.7612612612612613,1.0,1.9800995024875623,0.3681592039800995,0.15422885572139303,201,1.6428571428571428,0.32653061224489793,0.15306122448979592,196,2.877204861111111,48.138888888888886,31.762152777777775,6.0,442,382,10.0,16,6.0,60,3.75,27.625,23.875
2013,REG,PIT,0.016153529562366372,0.43719806763285024,828,0.0109331560684817,0.4080664294187426,843,0.0379219471191199,0.04988607853466226,0.12909632571996027,0.10948191593352884,0.11930926216640503,637,0.11736334405144695,622,24.0,20.0,-4.0,4.2702078521939955,4.0,1.7724867724867726,0.3544973544973545,0.21164021164021163,189,1.731578947368421,0.3526315789473684,0.18947368421052632,190,-0.07222222222222233,38.43576388888889,24.87326388888889,4.0,379,370,8.0,16,8.0,9,0.5625,23.6875,23.125
2013,REG,SEA,0.06853264022100437,0.4537275064267352,778,-0.177914578063237,0.36553524804177545,766,0.10863198770823956,-0.10284882162508141,0.16054564533053514,0.10940695296523517,0.18323586744639375,513,0.1686143572621035,599,20.0,37.0,17.0,3.8486997635933804,4.0,2.043956043956044,0.4065934065934066,0.16483516483516483,182,1.0,0.24731182795698925,0.1989247311827957,186,5.585555555555556,57.989583333333336,37.11979166666667,8.0,417,231,13.0,16,3.0,186,11.625,26.0625,14.4375
2013,REG,SF,0.07728324742931925,0.4258312020460358,782,-0.0512178717545474,0.41923076923076924,780,0.05324539747634512,-0.02425320731895569,0.15026455026455027,0.10901883052527254,0.1172962226640159,503,0.1267605633802817,639,21.0,26.0,5.0,3.8618090452261304,0.0,1.9893617021276595,0.3829787234042553,0.21808510638297873,188,1.293193717277487,0.2617801047120419,0.23036649214659685,191,5.989583333333333,64.75347222222223,41.17534722222222,7.0,406,272,12.0,16,4.0,134,8.375,25.375,17.0
2013,REG,TB,-0.05041781019573997,0.3802992518703242,802,0.03961017507924069,0.43757292882147025,857,-0.014310336241906176,0.009433506846573757,0.11625514403292181,0.14,0.13763066202090593,574,0.13344316309719934,607,22.0,30.0,8.0,4.0228310502283104,3.0,1.3617021276595744,0.2712765957446808,0.18085106382978725,188,1.8716577540106951,0.37967914438502676,0.1443850267379679,187,-1.1158333333333337,37.34027777777778,21.414930555555557,2.0,288,389,4.0,16,12.0,-101,-6.3125,18.0,24.3125
2013,REG,TEN,0.015965432395862882,0.425414364640884,905,0.014210049615692673,0.43926247288503256,922,-0.026867765545363936,0.07091728469728263,0.11984282907662082,0.1388888888888889,0.13957307060755336,609,0.12790697674418605,602,23.0,27.0,4.0,4.02013422818792,2.0,1.7554347826086956,0.3423913043478261,0.1793478260869565,184,1.7947368421052632,0.3684210526315789,0.16842105263157894,190,-0.9282465277777778,32.99131944444444,15.17013888888889,1.0,362,381,7.0,16,9.0,-19,-1.1875,22.625,23.8125
2013,REG,WAS,-0.05497354733629227,0.41714285714285715,875,0.07417120707560951,0.46948941469489414,803,-0.06713561582539773,0.0942832504639077,0.13896457765667575,0.15995872033023736,0.14368650217706821,689,0.1265377855887522,569,33.0,27.0,-6.0,3.9932279909706545,3.0,1.2914572864321607,0.27638190954773867,0.18090452261306533,199,1.9698492462311559,0.36683417085427134,0.1708542713567839,199,-5.991458333333333,17.088541666666668,8.161458333333332,0.0,334,478,3.0,16,13.0,-144,-9.0,20.875,29.875
2014,POST,ARI,-0.38325574234398585,0.2702702702702703,37,-0.06806205685155671,0.4528301886792453,53,-0.4849893078003165,0.021326071563332032,0.02127659574468085,0.17567567567567569,0.15625,32,0.11428571428571428,35,4.0,2.0,-2.0,4.585365853658536,1.0,0.9333333333333333,0.13333333333333333,0.4,15,1.7857142857142858,0.35714285714285715,0.0,14,-5.795277777777778,20.0,0.0,0.0,16,27,0.0,1,1.0,-11,-11.0,16.0,27.0
2014,POST,BAL,0.17490824406857264,0.5041322314049587,121,0.13911173183515133,0.4830508474576271,118,0.0779714773404953,0.1669644560944165,0.1774193548387097,0.11940298507462686,0.1038961038961039,77,0.12962962962962962,108,3.0,4.0,1.0,2.5625,0.0,2.5652173913043477,0.4782608695652174,0.13043478260869565,23,2.3181818181818183,0.4090909090909091,0.13636363636363635,22,4.737638888888888,68.625,25.77777777777778,0.0,61,52,1.0,2,1.0,9,4.5,30.5,26.0
2014,POST,CAR,-0.16435623585728315,0.4205607476635514,107,-0.0695429860276749,0.32926829268292684,82,-0.2084045472761823,-0.30665446696269405,0.14084507042253522,0.11458333333333333,0.16216216216216217,74,0.12280701754385964,57,5.0,4.0,-1.0,2.953488372093023,0.0,1.4583333333333333,0.3333333333333333,0.08333333333333333,24,1.5833333333333333,0.25,0.25,24,-0.06972222222222202,37.09722222222222,26.111111111111114,0.0,44,47,1.0,2,1.0,-3,-1.5,22.0,23.5
2014,POST,CIN,-0.12267361629729273,0.35714285714285715,42,0.19856312354031436,0.4423076923076923,52,-0.13253821575480904,0.17814253185947782,0.0847457627118644,0.15942028985507245,0.14634146341463414,41,0.15217391304347827,46,1.0,1.0,0.0,4.56,0.0,0.8333333333333334,0.16666666666666666,0.3333333333333333,12,2.1666666666666665,0.5,0.16666666666666666,12,-7.771944444444444,0.0,0.0,0.0,10,26,0.0,1,1.0,-16,-16.0,10.0,26.0
2014,POST,DAL,0.11356910345679849,0.4766355140186916,107,0.1280818641539186,0.43846153846153846,130,0.006737850600762702,0.09396057355293672,0.16822429906542055,0.14615384615384616,0.2786885245901639,61,0.08433734939759036,83,1.0,4.0,3.0,4.098039215686274,1.0,2.5,0.3888888888888889,0.1111111111111111,18,2.35,0.45,0.05,20,-3.85625,26.63888888888889,5.402777777777777,0.0,45,46,1.0,2,1.0,-1,-0.5,22.5,23.0
2014,POST,DEN,-0.22834716386130635,0.35714285714285715,56,0.2057737814197556,0.453125,64,-0.09520117421717648,0.20972289371014274,0.13432835820895522,0.11267605633802817,0.0851063829787234,47,0.1111111111111111,45,1.0,2.0,1.0,3.5357142857142856,0.0,1.0833333333333333,0.25,0.3333333333333333,12,2.1818181818181817,0.36363636363636365,0.2727272727272727,11,-3.8602777777777777,18.055555555555554,7.722222222222222,0.0,13,24,0.0,1,1.0,-11,-11.0,13.0,24.0
2014,POST,DET,0.06565350791462736,0.3880597014925373,67,0.13787486827154785,0.375,56,0.14312309858590605,-0.1649814617514494,0.14925373134328357,0.16071428571428573,0.08695652173913043,46,0.2702702702702703,37,3.0,0.0,-3.0,3.4761904761904763,0.0,1.8181818181818181,0.36363636363636365,0.09090909090909091,11,2.4,0.4,0.1,10,8.056111111111111,89.86111111111111,50.888888888888886,0.0,20,24,0.0,1,1.0,-4,-4.0,20.0,24.0
2014,POST,GB,0.032975392335665224,0.45901639344262296,122,-0.012875866018778956,0.4700854700854701,117,0.03493096714881856,-0.004561101555262449,0.125,0.2,0.1232876712328767,73,0.24193548387096775,62,3.0,6.0,3.0,5.380952380952381,2.0,2.227272727272727,0.5,0.13636363636363635,22,2.130434782608696,0.30434782608695654,0.17391304347826086,23,4.650972222222222,54.138888888888886,38.95833333333333,0.0,48,49,1.0,2,1.0,-1,-0.5,24.0,24.5
2014,POST,IND,0.14863283140306777,0.4391891891891892,148,-0.04728281921810702,0.4391891891891892,148,0.14541711698599882,-0.07967775251856912,0.1256544502617801,0.11386138613861387,0.13385826771653545,127,0.096,125,5.0,4.0,-1.0,4.62962962962963,1.0,1.6764705882352942,0.3235294117647059,0.23529411764705882,34,1.9428571428571428,0.34285714285714286,0.2857142857142857,35,-1.9810185185185187,49.97222222222222,27.425925925925924,1.0,57,68,2.0,3,1.0,-11,-3.6666666666666665,19.0,22.666666666666668
2014,POST,NE,0.23390137391506652,0.5384615384615384,182,0.1116248100181971,0.5,158,0.17421237770499892,0.1786654858865614,0.11057692307692307,0.1638418079096045,0.11971830985915492,142,0.12149532710280374,107,5.0,5.0,0.0,5.0131578947368425,2.0,3.176470588235294,0.47058823529411764,0.20588235294117646,34,1.8235294117647058,0.29411764705882354,0.2647058823529412,34,3.744814814814815,39.416666666666664,30.675925925925927,1.0,108,62,3.0,3,0.0,46,15.333333333333334,36.0,20.666666666666668
2014,POST,PIT,-0.05415080275505544,0.44642857142857145,56,0.20885878797952487,0.5,48,0.022627792357871795,-0.03130721910335859,0.125,0.17647058823529413,0.1111111111111111,54,0.125,32,3.0,1.0,-2.0,2.12,0.0,1.6,0.4,0.0,10,2.5454545454545454,0.5454545454545454,0.09090909090909091,11,-4.669444444444444,6.722222222222222,0.0,0.0,17,30,0.0,1,1.0,-13,-13.0,17.0,30.0
2014,POST,SEA,0.06424237501519492,0.4329268292682927,164,-0.054793129743734896,0.44808743169398907,183,0.0193932608133995,-0.03489040315002006,0.21052631578947367,0.10344827586206896,0.15730337078651685,89,0.16666666666666666,126,6.0,7.0,1.0,4.0,0.0,2.1714285714285713,0.34285714285714286,0.2,35,1.7647058823529411,0.38235294117647056,0.20588235294117646,34,-0.7252777777777778,38.53703703703704,21.90740740740741,1.0,83,67,2.0,3,1.0,16,5.333333333333333,27.666666666666668,22.333333333333332
2014,REG,ARI,-0.030339230090158185,0.37865168539325844,890,-0.07169713401450764,0.39666666666666667,900,-0.05724455895093741,-0.01679574156557561,0.1359918200408998,0.14343029087261785,0.15875613747954173,611,0.1292834890965732,642,17.0,25.0,8.0,4.391414141414141,3.0,1.4861878453038675,0.30939226519337015,0.1878453038674033,181,1.3670212765957446,0.2978723404255319,0.1595744680851064,188,-0.8635069444444443,37.97743055555556,17.51215277777778,2.0,310,299,11.0,16,5.0,11,0.6875,19.375,18.6875
2014,REG,ATL,0.03268498536927929,0.44871794871794873,780,0.12169917645178692,0.4844124700239808,834,0.012981455254617143,0.09896102022087147,0.1442495126705653,0.14411764705882352,0.1348973607038123,682,0.10264900662251655,604,24.0,25.0,1.0,4.203991130820399,1.0,1.8457142857142856,0.38857142857142857,0.1657142857142857,175,2.1242603550295858,0.4260355029585799,0.11242603550295859,169,-0.3983854166666664,34.244791666666664,22.84722222222222,2.0,381,417,6.0,16,10.0,-36,-2.25,23.8125,26.0625
2014,REG,BAL,0.03364381730031742,0.4322033898305085,826,-0.03477058593177857,0.40718562874251496,835,0.039768642031659376,-0.04568760281667017,0.16032064128256512,0.1276803118908382,0.09722222222222222,576,0.17246596066565809,661,19.0,23.0,4.0,3.6205128205128205,0.0,2.131868131868132,0.3956043956043956,0.12637362637362637,182,1.5777777777777777,0.3333333333333333,0.18888888888888888,180,2.6048263888888887,45.328125,29.284722222222225,4.0,409,302,10.0,16,6.0,107,6.6875,25.5625,18.875
2014,REG,BUF,-0.10298189982280695,0.40903823870220163,863,-0.10132403910228814,0.4095022624434389,884,-0.04355515415973753,-0.07547717841569271,0.11530815109343936,0.11428571428571428,0.1380952380952381,630,0.1554160125588697,637,23.0,30.0,7.0,4.113526570048309,1.0,1.4923857868020305,0.3248730964467005,0.18274111675126903,197,1.2575757575757576,0.2828282828282828,0.18181818181818182,198,1.0574131944444445,39.217013888888886,25.272569444444446,4.0,343,289,9.0,16,7.0,54,3.375,21.4375,18.0625
2014,REG,CAR,-0.005734345072336165,0.44920440636474906,817,0.0037283596632572036,0.41970310391363025,741,0.016868932382612997,-0.017021705186000314,0.14299332697807435,0.14169215086646278,0.11021069692058347,617,0.13247172859450726,619,21.0,27.0,6.0,4.513853904282116,4.0,1.6292134831460674,0.34831460674157305,0.14606741573033707,178,1.8156424581005586,0.3463687150837989,0.19553072625698323,179,-2.1201215277777776,32.845486111111114,20.01388888888889,3.0,339,374,7.5,16,8.5,-35,-2.1875,21.1875,23.375
2014,REG,CHI,-0.04833045138043143,0.4259501965923984,763,0.09843162372004477,0.47167487684729065,812,-0.05206656616434768,0.027122308487957856,0.11895161290322581,0.16262626262626262,0.12369597615499255,671,0.13509060955518945,607,31.0,22.0,-9.0,4.2826603325415675,1.0,1.5611111111111111,0.2777777777777778,0.12777777777777777,180,2.3389830508474576,0.4463276836158192,0.10734463276836158,177,-5.336232638888888,25.786458333333332,14.972222222222221,1.0,319,442,5.0,16,11.0,-123,-7.6875,19.9375,27.625
2014,REG,CIN,0.003569976782394235,0.42839805825242716,824,-0.03112792125980421,0.4234338747099768,862,0.007754485960064029,0.005567187718754371,0.13134328358208955,0.1315042573320719,0.08823529411764706,544,0.11128284389489954,647,27.0,25.0,-2.0,4.224489795918367,3.0,1.7277486910994764,0.3403141361256545,0.14136125654450263,191,1.6467391304347827,0.32608695652173914,0.19021739130434784,184,1.6822569444444442,49.302083333333336,31.93576388888889,4.0,365,344,10.5,16,5.5,21,1.3125,22.8125,21.5
2014,REG,CLE,-0.07327998500120128,0.3715277777777778,864,-0.05588481418857054,0.4281183932346723,946,-0.018298129921393926,0.018060868375955913,0.13559322033898305,0.13557779799818018,0.14025500910746813,549,0.11496062992125984,635,21.0,30.0,9.0,4.53,6.0,1.4041450777202074,0.27979274611398963,0.23834196891191708,193,1.5606060606060606,0.32323232323232326,0.12626262626262627,198,-0.3098958333333332,40.01215277777778,19.743055555555557,2.0,299,337,7.0,16,9.0,-38,-2.375,18.6875,21.0625
2014,REG,DAL,0.1458799931903845,0.48662420382165605,785,0.007362523023113928,0.4120956399437412,711,0.12301219787618768,0.003682393485577554,0.15815815815815815,0.12913223140495866,0.10271317829457365,516,0.13432835820895522,603,24.0,32.0,8.0,4.203562340966921,2.0,2.363128491620112,0.43575418994413406,0.11731843575418995,179,1.7150837988826815,0.3128491620111732,0.1452513966480447,179,3.2703125,48.104166666666664,35.66493055555556,4.0,467,352,12.0,16,4.0,115,7.1875,29.1875,22.0
2014,REG,DEN,0.11197950828166163,0.463980463980464,819,-0.0924927037229431,0.38823529411764707,765,0.08734431769666866,-0.06347654577908352,0.1532567049808429,0.10623781676413255,0.072,625,0.12570621468926554,708,21.0,24.0,3.0,3.6514285714285712,2.0,2.202020202020202,0.398989898989899,0.11616161616161616,198,1.6,0.3128205128205128,0.24615384615384617,195,4.702274305555555,58.189236111111114,43.88368055555556,7.0,482,354,12.0,16,4.0,128,8.0,30.125,22.125
2014,REG,DET,-0.013840246414238078,0.4238258877434135,873,-0.11261418415044516,0.41254523522316044,829,-0.02966647585283393,-0.0981162948303355,0.13587487781036167,0.12538540596094552,0.138763197586727,663,0.17465224111282843,647,18.0,28.0,10.0,3.1652421652421654,1.0,1.6592178770949721,0.3240223463687151,0.18994413407821228,179,1.401098901098901,0.2692307692307692,0.17582417582417584,182,0.3671527777777778,43.11284722222222,28.442708333333332,4.0,321,282,11.0,16,5.0,39,2.4375,20.0625,17.625
2014,REG,GB,0.14832698874195302,0.4778645833333333,768,-0.04727735950412922,0.43089430894308944,738,0.11061423727050781,-0.034920627501201805,0.16309887869520898,0.1362763915547025,0.10961214165261383,593,0.14511041009463724,634,14.0,26.0,12.0,4.254988913525499,3.0,2.514792899408284,0.46745562130177515,0.07692307692307693,169,1.5885714285714285,0.3314285714285714,0.12571428571428572,175,7.263142361111111,60.48784722222222,41.453125,9.0,486,348,12.0,16,4.0,138,8.625,30.375,21.75
2014,REG,HOU,-0.02799690732995742,0.4036076662908681,887,-0.14191476158172972,0.4088888888888889,900,-0.0080935920721953,-0.05370708962180298,0.12487992315081652,0.11592836946277098,0.14917127071823205,543,0.17429837518463812,677,23.0,32.0,9.0,3.9834123222748814,3.0,1.6082474226804124,0.32989690721649484,0.20103092783505155,194,1.2613065326633166,0.2663316582914573,0.1708542713567839,199,1.9997916666666669,41.3125,30.61284722222222,4.0,372,307,9.0,16,7.0,65,4.0625,23.25,19.1875
2014,REG,IND,-0.011961826200407484,0.4412121212121212,825,-0.0943020711954067,0.3775933609958506,723,-0.006579311570030004,-0.011756235559865262,0.14944649446494465,0.14989939637826963,0.15955983493810177,727,0.14833333333333334,600,31.0,26.0,-5.0,4.288416075650118,2.0,2.0,0.3951219512195122,0.17560975609756097,205,1.5979899497487438,0.2814070351758794,0.22613065326633167,199,3.1444444444444444,55.65972222222222,42.13194444444444,8.0,458,369,11.0,16,5.0,89,5.5625,28.625,23.0625
2014,REG,JAX,-0.19048383331514698,0.3434343434343434,792,0.020454402568726625,0.43004587155963303,872,-0.14519405127792281,0.06096513089473317,0.11788617886178862,0.14272300469483568,0.18518518518518517,648,0.135,600,26.0,20.0,-6.0,4.074148296593187,3.0,0.9333333333333333,0.22564102564102564,0.23076923076923078,195,1.7772020725388602,0.3626943005181347,0.13471502590673576,193,-5.340763888888889,22.024305555555557,5.579861111111111,0.0,249,412,3.0,16,13.0,-163,-10.1875,15.5625,25.75
2014,REG,KC,0.05184206483955267,0.4368932038834951,824,-0.005187329079957702,0.43876337693222356,841,0.05809021419994425,0.03295619261844357,0.12578616352201258,0.14257425742574256,0.1384083044982699,578,0.13843648208469056,614,18.0,13.0,-5.0,4.702078521939954,6.0,1.9190751445086704,0.3583815028901734,0.16184971098265896,173,1.4831460674157304,0.3258426966292135,0.16853932584269662,178,1.559670138888889,46.05034722222222,25.647569444444443,5.0,353,281,9.0,16,7.0,72,4.5,22.0625,17.5625
2014,REG,LA,-0.08902590366824206,0.42656449553001274,783,0.0037026872413850106,0.4226415094339623,795,-0.05561461952768795,0.023506763576537637,0.1331923890063425,0.13663967611336034,0.16549295774647887,568,0.11725293132328309,597,28.0,24.0,-4.0,4.152941176470589,6.0,1.2150537634408602,0.2956989247311828,0.1774193548387097,186,1.3736263736263736,0.3021978021978022,0.15384615384615385,182,1.1082118055555557,41.467013888888886,22.96701388888889,3.0,324,354,6.0,16,10.0,-30,-1.875,20.25,22.125
2014,REG,LAC,0.038482152315979914,0.44302325581395346,860,0.03789470912851465,0.4518147684605757,799,0.010208194096301448,0.02596821871980913,0.14228855721393036,0.13705583756345177,0.1253968253968254,630,0.09515570934256055,578,22.0,19.0,-3.0,4.523917995444191,4.0,1.7873563218390804,0.3390804597701149,0.19540229885057472,174,1.7486033519553073,0.3575418994413408,0.16201117318435754,179,-0.8595138888888889,38.345486111111114,24.52777777777778,3.0,348,348,9.0,16,7.0,0,0.0,21.75,21.75
2014,REG,LV,-0.15002990704289756,0.35020519835841313,731,0.10166430270330293,0.4489795918367347,833,-0.12683975763813574,0.0914955362901218,0.0935910478128179,0.14760508308895406,0.08748114630467571,663,0.0986159169550173,578,29.0,14.0,-15.0,3.972972972972973,4.0,1.0303030303030303,0.22727272727272727,0.2727272727272727,198,2.050761421319797,0.39593908629441626,0.17766497461928935,197,-7.315069444444444,20.696180555555557,6.795138888888889,0.0,253,452,3.0,16,13.0,-199,-12.4375,15.8125,28.25
2014,REG,MIA,0.0746883113265107,0.5055624227441285,809,0.05207331801519195,0.43529411764705883,850,0.09479247684924054,0.0036068757859625974,0.13840155945419103,0.12979351032448377,0.15765069551777433,647,0.12458471760797342,602,22.0,26.0,4.0,4.270925110132159,4.0,1.9502762430939227,0.3756906077348066,0.10497237569060773,181,1.8388888888888888,0.36666666666666664,0.15555555555555556,180,0.9925694444444445,38.369791666666664,22.348958333333332,3.0,388,373,8.0,16,8.0,15,0.9375,24.25,23.3125
2014,REG,MIN,-0.015798683318455718,0.42358604091456076,831,0.03568929762896888,0.44380733944954126,872,-0.04774097153342958,0.028028674758475022,0.1305699481865285,0.13095238095238096,0.1611295681063123,602,0.15656565656565657,594,20.0,19.0,-1.0,4.308203991130821,4.0,1.5340909090909092,0.3181818181818182,0.13636363636363635,176,1.6312849162011174,0.3407821229050279,0.1340782122905028,179,-0.6664583333333336,45.03645833333333,21.70138888888889,2.0,325,343,7.0,16,9.0,-18,-1.125,20.3125,21.4375
2014,REG,NE,0.11411526870530256,0.46916565900846435,827,-0.0012334370360040962,0.4413265306122449,784,0.09582817782298486,-0.03289972484742355,0.12808349146110057,0.14313725490196078,0.13157894736842105,646,0.12872841444270017,637,13.0,25.0,12.0,3.983293556085919,4.0,2.320441988950276,0.4530386740331492,0.18232044198895028,181,1.478021978021978,0.3241758241758242,0.17582417582417584,182,4.602812500000001,56.876736111111114,38.595486111111114,5.0,468,313,12.0,16,4.0,155,9.6875,29.25,19.5625
2014,REG,NO,0.05633517023828758,0.46786922209695603,887,0.08806170206726827,0.44638694638694637,858,0.06644311051299011,0.05169776442767006,0.14444444444444443,0.15888778550148958,0.11764705882352941,697,0.11647254575707154,601,30.0,17.0,-13.0,4.796839729119639,5.0,2.1379310344827585,0.39080459770114945,0.13218390804597702,174,2.280701754385965,0.4327485380116959,0.11695906432748537,171,-1.4987499999999998,38.55555555555556,20.93923611111111,3.0,401,424,7.0,16,9.0,-23,-1.4375,25.0625,26.5
2014,REG,NYG,0.01345550555142139,0.4146620847651776,873,0.06234448831096521,0.4236024844720497,805,-0.005003751735195481,0.07467089423772284,0.12720519962859797,0.16902834008097167,0.11682242990654206,642,0.16526138279932545,593,26.0,27.0,1.0,4.924829157175399,5.0,1.7512953367875648,0.3471502590673575,0.16580310880829016,193,1.8461538461538463,0.35384615384615387,0.18974358974358974,195,0.16519097222222223,37.532986111111114,24.34548611111111,4.0,380,400,6.0,16,10.0,-20,-1.25,23.75,25.0
2014,REG,NYJ,-0.0518808347307643,0.40753045404208194,903,0.035002129333992237,0.44752714113389624,829,-0.08458418030808144,-0.01163679024688378,0.11792905081495686,0.11401673640167365,0.16524701873935263,587,0.1632996632996633,594,23.0,14.0,-9.0,3.7888040712468194,3.0,1.3709677419354838,0.3172043010752688,0.22043010752688172,186,2.021857923497268,0.37158469945355194,0.22404371584699453,183,-3.789739583333333,25.66840277777778,14.260416666666668,1.0,283,401,4.0,16,12.0,-118,-7.375,17.6875,25.0625
2014,REG,PHI,0.036297898137945525,0.4375,896,-0.012419220977618856,0.41143497757847536,892,0.012016502543209795,0.02818844033496285,0.1460775473399459,0.13673655423883319,0.10863095238095238,672,0.12724550898203593,668,35.0,28.0,-7.0,3.744186046511628,1.0,1.8177339901477831,0.3694581280788177,0.15763546798029557,203,1.4669811320754718,0.3113207547169811,0.16981132075471697,212,2.6761805555555553,50.93055555555556,34.192708333333336,6.0,474,400,10.0,16,6.0,74,4.625,29.625,25.0
2014,REG,PIT,0.09029991293051313,0.4691501746216531,859,0.0457730594764969,0.4322916666666667,768,0.07996550387355336,0.01866411349241389,0.15177713736791545,0.16059957173447537,0.09642301710730948,643,0.14093959731543623,596,21.0,21.0,0.0,4.349593495934959,4.0,2.2701149425287355,0.41954022988505746,0.12643678160919541,174,1.8735632183908046,0.39655172413793105,0.1724137931034483,174,1.18703125,49.28472222222222,31.109375,2.0,436,368,11.0,16,5.0,68,4.25,27.25,23.0
2014,REG,SEA,0.09715193804382546,0.4479638009049774,884,-0.13310691796149743,0.39006211180124223,805,0.1368385160454044,-0.10252058012615657,0.16383616383616384,0.10284463894967177,0.17216117216117216,546,0.15151515151515152,561,15.0,23.0,8.0,3.431578947368421,2.0,2.04,0.4057142857142857,0.11428571428571428,175,1.2573099415204678,0.26900584795321636,0.2046783625730994,171,3.034461805555556,46.71180555555556,34.05381944444444,4.0,394,254,12.0,16,4.0,140,8.75,24.625,15.875
2014,REG,SF,-0.007701733230138775,0.4297142857142857,875,-0.037525817060301274,0.40229885057471265,870,-0.03853219435404643,-0.06165637210829902,0.13279678068410464,0.12833675564681724,0.11734693877551021,588,0.13643926788685523,601,21.0,30.0,9.0,4.009950248756219,4.0,1.4438202247191012,0.3089887640449438,0.1404494382022472,178,1.6628571428571428,0.32,0.16,175,0.730329861111111,47.921875,27.34027777777778,1.0,306,340,8.0,16,8.0,-34,-2.125,19.125,21.25
2014,REG,TB,-0.118791890180064,0.375,776,0.04275909389808447,0.4621380846325167,898,-0.123196981193622,0.01709069822433729,0.13010752688172042,0.1518624641833811,0.2155887230514096,603,0.1186161449752883,607,31.0,25.0,-6.0,3.8867521367521367,1.0,1.2833333333333334,0.26666666666666666,0.18888888888888888,180,1.9837837837837837,0.3891891891891892,0.11891891891891893,185,-4.660711805555556,29.743055555555557,10.07986111111111,1.0,277,410,2.0,16,14.0,-133,-8.3125,17.3125,25.625
2014,REG,TEN,-0.11290379354998663,0.37857142857142856,700,0.08324440224981154,0.4406779661016949,826,-0.058132742949886115,0.09065803275390298,0.13827433628318583,0.1412639405204461,0.16243654822335024,591,0.11442786069651742,603,25.0,17.0,-8.0,4.262135922330097,7.0,1.1570680628272252,0.2356020942408377,0.2198952879581152,191,2.0837696335078535,0.4083769633507853,0.14136125654450263,191,-5.538072916666667,25.32986111111111,11.100694444444445,0.0,254,438,2.0,16,14.0,-184,-11.5,15.875,27.375
2014,REG,WAS,-0.056551328887861095,0.41034897713598073,831,0.11590480147619307,0.4386792452830189,848,0.07941527814007131,0.08877234751043378,0.143,0.13960703205791106,0.18124006359300476,629,0.13402061855670103,582,34.0,16.0,-18.0,4.085308056872038,4.0,1.359375,0.296875,0.15625,192,2.131868131868132,0.37362637362637363,0.1813186813186813,182,-3.450850694444444,25.61111111111111,9.006944444444445,1.0,301,438,4.0,16,12.0,-137,-8.5625,18.8125,27.375
2015,POST,ARI,-0.0864692660174968,0.4105263157894737,95,0.13307186051216155,0.3617021276595745,94,-0.11338625228226495,0.02811862792770302,0.13821138211382114,0.15503875968992248,0.13636363636363635,88,0.05263157894736842,76,8.0,3.0,-5.0,4.864406779661017,0.0,1.4166666666666667,0.2916666666666667,0.16666666666666666,24,2.652173913043478,0.4782608695652174,0.17391304347826086,23,-7.45861111111111,25.75,4.736111111111111,0.0,41,69,1.0,2,1.0,-28,-14.0,20.5,34.5
2015,POST,CAR,0.04540845257034551,0.3983050847457627,118,-0.4199426319293789,0.31313131313131315,99,0.11264112948760777,-0.25051304750856235,0.15656565656565657,0.1564245810055866,0.1553398058252427,103,0.2222222222222222,126,6.0,10.0,4.0,4.035087719298246,0.0,1.7435897435897436,0.3333333333333333,0.20512820512820512,39,1.0526315789473684,0.2631578947368421,0.23684210526315788,38,9.099537037037036,62.31481481481482,60.916666666666664,2.0,90,63,2.0,3,1.0,27,9.0,30.0,21.0
2015,POST,CIN,-0.24673620546668748,0.34328358208955223,67,-0.10309104233493945,0.3787878787878788,66,-0.2668262018089402,0.026051302118674975,0.1044776119402985,0.11594202898550725,0.1702127659574468,47,0.2,40,4.0,2.0,-2.0,5.758620689655173,0.0,1.1333333333333333,0.2,0.2,15,1.3571428571428572,0.35714285714285715,0.21428571428571427,14,-4.3566666666666665,2.722222222222222,0.3611111111111111,0.0,16,18,0.0,1,1.0,-2,-2.0,16.0,18.0
2015,POST,DEN,-0.25200088374186663,0.3055555555555556,180,-0.2057647035907426,0.3316582914572864,199,-0.1483754261941666,-0.045278032298967874,0.10526315789473684,0.14832535885167464,0.13725490196078433,102,0.2119205298013245,151,3.0,7.0,4.0,3.9206349206349205,0.0,1.3488372093023255,0.32558139534883723,0.3023255813953488,43,0.8863636363636364,0.22727272727272727,0.22727272727272727,44,3.9174074074074077,67.47222222222223,43.27777777777777,2.0,67,44,3.0,3,0.0,23,7.666666666666667,22.333333333333332,14.666666666666666
2015,POST,GB,0.14135602387393983,0.4274193548387097,124,-0.020991310821182295,0.4090909090909091,110,0.13968733218651397,-0.13258575669634268,0.1111111111111111,0.15151515151515152,0.047619047619047616,84,0.16666666666666666,96,2.0,3.0,1.0,3.3513513513513513,0.0,2.260869565217391,0.43478260869565216,0.13043478260869565,23,1.8333333333333333,0.3333333333333333,0.25,24,0.6213888888888888,37.847222222222214,15.277777777777779,0.0,55,44,1.0,2,1.0,11,5.5,27.5,22.0
2015,POST,HOU,-0.3992473358223431,0.2558139534883721,43,-0.05915756829941543,0.5263157894736842,38,-0.3590693679879857,0.015581370669326956,0.09836065573770492,0.13333333333333333,0.10810810810810811,37,0.14814814814814814,27,5.0,1.0,-4.0,3.810810810810811,0.0,0.0,0.0,0.25,12,2.090909090909091,0.45454545454545453,0.09090909090909091,11,-15.24638888888889,0.0,0.0,0.0,0,30,0.0,1,1.0,-30,-30.0,0.0,30.0
2015,POST,KC,-0.02542914166878013,0.4479166666666667,96,-0.03176090965619537,0.38372093023255816,86,-0.13532201944107242,-0.09351655386723648,0.11267605633802817,0.13274336283185842,0.10843373493975904,83,0.0625,80,2.0,5.0,3.0,3.8974358974358974,0.0,2.15,0.45,0.1,20,1.2272727272727273,0.22727272727272727,0.22727272727272727,22,3.4527777777777775,50.0,33.541666666666664,1.0,50,27,1.0,2,1.0,23,11.5,25.0,13.5
2015,POST,MIN,-0.3056084321126085,0.3333333333333333,54,-0.23785758762508225,0.3090909090909091,55,-0.284417277747707,-0.11106848300397887,0.05555555555555555,0.10909090909090909,0.2222222222222222,27,0.23333333333333334,30,1.0,1.0,0.0,3.4642857142857144,0.0,0.8181818181818182,0.2727272727272727,0.18181818181818182,11,0.9090909090909091,0.18181818181818182,0.2727272727272727,11,2.398888888888889,63.24999999999999,17.5,0.0,9,10,0.0,1,1.0,-1,-1.0,9.0,10.0
2015,POST,NE,-0.01835481202433239,0.39316239316239315,117,-0.10959322934409303,0.3445378151260504,119,0.02104463078821037,-0.30676936297864793,0.1328125,0.08904109589041095,0.16346153846153846,104,0.09782608695652174,92,2.0,2.0,0.0,3.774193548387097,0.0,1.88,0.36,0.16,25,1.6666666666666667,0.3333333333333333,0.25,24,1.450416666666667,46.208333333333336,29.347222222222225,1.0,45,40,1.0,2,1.0,5,2.5,22.5,20.0
2015,POST,PIT,-0.11735904362716099,0.36885245901639346,122,-0.20904496941827932,0.34328358208955223,134,0.006001755066436568,-0.13996182321751652,0.14173228346456693,0.10218978102189781,0.13924050632911392,79,0.12941176470588237,85,3.0,4.0,1.0,3.4482758620689653,0.0,1.2962962962962963,0.3333333333333333,0.25925925925925924,27,1.3448275862068966,0.3103448275862069,0.1724137931034483,29,2.467222222222222,61.833333333333336,19.083333333333332,0.0,34,39,1.0,2,1.0,-5,-2.5,17.0,19.5
2015,POST,SEA,-0.3563232391325738,0.3088235294117647,68,-0.06583722123032013,0.43243243243243246,74,-0.29650594635284505,-0.03998069789772022,0.1440677966101695,0.0782608695652174,0.25,84,0.14,50,3.0,1.0,-2.0,2.8857142857142857,1.0,1.2272727272727273,0.2727272727272727,0.18181818181818182,22,1.5714285714285714,0.3333333333333333,0.14285714285714285,21,-10.268055555555556,6.791666666666667,0.3055555555555556,0.0,34,40,1.0,2,1.0,-6,-3.0,17.0,20.0
2015,POST,WAS,-0.07122238545731033,0.3877551020408163,49,0.26434508104854665,0.5084745762711864,59,-0.24007674667356899,0.3208270663721012,0.17391304347826086,0.10294117647058823,0.21153846153846154,52,0.05405405405405406,37,1.0,1.0,0.0,4.40625,0.0,1.3076923076923077,0.23076923076923078,0.3076923076923077,13,2.4615384615384617,0.46153846153846156,0.15384615384615385,13,-2.3769444444444443,50.638888888888886,21.166666666666668,0.0,18,35,0.0,1,1.0,-17,-17.0,18.0,35.0
2015,REG,ARI,0.12507552523306906,0.4764930114358323,787,-0.06613567828014905,0.40848806366047746,754,0.10197287396019131,-0.03885789856765968,0.16019900497512438,0.12744090441932168,0.17457627118644067,590,0.1650943396226415,636,25.0,32.0,7.0,3.9142091152815013,2.0,2.3333333333333335,0.42473118279569894,0.11290322580645161,186,1.413978494623656,0.3172043010752688,0.15591397849462366,186,5.764809027777778,61.71875,35.564236111111114,7.0,489,313,13.0,16,3.0,176,11.0,30.5625,19.5625
2015,REG,ATL,0.0019639913608703896,0.4609704641350211,948,0.007488357086752769,0.4547563805104408,862,-0.018880477732566844,0.015271506854049812,0.1388101983002833,0.13979591836734695,0.13363363363363365,666,0.12520868113522537,599,30.0,23.0,-7.0,4.038461538461538,1.0,1.7586206896551724,0.3448275862068966,0.13218390804597702,174,1.813953488372093,0.3430232558139535,0.1511627906976744,172,-1.1357812500000002,32.05902777777778,16.35590277777778,2.0,339,345,8.0,16,8.0,-6,-0.375,21.1875,21.5625
2015,REG,BAL,-0.07183751612090994,0.4295566502463054,1015,0.023625789425494,0.41201716738197425,932,-0.016943041407358955,0.028674816080373037,0.1283720930232558,0.12259371833839919,0.11522048364153627,703,0.14827018121911037,607,27.0,15.0,-12.0,3.9689737470167064,4.0,1.435483870967742,0.3333333333333333,0.1774193548387097,186,1.8288770053475936,0.37433155080213903,0.1657754010695187,187,-2.944548611111111,24.197916666666668,7.803819444444445,1.0,328,401,5.0,16,11.0,-73,-4.5625,20.5,25.0625
2015,REG,BUF,0.0223100276070001,0.4065533980582524,824,0.03543931520561091,0.43063932448733416,829,0.08244345557809457,0.08345422320117135,0.14829659318637275,0.14142427281845538,0.14183123877917414,557,0.12225705329153605,638,18.0,26.0,8.0,4.378787878787879,2.0,1.8387096774193548,0.34408602150537637,0.20430107526881722,186,1.7277486910994764,0.32460732984293195,0.16230366492146597,191,-0.16383680555555535,40.10590277777778,25.94097222222222,5.0,379,359,8.0,16,8.0,20,1.25,23.6875,22.4375
2015,REG,CAR,0.12514852371486263,0.48009650180940894,829,-0.17122587492793093,0.36899038461538464,832,0.11423319999015502,-0.17645240501327228,0.15177713736791545,0.11523809523809524,0.10912343470483005,559,0.1523545706371191,722,20.0,38.0,18.0,3.871584699453552,2.0,2.3181818181818183,0.4292929292929293,0.16161616161616163,198,1.3061224489795917,0.2653061224489796,0.18877551020408162,196,7.305381944444444,66.02604166666667,44.65625,8.0,500,308,15.0,16,1.0,192,12.0,31.25,19.25
2015,REG,CHI,-0.009817847334894596,0.4323467230443975,946,0.05956740098422,0.4631336405529954,868,-0.034831891695794544,0.052762089137259376,0.12192723697148476,0.13650465356773525,0.1343804537521815,573,0.1563573883161512,582,23.0,15.0,-8.0,4.466512702078522,4.0,1.687150837988827,0.3743016759776536,0.1564245810055866,179,2.0114285714285716,0.3657142857142857,0.16,175,-3.6123090277777776,19.381944444444446,7.628472222222223,0.0,335,397,6.0,16,10.0,-62,-3.875,20.9375,24.8125
2015,REG,CIN,0.10231537793414783,0.4604938271604938,810,-0.03205897237975141,0.43510506798516685,809,0.1107967004603779,-0.026918053081221107,0.14184397163120568,0.11436950146627566,0.10139860139860139,572,0.15275813295615276,707,18.0,27.0,9.0,4.2936046511627906,1.0,2.1483516483516483,0.3956043956043956,0.14285714285714285,182,1.4055555555555554,0.28888888888888886,0.19444444444444445,180,5.314201388888889,58.34375,37.052083333333336,7.0,419,279,12.0,16,4.0,140,8.75,26.1875,17.4375
2015,REG,CLE,-0.05853159640153937,0.39977220956719817,878,0.06692648568416809,0.4338235294117647,816,-0.11947405237515052,0.09441583996603155,0.13140096618357489,0.15071283095723015,0.1752136752136752,702,0.12365591397849462,558,28.0,22.0,-6.0,4.477124183006536,5.0,1.297752808988764,0.29775280898876405,0.17415730337078653,178,2.1452513966480447,0.41899441340782123,0.1340782122905028,179,-4.663489583333333,17.147569444444443,12.15451388888889,2.0,278,432,3.0,16,13.0,-154,-9.625,17.375,27.0
2015,REG,DAL,-0.08543954944066565,0.4294187425860024,843,0.05733388544611861,0.4488888888888889,900,-0.062870919309591,0.07951218010927573,0.14285714285714285,0.1441717791411043,0.11611785095320624,577,0.1400359066427289,557,33.0,11.0,-22.0,4.195227765726681,3.0,1.2965116279069768,0.313953488372093,0.18023255813953487,172,1.8022598870056497,0.3672316384180791,0.14689265536723164,177,-2.0228819444444444,31.756944444444443,9.47048611111111,2.0,275,374,4.0,16,12.0,-99,-6.1875,17.1875,23.375
2015,REG,DEN,-0.06325154595883677,0.4012605042016807,952,-0.13767630197603556,0.3639240506329114,948,-0.028556340751770225,-0.11768200897976967,0.13193116634799235,0.10707269155206287,0.14786585365853658,656,0.1875968992248062,645,33.0,25.0,-8.0,3.2609756097560973,1.0,1.4623115577889447,0.31155778894472363,0.20603015075376885,199,1.164179104477612,0.26865671641791045,0.16417910447761194,201,1.1202083333333333,50.295138888888886,24.20486111111111,5.0,355,296,12.0,16,4.0,59,3.6875,22.1875,18.5
2015,REG,DET,-0.03560488630524039,0.45102781136638453,827,0.04740365945206814,0.4451219512195122,820,0.017420132490597463,0.053988708123101116,0.13359528487229863,0.1529051987767584,0.1467236467236467,702,0.1736930860033727,593,23.0,19.0,-4.0,4.214452214452215,3.0,1.893854748603352,0.3463687150837989,0.19553072625698323,179,2.0376344086021505,0.3817204301075269,0.1881720430107527,186,0.26149305555555546,44.97916666666667,25.35590277777778,3.0,358,400,7.0,16,9.0,-42,-2.625,22.375,25.0
2015,REG,GB,-0.025101488808989242,0.413677130044843,892,-0.02411901030760407,0.42736077481840196,826,0.06008999540213087,-0.01392997899605184,0.1344860710854947,0.14087301587301587,0.1573373676248109,661,0.14696485623003194,626,17.0,22.0,5.0,4.535714285714286,4.0,1.7135416666666667,0.3333333333333333,0.1875,192,1.5879120879120878,0.3131868131868132,0.1978021978021978,182,0.6102256944444444,48.501736111111114,29.46527777777778,5.0,368,323,10.0,16,6.0,45,2.8125,23.0,20.1875
2015,REG,HOU,-0.06268591424106366,0.3973902728351127,843,-0.1303327391863373,0.3850415512465374,722,-0.03987969830254769,-0.047074653205277456,0.1167420814479638,0.13182286302780638,0.1293233082706767,665,0.1672077922077922,616,22.0,23.0,1.0,4.105398457583547,2.0,1.4705882352941178,0.28921568627450983,0.18627450980392157,204,1.398989898989899,0.2727272727272727,0.22727272727272727,198,-1.8992708333333332,37.666666666666664,23.348958333333332,4.0,339,313,9.0,16,7.0,26,1.625,21.1875,19.5625
2015,REG,IND,-0.11737850064878318,0.393018018018018,888,0.007055485885877227,0.4122137404580153,917,-0.11188887579429131,-0.013883151457373679,0.12027158098933075,0.1534090909090909,0.17151162790697674,688,0.13322884012539185,638,29.0,26.0,-3.0,4.309050772626931,4.0,1.3969072164948453,0.29381443298969073,0.18556701030927836,194,1.7577319587628866,0.36082474226804123,0.14432989690721648,194,-2.3900694444444444,34.873263888888886,18.932291666666668,3.0,333,408,8.0,16,8.0,-75,-4.6875,20.8125,25.5
2015,REG,JAX,-0.10403336583349876,0.4077102803738318,856,0.052095922518163834,0.4287245444801715,933,-0.07136967062106289,-0.004963536857807491,0.15054835493519442,0.13475836431226765,0.13049853372434017,682,0.11332312404287902,653,28.0,18.0,-10.0,3.6795698924731184,4.0,1.6010362694300517,0.34196891191709844,0.20207253886010362,193,1.907216494845361,0.38144329896907214,0.13402061855670103,194,-3.3900868055555557,18.725694444444446,9.140625,1.0,376,448,5.0,16,11.0,-72,-4.5,23.5,28.0
2015,REG,KC,0.043851833586320735,0.461133069828722,759,-0.13859092563816147,0.37735849056603776,848,0.0759614971576606,-0.08676399867906824,0.1339001062699256,0.14091350826044705,0.13612565445026178,573,0.12554744525547445,685,14.0,30.0,16.0,4.085714285714285,2.0,1.9175824175824177,0.3791208791208791,0.19230769230769232,182,1.278688524590164,0.273224043715847,0.18032786885245902,183,4.594809027777778,57.41493055555556,44.72569444444444,8.0,405,287,11.0,16,5.0,118,7.375,25.3125,17.9375
2015,REG,LA,-0.11723972848133055,0.38501971090670173,761,-0.0819886360951789,0.4184008762322015,913,-0.007563366962031939,-0.016208708698807556,0.1261061946902655,0.1308411214953271,0.19153225806451613,496,0.16941529235382308,667,21.0,26.0,5.0,4.008791208791209,2.0,1.1428571428571428,0.24489795918367346,0.18877551020408162,196,1.3686868686868687,0.3181818181818182,0.16161616161616163,198,-0.17987847222222206,42.49131944444444,21.253472222222225,5.0,280,330,7.0,16,9.0,-50,-3.125,17.5,20.625
2015,REG,LAC,-0.019432962991369918,0.42548596112311016,926,0.03580674149680013,0.42961165048543687,824,0.030600102808223097,0.05219167147581374,0.12168344007319305,0.16084656084656085,0.14965034965034965,715,0.13012477718360071,561,23.0,20.0,-3.0,4.801435406698564,5.0,1.5674157303370786,0.33707865168539325,0.1348314606741573,178,1.961111111111111,0.37777777777777777,0.18888888888888888,180,-2.546631944444444,28.694444444444443,15.70138888888889,1.0,320,398,4.0,16,12.0,-78,-4.875,20.0,24.875
2015,REG,LV,-0.04531506330496625,0.4018475750577367,866,-0.02329491637440096,0.4337748344370861,906,-0.0331544840203764,0.0062939347610823015,0.12763819095477386,0.13104089219330856,0.09785932721712538,654,0.10857142857142857,700,26.0,23.0,-3.0,4.1330049261083746,2.0,1.6666666666666667,0.31794871794871793,0.18974358974358974,195,1.8638743455497382,0.38219895287958117,0.18848167539267016,191,-0.5118923611111115,35.920138888888886,15.965277777777777,2.0,359,399,7.0,16,9.0,-40,-2.5,22.4375,24.9375
2015,REG,MIA,-0.04931593288299306,0.3924581005586592,716,0.048109286825507434,0.43300248138957814,806,0.039083847446309807,0.07756833177308745,0.14196891191709846,0.14853358561967833,0.16797488226059654,637,0.15358361774744028,586,18.0,16.0,-2.0,4.02191235059761,6.0,1.4010695187165776,0.25668449197860965,0.18716577540106952,187,1.7958115183246073,0.3403141361256545,0.17277486910994763,191,-3.396701388888889,22.75173611111111,12.93923611111111,4.0,310,389,6.0,16,10.0,-79,-4.9375,19.375,24.3125
2015,REG,MIN,0.005859384561798174,0.40507859733978235,827,-0.06800308555005184,0.4166666666666667,828,-0.03449717280975743,-0.01957889124596477,0.15729166666666666,0.12574850299401197,0.18216318785578747,527,0.1712,625,18.0,21.0,3.0,4.232445520581114,5.0,1.8837209302325582,0.38372093023255816,0.12790697674418605,172,1.5423728813559323,0.3333333333333333,0.14124293785310735,177,2.164965277777778,50.50347222222223,32.951388888888886,7.0,365,302,11.0,16,5.0,63,3.9375,22.8125,18.875
2015,REG,NE,0.11643213237857902,0.45073891625615764,812,-0.05846989339687957,0.3923739237392374,813,0.12319470734921963,-0.009952405061255241,0.1379980563654033,0.1294685990338164,0.14434523809523808,672,0.14114114114114115,666,12.0,23.0,11.0,3.969849246231156,2.0,2.1927083333333335,0.4322916666666667,0.125,192,1.4578947368421054,0.2894736842105263,0.24210526315789474,190,6.355850694444444,61.138888888888886,45.75694444444444,8.0,465,315,12.0,16,4.0,150,9.375,29.0625,19.6875
2015,REG,NO,0.1131415283297272,0.4408482142857143,896,0.1139515829231396,0.4812121212121212,825,0.05894325713035553,0.1223672642535163,0.14471243042671614,0.1643002028397566,0.11428571428571428,700,0.10570469798657718,596,19.0,23.0,4.0,4.919239904988124,1.0,2.065934065934066,0.3626373626373626,0.13186813186813187,182,2.466666666666667,0.4388888888888889,0.15555555555555556,180,-0.030815972222222092,40.25868055555556,22.15625,4.0,408,476,7.0,16,9.0,-68,-4.25,25.5,29.75
2015,REG,NYG,0.011110051074140823,0.439572192513369,935,0.0900760769241524,0.4692144373673036,942,0.038035945692045485,0.04853181139742971,0.12272291466922339,0.15257352941176472,0.1126331811263318,657,0.1227810650887574,676,22.0,27.0,5.0,4.373873873873874,4.0,1.913978494623656,0.3817204301075269,0.16666666666666666,186,1.9894736842105263,0.4052631578947368,0.1368421052631579,190,-0.45732638888888894,39.28472222222222,27.241319444444443,2.0,420,442,6.0,16,10.0,-22,-1.375,26.25,27.625
2015,REG,NYJ,0.004057888505366065,0.4093567251461988,855,-0.08674853147726116,0.3778857837181045,823,0.024423635156193415,-0.058665532676055065,0.1526861451460886,0.13672654690618763,0.10773899848254932,659,0.16816816816816818,666,25.0,28.0,3.0,3.579088471849866,4.0,1.814070351758794,0.35678391959798994,0.19597989949748743,199,1.4484536082474226,0.28350515463917525,0.2422680412371134,194,1.6284375,44.689236111111114,27.99826388888889,5.0,387,314,10.0,16,6.0,73,4.5625,24.1875,19.625
2015,REG,PHI,-0.02470256599089638,0.4147982062780269,892,0.029646127758933726,0.440084835630965,943,0.0038640761720400074,0.007668145952358353,0.1248852157943067,0.1438721136767318,0.14456035767511177,671,0.12209302325581395,688,32.0,24.0,-8.0,4.50418410041841,5.0,1.4827586206896552,0.29064039408866993,0.18226600985221675,203,1.7339901477832513,0.35960591133004927,0.17733990147783252,203,-1.6806423611111112,32.907986111111114,18.604166666666668,2.0,377,430,7.0,16,9.0,-53,-3.3125,23.5625,26.875
2015,REG,PIT,0.042335309394689415,0.446242774566474,865,-0.046585103224785235,0.420158550396376,883,0.08358096603157052,-0.007333620064982744,0.16177957532861476,0.13915547024952016,0.09419152276295134,637,0.13333333333333333,690,27.0,31.0,4.0,3.8093994778067883,2.0,2.1,0.4052631578947368,0.12105263157894737,190,1.597883597883598,0.32275132275132273,0.13227513227513227,189,2.583125,51.28472222222222,23.5625,5.0,423,319,10.0,16,6.0,104,6.5,26.4375,19.9375
2015,REG,SEA,0.11875072232070553,0.4795539033457249,807,-0.05945877353930481,0.40703517587939697,796,0.08290086173289664,-0.0013104737737210132,0.15247524752475247,0.11752136752136752,0.1935483870967742,589,0.16584564860426929,609,15.0,24.0,9.0,3.6022099447513813,0.0,2.1379310344827585,0.41954022988505746,0.13218390804597702,174,1.2701149425287357,0.29310344827586204,0.1896551724137931,174,4.905277777777778,55.01909722222222,35.89409722222222,7.0,423,277,10.0,16,6.0,146,9.125,26.4375,17.3125
2015,REG,SF,-0.10210477075155915,0.37667560321715815,746,0.06918658857605609,0.4666666666666667,840,-0.03408152284332434,0.1399934289458617,0.12526096033402923,0.13485280151946819,0.1501597444089457,626,0.12666666666666668,600,15.0,14.0,-1.0,4.007936507936508,5.0,1.1813186813186813,0.25824175824175827,0.1813186813186813,182,2.0,0.3791208791208791,0.14835164835164835,182,-6.045729166666667,18.197916666666664,7.942708333333335,2.0,238,387,5.0,16,11.0,-149,-9.3125,14.875,24.1875
2015,REG,TB,-0.0026168432296417945,0.4404907975460123,815,0.05185291996889324,0.45760743321718933,861,0.04043685241635866,0.027052326967295787,0.15836653386454183,0.13196480938416422,0.1835016835016835,594,0.1423670668953688,583,26.0,24.0,-2.0,3.4389721627408996,1.0,1.7272727272727273,0.35795454545454547,0.11931818181818182,176,2.111111111111111,0.4166666666666667,0.1111111111111111,180,-3.0165625,31.13888888888889,15.055555555555555,0.0,342,417,6.0,16,10.0,-75,-4.6875,21.375,26.0625
2015,REG,TEN,-0.13748752328727248,0.3931847968545216,763,0.04332557278550818,0.45569620253164556,790,-0.07040758103202761,0.07105314657924984,0.12616339193381593,0.14067278287461774,0.17017828200972449,617,0.12190812720848057,566,35.0,17.0,-18.0,3.8896103896103895,3.0,1.2827225130890052,0.25654450261780104,0.24083769633507854,191,1.989247311827957,0.3655913978494624,0.1935483870967742,186,-3.9580208333333333,25.901041666666668,13.210069444444445,1.0,299,423,3.0,16,13.0,-124,-7.75,18.6875,26.4375
2015,REG,WAS,0.05325299394888143,0.44110275689223055,798,-0.005818546878554744,0.4479166666666667,768,0.02379419054054593,0.06945500660461805,0.13039117352056168,0.15323383084577114,0.13822525597269625,586,0.12861736334405144,622,20.0,29.0,9.0,4.825552825552825,5.0,1.8111111111111111,0.3611111111111111,0.18888888888888888,180,1.839779005524862,0.35359116022099446,0.143646408839779,181,1.4376909722222224,50.72743055555556,32.01909722222222,6.0,388,379,9.0,16,7.0,9,0.5625,24.25,23.6875
2016,POST,ATL,0.36910047227069387,0.5740740740740741,108,-0.09415120945269528,0.423728813559322,118,0.33496799012822664,0.019941306783764868,0.18994413407821228,0.18009478672985782,0.2336448598130841,107,0.1518987341772152,158,1.0,6.0,5.0,4.666666666666667,0.0,3.4482758620689653,0.5517241379310345,0.06896551724137931,29,2.0625,0.40625,0.1875,32,11.49324074074074,71.25,67.6574074074074,1.0,108,75,2.0,3,1.0,33,11.0,36.0,25.0
2016,POST,DAL,0.15864902830292624,0.5396825396825397,63,0.36398432784007795,0.49122807017543857,57,0.11899767168562483,0.28569699628739426,0.15873015873015872,0.20634920634920634,0.12195121951219512,41,0.10638297872340426,47,1.0,1.0,0.0,5.117647058823529,0.0,3.3333333333333335,0.6666666666666666,0.1111111111111111,9,3.4,0.6,0.2,10,-8.493611111111111,3.944444444444444,0.0,0.0,31,34,0.0,1,1.0,-3,-3.0,31.0,34.0
2016,POST,DET,-0.21184210101659512,0.325,40,0.18087295785059457,0.47368421052631576,57,0.05921814904237787,0.15846878272436915,0.14,0.11764705882352941,0.13157894736842105,38,0.2727272727272727,33,,,,4.657894736842105,1.0,0.6666666666666666,0.2222222222222222,0.2222222222222222,9,2.7,0.5,0.1,10,-5.496944444444445,0.0,0.0,0.0,6,26,0.0,1,1.0,-20,-20.0,6.0,26.0
2016,POST,GB,0.11377479470383293,0.4222222222222222,135,0.16136554675360035,0.4899328859060403,149,0.13883643975956753,0.14745627790783994,0.1836734693877551,0.18556701030927836,0.1267605633802817,142,0.125,128,3.0,3.0,0.0,4.319444444444445,1.0,2.8181818181818183,0.45454545454545453,0.21212121212121213,33,2.838709677419355,0.5161290322580645,0.12903225806451613,31,-1.4026851851851856,46.28703703703704,37.98148148148148,0.0,93,88,2.0,3,1.0,5,1.6666666666666667,31.0,29.333333333333332
2016,POST,HOU,-0.21796765502273174,0.33653846153846156,104,-0.2966673278897391,0.30526315789473685,95,-0.06435869138222187,-0.2086462111388531,0.11278195488721804,0.11278195488721804,0.08333333333333333,72,0.12359550561797752,89,3.0,6.0,3.0,3.375,0.0,1.3870967741935485,0.2903225806451613,0.3548387096774194,31,1.4137931034482758,0.2413793103448276,0.3103448275862069,29,0.7140277777777779,44.22222222222222,30.388888888888886,1.0,43,48,1.0,2,1.0,-5,-2.5,21.5,24.0
2016,POST,KC,-0.07011329989721067,0.3877551020408163,49,0.032692521913075534,0.49206349206349204,63,-0.12289785885169342,0.003082098202941445,0.10204081632653061,0.12698412698412698,0.13513513513513514,37,0.03125,32,2.0,1.0,-1.0,5.029411764705882,1.0,1.8888888888888888,0.3333333333333333,0.2222222222222222,9,1.8,0.6,0.1,10,-3.4375,19.75,0.0,0.0,16,18,0.0,1,1.0,-2,-2.0,16.0,18.0
2016,POST,LV,-0.5595992857582003,0.21428571428571427,42,-0.1427579581037958,0.3333333333333333,48,-0.24034019060673018,-0.00413226212626078,0.07246376811594203,0.13432835820895522,0.0625,48,0.0,28,3.0,0.0,-3.0,2.7954545454545454,0.0,0.9333333333333333,0.13333333333333333,0.4,15,1.6875,0.3125,0.3125,16,-9.37138888888889,0.0,0.0,0.0,14,27,0.0,1,1.0,-13,-13.0,14.0,27.0
2016,POST,MIA,-0.25298763055396656,0.36363636363636365,33,0.5849160494053649,0.6875,32,-0.7177922122161059,0.4637172422351733,0.11290322580645161,0.15384615384615385,0.19047619047619047,42,0.09523809523809523,21,3.0,2.0,-1.0,5.114285714285714,1.0,1.3,0.3,0.0,10,2.8181818181818183,0.45454545454545453,0.18181818181818182,11,-15.355277777777777,0.0,0.0,0.0,12,30,0.0,1,1.0,-18,-18.0,12.0,30.0
2016,POST,NE,0.00025832304874922636,0.4339622641509434,159,-0.024525221548782578,0.4166666666666667,132,0.025614805277884005,0.058476315737220154,0.16071428571428573,0.1348314606741573,0.13071895424836602,153,0.1440677966101695,118,5.0,6.0,1.0,4.311475409836065,0.0,2.3947368421052633,0.47368421052631576,0.18421052631578946,38,1.542857142857143,0.2857142857142857,0.2571428571428571,35,3.16787037037037,63.0,42.7037037037037,2.0,104,61,3.0,3,0.0,43,14.333333333333334,34.666666666666664,20.333333333333332
2016,POST,NYG,-0.02844112989417316,0.3877551020408163,49,-0.013325392704667023,0.3508771929824561,57,0.144839380321274,0.07628879223091983,0.1746031746031746,0.15942028985507245,0.0851063829787234,47,0.1111111111111111,45,2.0,0.0,-2.0,3.0,0.0,1.0,0.23076923076923078,0.23076923076923078,13,2.7142857142857144,0.42857142857142855,0.21428571428571427,14,-4.808055555555556,30.444444444444446,0.0,0.0,13,38,0.0,1,1.0,-25,-25.0,13.0,38.0
2016,POST,PIT,0.16635091887728046,0.5140845070422535,142,0.01879106876509895,0.4263565891472868,129,0.10082220592435956,-0.1371436218573113,0.12637362637362637,0.12359550561797752,0.04,100,0.13114754098360656,122,5.0,5.0,0.0,2.7419354838709675,0.0,2.129032258064516,0.45161290322580644,0.16129032258064516,31,2.2333333333333334,0.43333333333333335,0.1,30,2.2646296296296295,55.703703703703695,41.7037037037037,1.0,65,64,2.0,3,1.0,1,0.3333333333333333,21.666666666666668,21.333333333333332
2016,POST,SEA,0.14015547117133553,0.45263157894736844,95,0.07576752495963822,0.47560975609756095,82,0.11454930182177729,0.1900826730754977,0.14754098360655737,0.12931034482758622,0.2222222222222222,72,0.16666666666666666,78,2.0,0.0,-2.0,3.3636363636363638,0.0,2.25,0.45,0.1,20,2.1052631578947367,0.42105263157894735,0.15789473684210525,19,-0.5172222222222218,41.44444444444444,27.902777777777775,1.0,46,42,1.0,2,1.0,4,2.0,23.0,21.0
2016,REG,ARI,-0.04531770010981575,0.44173140954495005,901,-0.065502444583789,0.40370370370370373,810,0.024413652831515975,-0.06834558923157547,0.1366171003717472,0.10615079365079365,0.18459302325581395,688,0.16774193548387098,620,30.0,26.0,-4.0,3.580188679245283,1.0,1.9187817258883249,0.350253807106599,0.16243654822335024,197,1.6010362694300517,0.32124352331606215,0.20207253886010362,193,0.8738368055555557,40.564236111111114,23.213541666666664,6.0,418,362,7.5,16,8.5,56,3.5,26.125,22.625
2016,REG,ATL,0.21981484946081334,0.5130111524163569,807,0.017782107909256193,0.45699614890885754,779,0.2272247254823322,0.03700673282946987,0.17617107942973523,0.13505747126436782,0.17966101694915254,590,0.11533052039381153,711,12.0,21.0,9.0,4.468085106382978,2.0,2.822857142857143,0.5257142857142857,0.10285714285714286,175,2.022727272727273,0.39204545454545453,0.1590909090909091,176,6.465763888888889,61.63368055555556,43.59375,6.0,540,406,11.0,16,5.0,134,8.375,33.75,25.375
2016,REG,BAL,-0.044606946261559505,0.4098018769551616,959,-0.02787737247945104,0.419953596287703,862,-0.017653701474856252,0.04524602132165633,0.11886792452830189,0.12065439672801637,0.10784313725490197,714,0.13043478260869565,621,21.0,28.0,7.0,3.7194805194805194,5.0,1.6302083333333333,0.3541666666666667,0.14583333333333334,192,1.5706806282722514,0.28272251308900526,0.15706806282722513,191,1.4580729166666666,49.154513888888886,24.42534722222222,4.0,343,321,8.0,16,8.0,22,1.375,21.4375,20.0625
2016,REG,BUF,0.07189152169055793,0.4561611374407583,844,0.06966714519627507,0.441588785046729,856,0.07165996607153893,0.08061400450308734,0.13844621513944222,0.16367265469061876,0.14938488576449913,569,0.13787085514834205,573,12.0,18.0,6.0,4.551282051282051,5.0,2.0903954802259888,0.3615819209039548,0.1638418079096045,177,1.9175824175824177,0.38461538461538464,0.2032967032967033,182,0.11869791666666668,42.14409722222222,21.807291666666664,3.0,399,378,7.0,16,9.0,21,1.3125,24.9375,23.625
2016,REG,CAR,-0.02324914021361436,0.4207980652962515,827,-0.03905608212798546,0.4292565947242206,834,-0.02295208183447556,-0.0007864533931591759,0.13697318007662834,0.13992172211350293,0.15296052631578946,608,0.13421828908554573,678,28.0,28.0,0.0,3.8912466843501328,2.0,1.616580310880829,0.3471502590673575,0.13471502590673576,193,1.7448979591836735,0.3622448979591837,0.20408163265306123,196,0.772048611111111,47.94618055555556,31.119791666666668,5.0,369,402,6.0,16,10.0,-33,-2.0625,23.0625,25.125
2016,REG,CHI,-0.02446825563064701,0.4417098445595855,772,0.09514290358929137,0.4601449275362319,828,0.028814600960654985,0.10404167012655555,0.15553235908141963,0.13723511604439959,0.12372881355932204,590,0.1266891891891892,592,30.0,12.0,-18.0,4.382022471910112,3.0,1.368421052631579,0.27485380116959063,0.1286549707602339,171,2.045977011494253,0.41954022988505746,0.1781609195402299,174,-3.08546875,29.567708333333332,13.479166666666666,2.0,279,399,3.0,16,13.0,-120,-7.5,17.4375,24.9375
2016,REG,CIN,0.051973883655420945,0.45146726862302483,886,0.04142903142991039,0.4349315068493151,876,0.07939673160955228,0.05055198622353878,0.11453320500481232,0.1337890625,0.11217948717948718,624,0.15765069551777433,647,15.0,21.0,6.0,4.387409200968523,3.0,1.8579545454545454,0.35795454545454547,0.16477272727272727,176,1.8011363636363635,0.3465909090909091,0.1875,176,1.295625,43.114583333333336,26.399305555555554,3.0,325,315,6.5,16,9.5,10,0.625,20.3125,19.6875
2016,REG,CLE,-0.059317093899711654,0.3812423873325213,821,0.16117628237441156,0.46416758544652703,907,-0.0959255878205907,0.15181332742751016,0.13993871297242083,0.150997150997151,0.21341463414634146,656,0.13356164383561644,584,25.0,11.0,-14.0,4.5843373493975905,5.0,1.3388888888888888,0.2722222222222222,0.18888888888888888,180,2.35195530726257,0.4022346368715084,0.16201117318435754,179,-4.856371527777778,22.475694444444443,8.243055555555555,0.0,264,452,1.0,16,15.0,-188,-11.75,16.5,28.25
2016,REG,DAL,0.15302462470695635,0.4936416184971098,865,-0.014218374603459594,0.4436936936936937,888,0.16432807084521905,0.010661538223162901,0.1592741935483871,0.11964107676969092,0.12849162011173185,537,0.12609970674486803,682,16.0,19.0,3.0,3.929411764705882,0.0,2.4508670520231215,0.4393063583815029,0.16184971098265896,173,1.8630952380952381,0.35119047619047616,0.1488095238095238,168,4.563350694444444,58.927083333333336,32.11284722222222,4.0,421,306,13.0,16,3.0,115,7.1875,26.3125,19.125
2016,REG,DEN,-0.06312903421466622,0.4009433962264151,848,-0.09525475320759956,0.3920265780730897,903,-0.04317691262266776,-0.03815359466806121,0.12338308457711443,0.1018867924528302,0.1589825119236884,629,0.17781402936378465,613,25.0,27.0,2.0,4.325726141078838,2.0,1.47979797979798,0.30303030303030304,0.22727272727272727,198,1.3010204081632653,0.29081632653061223,0.20408163265306123,196,-1.0277777777777777,35.791666666666664,20.664930555555554,2.0,333,297,9.0,16,7.0,36,2.25,20.8125,18.5625
2016,REG,DET,0.04176716621585721,0.4453038674033149,905,0.12097244855264261,0.49658314350797267,878,0.004668099856359032,0.12128542328718812,0.12164948453608247,0.13909378292939936,0.12098009188361408,653,0.11486486486486487,592,14.0,15.0,1.0,4.372750642673521,2.0,2.032051282051282,0.41025641025641024,0.1858974358974359,156,2.0625,0.39375,0.125,160,-0.5087847222222223,38.30902777777778,17.79513888888889,1.0,346,358,9.0,16,7.0,-12,-0.75,21.625,22.375
2016,REG,GB,0.11381950078410082,0.45670225385527874,843,0.045319017745864186,0.4504391468005019,797,0.0952128795790465,0.024800264401284796,0.14172447968285432,0.14124872057318322,0.10919540229885058,696,0.13449367088607594,632,16.0,25.0,9.0,3.986842105263158,3.0,2.4318181818181817,0.4375,0.1534090909090909,176,2.2209302325581395,0.4069767441860465,0.13372093023255813,172,2.2461631944444447,52.463541666666664,28.10590277777778,6.0,432,388,10.0,16,6.0,44,2.75,27.0,24.25
2016,REG,HOU,-0.09873920314411158,0.4026258205689278,914,-0.07332292004524228,0.4109090909090909,825,-0.09972889833007978,-0.003686700401811846,0.10900473933649289,0.11902231668437832,0.15396825396825398,630,0.15586690017513136,571,24.0,17.0,-7.0,4.017632241813602,3.0,1.3621621621621622,0.31351351351351353,0.1783783783783784,185,1.5675675675675675,0.31351351351351353,0.1891891891891892,185,-2.173541666666667,31.015625,17.348958333333332,4.0,279,328,9.0,16,7.0,-49,-3.0625,17.4375,20.5
2016,REG,IND,0.0224841841510249,0.454337899543379,876,0.08942949648508373,0.4790697674418605,860,0.06152271685468621,0.14381748525279003,0.14482758620689656,0.1493570722057369,0.1921921921921922,666,0.12954186413902052,633,22.0,17.0,-5.0,4.709046454767726,6.0,2.094972067039106,0.4022346368715084,0.16201117318435754,179,2.090909090909091,0.4147727272727273,0.13636363636363635,176,0.9320659722222221,40.43402777777778,25.444444444444443,4.0,411,392,8.0,16,8.0,19,1.1875,25.6875,24.5
2016,REG,JAX,-0.1197916700747047,0.38981173864894797,903,-0.03684121723914541,0.4013761467889908,872,-0.030803345568847507,-0.007318096363573193,0.12619502868068833,0.11397423191278494,0.1223021582733813,695,0.12396694214876033,605,28.0,14.0,-14.0,3.814317673378076,3.0,1.4473684210526316,0.3105263157894737,0.15263157894736842,190,1.9162303664921465,0.39267015706806285,0.2094240837696335,191,-3.05703125,27.453125,14.645833333333334,2.0,318,400,3.0,16,13.0,-82,-5.125,19.875,25.0
2016,REG,KC,0.027359913845820264,0.4375,800,-0.018931067971313418,0.45755237045203967,907,0.07790666774246037,-0.01059900845807102,0.13312693498452013,0.142721217887726,0.11371237458193979,598,0.11574074074074074,648,18.0,32.0,14.0,4.434782608695652,3.0,1.8305084745762712,0.3672316384180791,0.13559322033898305,177,1.4475138121546962,0.32044198895027626,0.11602209944751381,181,1.458125,51.376736111111114,39.704861111111114,4.0,389,311,12.0,16,4.0,78,4.875,24.3125,19.4375
2016,REG,LA,-0.21381185388598178,0.35678391959798994,796,-0.008293554312624608,0.4108967082860386,881,-0.14747745984042981,-0.007336780065289415,0.1053740779768177,0.12549019607843137,0.15966386554621848,595,0.15822784810126583,632,29.0,18.0,-11.0,3.9105882352941177,2.0,0.9119170984455959,0.21761658031088082,0.24870466321243523,193,1.8177083333333333,0.3125,0.21354166666666666,192,-4.664131944444445,28.052083333333332,12.942708333333332,1.0,224,394,4.0,16,12.0,-170,-10.625,14.0,24.625
2016,REG,LAC,0.02271837636255881,0.427262313860252,873,-0.026787828095952367,0.44328703703703703,864,0.03361890364072555,-0.04458190600942333,0.1359126984126984,0.1405940594059406,0.15780998389694043,621,0.13657770800627944,637,35.0,28.0,-7.0,3.821951219512195,0.0,1.8895027624309393,0.3812154696132597,0.1270718232044199,181,1.8663101604278074,0.39572192513368987,0.13903743315508021,187,1.7718229166666668,47.451388888888886,22.505208333333332,2.0,410,423,5.0,16,11.0,-13,-0.8125,25.625,26.4375
2016,REG,LV,0.053272927170062497,0.43790849673202614,918,0.040454977390574624,0.433411214953271,856,0.06383544075808645,0.0954687513044003,0.13534566699123662,0.14256410256410257,0.06518282988871224,629,0.13620689655172413,580,16.0,28.0,12.0,4.462085308056872,5.0,2.0721649484536084,0.3865979381443299,0.14948453608247422,194,1.9684210526315788,0.3526315789473684,0.1736842105263158,190,0.1855034722222222,40.37847222222222,22.68576388888889,3.0,416,385,12.0,16,4.0,31,1.9375,26.0,24.0625
2016,REG,MIA,0.025991941525721256,0.42159383033419023,778,0.018016639992313368,0.4560622914349277,899,0.06811356376558135,0.038712350213740886,0.14712389380530974,0.14472455648926238,0.17953667953667954,518,0.1439509954058193,653,21.0,27.0,6.0,4.842672413793103,4.0,1.7446808510638299,0.30319148936170215,0.22340425531914893,188,1.809278350515464,0.35051546391752575,0.12371134020618557,194,-2.3043576388888884,32.763888888888886,18.458333333333336,1.0,363,380,10.0,16,6.0,-17,-1.0625,22.6875,23.75
2016,REG,MIN,-0.039227702971265745,0.4207858048162231,789,-0.09268069129626517,0.41226993865030676,815,0.015021976548870383,-0.05682314447731932,0.11402623612512613,0.12373225152129817,0.1640378548895899,634,0.18677685950413223,605,15.0,27.0,12.0,4.229629629629629,4.0,1.6416184971098267,0.3236994219653179,0.18497109826589594,173,1.4519774011299436,0.3333333333333333,0.15819209039548024,177,-0.24767361111111097,38.348958333333336,24.239583333333336,3.0,327,307,8.0,16,8.0,20,1.25,20.4375,19.1875
2016,REG,NE,0.19380813493285837,0.4661558109833972,783,-0.036607569568723894,0.42914438502673796,748,0.11067800679851597,-0.014701463760716807,0.13320463320463322,0.12588116817724068,0.12310286677908938,593,0.1140215716486903,649,10.0,24.0,14.0,3.8505434782608696,0.0,2.4198895027624308,0.430939226519337,0.18232044198895028,181,1.3666666666666667,0.26666666666666666,0.2,180,8.000277777777777,73.56944444444444,50.02604166666667,10.0,441,250,14.0,16,2.0,191,11.9375,27.5625,15.625
2016,REG,NO,0.08572046397602129,0.47798066595059074,931,0.10326084295854498,0.47791619479048697,883,0.049379716352360666,0.10478394861082205,0.13812154696132597,0.14747474747474748,0.10043041606886657,697,0.16216216216216217,629,23.0,22.0,-1.0,4.106060606060606,1.0,2.3977900552486187,0.4585635359116022,0.1270718232044199,181,2.4046242774566475,0.4508670520231214,0.09248554913294797,173,-1.2585590277777778,30.34548611111111,20.069444444444446,2.0,469,454,7.0,16,9.0,15,0.9375,29.3125,28.375
2016,REG,NYG,-0.07025272591784554,0.40376569037656906,956,-0.0817240861231968,0.38274111675126904,985,-0.04071810581664352,-0.04134184245216413,0.104,0.12404580152671756,0.10272873194221509,623,0.12351190476190477,672,26.0,26.0,0.0,3.5692695214105794,2.0,1.4404145077720207,0.27461139896373055,0.2538860103626943,193,1.263959390862944,0.29949238578680204,0.2182741116751269,197,-0.8552604166666666,37.484375,19.63715277777778,5.0,310,284,11.0,16,5.0,26,1.625,19.375,17.75
2016,REG,NYJ,-0.04657897645621577,0.40843373493975904,830,0.044162348525180695,0.41304347826086957,782,-0.007111169955117824,0.09280033555969204,0.1354062186559679,0.13655030800821355,0.15625,608,0.12478632478632479,585,34.0,13.0,-21.0,3.69392523364486,3.0,1.315217391304348,0.29347826086956524,0.17391304347826086,184,2.021978021978022,0.37362637362637363,0.17032967032967034,182,-5.197482638888889,25.913194444444446,11.09375,1.0,275,409,5.0,16,11.0,-134,-8.375,17.1875,25.5625
2016,REG,PHI,-0.019922254597985484,0.4349726775956284,915,-0.017922942258475003,0.4095354523227384,818,0.022319082536183775,-0.021780213516063265,0.1274601686972821,0.14583333333333334,0.14871016691957512,659,0.15041322314049588,605,21.0,25.0,4.0,4.225063938618926,1.0,1.8089887640449438,0.37640449438202245,0.1348314606741573,178,1.6451612903225807,0.3387096774193548,0.1881720430107527,186,-0.43182291666666656,39.51909722222222,22.645833333333332,3.0,367,331,7.0,16,9.0,36,2.25,22.9375,20.6875
2016,REG,PIT,0.09572291571668733,0.4714828897338403,789,-0.004867963268332449,0.4341279799247177,797,0.08606879834277213,-0.02162096457430672,0.1529294935451837,0.12714429868819374,0.09090909090909091,616,0.13975155279503104,644,19.0,21.0,2.0,4.336043360433604,4.0,2.1263736263736264,0.38461538461538464,0.13736263736263737,182,1.7740112994350283,0.3446327683615819,0.1694915254237288,177,2.082621527777778,50.920138888888886,29.579861111111114,6.0,399,327,11.0,16,5.0,72,4.5,24.9375,20.4375
2016,REG,SEA,0.024449649028407502,0.44588235294117645,850,-0.05390948813637739,0.41031652989449,853,0.09261473019645988,-0.020725076104714094,0.14084507042253522,0.12586719524281467,0.1731669266770671,641,0.17060810810810811,592,18.0,19.0,1.0,3.36568848758465,3.0,1.8864864864864865,0.372972972972973,0.15675675675675677,185,1.516304347826087,0.2826086956521739,0.14673913043478262,184,2.372152777777778,47.97222222222222,29.385416666666668,3.0,354,292,10.5,16,5.5,62,3.875,22.125,18.25
2016,REG,SF,-0.10622172299038653,0.4,795,0.11348710588909998,0.4506104328523862,901,-0.05663842734180722,0.07383194344895151,0.1346153846153846,0.1498612395929695,0.13921901528013583,589,0.13708260105448156,569,23.0,22.0,-1.0,4.837887067395264,11.0,1.49746192893401,0.27411167512690354,0.26903553299492383,197,2.3267326732673266,0.4158415841584158,0.1485148514851485,202,-4.446319444444445,24.24652777777778,13.899305555555555,1.0,309,480,2.0,16,14.0,-171,-10.6875,19.3125,30.0
2016,REG,TB,-0.012035286816658887,0.43544857768052514,914,0.009174607891194566,0.4550499445061043,901,0.008033095188323566,0.056925340884309665,0.12380952380952381,0.156686626746507,0.17004680187207488,641,0.13114754098360656,610,29.0,27.0,-2.0,4.375291375291376,2.0,1.6775956284153006,0.3224043715846995,0.15846994535519127,183,1.7608695652173914,0.358695652173913,0.15217391304347827,184,-0.770277777777778,38.677083333333336,21.17361111111111,3.0,354,369,9.0,16,7.0,-15,-0.9375,22.125,23.0625
2016,REG,TEN,0.058898743956747615,0.46722288438617404,839,-0.0021681089003956168,0.4166666666666667,840,0.022200601894380372,0.054847802878749574,0.14631685166498487,0.13569321533923304,0.09239130434782608,552,0.13583815028901733,692,20.0,16.0,-4.0,3.952513966480447,1.0,1.7554347826086956,0.3641304347826087,0.16304347826086957,184,1.8022598870056497,0.3502824858757062,0.2033898305084746,177,0.8740972222222222,41.53819444444444,30.36284722222222,6.0,381,378,9.0,16,7.0,3,0.1875,23.8125,23.625
2016,REG,WAS,0.11743793673867292,0.48089171974522293,942,0.08601469246269693,0.470954356846473,964,0.11592439882737245,0.019023153815838134,0.1581067472306143,0.13640730067243034,0.12578616352201258,636,0.14553990610328638,639,20.0,21.0,1.0,4.518867924528302,5.0,2.142857142857143,0.4342857142857143,0.12571428571428572,175,2.0828402366863905,0.38461538461538464,0.15384615384615385,169,-0.5853645833333333,32.755208333333336,17.947916666666664,2.0,396,383,8.5,16,7.5,13,0.8125,24.75,23.9375
2017,POST,ATL,0.013062672138032156,0.408,125,0.004933182237891647,0.4205607476635514,107,0.04792920049206403,-0.07938945140023693,0.109375,0.14516129032258066,0.21621621621621623,74,0.12658227848101267,79,2.0,2.0,0.0,4.395833333333333,1.0,1.6363636363636365,0.36363636363636365,0.22727272727272727,22,1.5263157894736843,0.3684210526315789,0.15789473684210525,19,3.369861111111111,72.0,26.875,1.0,36,28,1.0,2,1.0,8,4.0,18.0,14.0
2017,POST,BUF,-0.2044737814209833,0.33783783783783783,74,-0.12739458078061017,0.40350877192982454,57,-0.2750393371923234,0.028555686817112888,0.06756756756756757,0.15789473684210525,0.1276595744680851,47,0.1724137931034483,29,2.0,0.0,-2.0,4.5588235294117645,0.0,0.2727272727272727,0.09090909090909091,0.2727272727272727,11,0.8333333333333334,0.16666666666666666,0.25,12,-1.755,2.944444444444444,0.0,0.0,3,10,0.0,1,1.0,-7,-7.0,3.0,10.0
2017,POST,CAR,-0.0030460237602576434,0.35294117647058826,68,0.1723899012392053,0.509090909090909,55,-0.10198681582863044,0.41455078018328134,0.19718309859154928,0.14545454545454545,0.1276595744680851,47,0.11764705882352941,34,0.0,1.0,1.0,1.8636363636363635,0.0,2.3636363636363638,0.5454545454545454,0.18181818181818182,11,2.8181818181818183,0.45454545454545453,0.18181818181818182,11,-6.633333333333334,0.0,0.0,0.0,26,31,0.0,1,1.0,-5,-5.0,26.0,31.0
2017,POST,JAX,0.09647087652387558,0.43169398907103823,183,-0.13332084045812811,0.3817204301075269,186,0.13483223861091703,-0.12741435220847103,0.16666666666666666,0.14761904761904762,0.16666666666666666,96,0.13157894736842105,152,0.0,5.0,5.0,3.753623188405797,0.0,1.9428571428571428,0.34285714285714286,0.17142857142857143,35,1.7714285714285714,0.3142857142857143,0.17142857142857143,35,5.409351851851852,62.76851851851851,41.82407407407407,1.0,75,69,2.0,3,1.0,6,2.0,25.0,23.0
2017,POST,KC,0.0647850526047327,0.4528301886792453,53,0.23799857403225813,0.5573770491803278,61,0.19047324056595155,0.07055524734029432,0.16981132075471697,0.19672131147540983,0.1282051282051282,39,0.10810810810810811,37,1.0,1.0,0.0,6.516129032258065,1.0,2.1,0.3,0.1,10,2.6666666666666665,0.4444444444444444,0.2222222222222222,9,9.003333333333334,77.55555555555556,67.33333333333333,0.0,21,22,0.0,1,1.0,-1,-1.0,21.0,22.0
2017,POST,LA,0.001723137646752851,0.3191489361702128,47,0.09194406606028308,0.4393939393939394,66,-0.056292239154965895,0.1625580890161241,0.171875,0.08695652173913043,0.125,48,0.14285714285714285,35,1.0,1.0,0.0,3.1794871794871793,0.0,1.3,0.3,0.2,10,2.0,0.46153846153846156,0.23076923076923078,13,-6.4825,0.0,0.0,0.0,13,26,0.0,1,1.0,-13,-13.0,13.0,26.0
2017,POST,MIN,-0.014078429117841955,0.3917525773195876,97,0.14095231017779816,0.5098039215686274,102,-0.00186442381724388,0.14060681616897425,0.10144927536231885,0.14173228346456693,0.17204301075268819,93,0.1038961038961039,77,4.0,2.0,-2.0,3.5185185185185186,0.0,1.4285714285714286,0.3333333333333333,0.14285714285714285,21,2.619047619047619,0.42857142857142855,0.14285714285714285,21,-2.045972222222222,47.416666666666664,37.52777777777778,0.0,36,62,1.0,2,1.0,-26,-13.0,18.0,31.0
2017,POST,NE,0.18685783609560755,0.4853801169590643,171,0.1927255817971704,0.43103448275862066,174,0.2089658781362232,0.12749649547825384,0.16585365853658537,0.1782178217821782,0.13793103448275862,145,0.16666666666666666,132,2.0,1.0,-1.0,4.4,0.0,2.735294117647059,0.4411764705882353,0.058823529411764705,34,2.4375,0.4375,0.125,32,0.9537962962962965,32.99074074074074,20.87962962962963,0.0,92,75,2.0,3,1.0,17,5.666666666666667,30.666666666666668,25.0
2017,POST,NO,0.08473411609180005,0.5,120,0.046108538156470855,0.3858267716535433,127,0.26159170726809816,-0.09332129984977655,0.14049586776859505,0.16901408450704225,0.09090909090909091,77,0.15555555555555556,90,3.0,1.0,-2.0,3.607142857142857,0.0,2.391304347826087,0.391304347826087,0.21739130434782608,23,2.4347826086956523,0.5217391304347826,0.13043478260869565,23,-1.8491666666666666,40.611111111111114,31.09722222222222,1.0,55,55,1.0,2,1.0,0,0.0,27.5,27.5
2017,POST,PHI,0.2651011815533448,0.5089820359281437,167,0.05388433248706866,0.4088050314465409,159,0.05222462510362394,0.1552536558052525,0.16666666666666666,0.14285714285714285,0.12844036697247707,109,0.2028985507246377,138,2.0,5.0,3.0,4.483333333333333,0.0,3.25,0.6071428571428571,0.07142857142857142,28,1.5172413793103448,0.3103448275862069,0.13793103448275862,29,6.223888888888889,60.00925925925926,32.879629629629626,0.0,94,50,3.0,3,0.0,44,14.666666666666666,31.333333333333332,16.666666666666668
2017,POST,PIT,-0.191373141026336,0.41818181818181815,55,0.3559682258065757,0.49122807017543857,57,-0.13829588290394806,0.239369185328711,0.19230769230769232,0.15,0.11290322580645161,62,0.14285714285714285,28,2.0,0.0,-2.0,4.685714285714286,1.0,2.9166666666666665,0.5,0.08333333333333333,12,3.4545454545454546,0.5454545454545454,0.0,11,-10.648888888888889,0.0,0.0,0.0,42,45,0.0,1,1.0,-3,-3.0,42.0,45.0
2017,POST,TEN,0.13845982913760768,0.4791666666666667,96,0.13424558771277847,0.5142857142857142,105,0.08090064785210416,0.17895366807597274,0.15447154471544716,0.12307692307692308,0.16279069767441862,86,0.09782608695652174,92,1.0,1.0,0.0,3.953488372093023,0.0,2.0,0.3157894736842105,0.10526315789473684,19,2.6666666666666665,0.38095238095238093,0.047619047619047616,21,-10.097083333333334,7.666666666666666,1.7916666666666667,0.0,36,56,1.0,2,1.0,-20,-10.0,18.0,28.0
2017,REG,ARI,-0.12882224300521852,0.3716517857142857,896,-0.09156588102527581,0.38682634730538923,835,-0.07895117031698816,-0.06875062358604168,0.12931034482758622,0.12124248496993988,0.1849624060150376,665,0.1567043618739903,619,25.0,21.0,-4.0,3.511002444987775,1.0,1.2561576354679802,0.29064039408866993,0.2019704433497537,203,1.595959595959596,0.31313131313131315,0.23232323232323232,198,-0.872864583333333,35.44618055555556,20.05034722222222,3.0,295,361,8.0,16,8.0,-66,-4.125,18.4375,22.5625
2017,REG,ATL,0.04230176979245308,0.4413793103448276,870,-0.013149806640641389,0.4349355216881594,853,0.038017308635198484,-0.026107800790674436,0.15653964984552007,0.12397540983606557,0.15492957746478872,568,0.1314935064935065,616,19.0,15.0,-4.0,4.141791044776119,1.0,1.9757575757575758,0.4121212121212121,0.1393939393939394,165,1.7393939393939395,0.3575757575757576,0.1393939393939394,165,2.1268055555555554,49.76215277777778,25.869791666666668,6.0,353,315,10.0,16,6.0,38,2.375,22.0625,19.6875
2017,REG,BAL,-0.07512208939906628,0.41317365269461076,835,-0.08554552020050639,0.40898617511520735,868,-0.026334793767086168,-0.05305009047473821,0.10434782608695652,0.12294288480154889,0.10050251256281408,597,0.15714285714285714,630,17.0,34.0,17.0,4.08256880733945,3.0,1.743455497382199,0.3612565445026178,0.21465968586387435,191,1.2923076923076924,0.29743589743589743,0.20512820512820512,195,1.686909722222222,49.53819444444444,36.45833333333333,7.0,395,303,9.0,16,7.0,92,5.75,24.6875,18.9375
2017,REG,BUF,-0.04194354442689624,0.3877805486284289,802,-0.029739988607676692,0.41440377804014167,847,-0.07455212872894684,0.019983806131588098,0.12399193548387097,0.14779270633397312,0.1592920353982301,565,0.12175324675324675,616,17.0,24.0,7.0,4.278969957081545,4.0,1.4944444444444445,0.31666666666666665,0.16666666666666666,180,1.7967032967032968,0.37362637362637363,0.13186813186813187,182,-1.2519270833333334,37.46006944444444,22.713541666666668,5.0,302,359,9.0,16,7.0,-57,-3.5625,18.875,22.4375
2017,REG,CAR,-0.03391090416152861,0.40607424071991,889,-0.06907956234878901,0.4192355117139334,811,-0.03305324125036308,-0.041753571887819765,0.13220675944333996,0.1439232409381663,0.12389380530973451,565,0.16134185303514376,626,21.0,22.0,1.0,3.9858757062146895,0.0,1.8651685393258426,0.3707865168539326,0.21910112359550563,178,1.65,0.3388888888888889,0.17222222222222222,180,1.2326388888888886,46.38368055555556,27.10763888888889,5.0,363,327,11.0,16,5.0,36,2.25,22.6875,20.4375
2017,REG,CHI,-0.11533074033523859,0.3761840324763194,739,-0.027029776646540198,0.42945544554455445,808,-0.10798578981928161,0.004399686709605099,0.13254310344827586,0.12271805273833672,0.15789473684210525,532,0.16610169491525423,590,22.0,21.0,-1.0,4.00462962962963,1.0,1.1896551724137931,0.2413793103448276,0.21839080459770116,174,1.4293785310734464,0.327683615819209,0.1751412429378531,177,-2.9293055555555556,32.598958333333336,16.571180555555557,4.0,264,320,5.0,16,11.0,-56,-3.5,16.5,20.0
2017,REG,CIN,-0.06789792867346607,0.39690721649484534,776,-0.029082599200610557,0.4199134199134199,924,-0.04744489842172695,-0.043790951851935225,0.1288546255506608,0.11737523105360444,0.11607142857142858,560,0.15445859872611464,628,21.0,16.0,-5.0,4.184049079754601,2.0,1.3891891891891892,0.2648648648648649,0.22162162162162163,185,1.7119565217391304,0.3695652173913043,0.18478260869565216,184,-0.5946527777777778,38.845486111111114,20.102430555555554,1.0,290,349,7.0,16,9.0,-59,-3.6875,18.125,21.8125
2017,REG,CLE,-0.17769261757221513,0.372289156626506,830,0.06461073361152758,0.451145958986731,829,-0.13999484505044052,0.06735204449356698,0.1344621513944223,0.12823061630218688,0.19316493313521546,673,0.13620689655172413,580,39.0,15.0,-24.0,3.343283582089552,2.0,1.021505376344086,0.22043010752688172,0.23655913978494625,186,1.9358288770053476,0.3582887700534759,0.17647058823529413,187,-6.026805555555556,10.010416666666668,3.026041666666667,0.0,234,410,0.0,16,16.0,-176,-11.0,14.625,25.625
2017,REG,DAL,0.031184842835555778,0.43902439024390244,820,0.03740124049156142,0.4518430439952438,841,0.018814026181915283,0.04044041665707509,0.11847389558232932,0.12056737588652482,0.14594594594594595,555,0.15806451612903225,620,21.0,19.0,-2.0,4.123762376237623,3.0,1.8187134502923976,0.36257309941520466,0.1695906432748538,171,1.6941176470588235,0.3176470588235294,0.16470588235294117,170,1.552013888888889,44.61111111111111,24.821180555555554,5.0,354,332,9.0,16,7.0,22,1.375,22.125,20.75
2017,REG,DEN,-0.09549429972828112,0.38650306748466257,815,-0.02792624923283958,0.40144927536231884,690,-0.10942128559296228,0.0020498105185030235,0.11654135338345864,0.10672358591248667,0.15902140672782875,654,0.14154411764705882,544,32.0,19.0,-13.0,3.3411214953271027,2.0,1.1666666666666667,0.265625,0.1875,192,1.5958549222797926,0.32124352331606215,0.22797927461139897,193,-4.181979166666666,26.473958333333332,18.572916666666668,4.0,289,382,5.0,16,11.0,-93,-5.8125,18.0625,23.875
2017,REG,DET,-0.02194911136191204,0.41309523809523807,840,-0.05286967194685498,0.4245939675174014,862,0.007334277443961454,-0.037136271787298114,0.13903192584963955,0.14076246334310852,0.14668769716088328,634,0.15048543689320387,618,23.0,31.0,8.0,4.166666666666667,4.0,1.772972972972973,0.372972972972973,0.17297297297297298,185,1.5260416666666667,0.3229166666666667,0.16666666666666666,192,-0.1754513888888889,37.84027777777778,20.838541666666668,4.0,410,376,9.0,16,7.0,34,2.125,25.625,23.5
2017,REG,GB,-0.054161401212575636,0.4325980392156863,816,0.06457709434449235,0.4300578034682081,865,-0.011171031128982883,0.026351601513505716,0.10101010101010101,0.145,0.16024653312788906,649,0.14285714285714285,567,24.0,21.0,-3.0,3.8642241379310347,4.0,1.706896551724138,0.3045977011494253,0.20114942528735633,174,2.045977011494253,0.40229885057471265,0.19540229885057472,174,-2.8247569444444447,25.350694444444443,12.303819444444445,2.0,320,384,7.0,16,9.0,-64,-4.0,20.0,24.0
2017,REG,HOU,-0.050813518455301805,0.40803897685749085,821,0.01836792361929955,0.4102244389027431,802,-0.018836111704679494,0.04315224822169361,0.11949069539666993,0.14300736067297581,0.19402985074626866,603,0.12903225806451613,558,29.0,15.0,-14.0,3.9704545454545452,4.0,1.461139896373057,0.29015544041450775,0.23316062176165803,193,1.943298969072165,0.39690721649484534,0.20103092783505155,194,-2.4549652777777777,31.12673611111111,12.51736111111111,3.0,338,436,4.0,16,12.0,-98,-6.125,21.125,27.25
2017,REG,IND,-0.08957680424721567,0.38524590163934425,854,0.047478514994173826,0.41676234213547647,871,-0.08411979708598687,-0.0009208159324952216,0.10805300713557595,0.15262636273538158,0.1944922547332186,581,0.13285457809694792,557,17.0,18.0,1.0,3.9487704918032787,4.0,1.1657458563535912,0.292817679558011,0.19337016574585636,181,1.9885714285714287,0.3942857142857143,0.14285714285714285,175,-2.093767361111111,36.14409722222222,21.37152777777778,3.0,263,404,4.0,16,12.0,-141,-8.8125,16.4375,25.25
2017,REG,JAX,-0.015740674588025663,0.41445783132530123,830,-0.21428374077026366,0.3894878706199461,742,0.011448827558709313,-0.13905069283117005,0.1281809613572102,0.11758691206543967,0.13588850174216027,574,0.1731748726655348,589,23.0,33.0,10.0,4.335664335664336,2.0,1.7715736040609138,0.350253807106599,0.18781725888324874,197,0.9411764705882353,0.23529411764705882,0.2107843137254902,204,4.684357638888889,51.60590277777778,34.53819444444445,8.0,417,268,10.0,16,6.0,149,9.3125,26.0625,16.75
2017,REG,KC,0.11049691781413665,0.452914798206278,892,0.010653620475614585,0.4457831325301205,913,0.13788638972090161,0.04020713571404847,0.13846153846153847,0.14825581395348839,0.13517915309446255,614,0.11235955056179775,623,13.0,24.0,11.0,4.2561797752808985,1.0,2.159090909090909,0.44886363636363635,0.14204545454545456,176,1.6983240223463687,0.33519553072625696,0.16201117318435754,179,2.552604166666667,50.545138888888886,29.67534722222222,5.0,415,339,10.0,16,6.0,76,4.75,25.9375,21.1875
2017,REG,LA,0.046698725529860055,0.4348404255319149,752,-0.04224928866486666,0.38823529411764707,850,0.05557801405875688,-0.05778679276200572,0.15526046986721145,0.142433234421365,0.13357400722021662,554,0.16057233704292528,629,19.0,30.0,11.0,4.681818181818182,1.0,2.2393617021276597,0.4521276595744681,0.17553191489361702,188,1.4461538461538461,0.30256410256410254,0.15384615384615385,195,6.066145833333333,61.23263888888889,37.30555555555556,7.0,478,329,11.0,16,5.0,149,9.3125,29.875,20.5625
2017,REG,LAC,0.09027863837826769,0.4437869822485207,845,-0.05327246631891594,0.4148319814600232,863,0.1249954757359977,-0.0548427935778915,0.15568862275449102,0.11983887210473314,0.1281198003327787,601,0.1423728813559322,590,15.0,27.0,12.0,4.879069767441861,7.0,1.8305084745762712,0.3333333333333333,0.11864406779661017,177,1.312849162011173,0.2849162011173184,0.16201117318435754,179,2.3893055555555556,39.57118055555556,27.87673611111111,5.0,355,272,9.0,16,7.0,83,5.1875,22.1875,17.0
2017,REG,LV,-0.04172556136885289,0.4037184594953519,753,0.0765055608558534,0.44292803970223327,806,-0.0467891264376697,0.05706247383244405,0.12632696390658174,0.12870275791624106,0.08614864864864864,592,0.12413793103448276,580,29.0,13.0,-16.0,4.011494252873563,2.0,1.5674157303370786,0.29213483146067415,0.1853932584269663,178,2.0701754385964914,0.4093567251461988,0.1695906432748538,171,-2.7758333333333334,33.08159722222222,13.75173611111111,4.0,301,373,6.0,16,10.0,-72,-4.5,18.8125,23.3125
2017,REG,MIA,-0.11369234583916339,0.37780713342140027,757,0.06460147558730905,0.42578125,768,-0.06832299245271738,0.05942523068641468,0.10547667342799188,0.15702479338842976,0.12422360248447205,644,0.15357766143106458,573,29.0,15.0,-14.0,4.092592592592593,3.0,1.2486772486772486,0.25925925925925924,0.1746031746031746,189,1.8548387096774193,0.3655913978494624,0.17204301075268819,186,-5.263298611111111,16.354166666666668,10.012152777777779,1.0,281,393,6.0,16,10.0,-112,-7.0,17.5625,24.5625
2017,REG,MIN,0.05604611651741981,0.436426116838488,873,-0.18364959135379197,0.35262449528936746,743,0.052956636219153086,-0.06422852128538219,0.13468992248062014,0.09735449735449736,0.1518324607329843,573,0.1419141914191419,606,15.0,18.0,3.0,3.6684931506849314,1.0,1.9837837837837837,0.3891891891891892,0.13513513513513514,185,1.3016759776536313,0.27932960893854747,0.22346368715083798,179,4.442986111111111,53.59548611111111,41.5625,6.0,382,252,13.0,16,3.0,130,8.125,23.875,15.75
2017,REG,NE,0.1475528768590575,0.4912485414235706,857,0.058565100580896326,0.44875,800,0.1462236947226848,0.08392255398445747,0.15450236966824646,0.1378968253968254,0.1337579617834395,628,0.13803680981595093,652,13.0,17.0,4.0,4.707692307692308,4.0,2.4508670520231215,0.4913294797687861,0.13872832369942195,173,1.5930232558139534,0.3023255813953488,0.16279069767441862,172,5.668628472222222,60.35069444444444,41.583333333333336,7.0,458,296,13.0,16,3.0,162,10.125,28.625,18.5
2017,REG,NO,0.11408824819556228,0.4584415584415584,770,-0.02489380859721632,0.4157303370786517,801,0.12338901375622935,-0.037282801000370173,0.16069600818833163,0.13279678068410464,0.1039426523297491,558,0.12841091492776885,623,17.0,26.0,9.0,4.401477832512315,4.0,2.2914285714285714,0.44,0.12571428571428572,175,1.6271186440677967,0.3389830508474576,0.15254237288135594,177,3.7664756944444444,55.66319444444444,35.64930555555556,7.0,448,326,11.0,16,5.0,122,7.625,28.0,20.375
2017,REG,NYG,-0.09721704631811678,0.40586245772266066,887,0.018193218126030045,0.41444444444444445,900,-0.01806163086578893,0.03340135502632548,0.0970873786407767,0.13191076624636275,0.11059907834101383,651,0.1070840197693575,607,22.0,19.0,-3.0,4.165948275862069,4.0,1.1443298969072164,0.2268041237113402,0.23195876288659795,194,1.8375634517766497,0.3553299492385787,0.17766497461928935,197,-2.7035590277777777,27.07465277777778,11.38888888888889,3.0,246,388,3.0,16,13.0,-142,-8.875,15.375,24.25
2017,REG,NYJ,-0.062165345012143346,0.3880778588807786,822,-0.002034593868362254,0.3914027149321267,884,-0.06754673141986473,-0.010613095134452357,0.12136929460580913,0.13697318007662834,0.16958041958041958,572,0.15206611570247933,605,22.0,22.0,0.0,4.02771855010661,1.0,1.3869346733668342,0.2864321608040201,0.22110552763819097,199,1.8958333333333333,0.3333333333333333,0.21354166666666666,192,-1.8301736111111109,26.15972222222222,13.40625,2.0,298,382,5.0,16,11.0,-84,-5.25,18.625,23.875
2017,REG,PHI,0.04520180184720558,0.43197278911564624,882,-0.10811199093074102,0.38734177215189874,790,-0.017376896510566234,-0.026739116224184376,0.13946869070208728,0.11237113402061856,0.16957210776545167,631,0.17069486404833836,662,19.0,30.0,11.0,3.7596439169139466,1.0,2.1047120418848166,0.4031413612565445,0.18324607329842932,191,1.2872340425531914,0.2712765957446808,0.22872340425531915,188,5.1516319444444445,54.498263888888886,35.32118055555556,4.0,457,295,13.0,16,3.0,162,10.125,28.5625,18.4375
2017,REG,PIT,0.06991403338431593,0.4599786552828175,937,-0.031512592830099516,0.4131455399061033,852,0.060967496909634274,0.010353604101045247,0.14216163583252192,0.13225806451612904,0.10466988727858294,621,0.18292682926829268,574,19.0,23.0,4.0,4.37984496124031,4.0,2.1235955056179776,0.42696629213483145,0.11797752808988764,178,1.6235955056179776,0.30337078651685395,0.20786516853932585,178,3.113368055555555,54.49652777777778,32.85416666666667,7.0,406,308,13.0,16,3.0,98,6.125,25.375,19.25
2017,REG,SEA,-0.04924677447118404,0.4018475750577367,866,-0.10813896074884749,0.3712984054669704,878,-0.011964413460717829,-0.08780641357193017,0.14256825075834176,0.11165048543689321,0.1901081916537867,647,0.1761827079934747,613,18.0,24.0,6.0,4.035398230088496,4.0,1.614213197969543,0.29949238578680204,0.2182741116751269,197,1.5051546391752577,0.32989690721649484,0.20103092783505155,194,-1.491857638888889,35.15972222222222,13.211805555555555,3.0,366,332,9.0,16,7.0,34,2.125,22.875,20.75
2017,REG,SF,-0.05218884700964508,0.4076923076923077,910,-0.01392981765378808,0.4154200230149597,869,-0.06752462251365167,-0.014134917201091167,0.13301435406698564,0.1339712918660287,0.1746987951807229,664,0.16220735785953178,598,23.0,20.0,-3.0,3.7865853658536586,3.0,1.701086956521739,0.375,0.16847826086956522,184,1.9572192513368984,0.37967914438502676,0.19786096256684493,187,-2.947934027777778,25.67013888888889,12.137152777777779,1.0,331,383,6.0,16,10.0,-52,-3.25,20.6875,23.9375
2017,REG,TB,-0.006784714646874814,0.42972350230414746,868,0.0667633121138759,0.45195729537366547,843,0.002592969183872204,0.048644759054853666,0.1404878048780488,0.142570281124498,0.1511111111111111,675,0.13277310924369748,595,30.0,23.0,-7.0,4.2727272727272725,3.0,1.7485714285714287,0.34285714285714286,0.17142857142857143,175,2.0,0.38372093023255816,0.13372093023255813,172,-2.9510590277777777,26.175347222222225,12.039930555555555,2.0,335,382,5.0,16,11.0,-47,-2.9375,20.9375,23.875
2017,REG,TEN,-0.0754279037905314,0.40935005701254273,877,-0.06380011187850089,0.4043478260869565,920,-0.032778783599034376,-0.04617650311589681,0.12291666666666666,0.11508704061895551,0.13043478260869565,552,0.13063063063063063,666,25.0,21.0,-4.0,3.5678391959798996,1.0,1.5759162303664922,0.3507853403141361,0.2094240837696335,191,1.772972972972973,0.372972972972973,0.1891891891891892,185,-0.88796875,37.171875,15.206597222222221,3.0,334,356,9.0,16,7.0,-22,-1.375,20.875,22.25
2017,REG,WAS,-0.026742447709058093,0.4075382803297998,849,-0.001698334398467201,0.41685144124168516,902,-0.008029268362610531,0.028077948690566085,0.12744090441932168,0.13191076624636275,0.16225165562913907,604,0.1744186046511628,602,24.0,26.0,2.0,4.531645569620253,5.0,1.5392670157068062,0.3193717277486911,0.1518324607329843,191,1.7435897435897436,0.358974358974359,0.2,195,-0.1757118055555555,43.17534722222222,21.758680555555554,4.0,342,388,7.0,16,9.0,-46,-2.875,21.375,24.25
2018,POST,BAL,-0.7241143067484205,0.22857142857142856,35,-0.16176308223372363,0.4339622641509434,53,-0.7305125558699589,-0.13622385455873245,0.08771929824561403,0.046153846153846156,0.2631578947368421,38,0.22857142857142856,35,3.0,1.0,-2.0,2.696969696969697,0.0,1.3076923076923077,0.23076923076923078,0.3076923076923077,13,1.5714285714285714,0.42857142857142855,0.21428571428571427,14,-8.341388888888888,0.0,0.0,0.0,17,23,0.0,1,1.0,-6,-6.0,17.0,23.0
2018,POST,CHI,0.04478105716314774,0.4032258064516129,62,-0.030642905105303424,0.3968253968253968,63,0.03348212748128192,-0.2098112718964813,0.14516129032258066,0.1111111111111111,0.10869565217391304,46,0.12195121951219512,41,0.0,2.0,2.0,1.75,0.0,1.4545454545454546,0.36363636363636365,0.36363636363636365,11,1.5454545454545454,0.2727272727272727,0.2727272727272727,11,-0.09805555555555556,29.583333333333332,7.111111111111111,0.0,15,16,0.0,1,1.0,-1,-1.0,15.0,16.0
2018,POST,DAL,0.054993889684373694,0.41284403669724773,109,0.10011960730411644,0.4642857142857143,112,0.08243237190475773,0.15287737518519862,0.12396694214876033,0.16,0.10294117647058823,68,0.07017543859649122,57,1.0,0.0,-1.0,4.72972972972973,2.0,2.25,0.35,0.15,20,2.380952380952381,0.47619047619047616,0.23809523809523808,21,-2.102361111111111,48.20833333333333,8.291666666666666,0.0,46,52,1.0,2,1.0,-6,-3.0,23.0,26.0
2018,POST,HOU,-0.2580627501413871,0.4358974358974359,39,0.29654145473614335,0.5365853658536586,41,-0.05230854473581227,0.1467244614751133,0.08823529411764706,0.1875,0.12280701754385964,57,0.10810810810810811,37,1.0,1.0,0.0,5.714285714285714,1.0,0.7777777777777778,0.1111111111111111,0.2222222222222222,9,2.1,0.3,0.0,10,-15.185555555555556,0.0,0.0,0.0,7,21,0.0,1,1.0,-14,-14.0,7.0,21.0
2018,POST,IND,-0.009505611495136745,0.4927536231884058,69,0.09256145816341355,0.48863636363636365,88,-0.01902773637090305,0.14983164331137874,0.17094017094017094,0.13013698630136986,0.1282051282051282,78,0.1346153846153846,104,2.0,2.0,0.0,5.816326530612245,1.0,1.3333333333333333,0.19047619047619047,0.19047619047619047,21,1.55,0.3,0.15,20,0.690555555555556,46.34722222222222,41.458333333333336,1.0,34,38,1.0,2,1.0,-4,-2.0,17.0,19.0
2018,POST,KC,0.25511693526474444,0.4583333333333333,96,0.024557551341407597,0.47107438016528924,121,0.2587579606967176,0.020341980429105254,0.168,0.15753424657534246,0.1927710843373494,83,0.08045977011494253,87,1.0,3.0,2.0,4.241935483870968,1.0,2.5,0.45454545454545453,0.13636363636363635,22,1.9565217391304348,0.30434782608695654,0.17391304347826086,23,4.5055555555555555,50.72222222222223,45.986111111111114,1.0,62,50,1.0,2,1.0,12,6.0,31.0,25.0
2018,POST,LA,0.014448894747260826,0.4444444444444444,189,-0.02741342651692245,0.4226190476190476,168,0.08756611548596993,0.015316361573858912,0.155,0.12568306010928962,0.168141592920354,113,0.11504424778761062,113,2.0,2.0,0.0,3.36,0.0,1.84375,0.40625,0.1875,32,1.7272727272727273,0.3333333333333333,0.12121212121212122,33,-0.4222222222222222,22.962962962962962,19.712962962962962,0.0,59,58,2.0,3,1.0,1,0.3333333333333333,19.666666666666668,19.333333333333332
2018,POST,LAC,-0.08487467475880399,0.410958904109589,73,-0.06904476678757668,0.4142857142857143,70,-0.0692352007730788,-0.10115969658823144,0.1015625,0.13533834586466165,0.17045454545454544,88,0.14634146341463414,82,2.0,4.0,2.0,4.298245614035087,1.0,2.0,0.4,0.24,25,2.230769230769231,0.38461538461538464,0.23076923076923078,26,-4.483888888888889,43.375,31.52777777777778,1.0,51,58,1.0,2,1.0,-7,-3.5,25.5,29.0
2018,POST,NE,0.17775411454455325,0.4973821989528796,191,-0.06516993506189561,0.3524590163934426,122,0.15944539513548553,0.03510644303242922,0.16170212765957448,0.15976331360946747,0.05555555555555555,126,0.2153846153846154,130,4.0,2.0,-2.0,3.05,0.0,2.4210526315789473,0.42105263157894735,0.07894736842105263,38,1.8235294117647058,0.29411764705882354,0.2647058823529412,34,8.050833333333333,68.8611111111111,38.69444444444444,2.0,91,62,3.0,3,0.0,29,9.666666666666666,30.333333333333332,20.666666666666668
2018,POST,NO,0.031647938341091975,0.4296875,128,-0.0352259779301233,0.41228070175438597,114,-0.0590980344758445,0.008750794959875444,0.1450381679389313,0.11403508771929824,0.13253012048192772,83,0.13333333333333333,75,2.0,3.0,1.0,3.0,0.0,1.9545454545454546,0.4090909090909091,0.09090909090909091,22,1.9047619047619047,0.38095238095238093,0.14285714285714285,21,0.800138888888889,54.47222222222222,32.0,0.0,43,40,1.0,2,1.0,3,1.5,21.5,20.0
2018,POST,PHI,-0.057504160891478646,0.3944954128440367,109,0.10453250971556524,0.4296875,128,-0.14559113935948434,0.03034504288067789,0.11009174311926606,0.17557251908396945,0.125,72,0.11627906976744186,86,4.0,1.0,-3.0,4.122448979591836,0.0,1.4761904761904763,0.23809523809523808,0.19047619047619047,21,1.7142857142857142,0.38095238095238093,0.23809523809523808,21,2.0215277777777776,55.25,13.555555555555555,0.0,30,35,1.0,2,1.0,-5,-2.5,15.0,17.5
2018,POST,SEA,-0.1696837053855469,0.32608695652173914,46,0.02578194402895426,0.42424242424242425,66,-0.07074093673321785,0.024041557422077114,0.11538461538461539,0.10606060606060606,0.10344827586206896,29,0.11764705882352941,34,0.0,1.0,1.0,4.823529411764706,1.0,1.6666666666666667,0.3333333333333333,0.4166666666666667,12,2.0,0.3333333333333333,0.08333333333333333,12,-2.1238888888888887,9.722222222222223,0.0,0.0,22,24,0.0,1,1.0,-2,-2.0,22.0,24.0
2018,REG,ARI,-0.25203702662123195,0.32791728212703103,677,0.03526047757756529,0.4767580452920143,839,-0.15429140600240354,0.08857243994287144,0.10750279955207166,0.14666666666666667,0.19429590017825313,561,0.1590909090909091,572,28.0,16.0,-12.0,4.840155945419103,5.0,0.93048128342246,0.1925133689839572,0.22459893048128343,187,2.0106951871657754,0.37967914438502676,0.19786096256684493,187,-6.594131944444444,19.125,7.164930555555556,0.0,225,425,3.0,16,13.0,-200,-12.5,14.0625,26.5625
2018,REG,ATL,0.06748279691994118,0.4540880503144654,795,0.08383550918424439,0.4759725400457666,874,0.054824416775823635,0.056897478456181746,0.1596806387225549,0.15649606299212598,0.16,675,0.11801242236024845,644,19.0,18.0,-1.0,4.873479318734793,4.0,2.2797619047619047,0.42857142857142855,0.15476190476190477,168,2.309941520467836,0.4152046783625731,0.12280701754385964,171,0.06343749999999979,38.057291666666664,22.73784722222222,2.0,414,423,7.0,16,9.0,-9,-0.5625,25.875,26.4375
2018,REG,BAL,0.014812904297369015,0.4486652977412731,974,-0.03380825680260364,0.40328253223915594,853,-0.005863543335277075,-0.019777203727426498,0.13129496402877697,0.13471502590673576,0.10891089108910891,606,0.15855572998430142,637,19.0,18.0,-1.0,3.7380281690140844,1.0,2.016949152542373,0.4067796610169492,0.1016949152542373,177,1.4301675977653632,0.2905027932960894,0.18435754189944134,179,2.583784722222222,50.890625,30.569444444444446,3.0,389,287,10.0,16,6.0,102,6.375,24.3125,17.9375
2018,REG,BUF,-0.14525367500154038,0.3717948717948718,702,-0.0717182182784708,0.4338235294117647,680,-0.08540515620479575,-0.06100243245749705,0.11723446893787576,0.12961011591148577,0.17003367003367004,594,0.15567765567765568,546,30.0,29.0,-1.0,4.177272727272728,2.0,1.2279792746113989,0.2694300518134715,0.19689119170984457,193,1.8148148148148149,0.3333333333333333,0.20634920634920634,189,-2.8590625,32.828125,20.58159722222222,4.0,269,374,6.0,16,10.0,-105,-6.5625,16.8125,23.375
2018,REG,CAR,0.07758027433501145,0.4876905041031653,853,0.06330177083459818,0.43114543114543114,777,0.08293670922844502,0.031953283290641864,0.16515609264853978,0.15203426124197003,0.12540192926045016,622,0.11884550084889643,589,22.0,23.0,1.0,4.6909090909090905,3.0,2.1627906976744184,0.37790697674418605,0.13953488372093023,172,2.2058823529411766,0.38235294117647056,0.14705882352941177,170,0.3765104166666665,40.829861111111114,25.942708333333336,3.0,376,382,7.0,16,9.0,-6,-0.375,23.5,23.875
2018,REG,CHI,0.046924764713756346,0.4709976798143852,862,-0.18091520993091495,0.3828125,768,0.05313027272429139,-0.1306767841018265,0.12060301507537688,0.101,0.10996563573883161,582,0.14744525547445256,685,24.0,36.0,12.0,3.775811209439528,2.0,1.9945054945054945,0.36813186813186816,0.12087912087912088,182,1.2185792349726776,0.2896174863387978,0.2185792349726776,183,5.879340277777778,60.208333333333336,41.53819444444444,8.0,421,283,12.0,16,4.0,138,8.625,26.3125,17.6875
2018,REG,CIN,0.00312072537707813,0.4146341463414634,779,0.10467791842822781,0.5027932960893855,895,0.00816307769335945,0.08755935775139638,0.1442411194833154,0.1599247412982126,0.11853088480801335,599,0.13112164296998421,633,16.0,19.0,3.0,4.7237687366167025,7.0,1.9457831325301205,0.35542168674698793,0.18674698795180722,166,2.2994350282485874,0.4632768361581921,0.13559322033898305,177,-3.7786979166666663,25.442708333333332,16.602430555555557,3.0,368,455,6.0,16,10.0,-87,-5.4375,23.0,28.4375
2018,REG,CLE,-0.02793287489722477,0.41775147928994083,845,-0.008587894094025161,0.43910614525139663,895,-0.017545802923439466,0.01081711184003683,0.16401590457256462,0.15913200723327306,0.11181102362204724,635,0.12372634643377002,687,23.0,32.0,9.0,4.706521739130435,6.0,1.7277227722772277,0.3118811881188119,0.18316831683168316,202,1.8656716417910448,0.35323383084577115,0.14925373134328357,201,-1.5290798611111112,30.508680555555557,15.972222222222221,2.0,359,392,7.5,16,8.5,-33,-2.0625,22.4375,24.5
2018,REG,DAL,0.04289704980289914,0.45023148148148145,864,-0.03402268030072914,0.44023668639053254,845,0.028314754660566713,0.009420198489069038,0.13704071499503476,0.12706611570247933,0.17483660130718953,612,0.15650741350906094,607,17.0,20.0,3.0,3.773067331670823,3.0,1.9230769230769231,0.378698224852071,0.14201183431952663,169,1.8682634730538923,0.3652694610778443,0.17365269461077845,167,1.781979166666667,48.21527777777778,27.25173611111111,5.0,339,324,10.0,16,6.0,15,0.9375,21.1875,20.25
2018,REG,DEN,-0.023874948462180696,0.42692750287687,869,0.07918949544534797,0.4733257661748014,881,0.04150025500749889,0.08845849131930121,0.13160518444666003,0.14442231075697212,0.1439873417721519,632,0.14827018121911037,607,22.0,26.0,4.0,4.459207459207459,5.0,1.6486486486486487,0.3081081081081081,0.1837837837837838,185,1.7459459459459459,0.34054054054054056,0.17297297297297298,185,-1.7622743055555556,25.913194444444443,11.88888888888889,2.0,329,349,6.0,16,10.0,-20,-1.25,20.5625,21.8125
2018,REG,DET,-0.028279899843658016,0.4117647058823529,799,0.06738066303338253,0.44919786096256686,748,0.0008259812177624554,0.09331752849690703,0.12983151635282458,0.1411637931034483,0.1337579617834395,628,0.13873873873873874,555,20.0,12.0,-8.0,4.369727047146402,5.0,1.6686046511627908,0.3546511627906977,0.13372093023255813,172,1.8888888888888888,0.34502923976608185,0.17543859649122806,171,-0.42289930555555544,38.57465277777778,22.84027777777778,5.0,324,360,6.0,16,10.0,-36,-2.25,20.25,22.5
2018,REG,GB,0.053775035351598915,0.46875,864,0.08646208787677283,0.44483985765124556,843,0.09047511342090418,0.13815355781704522,0.1504424778761062,0.14414414414414414,0.14030261348005502,727,0.12562814070351758,597,12.0,18.0,6.0,4.29082774049217,2.0,2.0,0.3898305084745763,0.15254237288135594,177,2.0555555555555554,0.37777777777777777,0.18333333333333332,180,-1.4451215277777776,32.239583333333336,17.317708333333332,3.0,376,400,6.5,16,9.5,-24,-1.5,23.5,25.0
2018,REG,HOU,0.021093835894381338,0.44342857142857145,875,-0.06672295194317288,0.4039955604883463,901,0.05283803071532551,-0.06341087328315713,0.1435546875,0.12450592885375494,0.2032258064516129,620,0.1375186846038864,669,18.0,27.0,9.0,3.4363636363636365,0.0,2.0268817204301075,0.4032258064516129,0.16666666666666666,186,1.5668449197860963,0.3155080213903743,0.16042780748663102,187,2.56140625,54.876736111111114,30.96527777777778,2.0,402,316,11.0,16,5.0,86,5.375,25.125,19.75
2018,REG,IND,0.07019281136451545,0.4812775330396476,908,0.012899507285820913,0.46768507638072854,851,0.06024206360323514,-0.012514667745338718,0.13218390804597702,0.13136456211812628,0.1130690161527166,681,0.12666666666666668,600,25.0,25.0,0.0,3.9180722891566266,0.0,2.202185792349727,0.4098360655737705,0.1092896174863388,183,1.8313953488372092,0.3546511627906977,0.1569767441860465,172,2.5116319444444444,44.15972222222222,30.317708333333336,6.0,433,344,10.0,16,6.0,89,5.5625,27.0625,21.5
2018,REG,JAX,-0.1262484253842407,0.397172236503856,778,-0.02338323212960127,0.412532637075718,766,-0.1159165481760382,-0.01072058565765022,0.11711711711711711,0.11461619348054679,0.17262830482115085,643,0.1597222222222222,576,30.0,16.0,-14.0,4.293577981651376,4.0,1.1888888888888889,0.25,0.19444444444444445,180,1.5879120879120878,0.32967032967032966,0.17032967032967034,182,-2.6601736111111114,29.258680555555554,17.586805555555557,4.0,245,316,5.0,16,11.0,-71,-4.4375,15.3125,19.75
2018,REG,KC,0.3060336102401441,0.5242236024844721,805,0.024733200296208284,0.4691358024691358,891,0.22479109255449592,0.029357409302363087,0.18921668362156663,0.16076294277929154,0.16666666666666666,636,0.15121255349500715,701,19.0,26.0,7.0,4.94392523364486,3.0,3.0470588235294116,0.5294117647058824,0.12352941176470589,170,2.1494252873563218,0.40804597701149425,0.10919540229885058,174,6.940069444444444,65.71527777777777,50.776041666666664,9.0,565,421,12.0,16,4.0,144,9.0,35.3125,26.3125
2018,REG,LA,0.1693647525506741,0.5139211136890951,862,0.012309916815312467,0.43279901356350187,811,0.16860585623676327,0.016890363630438564,0.18436293436293436,0.1584470094438615,0.11793214862681745,619,0.16805324459234608,601,18.0,31.0,13.0,5.069948186528498,4.0,2.612021857923497,0.48633879781420764,0.08196721311475409,183,1.8932584269662922,0.38202247191011235,0.15730337078651685,178,4.5471006944444445,53.94618055555556,38.14583333333333,6.0,527,384,13.0,16,3.0,143,8.9375,32.9375,24.0
2018,REG,LAC,0.13464040416964995,0.4664082687338501,774,-0.01756831036943906,0.4520383693045564,834,0.15122459294182952,0.003343258192048751,0.18259935553168635,0.13312693498452013,0.15579710144927536,552,0.128500823723229,607,17.0,21.0,4.0,4.26448362720403,2.0,2.235294117647059,0.4235294117647059,0.14705882352941177,170,1.7125748502994012,0.3413173652694611,0.17365269461077845,167,2.6031944444444446,49.60069444444445,35.07986111111111,5.0,428,329,12.0,16,4.0,99,6.1875,26.75,20.5625
2018,REG,LV,-0.035707293849306244,0.45595238095238094,840,0.145246210658378,0.4469413233458177,801,0.0008666397683229668,0.09640105911778603,0.1260245901639344,0.15141955835962145,0.14614121510673234,609,0.09533073929961089,514,24.0,17.0,-7.0,4.674273858921162,7.0,1.4147727272727273,0.3125,0.17613636363636365,176,2.442528735632184,0.4425287356321839,0.15517241379310345,174,-4.534583333333333,29.79861111111111,10.222222222222221,1.0,290,467,4.0,16,12.0,-177,-11.0625,18.125,29.1875
2018,REG,MIA,-0.09772083626001535,0.4050464807436919,753,0.055031484198126354,0.45629965947786605,881,-0.008757742951200223,0.0684020230795759,0.12138728323699421,0.17114427860696518,0.20736434108527133,516,0.13451327433628318,565,25.0,26.0,1.0,4.783950617283951,6.0,1.4426229508196722,0.2786885245901639,0.1912568306010929,183,2.087912087912088,0.3956043956043956,0.14285714285714285,182,-3.0148263888888884,31.256944444444443,12.73611111111111,2.0,319,433,7.0,16,9.0,-114,-7.125,19.9375,27.0625
2018,REG,MIN,-0.03067295400516733,0.43954659949622166,794,-0.10552489992734124,0.4203084832904884,778,0.02361231149725389,-0.03763363023759243,0.12916246215943492,0.12321792260692464,0.14393939393939395,660,0.1514629948364888,581,21.0,19.0,-2.0,4.120181405895692,2.0,1.5797872340425532,0.324468085106383,0.20212765957446807,188,1.5138121546961325,0.3370165745856354,0.19889502762430938,181,-0.4281770833333334,38.861111111111114,26.52777777777778,5.0,360,341,8.5,16,7.5,19,1.1875,22.5,21.3125
2018,REG,NE,0.13580904710455402,0.4958775029446408,849,-0.014252068505168934,0.4346103038309115,757,0.166709637428201,0.009041301235705505,0.16270218839200762,0.16297786720321933,0.11371237458193979,598,0.14523449319213314,661,17.0,29.0,12.0,4.912806539509536,2.0,2.2527472527472527,0.4065934065934066,0.1813186813186813,182,1.6363636363636365,0.32620320855614976,0.16042780748663102,187,3.9629861111111113,56.111111111111114,37.28298611111111,8.0,436,325,11.0,16,5.0,111,6.9375,27.25,20.3125
2018,REG,NO,0.13513046598695236,0.4975062344139651,802,0.01264290684611507,0.4381443298969072,776,0.1222708776629817,-0.000259784107204345,0.14111675126903553,0.1441908713692946,0.0948905109489051,548,0.1558641975308642,648,16.0,24.0,8.0,3.603932584269663,0.0,2.9166666666666665,0.5178571428571429,0.10714285714285714,168,2.0609756097560976,0.3597560975609756,0.1402439024390244,164,2.8534895833333334,44.6875,29.45486111111111,5.0,504,353,13.0,16,3.0,151,9.4375,31.5,22.0625
2018,REG,NYG,-0.008546072137013506,0.39302884615384615,832,0.04309256194858684,0.4391353811149033,879,-0.0038679374855526303,-0.03415380383635351,0.14212678936605316,0.1485148514851485,0.15323854660347552,633,0.13464696223316913,609,17.0,23.0,6.0,4.26457399103139,5.0,1.9375,0.38636363636363635,0.16477272727272727,176,2.0994475138121547,0.4143646408839779,0.11049723756906077,181,-0.27083333333333337,33.42013888888889,21.54861111111111,2.0,369,412,5.0,16,11.0,-43,-2.6875,23.0625,25.75
2018,REG,NYJ,-0.11984960610907697,0.3741935483870968,775,0.057326056351199195,0.4445768772348033,839,-0.13499098339240378,0.14704412180931575,0.13479623824451412,0.16203259827420902,0.12780656303972365,579,0.17080745341614906,644,29.0,20.0,-9.0,4.587301587301587,3.0,1.4234693877551021,0.3163265306122449,0.23979591836734693,196,1.955223880597015,0.39303482587064675,0.1691542288557214,201,-2.618315972222222,27.67361111111111,19.57465277777778,0.0,333,441,4.0,16,12.0,-108,-6.75,20.8125,27.5625
2018,REG,PHI,0.05117403798846009,0.464804469273743,895,0.031132533109412806,0.4431279620853081,844,0.04463708950401346,0.03988923687651104,0.13209393346379647,0.14271356783919598,0.1562021439509954,653,0.18051575931232092,698,23.0,17.0,-6.0,4.671686746987952,5.0,2.034090909090909,0.3806818181818182,0.17045454545454544,176,1.9772727272727273,0.38636363636363635,0.17045454545454544,176,-0.25473958333333346,36.107638888888886,21.399305555555557,2.0,367,348,9.0,16,7.0,19,1.1875,22.9375,21.75
2018,REG,PIT,0.09767563842557064,0.47286012526096033,958,0.036619998692052874,0.42325056433408575,886,0.1109257323177803,0.058813271971592786,0.1373679154658982,0.13012295081967212,0.09944751381215469,724,0.18110236220472442,635,26.0,15.0,-11.0,4.168021680216802,2.0,2.1483516483516483,0.36813186813186816,0.15384615384615385,182,1.7540983606557377,0.33879781420765026,0.17486338797814208,183,2.3006944444444444,45.520833333333336,27.6875,3.0,428,360,9.5,16,6.5,68,4.25,26.75,22.5
2018,REG,SEA,0.0701734283486402,0.4346820809248555,865,-0.023163126228536158,0.44576877234803336,839,0.050920918341352366,0.04101026372978958,0.15991902834008098,0.15767195767195769,0.18837675350701402,499,0.17656765676567657,606,12.0,25.0,13.0,4.905405405405405,5.0,2.18232044198895,0.39779005524861877,0.23204419889502761,181,1.7758620689655173,0.3505747126436782,0.11494252873563218,174,2.1696180555555555,42.89409722222222,23.84027777777778,4.0,428,347,10.0,16,6.0,81,5.0625,26.75,21.6875
2018,REG,SF,-0.07121684793905761,0.4276729559748428,795,0.045918299990165605,0.43014705882352944,816,-0.05007841580815297,0.051098674635424356,0.16210739614994935,0.139,0.21079258010118043,593,0.15141430948419302,601,31.0,8.0,-23.0,4.085585585585585,3.0,1.675977653631285,0.3687150837988827,0.13966480446927373,179,2.2044198895027622,0.39779005524861877,0.143646408839779,181,-2.5838194444444444,37.71006944444444,18.586805555555557,1.0,342,435,4.0,16,12.0,-93,-5.8125,21.375,27.1875
2018,REG,TB,0.023835186444439768,0.45164960182025027,879,0.1119782620684204,0.48819875776397514,805,-0.018028781272617735,0.12279398906580141,0.16954022988505746,0.1747173689619733,0.1505524861878453,724,0.1567291311754685,587,37.0,15.0,-22.0,4.642523364485982,5.0,1.9891304347826086,0.3695652173913043,0.11413043478260869,184,2.3461538461538463,0.4065934065934066,0.16483516483516483,182,-2.745972222222222,37.407986111111114,21.838541666666668,3.0,396,464,5.0,16,11.0,-68,-4.25,24.75,29.0
2018,REG,TEN,-0.012446837607293362,0.43125,800,0.009509041277787319,0.42788461538461536,832,0.0009205339936103826,0.043101288689892193,0.1496232508073197,0.12474645030425964,0.13320463320463322,518,0.1390284757118928,597,17.0,18.0,1.0,4.3426573426573425,3.0,1.7454545454545454,0.34545454545454546,0.17575757575757575,165,1.590643274853801,0.32748538011695905,0.15789473684210525,171,-1.5833680555555558,34.638888888888886,16.914930555555557,4.0,310,303,9.0,16,7.0,7,0.4375,19.375,18.9375
2018,REG,WAS,-0.0674015189312585,0.42181340341655715,761,0.027450777767968473,0.45864661654135336,798,-0.04874611629112694,0.016215353532106097,0.12447698744769875,0.1473899692937564,0.1658206429780034,591,0.15081967213114755,610,20.0,25.0,5.0,4.492753623188406,2.0,1.4470588235294117,0.3176470588235294,0.15294117647058825,170,1.9239766081871346,0.3508771929824561,0.15789473684210525,171,-2.049166666666667,37.81597222222222,22.333333333333336,6.0,281,359,7.0,16,9.0,-78,-4.875,17.5625,22.4375
2019,POST,BAL,-0.2724993202975672,0.3888888888888889,54,0.38173696032414833,0.5,30,-0.36469306274353736,0.1342066602715615,0.15384615384615385,0.09803921568627451,0.1,70,0.23529411764705882,17,3.0,0.0,-3.0,5.864864864864865,1.0,1.1818181818181819,0.2727272727272727,0.09090909090909091,11,2.5454545454545454,0.36363636363636365,0.09090909090909091,11,-11.316944444444445,0.0,0.0,0.0,12,28,0.0,1,1.0,-16,-16.0,12.0,28.0
2019,POST,BUF,0.019451105740173467,0.43037974683544306,79,-0.04795058860157668,0.39344262295081966,61,0.08052346147208785,-0.05351305443940127,0.1518987341772152,0.109375,0.22,50,0.3076923076923077,39,1.0,1.0,0.0,4.205882352941177,0.0,1.7272727272727273,0.45454545454545453,0.09090909090909091,11,1.6666666666666667,0.3333333333333333,0.08333333333333333,12,7.399444444444445,79.47222222222223,36.888888888888886,0.0,19,22,0.0,1,1.0,-3,-3.0,19.0,22.0
2019,POST,GB,0.09289125211101859,0.4473684210526316,76,0.19385453653770077,0.5066666666666667,75,0.005499234182449678,0.2371844994078856,0.14035087719298245,0.19626168224299065,0.1111111111111111,72,0.21568627450980393,51,3.0,0.0,-3.0,5.984848484848484,1.0,2.5789473684210527,0.3684210526315789,0.21052631578947367,19,3.210526315789474,0.5789473684210527,0.10526315789473684,19,-2.896527777777777,46.416666666666664,34.013888888888886,1.0,48,60,1.0,2,1.0,-12,-6.0,24.0,30.0
2019,POST,HOU,-0.015562920397439438,0.4056603773584906,106,0.19818460089789483,0.4596774193548387,124,-0.031769204401187294,0.2590970665032822,0.12056737588652482,0.21052631578947367,0.20408163265306123,98,0.16666666666666666,90,3.0,1.0,-2.0,5.686274509803922,0.0,1.8333333333333333,0.3333333333333333,0.041666666666666664,24,2.6666666666666665,0.5416666666666666,0.125,24,-4.4975000000000005,25.249999999999996,14.972222222222221,0.0,53,70,1.0,2,1.0,-17,-8.5,26.5,35.0
2019,POST,KC,0.32154384490338855,0.536144578313253,166,0.09843909625754789,0.44285714285714284,140,0.2982776547256555,0.14014024925095978,0.17553191489361702,0.1711229946524064,0.13533834586466165,133,0.13846153846153847,130,2.0,4.0,2.0,4.848484848484849,0.0,3.46875,0.5625,0.125,32,2.193548387096774,0.3870967741935484,0.06451612903225806,31,0.6680555555555555,41.425925925925924,27.916666666666668,0.0,117,75,3.0,3,0.0,42,14.0,39.0,25.0
2019,POST,MIN,-0.07535434067160636,0.3877551020408163,98,0.006872656599010586,0.5145631067961165,103,-0.15710669308464276,0.0638915837501359,0.11016949152542373,0.11666666666666667,0.18840579710144928,69,0.1694915254237288,59,2.0,5.0,3.0,4.421875,1.0,1.5416666666666667,0.2916666666666667,0.2916666666666667,24,1.88,0.36,0.16,25,-3.299166666666667,24.25,9.01388888888889,0.0,36,47,1.0,2,1.0,-11,-5.5,18.0,23.5
2019,POST,NE,-0.09847231431270842,0.3898305084745763,59,0.023313682525328835,0.43859649122807015,57,-0.04795833309051684,0.011288969504595217,0.13559322033898305,0.10526315789473684,0.10810810810810811,37,0.2777777777777778,18,2.0,1.0,-1.0,4.902439024390244,1.0,0.6,0.3,0.0,10,1.5555555555555556,0.2222222222222222,0.2222222222222222,9,0.23277777777777778,35.52777777777778,3.638888888888889,0.0,13,20,0.0,1,1.0,-7,-7.0,13.0,20.0
2019,POST,NO,-0.12347489068063212,0.4444444444444444,54,0.0363869683778502,0.4507042253521127,71,0.06332370453668049,-0.07089949931448572,0.12962962962962962,0.1095890410958904,0.15789473684210525,38,0.11764705882352941,34,2.0,1.0,-1.0,3.4,0.0,1.6666666666666667,0.3333333333333333,0.16666666666666666,12,2.076923076923077,0.38461538461538464,0.07692307692307693,13,-1.0163888888888888,24.52777777777778,2.6944444444444446,0.0,20,26,0.0,1,1.0,-6,-6.0,20.0,26.0
2019,POST,PHI,-0.167171496288449,0.32786885245901637,61,0.2263877505546526,0.37254901960784315,51,-0.008746031198218892,0.055605662577650754,0.18032786885245902,0.2037037037037037,0.24324324324324326,37,0.3142857142857143,35,,,,2.4615384615384617,0.0,1.0,0.3333333333333333,0.1111111111111111,9,1.8888888888888888,0.3333333333333333,0.2222222222222222,9,-4.927777777777778,0.0,0.0,0.0,9,17,0.0,1,1.0,-8,-8.0,9.0,17.0
2019,POST,SEA,0.19491865074390063,0.43,100,0.04279461367446073,0.38461538461538464,117,0.14079706322249527,0.025845240267149714,0.17699115044247787,0.17094017094017094,0.2727272727272727,77,0.208955223880597,67,,,,4.089285714285714,0.0,2.2777777777777777,0.3888888888888889,0.16666666666666666,18,2.0555555555555554,0.3888888888888889,0.16666666666666666,18,-2.2681944444444446,37.31944444444444,19.430555555555557,1.0,40,37,1.0,2,1.0,3,1.5,20.0,18.5
2019,POST,SF,0.16579191485181285,0.5396825396825397,126,-0.0637325668595833,0.4224137931034483,116,0.18116188879368952,-0.05861998542903974,0.19161676646706588,0.11428571428571428,0.171875,64,0.15748031496062992,127,5.0,6.0,1.0,3.8545454545454545,1.0,2.5454545454545454,0.48484848484848486,0.12121212121212122,33,2.0,0.3225806451612903,0.2903225806451613,31,8.135092592592594,67.53703703703704,51.47222222222222,2.0,84,61,2.0,3,1.0,23,7.666666666666667,28.0,20.333333333333332
2019,POST,TEN,0.14019765455348004,0.44274809160305345,131,-0.005495291166207233,0.46060606060606063,165,0.08451354842253246,-0.01441350103451924,0.12121212121212122,0.14622641509433962,0.18055555555555555,72,0.11333333333333333,150,1.0,5.0,4.0,5.064102564102564,1.0,2.2758620689655173,0.3448275862068966,0.13793103448275862,29,1.8,0.36666666666666664,0.06666666666666667,30,3.047407407407407,61.76851851851851,23.34259259259259,1.0,72,60,2.0,3,1.0,12,4.0,24.0,20.0
2019,REG,ARI,0.025973497880082862,0.42424242424242425,858,0.12184186128732939,0.4720168954593453,947,0.027302682712364634,0.10935140005274209,0.14213197969543148,0.16135084427767354,0.10952380952380952,630,0.13663663663663664,666,19.0,16.0,-3.0,4.378132118451025,5.0,1.8202247191011236,0.38764044943820225,0.16292134831460675,178,2.383720930232558,0.43023255813953487,0.11627906976744186,172,-2.1732465277777777,33.37847222222222,16.015625,2.0,361,442,5.5,16,10.5,-81,-5.0625,22.5625,27.625
2019,REG,ATL,0.01577090447593265,0.43387470997679817,862,0.07124821401753723,0.4537275064267352,778,-0.019964876103533615,0.07503794049920283,0.1322849213691027,0.1437435367114788,0.1806108897742364,753,0.11394557823129252,588,24.0,21.0,-3.0,4.200945626477542,3.0,2.0,0.40804597701149425,0.1206896551724138,174,2.215568862275449,0.4311377245508982,0.11976047904191617,167,-2.3096701388888885,32.94618055555556,17.133680555555554,4.0,381,399,7.0,16,9.0,-18,-1.125,23.8125,24.9375
2019,REG,BAL,0.18098593318266568,0.48880597014925375,804,-0.10401090511148053,0.4147018030513176,721,0.18137892344285295,-0.072726828556896,0.16104146576663453,0.12267250821467689,0.11706349206349206,504,0.1806020066889632,598,15.0,25.0,10.0,4.394117647058824,3.0,2.9096385542168677,0.5180722891566265,0.10240963855421686,166,1.3614457831325302,0.3253012048192771,0.14457831325301204,166,8.222465277777777,64.94965277777777,50.576388888888886,8.0,531,282,14.0,16,2.0,249,15.5625,33.1875,17.625
2019,REG,BUF,-0.02881008019082974,0.42295081967213116,915,-0.08663929256840516,0.41008018327605955,873,0.015581700104343994,-0.06817439645767448,0.14385614385614387,0.12164948453608247,0.1467116357504216,593,0.1482084690553746,614,20.0,22.0,2.0,4.244215938303342,3.0,1.5483870967741935,0.3010752688172043,0.1881720430107527,186,1.2912087912087913,0.23626373626373626,0.21428571428571427,182,1.1178125,41.454861111111114,26.484375,4.0,314,259,10.0,16,6.0,55,3.4375,19.625,16.1875
2019,REG,CAR,-0.07506891153500217,0.42874692874692877,814,0.07136170581003817,0.4717223650385604,778,-0.032630114322015645,0.09525538901419528,0.1233644859813084,0.15732546705998032,0.14285714285714285,714,0.1737012987012987,616,34.0,22.0,-12.0,5.1524663677130045,4.0,1.609375,0.328125,0.1875,192,2.203045685279188,0.4010152284263959,0.15228426395939088,197,-4.9983506944444445,27.27951388888889,14.046875000000002,4.0,340,470,5.0,16,11.0,-130,-8.125,21.25,29.375
2019,REG,CHI,-0.0691824763999152,0.41113744075829384,844,-0.08688558474497358,0.3937575030012005,833,-0.04161247691523483,-0.05385415817731854,0.09891196834817013,0.1145418326693227,0.13312693498452013,646,0.1308562197092084,619,19.0,19.0,0.0,3.9420289855072466,3.0,1.502857142857143,0.2914285714285714,0.2571428571428571,175,1.6077348066298343,0.30939226519337015,0.19337016574585636,181,-0.21093749999999994,36.36284722222222,21.90972222222222,2.0,280,298,8.0,16,8.0,-18,-1.125,17.5,18.625
2019,REG,CIN,-0.13063045570611423,0.3931203931203931,814,0.13066437800583489,0.45169082125603865,828,-0.09862975779887873,0.11936124313668288,0.13056092843326886,0.16151545363908276,0.12481426448736999,673,0.15412186379928317,558,28.0,18.0,-10.0,4.726190476190476,5.0,1.298342541436464,0.2983425414364641,0.20994475138121546,181,2.087431693989071,0.39344262295081966,0.18579234972677597,183,-5.3475173611111115,21.083333333333332,8.989583333333332,0.0,279,420,2.0,16,14.0,-141,-8.8125,17.4375,26.25
2019,REG,CLE,-0.018772769985140436,0.41379310344827586,812,0.036154392098188735,0.44402985074626866,804,0.024439266431613225,0.08761167184080319,0.15025906735751296,0.16649848637739656,0.11260504201680673,595,0.1423611111111111,576,27.0,21.0,-6.0,4.982795698924731,6.0,1.726775956284153,0.33879781420765026,0.18032786885245902,183,2.032967032967033,0.36813186813186816,0.12637362637362637,182,-0.7785416666666667,41.83506944444444,21.68402777777778,4.0,335,393,6.0,16,10.0,-58,-3.625,20.9375,24.5625
2019,REG,DAL,0.09719975886127796,0.4882075471698113,848,0.012022975664400592,0.44559585492227977,772,0.09504736181467847,0.07819593610277749,0.16257088846880907,0.12187812187812187,0.13615023474178403,639,0.14420062695924765,638,18.0,17.0,-1.0,4.063725490196078,2.0,2.434285714285714,0.44571428571428573,0.11428571428571428,175,1.8265895953757225,0.35260115606936415,0.14450867052023122,173,1.5056597222222223,41.54340277777778,28.48263888888889,4.0,434,321,8.0,16,8.0,113,7.0625,27.125,20.0625
2019,REG,DEN,-0.03221637058641463,0.40977443609022557,798,-0.019287414345541334,0.4140715109573241,867,0.014850208333814592,0.009397891653758431,0.12314225053078556,0.12399193548387097,0.1504424778761062,565,0.1315345699831366,593,17.0,16.0,-1.0,4.185446009389671,2.0,1.4739884393063585,0.3236994219653179,0.1907514450867052,173,1.7017543859649122,0.36257309941520466,0.15204678362573099,171,1.3141840277777777,47.4375,30.0,5.0,282,316,7.0,16,9.0,-34,-2.125,17.625,19.75
2019,REG,DET,-0.019350163431360028,0.41497326203208557,935,0.06927956082120777,0.44646464646464645,990,-0.033789317645121345,0.06510200452266181,0.1288404360753221,0.1435228331780056,0.14442700156985872,637,0.10741301059001512,661,23.0,18.0,-5.0,4.072368421052632,5.0,1.6885245901639345,0.3333333333333333,0.15846994535519127,183,2.149171270718232,0.40331491712707185,0.1712707182320442,181,-0.07861111111111124,42.848958333333336,17.760416666666668,1.0,341,423,3.5,16,12.5,-82,-5.125,21.3125,26.4375
2019,REG,GB,0.07127420295361189,0.44405182567726736,849,-0.06682328932564098,0.42601431980906923,838,0.09225005598181361,-0.02813360583739981,0.13353413654618473,0.1396761133603239,0.13406940063091483,634,0.14662273476112025,607,12.0,26.0,14.0,4.662621359223301,3.0,2.1129943502824857,0.3728813559322034,0.1638418079096045,177,1.7921348314606742,0.34269662921348315,0.15168539325842698,178,2.2601215277777778,54.25868055555556,36.84722222222222,6.0,376,313,13.0,16,3.0,63,3.9375,23.5,19.5625
2019,REG,HOU,0.07222591403147567,0.4626696832579186,884,0.052667530509949795,0.4344262295081967,854,0.020685408914547527,-0.006875267589735226,0.1394422310756972,0.15124378109452735,0.1478537360890302,629,0.1368584758942457,643,21.0,23.0,2.0,4.794554455445544,3.0,2.1242603550295858,0.378698224852071,0.08875739644970414,169,2.1411764705882352,0.38823529411764707,0.09411764705882353,170,-1.030520833333333,37.197916666666664,19.81423611111111,4.0,378,385,10.0,16,6.0,-7,-0.4375,23.625,24.0625
2019,REG,IND,0.0007978088164608071,0.44568868980963045,893,-0.0007889594050759719,0.4290697674418605,860,-0.04786324530993748,-0.007554139381488413,0.1312625250501002,0.14182194616977226,0.16493055555555555,576,0.12841091492776885,623,21.0,23.0,2.0,4.091383812010444,1.0,1.8511904761904763,0.3630952380952381,0.13690476190476192,168,1.888235294117647,0.38823529411764707,0.12352941176470589,170,0.26805555555555555,40.87847222222222,20.453125,3.0,361,373,7.0,16,9.0,-12,-0.75,22.5625,23.3125
2019,REG,JAX,-0.04994804803723832,0.39,800,0.11092159496051954,0.4618320610687023,786,-0.029839719781113622,0.09908524504293907,0.13306852035749753,0.16036772216547499,0.12463343108504399,682,0.18010291595197256,583,22.0,17.0,-5.0,5.11697247706422,6.0,1.5480225988700564,0.3389830508474576,0.15254237288135594,177,2.0388888888888888,0.37222222222222223,0.12222222222222222,180,-5.10046875,19.463541666666664,12.713541666666666,1.0,300,397,6.0,16,10.0,-97,-6.0625,18.75,24.8125
2019,REG,KC,0.16064545379183953,0.4706601466992665,818,0.009364944424389185,0.44482758620689655,870,0.11375240429215644,0.037596053609082365,0.14285714285714285,0.13262342691190707,0.11378205128205128,624,0.15053763440860216,651,15.0,23.0,8.0,4.876484560570071,6.0,2.542682926829268,0.4878048780487805,0.0975609756097561,164,1.75,0.34146341463414637,0.11585365853658537,164,5.734826388888889,62.442708333333336,40.239583333333336,4.0,451,308,12.0,16,4.0,143,8.9375,28.1875,19.25
2019,REG,LA,0.02680024908102646,0.45529411764705885,850,-0.03526230208086567,0.42168674698795183,830,0.050063569356314765,-0.01672156960694034,0.14875239923224567,0.13198458574181118,0.1191553544494721,663,0.13990461049284578,629,25.0,23.0,-2.0,4.074324324324325,5.0,1.864864864864865,0.3621621621621622,0.17297297297297298,185,1.7027027027027026,0.33513513513513515,0.20540540540540542,185,1.361076388888889,49.60590277777778,27.661458333333332,5.0,394,364,9.0,16,7.0,30,1.875,24.625,22.75
2019,REG,LAC,0.0037439590780334723,0.4586206896551724,870,0.05884368430035274,0.45338441890166026,783,0.011381312382332514,-0.004031974625827646,0.14908722109533468,0.1119648737650933,0.14668769716088328,634,0.12404580152671756,524,29.0,16.0,-13.0,4.197215777262181,4.0,1.93125,0.3875,0.11875,160,1.950310559006211,0.36645962732919257,0.11180124223602485,161,-1.4625520833333334,33.682291666666664,14.744791666666668,2.0,337,345,5.0,16,11.0,-8,-0.5,21.0625,21.5625
2019,REG,LV,0.07865703289029724,0.45153374233128835,815,0.10717660793660509,0.4652605459057072,806,0.006247610678478901,0.10593999604659993,0.1357142857142857,0.16139240506329114,0.09219858156028368,564,0.10732538330494037,587,17.0,14.0,-3.0,3.876543209876543,3.0,1.7030303030303031,0.32727272727272727,0.15757575757575756,165,2.3012048192771086,0.40963855421686746,0.16265060240963855,166,-1.69921875,45.55381944444444,24.260416666666668,3.0,313,419,7.0,16,9.0,-106,-6.625,19.5625,26.1875
2019,REG,MIA,-0.07229442363986162,0.4013071895424837,765,0.11081090563736094,0.4531059683313033,821,-0.09016468821276555,0.12377624297359162,0.1188118811881188,0.15895953757225434,0.20704225352112676,710,0.11149825783972125,574,25.0,17.0,-8.0,4.455852156057495,7.0,1.510989010989011,0.3021978021978022,0.16483516483516483,182,2.497297297297297,0.4594594594594595,0.17297297297297298,185,-5.083003472222222,26.21527777777778,13.199652777777779,1.0,306,494,5.0,16,11.0,-188,-11.75,19.125,30.875
2019,REG,MIN,0.06249684429516661,0.4291139240506329,790,-0.0559290804052937,0.4479638009049774,884,0.009804182228498793,-0.04191126674636663,0.14539748953974896,0.11736641221374046,0.13518886679920478,503,0.15045592705167174,658,20.0,31.0,11.0,4.2772277227722775,5.0,2.277456647398844,0.4161849710982659,0.15606936416184972,173,1.6647398843930636,0.3468208092485549,0.17341040462427745,173,3.3500868055555557,53.96875,33.53993055555556,6.0,407,303,10.0,16,6.0,104,6.5,25.4375,18.9375
2019,REG,NE,-0.008539516006663072,0.4254807692307692,832,-0.17535354590308083,0.3908205841446453,719,0.011194658779905406,-0.06511892807619497,0.13079777365491652,0.11991434689507495,0.1382488479262673,651,0.16006600660066006,606,17.0,34.0,17.0,4.186301369863013,4.0,1.8263157894736841,0.3631578947368421,0.1631578947368421,190,0.7577319587628866,0.1958762886597938,0.18556701030927836,194,5.7154340277777775,57.41319444444444,43.11805555555556,8.0,420,225,12.0,16,4.0,195,12.1875,26.25,14.0625
2019,REG,NO,0.1194776898894615,0.4908869987849332,823,-0.06410979534602523,0.3926218708827404,759,0.13700534427345037,-0.06442370135328432,0.14807302231237324,0.1231079717457114,0.0943089430894309,615,0.15976331360946747,676,8.0,23.0,15.0,4.234782608695652,0.0,2.4971098265895955,0.4624277456647399,0.12138728323699421,173,1.7758620689655173,0.3505747126436782,0.16666666666666666,174,5.262708333333333,59.916666666666664,37.81770833333333,7.0,458,341,13.0,16,3.0,117,7.3125,28.625,21.3125
2019,REG,NYG,-0.05191783686545507,0.4135514018691589,856,0.08344988259595164,0.4351145038167939,917,-0.02762020872885442,0.06870876765322605,0.12810327706057598,0.15451055662188098,0.17551622418879056,678,0.14862681744749595,619,33.0,16.0,-17.0,3.863539445628998,3.0,1.545945945945946,0.2864864864864865,0.16216216216216217,185,2.1122994652406417,0.39572192513368987,0.1657754010695187,187,-2.576892361111111,22.758680555555557,15.008680555555555,2.0,341,451,4.0,16,12.0,-110,-6.875,21.3125,28.1875
2019,REG,NYJ,-0.10389832123418426,0.3881856540084388,711,0.010917595763450288,0.4103225806451613,775,-0.06671171237365679,-0.0020331297592089694,0.11370882040382571,0.1279527559055118,0.18275862068965518,580,0.14883720930232558,645,25.0,20.0,-5.0,3.3325358851674642,1.0,1.1587301587301588,0.23809523809523808,0.21164021164021163,189,1.5751295336787565,0.33678756476683935,0.15544041450777202,193,-2.7084375,40.77777777777778,22.57465277777778,4.0,276,359,7.0,16,9.0,-83,-5.1875,17.25,22.4375
2019,REG,PHI,0.010127863904490641,0.44432989690721647,970,-0.012507526571671139,0.40870616686819833,827,0.010197915567433612,0.009330050853667792,0.12076852698993595,0.12957157784743992,0.14771048744460857,677,0.16429699842022116,633,21.0,22.0,1.0,4.0790960451977405,2.0,1.9625668449197862,0.34759358288770054,0.1657754010695187,187,1.7446808510638299,0.3351063829787234,0.18617021276595744,188,-0.6819618055555554,39.057291666666664,22.09201388888889,4.0,385,354,9.0,16,7.0,31,1.9375,24.0625,22.125
2019,REG,PIT,-0.15435753185022438,0.3759124087591241,822,-0.14517110163197713,0.4053452115812918,898,-0.12606779779066718,-0.18837482570329614,0.10725893824485373,0.11643835616438356,0.13903743315508021,561,0.1895093062605753,591,30.0,38.0,8.0,3.794372294372294,1.0,1.2941176470588236,0.2887700534759358,0.17647058823529413,187,1.374331550802139,0.29411764705882354,0.1925133689839572,187,-0.49951388888888903,36.83680555555556,18.31423611111111,2.0,289,303,8.0,16,8.0,-14,-0.875,18.0625,18.9375
2019,REG,SEA,0.014374350753952226,0.45791245791245794,891,-0.0052199357973780475,0.4501133786848073,882,0.03466699093234207,-0.0014706007791488794,0.15272373540856032,0.1596806387225549,0.1828665568369028,607,0.10615384615384615,650,22.0,30.0,8.0,4.8158567774936065,3.0,1.8465608465608465,0.36507936507936506,0.164021164021164,189,1.905027932960894,0.3687150837988827,0.1787709497206704,179,-0.4492708333333334,36.03125,21.395833333333332,3.0,405,398,11.0,16,5.0,7,0.4375,25.3125,24.875
2019,REG,SF,0.07881395772316226,0.4507531865585168,863,-0.13112109952517004,0.42409638554216866,830,0.04671968909425341,-0.10158552053496923,0.16448032290615539,0.1037344398340249,0.13931297709923665,524,0.15384615384615385,598,25.0,25.0,0.0,4.465346534653466,3.0,2.3551912568306013,0.4426229508196721,0.12021857923497267,183,1.4350282485875707,0.288135593220339,0.21468926553672316,177,5.389513888888889,56.338541666666664,38.482638888888886,6.0,479,310,13.0,16,3.0,169,10.5625,29.9375,19.375
2019,REG,TB,0.012607035920960168,0.4380952380952381,945,-0.07453837374654575,0.39764201500535906,933,0.007084437482771524,-0.058972370242279935,0.150093808630394,0.12158341187558906,0.1497175141242938,708,0.15918367346938775,735,41.0,28.0,-13.0,3.2624309392265194,1.0,1.8484848484848484,0.3787878787878788,0.10606060606060606,198,1.8131313131313131,0.398989898989899,0.16666666666666666,198,0.7717534722222222,44.369791666666664,24.46701388888889,3.0,458,449,7.0,16,9.0,9,0.5625,28.625,28.0625
2019,REG,TEN,0.04911445518854616,0.447741935483871,775,0.015435457296607755,0.4402234636871508,895,0.09708760469861517,0.00728933465511895,0.1695464362850972,0.13147792706333974,0.1875,528,0.12797619047619047,672,16.0,24.0,8.0,4.028915662650602,2.0,2.0216216216216214,0.31351351351351353,0.14594594594594595,185,1.619047619047619,0.31746031746031744,0.13227513227513227,189,0.27119791666666676,32.564236111111114,20.97222222222222,2.0,402,331,9.0,16,7.0,71,4.4375,25.125,20.6875
2019,REG,WAS,-0.17261364284449135,0.37031900138696255,721,0.09566462854279979,0.44769403824521936,889,-0.06442775096828965,0.0327997180496894,0.12428734321550741,0.14647887323943662,0.17863720073664824,543,0.15270935960591134,609,21.0,22.0,1.0,4.738866396761134,5.0,1.3728813559322033,0.2937853107344633,0.22598870056497175,177,2.375,0.42045454545454547,0.14204545454545456,176,-5.3561805555555555,18.53472222222222,6.385416666666667,1.0,266,435,3.0,16,13.0,-169,-10.5625,16.625,27.1875
2020,POST,BAL,-0.030737885428153183,0.43119266055045874,109,-0.0790478830287478,0.3764705882352941,85,-0.03335214791788011,-0.030902964344932116,0.17164179104477612,0.08,0.19736842105263158,76,0.11764705882352941,68,2.0,1.0,-1.0,2.1842105263157894,0.0,0.8,0.25,0.2,20,1.2105263157894737,0.2631578947368421,0.10526315789473684,19,-2.885972222222222,20.069444444444446,8.055555555555555,0.0,23,30,1.0,2,1.0,-7,-3.5,11.5,15.0
2020,POST,BUF,0.014208380537101559,0.4557823129251701,147,0.11911531677580844,0.46745562130177515,169,0.10383777199958709,0.1567103584850239,0.1564245810055866,0.15942028985507245,0.13138686131386862,137,0.0916030534351145,131,2.0,1.0,-1.0,4.8522727272727275,0.0,2.1724137931034484,0.4482758620689655,0.13793103448275862,29,2.0,0.3793103448275862,0.10344827586206896,29,0.660277777777778,54.66666666666666,24.101851851851848,1.0,68,65,2.0,3,1.0,3,1.0,22.666666666666668,21.666666666666668
2020,POST,CHI,-0.4448361924466943,0.17142857142857143,35,0.032704830046411275,0.423728813559322,59,-0.15803040595402798,-0.2956991939241892,0.12244897959183673,0.08,0.09090909090909091,33,0.125,40,0.0,1.0,1.0,3.5142857142857142,0.0,1.0,0.2,0.4,10,2.3333333333333335,0.3333333333333333,0.0,9,-7.229444444444445,0.0,0.0,0.0,9,21,0.0,1,1.0,-12,-12.0,9.0,21.0
2020,POST,CLE,0.23109640950921376,0.4358974358974359,78,-0.0669499303590512,0.47058823529411764,85,0.06045984396016514,-0.21501424548926323,0.18032786885245902,0.19310344827586207,0.04054054054054054,74,0.06481481481481481,108,2.0,6.0,4.0,4.375,0.0,2.9,0.5,0.15,20,2.4545454545454546,0.5,0.045454545454545456,22,5.562916666666667,49.916666666666664,45.63888888888889,1.0,65,59,1.0,2,1.0,6,3.0,32.5,29.5
2020,POST,GB,0.22042014606156032,0.5419847328244275,131,0.13518090418437606,0.46534653465346537,101,0.1857022248471078,0.05533475116941572,0.11594202898550725,0.13636363636363635,0.1,90,0.14492753623188406,69,2.0,3.0,1.0,4.0,0.0,3.210526315789474,0.5789473684210527,0.10526315789473684,19,2.526315789473684,0.42105263157894735,0.15789473684210525,19,0.23138888888888864,38.083333333333336,34.68055555555555,1.0,58,49,1.0,2,1.0,9,4.5,29.0,24.5
2020,POST,IND,0.15182704196415206,0.3835616438356164,73,0.17402136632078483,0.5,58,0.10850857586747054,0.34554685394004064,0.18666666666666668,0.20689655172413793,0.021739130434782608,46,0.125,40,,,,4.571428571428571,0.0,2.4,0.4,0.0,10,3.0,0.5555555555555556,0.3333333333333333,9,-3.4144444444444444,19.083333333333332,0.0,0.0,24,27,0.0,1,1.0,-3,-3.0,24.0,27.0
2020,POST,KC,0.23875637013100995,0.5474452554744526,137,0.0569901900746998,0.474025974025974,154,0.27339754264979776,0.06490051999645104,0.1746031746031746,0.1631578947368421,0.1111111111111111,135,0.12,125,3.0,4.0,1.0,5.287671232876712,0.0,2.5,0.5,0.07142857142857142,28,2.642857142857143,0.5,0.10714285714285714,28,1.3171296296296298,54.71296296296296,44.583333333333336,1.0,69,72,2.0,3,1.0,-3,-1.0,23.0,24.0
2020,POST,LA,0.013014739811695644,0.4857142857142857,105,0.06326803935540115,0.5046728971962616,107,0.17230885404777446,0.16418673674816556,0.11764705882352941,0.1349206349206349,0.21311475409836064,61,0.1506849315068493,73,1.0,1.0,0.0,5.311475409836065,0.0,1.7391304347826086,0.34782608695652173,0.30434782608695654,23,2.0434782608695654,0.43478260869565216,0.13043478260869565,23,-0.9390277777777776,38.55555555555556,18.27777777777778,1.0,48,52,1.0,2,1.0,-4,-2.0,24.0,26.0
2020,POST,NO,-0.15312658407724533,0.4369747899159664,119,-0.11560001025751539,0.3684210526315789,95,-0.3112839292584648,-0.009710028611818775,0.08888888888888889,0.10434782608695652,0.10666666666666667,75,0.08955223880597014,67,5.0,0.0,-5.0,3.240740740740741,0.0,2.1578947368421053,0.3684210526315789,0.0,19,1.9047619047619047,0.38095238095238093,0.3333333333333333,21,4.157777777777778,67.63888888888889,29.166666666666664,1.0,41,39,1.0,2,1.0,2,1.0,20.5,19.5
2020,POST,PIT,-0.7335509837031606,0.2962962962962963,27,0.7697811368464803,0.5,18,-1.2099102857871913,0.5117030137584412,0.17857142857142858,0.1935483870967742,0.058823529411764705,68,0.0,36,5.0,0.0,-5.0,4.096774193548387,0.0,2.2142857142857144,0.42857142857142855,0.07142857142857142,14,3.1538461538461537,0.5384615384615384,0.23076923076923078,13,-19.26,0.0,0.0,0.0,37,48,0.0,1,1.0,-11,-11.0,37.0,48.0
2020,POST,SEA,-0.4091598257274691,0.35555555555555557,45,-0.0725608836634111,0.4262295081967213,61,-0.1324968419075423,0.10611991846868161,0.17543859649122806,0.10144927536231885,0.2777777777777778,36,0.2413793103448276,29,1.0,1.0,0.0,3.813953488372093,1.0,0.9285714285714286,0.2857142857142857,0.21428571428571427,14,1.5333333333333334,0.3333333333333333,0.26666666666666666,15,-5.7908333333333335,0.0,0.0,0.0,20,30,0.0,1,1.0,-10,-10.0,20.0,30.0
2020,POST,TB,0.18145570797003313,0.4889867841409692,227,-0.06520414191147911,0.43859649122807015,228,0.1352567105869089,-0.09612671046627844,0.1607843137254902,0.14285714285714285,0.1111111111111111,144,0.1326530612244898,196,4.0,9.0,5.0,4.493827160493828,0.0,2.7777777777777777,0.5111111111111111,0.13333333333333333,45,1.8604651162790697,0.37209302325581395,0.13953488372093023,43,5.955208333333333,70.85416666666667,40.45833333333333,2.0,123,78,4.0,4,0.0,45,11.25,30.75,19.5
2020,POST,TEN,-0.10443232788234265,0.3673469387755102,49,0.16710226792481286,0.42105263157894735,57,-0.08050045926615389,0.03402128899858023,0.061224489795918366,0.20967741935483872,0.17857142857142858,28,0.23333333333333334,30,1.0,1.0,0.0,6.742857142857143,1.0,1.4444444444444444,0.3333333333333333,0.2222222222222222,9,2.0,0.4,0.2,10,0.15666666666666668,30.333333333333336,10.694444444444445,0.0,13,20,0.0,1,1.0,-7,-7.0,13.0,20.0
2020,POST,WAS,0.07687219349128183,0.390625,64,0.25699882753096753,0.5217391304347826,69,-0.09249428551137338,0.15635198184151836,0.17391304347826086,0.2463768115942029,0.11538461538461539,52,0.16279069767441862,43,1.0,1.0,0.0,4.733333333333333,0.0,2.0,0.3333333333333333,0.25,12,2.75,0.5833333333333334,0.08333333333333333,12,-6.469166666666666,0.0,0.0,0.0,23,31,0.0,1,1.0,-8,-8.0,23.0,31.0
2020,REG,ARI,0.017334912320170412,0.4564983888292159,931,0.013788335741538428,0.45861297539149887,894,0.026370370973235434,0.01904963685868193,0.13896713615023473,0.1486097794822627,0.08359133126934984,646,0.16,650,23.0,19.0,-4.0,4.574031890660592,1.0,2.1620111731843576,0.4022346368715084,0.12290502793296089,179,2.011627906976744,0.37209302325581395,0.1744186046511628,172,1.1911979166666666,39.88715277777778,22.43923611111111,5.0,410,367,8.0,16,8.0,43,2.6875,25.625,22.9375
2020,REG,ATL,0.0343608543531135,0.44469783352337516,877,0.06150291664306828,0.4768133174791914,841,0.0020742155753775303,0.11390445752443355,0.13320825515947468,0.16338582677165353,0.16374269005847952,684,0.1329394387001477,677,18.0,21.0,3.0,4.4015748031496065,0.0,2.264367816091954,0.4482758620689655,0.15517241379310345,174,2.3448275862068964,0.41954022988505746,0.13218390804597702,174,2.027482638888889,47.54340277777778,26.68576388888889,3.0,396,414,4.0,16,12.0,-18,-1.125,24.75,25.875
2020,REG,BAL,0.12737370339765905,0.4665809768637532,778,-0.043454287162570125,0.43386243386243384,756,0.05984601536219003,0.02167190614879034,0.14329580348004095,0.12487611496531219,0.12371134020618557,485,0.17737003058103976,654,19.0,21.0,2.0,4.524675324675325,3.0,2.476470588235294,0.45294117647058824,0.14705882352941177,170,1.576470588235294,0.3,0.15294117647058825,170,6.812829861111111,59.66840277777777,45.64930555555556,8.0,468,303,11.0,16,5.0,165,10.3125,29.25,18.9375
2020,REG,BUF,0.18709108181328044,0.5225334957369062,821,-0.022669830237734258,0.45901639344262296,793,0.1662341294799832,0.02473057772543293,0.1610337972166998,0.1364082433758587,0.11503067484662577,652,0.1426332288401254,638,21.0,27.0,6.0,4.612048192771084,4.0,2.8,0.49411764705882355,0.08823529411764706,170,2.052941176470588,0.3941176470588235,0.17647058823529413,170,6.147274305555555,63.564236111111114,43.3125,6.0,501,375,13.0,16,3.0,126,7.875,31.3125,23.4375
2020,REG,CAR,0.0375829566970162,0.46091954022988507,870,0.08157175137159338,0.4778660612939841,881,0.01621948642938049,0.0157119015300535,0.14183673469387756,0.13313313313313313,0.12540192926045016,622,0.13924050632911392,632,23.0,20.0,-3.0,4.745098039215686,5.0,2.088050314465409,0.4088050314465409,0.1069182389937107,159,2.409937888198758,0.45962732919254656,0.10559006211180125,161,-0.7872916666666667,37.357638888888886,22.40972222222222,3.0,350,402,5.0,16,11.0,-52,-3.25,21.875,25.125
2020,REG,CHI,-0.049767823850292374,0.43217286914765907,833,0.036120534843188015,0.43301435406698563,836,0.03387955406766398,0.02086890033708352,0.11639185257032007,0.14585414585414586,0.1497005988023952,668,0.1416803953871499,607,23.0,17.0,-6.0,4.141552511415525,2.0,1.9542857142857142,0.38857142857142857,0.16,175,1.9608938547486034,0.37988826815642457,0.16759776536312848,179,-0.5738020833333333,38.03993055555556,22.92534722222222,4.0,372,370,8.0,16,8.0,2,0.125,23.25,23.125
2020,REG,CIN,-0.008551477979616607,0.4548532731376975,886,0.09852252882165685,0.45674740484429066,867,0.006940663902174007,0.10899841578857024,0.11165048543689321,0.15737051792828685,0.18335901386748846,649,0.12371134020618557,582,23.0,18.0,-5.0,5.114470842332613,4.0,1.6256983240223464,0.329608938547486,0.19553072625698323,179,2.3,0.43333333333333335,0.13333333333333333,180,-2.6537847222222224,34.66319444444444,14.864583333333334,2.0,311,424,4.5,16,11.5,-113,-7.0625,19.4375,26.5
2020,REG,CLE,0.16432797265746127,0.48531139835487663,851,0.05529909007218044,0.46384039900249374,802,0.15390404777985398,0.02177620708828213,0.1585244267198405,0.1295387634936212,0.10237659963436929,547,0.11162790697674418,645,16.0,21.0,5.0,4.270983213429257,4.0,2.327272727272727,0.40606060606060607,0.10303030303030303,165,2.3454545454545452,0.4303030303030303,0.14545454545454545,165,1.138125,50.80034722222222,31.131944444444446,4.0,408,419,11.0,16,5.0,-11,-0.6875,25.5,26.1875
2020,REG,DAL,-0.04466735310370778,0.4577922077922078,924,0.06347038077026496,0.4654586636466591,883,0.0014934695206887604,0.0725290650274284,0.11402714932126697,0.14436958614051973,0.1359773371104816,706,0.1314878892733564,578,27.0,22.0,-5.0,4.966796875,5.0,1.9333333333333333,0.40555555555555556,0.13333333333333333,180,2.408839779005525,0.430939226519337,0.10497237569060773,181,-3.3133680555555554,31.208333333333336,13.774305555555557,2.0,395,473,6.0,16,10.0,-78,-4.875,24.6875,29.5625
2020,REG,DEN,-0.10689350896445182,0.38461538461538464,858,0.04317968562784456,0.4484304932735426,892,-0.09335906452774898,0.06078913763997924,0.13681102362204725,0.1507782101167315,0.16693944353518822,611,0.14756671899529042,637,33.0,15.0,-18.0,4.781609195402299,4.0,1.5797872340425532,0.32978723404255317,0.16489361702127658,188,2.233695652173913,0.44565217391304346,0.1358695652173913,184,-4.368090277777778,27.052083333333336,11.230902777777779,1.0,323,446,5.0,16,11.0,-123,-7.6875,20.1875,27.875
2020,REG,DET,0.02255000889480448,0.44558258642765686,781,0.21076356522540104,0.525383707201889,847,0.03264726723121098,0.22581904973813052,0.1523517382413088,0.16682646212847554,0.14330708661417324,635,0.09849749582637729,599,20.0,13.0,-7.0,4.416326530612245,3.0,2.0588235294117645,0.38235294117647056,0.1411764705882353,170,2.923076923076923,0.47928994082840237,0.11242603550295859,169,-4.180347222222222,26.671875,13.475694444444445,2.0,377,519,5.0,16,11.0,-142,-8.875,23.5625,32.4375
2020,REG,GB,0.2706320800232957,0.5322793148880105,759,-0.0015330939883418451,0.45480631276901007,697,0.22081089468198992,-0.003860649519314911,0.1461139896373057,0.12487100103199174,0.08626760563380281,568,0.1301482701812191,607,10.0,19.0,9.0,4.5275,4.0,2.950310559006211,0.4968944099378882,0.14285714285714285,161,2.0822784810126582,0.3987341772151899,0.18354430379746836,158,5.989253472222222,64.84201388888889,45.651041666666664,6.0,509,369,13.0,16,3.0,140,8.75,31.8125,23.0625
2020,REG,HOU,0.12199657073933287,0.48435544430538174,799,0.20041859527697695,0.5142857142857142,910,0.1274859987889213,0.17127438958272354,0.16810344827586207,0.15839694656488548,0.14786585365853658,656,0.13705583756345177,591,16.0,11.0,-5.0,5.200811359026369,8.0,2.276073619631902,0.4294478527607362,0.13496932515337423,163,2.6547619047619047,0.47023809523809523,0.14285714285714285,168,-3.630173611111111,26.602430555555557,10.147569444444445,0.0,384,464,4.0,16,12.0,-80,-5.0,24.0,29.0
2020,REG,IND,0.08549582372919796,0.46924829157175396,878,-0.0037881284646084476,0.4540094339622642,848,0.09431434564088341,0.02519265456875047,0.15789473684210525,0.12755102040816327,0.10314685314685315,572,0.12261146496815287,628,15.0,25.0,10.0,3.704081632653061,2.0,2.2690058479532165,0.4444444444444444,0.10526315789473684,171,1.7619047619047619,0.35119047619047616,0.16071428571428573,168,2.6097395833333334,54.17534722222222,32.24826388888889,4.0,451,362,11.0,16,5.0,89,5.5625,28.1875,22.625
2020,REG,JAX,-0.06991090234560174,0.4123456790123457,810,0.16707511952503398,0.5034642032332564,866,-0.002663830062920322,0.18052210508148742,0.12903225806451613,0.15688161693936478,0.12244897959183673,686,0.1317157712305026,577,25.0,17.0,-8.0,4.7335907335907335,6.0,1.6842105263157894,0.30409356725146197,0.15204678362573099,171,2.5597826086956523,0.4782608695652174,0.11413043478260869,184,-7.018159722222222,13.258680555555555,1.4583333333333335,0.0,306,492,1.0,16,15.0,-186,-11.625,19.125,30.75
2020,REG,KC,0.21534131340885343,0.5181119648737651,911,0.035077951165423095,0.4592760180995475,884,0.18033074977431965,0.04123026927094666,0.17324350336862368,0.12400793650793651,0.12554112554112554,693,0.15883306320907617,617,15.0,23.0,8.0,4.51270207852194,2.0,2.723926380368098,0.4785276073619632,0.07975460122699386,163,1.952662721893491,0.3609467455621302,0.14792899408284024,169,3.817013888888889,53.91493055555556,32.30034722222222,4.0,473,362,14.0,16,2.0,111,6.9375,29.5625,22.625
2020,REG,LA,-0.013830590428346232,0.4514721919302072,917,-0.1547202078142506,0.4009433962264151,848,-0.044077329005005016,-0.11437619973402367,0.1403180542563143,0.10010214504596528,0.12872841444270017,637,0.1616,625,23.0,24.0,1.0,3.7532133676092543,0.0,1.7228260869565217,0.3423913043478261,0.16847826086956522,184,1.3060109289617485,0.2786885245901639,0.2459016393442623,183,1.3722916666666665,51.33159722222222,30.213541666666668,4.0,372,296,10.0,16,6.0,76,4.75,23.25,18.5
2020,REG,LAC,0.049273227677019166,0.43737574552683894,1006,0.009632218713603341,0.44359255202628695,913,0.04610336179795937,-0.005950749000464748,0.12140287769784172,0.1363173957273652,0.15350877192982457,684,0.1440536013400335,597,16.0,19.0,3.0,4.483644859813084,2.0,2.0,0.38285714285714284,0.14285714285714285,175,2.2941176470588234,0.43529411764705883,0.13529411764705881,170,-0.3405381944444446,40.376736111111114,26.010416666666668,1.0,384,426,7.0,16,9.0,-42,-2.625,24.0,26.625
2020,REG,LV,0.07526991170281014,0.4684095860566449,918,0.1314627120956378,0.45846817691477887,927,0.013430070527873907,0.07199230390405115,0.15151515151515152,0.15835777126099707,0.09634551495016612,602,0.12199036918138041,623,27.0,14.0,-13.0,4.585421412300684,3.0,2.4497041420118344,0.47928994082840237,0.11242603550295859,169,2.754491017964072,0.5029940119760479,0.1317365269461078,167,-1.2102256944444445,35.88368055555556,14.190972222222221,1.0,434,478,8.0,16,8.0,-44,-2.75,27.125,29.875
2020,REG,MIA,0.021921544203539246,0.46573604060913704,788,-0.008325673959113697,0.455012853470437,778,0.0763164887470285,0.08704608689556545,0.13559322033898305,0.1698880976602238,0.1270096463022508,622,0.15676567656765678,606,20.0,29.0,9.0,4.519417475728155,1.0,1.977900552486188,0.4143646408839779,0.19889502762430938,181,1.6536312849162011,0.30726256983240224,0.15083798882681565,179,1.9073958333333334,42.64756944444444,32.423611111111114,4.0,404,338,10.0,16,6.0,66,4.125,25.25,21.125
2020,REG,MIN,0.07945361255652919,0.4926719278466742,887,0.07132426630801299,0.4882154882154882,891,0.06884026881100104,0.11105336468016826,0.16386969397828233,0.14694280078895464,0.2038664323374341,569,0.11262798634812286,586,25.0,20.0,-5.0,4.546413502109704,5.0,2.3011363636363638,0.3977272727272727,0.14772727272727273,176,2.63905325443787,0.4970414201183432,0.10059171597633136,169,-1.4888715277777778,37.21527777777778,20.147569444444443,2.0,430,475,7.0,16,9.0,-45,-2.8125,26.875,29.6875
2020,REG,NE,0.03892298096511327,0.479951397326853,823,0.12036313100689641,0.5024390243902439,820,0.06574046082739374,0.16721345621960323,0.14404145077720207,0.14404145077720207,0.15461847389558234,498,0.11934900542495479,553,19.0,22.0,3.0,4.526881720430108,4.0,1.8343949044585988,0.36942675159235666,0.15286624203821655,157,1.980891719745223,0.3885350318471338,0.14012738853503184,157,-1.7415277777777776,28.708333333333332,16.538194444444443,2.0,326,353,7.0,16,9.0,-27,-1.6875,20.375,22.0625
2020,REG,NO,0.10324788507344938,0.47546728971962615,856,-0.06749747312264096,0.42035928143712575,835,0.09599460531525023,-0.07231756679338194,0.150390625,0.11812627291242363,0.13532513181019332,569,0.18093699515347333,619,18.0,25.0,7.0,3.8512820512820514,2.0,2.657303370786517,0.4550561797752809,0.1853932584269663,178,1.8863636363636365,0.3465909090909091,0.1590909090909091,176,3.7051041666666666,51.18055555555556,32.322916666666664,5.0,482,337,12.0,16,4.0,145,9.0625,30.125,21.0625
2020,REG,NYG,-0.06219433864611923,0.41431924882629106,852,0.03924401075077417,0.47171824973319104,937,-0.0643612790538296,0.044906291337864244,0.12050739957716702,0.14161008729388944,0.19458544839255498,591,0.16124031007751938,645,24.0,20.0,-4.0,4.110599078341014,1.0,1.5508982035928143,0.33532934131736525,0.1317365269461078,167,2.0365853658536586,0.4146341463414634,0.15853658536585366,164,-1.5993750000000002,38.23090277777778,17.93576388888889,4.0,280,357,6.0,16,10.0,-77,-4.8125,17.5,22.3125
2020,REG,NYJ,-0.113071378653403,0.40963855421686746,747,0.11874164681861689,0.4782608695652174,851,-0.060074099214847285,0.12364267787780418,0.11727078891257996,0.14299242424242425,0.17719298245614035,570,0.12732919254658384,644,19.0,19.0,0.0,4.026966292134832,1.0,1.2285714285714286,0.26285714285714284,0.22857142857142856,175,2.4180790960451977,0.4463276836158192,0.11864406779661017,177,-6.179010416666666,25.62152777777778,11.633680555555555,1.0,243,457,2.0,16,14.0,-214,-13.375,15.1875,28.5625
2020,REG,PHI,-0.11284103847981726,0.40105820105820106,945,0.04120172934301622,0.4393939393939394,924,-0.07631255576598552,0.035147095689718647,0.1274787535410765,0.13320463320463322,0.2028169014084507,710,0.1865546218487395,595,30.0,18.0,-12.0,4.1829521829521825,4.0,1.6,0.2789473684210526,0.19473684210526315,190,1.9744897959183674,0.37755102040816324,0.15816326530612246,196,-3.0497916666666667,24.927083333333332,8.28125,1.0,334,418,4.5,16,11.5,-84,-5.25,20.875,26.125
2020,REG,PIT,0.006824022959976915,0.4336283185840708,904,-0.12512772961754104,0.38646788990825687,872,0.028310741791486477,-0.11529034287371162,0.10469667318982387,0.1346153846153846,0.10237388724035608,674,0.22553897180762852,603,17.0,28.0,11.0,4.306763285024155,2.0,2.0797872340425534,0.3723404255319149,0.2127659574468085,188,1.5,0.2925531914893617,0.2127659574468085,188,2.5684027777777776,46.45138888888889,31.97222222222222,5.0,416,312,12.0,16,4.0,104,6.5,26.0,19.5
2020,REG,SEA,0.0835757792356198,0.4856815578465063,873,0.027904279636888147,0.4548254620123203,974,0.13437189836633148,0.01393033691592245,0.150398406374502,0.1366120218579235,0.17496229260935142,663,0.1478029294274301,751,18.0,22.0,4.0,3.8661616161616164,2.0,2.5280898876404496,0.4438202247191011,0.1404494382022472,178,2.1028571428571428,0.4,0.16,175,3.152708333333333,58.50520833333333,28.494791666666664,4.0,459,371,12.0,16,4.0,88,5.5,28.6875,23.1875
2020,REG,SF,-0.02561003318082167,0.4517704517704518,819,-0.041968271593533606,0.4282115869017632,794,0.0014423127666946603,-0.024325949822121256,0.14285714285714285,0.11282051282051282,0.1983739837398374,615,0.11608623548922056,603,29.0,22.0,-7.0,3.9604651162790696,0.0,1.901098901098901,0.3626373626373626,0.1813186813186813,182,1.9180327868852458,0.3825136612021858,0.18032786885245902,183,-0.08677083333333316,44.442708333333336,19.37152777777778,4.0,376,390,6.0,16,10.0,-14,-0.875,23.5,24.375
2020,REG,TB,0.12362502105525572,0.4606879606879607,814,0.008235956983742262,0.43099273607748184,826,0.08897420035640494,-0.020653215795507694,0.13751263902932254,0.1225296442687747,0.12307692307692308,650,0.16739446870451238,687,17.0,25.0,8.0,3.600558659217877,1.0,2.6055555555555556,0.4777777777777778,0.12222222222222222,180,1.8370786516853932,0.33707865168539325,0.1797752808988764,178,2.1839409722222225,47.392361111111114,34.314236111111114,4.0,492,355,11.0,16,5.0,137,8.5625,30.75,22.1875
2020,REG,TEN,0.17496499242806166,0.5105067985166872,809,0.1372446561403512,0.4827586206896552,870,0.1842255223070138,0.08686206597768892,0.14454277286135694,0.1330834114339269,0.16037735849056603,530,0.10385756676557864,674,12.0,23.0,11.0,4.505827505827506,3.0,2.820359281437126,0.47904191616766467,0.11976047904191617,167,2.6144578313253013,0.45180722891566266,0.10843373493975904,166,1.1305208333333334,47.51215277777778,27.765625,6.0,491,439,11.0,16,5.0,52,3.25,30.6875,27.4375
2020,REG,WAS,-0.09946286259734016,0.41237113402061853,873,-0.05882534355707493,0.4292508917954816,841,-0.07636207205968465,-0.0631906864418147,0.1138996138996139,0.11234817813765183,0.1661676646706587,668,0.15946843853820597,602,24.0,26.0,2.0,4.2172897196261685,1.0,1.7049180327868851,0.3333333333333333,0.21311475409836064,183,1.601063829787234,0.3191489361702128,0.17553191489361702,188,-3.5321527777777777,24.02777777777778,13.303819444444445,1.0,335,329,7.0,16,9.0,6,0.375,20.9375,20.5625
2021,POST,ARI,-0.9552184131613973,0.21739130434782608,23,0.20388470511310375,0.4230769230769231,26,-0.623263017694828,0.1187480884953402,0.05555555555555555,0.17543859649122806,0.10810810810810811,37,0.13636363636363635,22,2.0,0.0,-2.0,3.6842105263157894,0.0,0.25,0.16666666666666666,0.3333333333333333,12,2.7,0.5,0.2,10,-15.936944444444444,0.0,0.0,0.0,11,34,0.0,1,1.0,-23,-23.0,11.0,34.0
2021,POST,BUF,0.45657892306009806,0.5483870967741935,93,0.2747881537070582,0.4827586206896552,87,0.4242509329211111,0.1178287389556403,0.23684210526315788,0.15037593984962405,0.04411764705882353,68,0.10526315789473684,95,0.0,2.0,2.0,5.76595744680851,0.0,4.9411764705882355,0.7058823529411765,0.11764705882352941,17,3.210526315789474,0.5789473684210527,0.10526315789473684,19,9.787222222222223,51.38888888888889,41.77777777777777,1.0,83,59,1.0,2,1.0,24,12.0,41.5,29.5
2021,POST,CIN,-0.0044910504496417985,0.4032258064516129,248,-0.05383075954008783,0.4505928853754941,253,0.021782927022824562,-0.00198384136585566,0.14919354838709678,0.12598425196850394,0.18674698795180722,166,0.09770114942528736,174,2.0,9.0,7.0,4.775280898876405,0.0,2.022222222222222,0.4666666666666667,0.15555555555555556,45,1.9090909090909092,0.36363636363636365,0.18181818181818182,44,0.9061805555555555,50.916666666666664,27.5625,1.0,92,82,3.0,4,1.0,10,2.5,23.0,20.5
2021,POST,DAL,-0.19183463835534417,0.3968253968253968,63,0.15671502607325202,0.49019607843137253,51,-0.1692656271881424,0.0711384400507086,0.10144927536231885,0.12698412698412698,0.23529411764705882,51,0.15384615384615385,26,1.0,1.0,0.0,4.447368421052632,0.0,1.5454545454545454,0.2727272727272727,0.18181818181818182,11,2.090909090909091,0.45454545454545453,0.0,11,-9.44138888888889,0.0,0.0,0.0,17,23,0.0,1,1.0,-6,-6.0,17.0,23.0
2021,POST,GB,-0.12279261233824788,0.3584905660377358,53,-0.25773997879382127,0.40384615384615385,52,-0.1654749855685911,-0.1646962101269838,0.07547169811320754,0.09615384615384616,0.18181818181818182,33,0.30434782608695654,23,1.0,1.0,0.0,3.6551724137931036,0.0,0.3,0.2,0.2,10,0.6666666666666666,0.2222222222222222,0.4444444444444444,9,5.202222222222222,83.02777777777777,25.444444444444443,0.0,10,13,0.0,1,1.0,-3,-3.0,10.0,13.0
2021,POST,KC,0.1727119602606047,0.5376344086021505,186,0.0681021203219214,0.4166666666666667,156,0.08737604243083094,0.054455608497828226,0.18048780487804877,0.13917525773195877,0.1103448275862069,145,0.078125,128,4.0,2.0,-2.0,3.9577464788732395,0.0,3.0294117647058822,0.5294117647058824,0.11764705882352941,34,2.4193548387096775,0.41935483870967744,0.25806451612903225,31,5.8698148148148155,50.00925925925926,39.351851851851855,0.0,108,84,2.0,3,1.0,24,8.0,36.0,28.0
2021,POST,LA,0.08063978408699798,0.4549763033175355,211,-0.2813991276372205,0.32044198895027626,181,-0.01131686901534544,-0.11907277055702419,0.14015151515151514,0.1072961373390558,0.14935064935064934,154,0.14457831325301204,166,7.0,5.0,-2.0,3.3472222222222223,0.0,2.148936170212766,0.40425531914893614,0.2127659574468085,47,1.3673469387755102,0.2857142857142857,0.22448979591836735,49,6.8277777777777775,53.64583333333333,39.80555555555556,2.0,107,75,4.0,4,0.0,32,8.0,26.75,18.75
2021,POST,LV,-0.003374765737052659,0.4057971014492754,69,0.11876884219234411,0.4067796610169492,59,0.04442273236694746,0.09691963444524647,0.14285714285714285,0.11864406779661017,0.05263157894736842,57,0.1388888888888889,36,2.0,0.0,-2.0,3.32,0.0,2.111111111111111,0.5555555555555556,0.0,9,2.6,0.6,0.1,10,-6.435,8.13888888888889,0.0,0.0,19,26,0.0,1,1.0,-7,-7.0,19.0,26.0
2021,POST,NE,-0.2661840684013441,0.21428571428571427,14,0.6065789460864228,0.6666666666666666,30,-0.8121256788621064,0.5648375980023187,0.13333333333333333,0.27450980392156865,0.11904761904761904,42,0.03571428571428571,28,2.0,0.0,-2.0,6.0,0.0,2.125,0.375,0.125,8,6.125,0.875,0.0,8,-20.2275,0.0,0.0,0.0,17,47,0.0,1,1.0,-30,-30.0,17.0,47.0
2021,POST,PHI,-0.24892453247115814,0.3142857142857143,35,0.09251082500881064,0.5227272727272727,44,-0.38498857008623116,0.18676013945966857,0.1774193548387097,0.1111111111111111,0.2391304347826087,46,0.0975609756097561,41,2.0,1.0,-1.0,3.4193548387096775,0.0,1.0769230769230769,0.15384615384615385,0.3076923076923077,13,2.3846153846153846,0.38461538461538464,0.38461538461538464,13,-16.651944444444446,0.0,0.0,0.0,15,31,0.0,1,1.0,-16,-16.0,15.0,31.0
2021,POST,PIT,-0.6624857523538931,0.18518518518518517,27,0.14184987800620982,0.5217391304347826,46,-0.4661673314587556,-0.13029010385722167,0.046153846153846156,0.27692307692307694,0.08695652173913043,46,0.15217391304347827,46,1.0,2.0,1.0,4.818181818181818,0.0,1.1666666666666667,0.16666666666666666,0.4166666666666667,12,2.9166666666666665,0.5,0.08333333333333333,12,-11.003333333333334,8.5,0.0,0.0,21,42,0.0,1,1.0,-21,-21.0,21.0,42.0
2021,POST,SF,-0.05453507141530083,0.40789473684210525,152,-0.07120084883569612,0.4074074074074074,189,0.006794077460140424,-0.108141693901765,0.10975609756097561,0.1076923076923077,0.17721518987341772,79,0.19696969696969696,132,3.0,3.0,0.0,3.057142857142857,0.0,1.5862068965517242,0.3448275862068966,0.1724137931034483,29,1.3333333333333333,0.3,0.16666666666666666,30,1.805740740740741,44.0,23.444444444444443,1.0,53,47,2.0,3,1.0,6,2.0,17.666666666666668,15.666666666666666
2021,POST,TB,-0.1595369802996451,0.40860215053763443,93,0.019284924670591914,0.45121951219512196,82,-0.08790839544275918,-0.0798000369231886,0.11971830985915492,0.15267175572519084,0.10204081632653061,98,0.20930232558139536,86,3.0,6.0,3.0,3.574468085106383,0.0,2.0714285714285716,0.35714285714285715,0.2857142857142857,28,1.5714285714285714,0.2857142857142857,0.25,28,2.197361111111112,45.90277777777778,41.93055555555556,1.0,58,45,1.0,2,1.0,13,6.5,29.0,22.5
2021,POST,TEN,-0.14684897360402063,0.4423076923076923,52,-0.08240050760080385,0.3968253968253968,63,0.09673903479923082,-0.0788768380763225,0.1346153846153846,0.1746031746031746,0.18518518518518517,27,0.2391304347826087,46,3.0,1.0,-2.0,3.611111111111111,0.0,1.5454545454545454,0.2727272727272727,0.18181818181818182,11,1.5833333333333333,0.4166666666666667,0.16666666666666666,12,-3.437777777777778,0.0,0.0,0.0,16,19,0.0,1,1.0,-3,-3.0,16.0,19.0
2021,REG,ARI,0.09351833113205568,0.47964796479647964,909,-0.019483744330099667,0.4417767106842737,833,0.046852604571987644,0.011852373426420081,0.13796212804328223,0.13307240704500978,0.09502262443438914,663,0.16185897435897437,624,14.0,28.0,14.0,4.582159624413146,4.0,2.357541899441341,0.44692737430167595,0.12849162011173185,179,1.8926553672316384,0.3559322033898305,0.11299435028248588,177,2.8491993464052285,54.3937908496732,37.8218954248366,7.0,449,366,11.0,17,6.0,83,4.882352941176471,26.41176470588235,21.529411764705884
2021,REG,ATL,-0.028388642822677595,0.411214953271028,856,0.10198321960487206,0.4957627118644068,944,-0.015046728269914674,0.06191911990482877,0.13266331658291458,0.1440291704649043,0.20508744038155802,629,0.0944,625,26.0,20.0,-6.0,4.290076335877862,3.0,1.5141242937853108,0.327683615819209,0.15254237288135594,177,2.4352941176470586,0.4470588235294118,0.12352941176470589,170,-2.621045751633987,36.29901960784314,18.04248366013072,2.0,313,459,7.0,17,10.0,-146,-8.588235294117647,18.41176470588235,27.0
2021,REG,BAL,-0.0033597348966660215,0.45943396226415095,1060,0.08554874254262503,0.43924191750278707,897,0.024174652079524284,0.09820691340999889,0.13686911890504705,0.15618860510805502,0.13722826086956522,736,0.14221556886227546,668,26.0,15.0,-11.0,3.798941798941799,1.0,1.8666666666666667,0.38461538461538464,0.13846153846153847,195,1.9157894736842105,0.34210526315789475,0.17894736842105263,190,-0.650375816993464,36.31045751633987,18.6421568627451,2.0,387,392,8.0,17,9.0,-5,-0.29411764705882354,22.764705882352942,23.058823529411764
2021,REG,BUF,0.0675740808135236,0.46746203904555317,922,-0.14555511647235664,0.3912483912483912,777,0.06298309870859378,-0.08679192263443118,0.13762287756925826,0.11166500498504486,0.1262002743484225,729,0.15206611570247933,605,24.0,28.0,4.0,4.207207207207207,5.0,2.521505376344086,0.45161290322580644,0.0967741935483871,186,1.456989247311828,0.27956989247311825,0.20430107526881722,186,5.5319771241830065,61.044117647058826,44.509803921568626,9.0,483,289,11.0,17,6.0,194,11.411764705882353,28.41176470588235,17.0
2021,REG,CAR,-0.10550352679652394,0.424,875,-0.02714939900790573,0.41190765492102066,823,-0.04283096414093313,-0.0077406241880105175,0.1223744292237443,0.13572854291417166,0.16029411764705884,680,0.15575221238938053,565,29.0,16.0,-13.0,4.069327731092437,2.0,1.3948717948717948,0.2923076923076923,0.17435897435897435,195,1.9340101522842639,0.3756345177664975,0.16751269035532995,197,-0.6995588235294119,38.209150326797385,20.625816993464053,4.0,304,404,5.0,17,12.0,-100,-5.882352941176471,17.88235294117647,23.764705882352942
2021,REG,CHI,-0.05781464348583517,0.42251950947603123,897,0.0501052917849818,0.44221105527638194,796,-0.0030586580869504556,0.012591587913359499,0.12417685794920037,0.1437246963562753,0.17099236641221374,655,0.14972273567467653,541,29.0,16.0,-13.0,4.403726708074534,3.0,1.5786516853932584,0.3202247191011236,0.12359550561797752,178,2.134831460674157,0.4044943820224719,0.12921348314606743,178,-2.2112745098039217,36.47549019607843,19.61764705882353,3.0,311,407,6.0,17,11.0,-96,-5.647058823529412,18.294117647058822,23.941176470588236
2021,REG,CIN,0.0628317674671282,0.452353616532721,871,0.013153218172290912,0.45610034207525657,877,0.04420886048473863,0.03423278502429591,0.1434108527131783,0.14084507042253522,0.1722488038277512,627,0.1378809869375907,689,19.0,23.0,4.0,4.28009828009828,3.0,2.263157894736842,0.4263157894736842,0.14736842105263157,190,1.8095238095238095,0.3386243386243386,0.12698412698412698,189,1.0178267973856208,38.156862745098046,23.576797385620914,3.0,460,376,10.0,17,7.0,84,4.9411764705882355,27.058823529411764,22.11764705882353
2021,REG,CLE,0.027895737824067773,0.45016429353778753,913,-0.02225565156519713,0.4143468950749465,934,0.09272786397574309,-0.06637865576750271,0.1530317613089509,0.109720885466795,0.1323283082077052,597,0.152276295133438,637,23.0,18.0,-5.0,4.230068337129841,3.0,1.8531073446327684,0.3220338983050847,0.1694915254237288,177,1.967032967032967,0.37362637362637363,0.18681318681318682,182,0.8623202614379083,45.673202614379086,29.158496732026144,5.0,349,371,8.0,17,9.0,-22,-1.2941176470588236,20.529411764705884,21.823529411764707
2021,REG,DAL,0.11362272210817047,0.4847161572052402,916,-0.09053855120757594,0.4072727272727273,825,0.12395694884480024,-0.030020170974351664,0.14210061782877317,0.13951310861423222,0.11840228245363767,701,0.16005873715124816,681,19.0,35.0,16.0,4.459396751740139,3.0,2.3854166666666665,0.4375,0.15104166666666666,192,1.4285714285714286,0.3251231527093596,0.1625615763546798,203,4.363627450980393,47.52777777777777,31.462418300653592,8.0,530,358,12.0,17,5.0,172,10.117647058823529,31.176470588235293,21.058823529411764
2021,REG,DEN,0.01044501175637854,0.43825665859564167,826,0.008949678527133362,0.44946492271105826,841,-0.001379377437797548,-0.00611160637690741,0.12730806608357628,0.13052011776251227,0.15614617940199335,602,0.13036565977742448,629,17.0,20.0,3.0,4.274774774774775,3.0,1.8392857142857142,0.36904761904761907,0.15476190476190477,168,1.6785714285714286,0.3273809523809524,0.16071428571428573,168,-0.3821078431372549,32.2859477124183,22.771241830065357,5.0,335,322,7.0,17,10.0,13,0.7647058823529411,19.705882352941178,18.941176470588236
2021,REG,DET,-0.08107379177005081,0.40047961630695444,834,0.10857388883024673,0.46806039488966317,861,-0.045530819086408936,0.1121780028294452,0.1295238095238095,0.15225563909774437,0.14913657770800628,637,0.1011608623548922,603,23.0,19.0,-4.0,4.410748560460653,7.0,1.7359550561797752,0.34269662921348315,0.1404494382022472,178,2.5444444444444443,0.4777777777777778,0.12222222222222222,180,-4.902712418300654,23.67156862745098,10.00326797385621,1.0,325,467,3.5,17,13.5,-142,-8.352941176470589,19.11764705882353,27.470588235294116
2021,REG,GB,0.16242954441591037,0.4888888888888889,900,0.00040331902113048307,0.4627906976744186,860,0.15942838388411631,0.04602759098500538,0.1325071496663489,0.12682926829268293,0.12713178294573643,645,0.13343108504398826,682,13.0,26.0,13.0,4.6893939393939394,1.0,2.4971098265895955,0.44508670520231214,0.12716763005780346,173,2.0289017341040463,0.36416184971098264,0.1676300578034682,173,1.8197549019607844,50.97549019607843,29.6078431372549,4.0,450,371,13.0,17,4.0,79,4.647058823529412,26.470588235294116,21.823529411764707
2021,REG,HOU,-0.09296692555784064,0.37468030690537085,782,0.06086415256664437,0.4812646370023419,854,-0.15223639392664043,0.07050263411631301,0.09063745019920319,0.15711645101663585,0.14705882352941177,612,0.11725293132328309,597,23.0,24.0,1.0,4.609523809523809,4.0,1.4148936170212767,0.26595744680851063,0.2127659574468085,188,2.35978835978836,0.42857142857142855,0.18518518518518517,189,-3.4635130718954246,28.552287581699346,16.272875816993466,3.0,280,452,4.0,17,13.0,-172,-10.117647058823529,16.470588235294116,26.58823529411765
2021,REG,IND,0.05603019093504812,0.44680851063829785,846,-0.011838487496911363,0.45336481700118064,847,0.0359665168395965,0.02728542590958998,0.1424446583253128,0.12295869356388088,0.18307426597582038,579,0.12537764350453173,662,17.0,34.0,17.0,4.382075471698113,3.0,2.35,0.43333333333333335,0.13333333333333333,180,1.861878453038674,0.35359116022099446,0.17679558011049723,181,3.937957516339869,55.03267973856209,37.254901960784316,6.0,451,365,9.0,17,8.0,86,5.0588235294117645,26.529411764705884,21.470588235294116
2021,REG,JAX,-0.1066257578740961,0.4309677419354839,775,0.14598407979549644,0.4773809523809524,840,-0.09354428546209359,0.10817545298986435,0.11198428290766209,0.12725546058879392,0.12631578947368421,665,0.1345514950166113,602,28.0,10.0,-18.0,4.305668016194332,6.0,1.2584269662921348,0.2640449438202247,0.20786516853932585,178,2.38953488372093,0.45348837209302323,0.12790697674418605,172,-6.9635620915032685,15.718954248366014,6.467320261437908,1.0,253,457,3.0,17,14.0,-204,-12.0,14.882352941176471,26.88235294117647
2021,REG,KC,0.14900742889292848,0.5159165751920965,911,0.04512400287594472,0.46327014218009477,844,0.1254977227132897,0.08720218885192368,0.1319569120287253,0.14026717557251908,0.11733333333333333,750,0.13204747774480713,674,26.0,28.0,2.0,4.764285714285714,3.0,2.6666666666666665,0.48214285714285715,0.07142857142857142,168,1.970414201183432,0.3727810650887574,0.14792899408284024,169,3.948921568627451,56.661764705882355,35.46078431372549,6.0,480,364,12.0,17,5.0,116,6.823529411764706,28.235294117647058,21.41176470588235
2021,REG,LA,0.0652125411133715,0.45995145631067963,824,-0.026422067739981583,0.44704570791527315,897,0.0741817248496227,-0.013429074948192996,0.14985590778097982,0.12646793134598014,0.11609907120743033,646,0.12571428571428572,700,23.0,25.0,2.0,3.954954954954955,2.0,2.3093922651933703,0.4585635359116022,0.11049723756906077,181,1.8121546961325967,0.35911602209944754,0.15469613259668508,181,2.80593137254902,50.995098039215684,33.408496732026144,5.0,460,372,12.0,17,5.0,88,5.176470588235294,27.058823529411764,21.88235294117647
2021,REG,LAC,0.10300011840365977,0.48254620123203285,974,0.05380526140016761,0.46265560165975106,964,0.0711139312818483,0.055664290229214514,0.1420863309352518,0.13853211009174313,0.13108108108108107,740,0.1414790996784566,622,22.0,21.0,-1.0,4.62426614481409,5.0,2.5314285714285716,0.45714285714285713,0.14285714285714285,175,2.4134078212290504,0.45251396648044695,0.1452513966480447,179,1.2556209150326798,43.66503267973856,22.63235294117647,4.0,474,459,9.0,17,8.0,15,0.8823529411764706,27.88235294117647,27.0
2021,REG,LV,0.005164438299861079,0.4561965811965812,936,0.010268636900143478,0.42311770943796395,943,0.03162073152948299,0.01630284979892966,0.13938260056127222,0.11202938475665748,0.13030746705710103,683,0.16071428571428573,672,26.0,13.0,-13.0,4.1965442764578835,3.0,1.9042553191489362,0.4095744680851064,0.10106382978723404,188,2.292134831460674,0.4157303370786517,0.12921348314606743,178,-1.4062745098039215,39.279411764705884,18.54248366013072,2.0,374,439,10.0,17,7.0,-65,-3.823529411764706,22.0,25.823529411764707
2021,REG,MIA,-0.03998099819696797,0.43251859723698194,941,-0.0538848811125,0.42041712403951703,911,-0.0373112127167621,-0.042199550237600754,0.10720887245841035,0.1423185673892554,0.12700729927007298,685,0.18330849478390462,671,24.0,28.0,4.0,4.382629107981221,4.0,1.564516129032258,0.3010752688172043,0.1935483870967742,186,1.6787564766839378,0.3626943005181347,0.13471502590673576,193,-0.022205882352941148,44.15196078431373,21.753267973856207,5.0,341,373,9.0,17,8.0,-32,-1.8823529411764706,20.058823529411764,21.941176470588236
2021,REG,MIN,0.06098406832093126,0.43094496365524404,963,-0.022178585778120225,0.44236453201970444,1015,0.041195701449511554,0.00038406654439504946,0.1580916744621141,0.13935144609991235,0.15193798449612403,645,0.14002828854314003,707,14.0,23.0,9.0,4.677894736842105,5.0,2.0051020408163267,0.39285714285714285,0.20918367346938777,196,2.0412371134020617,0.4020618556701031,0.13917525773195877,194,1.1723529411764706,44.630718954248366,23.496732026143793,2.0,425,426,8.0,17,9.0,-1,-0.058823529411764705,25.0,25.058823529411764
2021,REG,NE,0.0441547770231128,0.4828009828009828,814,-0.006500890178909248,0.4411764705882353,816,0.038273714865895016,0.003700007200579009,0.15488867376573087,0.12023460410557185,0.13518197573656845,577,0.13810316139767054,601,22.0,31.0,9.0,4.52258064516129,4.0,2.337142857142857,0.48,0.13142857142857142,175,1.4406779661016949,0.2937853107344633,0.15819209039548024,177,2.8371568627450983,46.99673202614379,29.763071895424837,6.0,462,303,10.0,17,7.0,159,9.352941176470589,27.176470588235293,17.823529411764707
2021,REG,NO,-0.08258918419557087,0.4073226544622426,874,-0.0880375520114172,0.40945790080738176,867,-0.0506630282103461,-0.03221826870347798,0.11690821256038647,0.1252371916508539,0.15424610051993068,577,0.16840536512667661,671,18.0,25.0,7.0,3.717289719626168,0.0,1.739795918367347,0.336734693877551,0.21428571428571427,196,1.5538461538461539,0.3230769230769231,0.1794871794871795,195,-0.7102941176470589,38.72222222222223,20.46732026143791,5.0,364,335,9.0,17,8.0,29,1.7058823529411764,21.41176470588235,19.705882352941178
2021,REG,NYG,-0.15518522884883879,0.38509316770186336,805,0.06773664507903407,0.485838779956427,918,-0.16074245416922694,0.07094105690925193,0.11186113789778207,0.13155555555555556,0.15757575757575756,660,0.11278195488721804,665,30.0,22.0,-8.0,4.4573170731707314,4.0,1.1904761904761905,0.2751322751322751,0.19047619047619047,189,2.1032608695652173,0.41304347826086957,0.15217391304347827,184,-4.980277777777778,23.86437908496732,5.888888888888889,1.0,258,416,4.0,17,13.0,-158,-9.294117647058824,15.176470588235293,24.470588235294116
2021,REG,NYJ,-0.10000208164585427,0.4086845466155811,783,0.13513908038616643,0.48430962343096234,956,-0.0693335688525672,0.10587128323334659,0.1314508276533593,0.16042780748663102,0.15407407407407409,675,0.13530326594090203,643,27.0,14.0,-13.0,4.464895635673624,6.0,1.6096256684491979,0.29411764705882354,0.22459893048128343,187,2.6315789473684212,0.48947368421052634,0.12631578947368421,190,-6.14766339869281,18.545751633986928,6.661764705882353,0.0,310,504,4.0,17,13.0,-194,-11.411764705882353,18.235294117647058,29.647058823529413
2021,REG,PHI,0.07213842966193634,0.4719904648390942,839,0.03767653192125675,0.4765258215962441,852,0.08258730187009454,0.05191668251588857,0.16022620169651272,0.12026515151515152,0.11785095320623917,577,0.1261682242990654,642,16.0,16.0,0.0,4.004366812227074,2.0,2.2890173410404624,0.43352601156069365,0.15606936416184972,173,1.9337016574585635,0.3701657458563536,0.19337016574585636,181,0.07217320261437914,36.95098039215686,22.95751633986928,3.0,444,385,9.0,17,8.0,59,3.4705882352941178,26.11764705882353,22.647058823529413
2021,REG,PIT,-0.07243704542320445,0.38695163104611924,889,0.046081507326361446,0.4523809523809524,924,-0.066363215250105,0.06101485642158969,0.10675182481751824,0.14556962025316456,0.10921985815602837,705,0.15870570107858242,649,19.0,23.0,4.0,4.985943775100401,6.0,1.6683417085427135,0.34673366834170855,0.1658291457286432,199,2.0051546391752577,0.3917525773195876,0.15463917525773196,194,-3.595114379084967,27.094771241830063,16.985294117647058,3.0,343,398,9.5,17,7.5,-55,-3.235294117647059,20.176470588235293,23.41176470588235
2021,REG,SEA,0.04907890303802646,0.4358353510895884,826,0.021881864140415215,0.46253746253746253,1001,0.1025250136450329,0.08083369189085132,0.13968253968253969,0.11814345991561181,0.1728395061728395,567,0.12378303198887343,719,13.0,18.0,5.0,3.78125,3.0,2.0320855614973263,0.34759358288770054,0.18181818181818182,187,1.8994708994708995,0.3544973544973545,0.14285714285714285,189,2.138186274509804,40.888888888888886,24.473856209150327,2.0,395,366,7.0,17,10.0,29,1.7058823529411764,23.235294117647058,21.529411764705884
2021,REG,SF,0.10935059751215166,0.4740566037735849,848,-0.014703756566873994,0.4039580908032596,859,0.1313287384543163,-0.05739976953064967,0.16034985422740525,0.12438785504407443,0.14056939501779359,562,0.15890850722311398,623,27.0,17.0,-10.0,4.004545454545455,2.0,2.26775956284153,0.4098360655737705,0.15846994535519127,183,1.8743169398907105,0.3442622950819672,0.18579234972677597,183,1.7278104575163398,40.84477124183007,27.1078431372549,3.0,427,365,10.0,17,7.0,62,3.6470588235294117,25.11764705882353,21.470588235294116
2021,REG,TB,0.15850445574403932,0.509698275862069,928,-0.014764753009649542,0.44091903719912473,914,0.11210887487606333,-0.020767812468392356,0.1449016100178891,0.1332720588235294,0.07480314960629922,762,0.16230366492146597,764,20.0,28.0,8.0,4.279891304347826,2.0,2.515463917525773,0.44329896907216493,0.13402061855670103,194,1.706806282722513,0.33507853403141363,0.17801047120418848,191,3.9622385620915033,52.09477124183007,32.95424836601307,6.0,511,353,13.0,17,4.0,158,9.294117647058824,30.058823529411764,20.764705882352942
2021,REG,TEN,0.03544130282288437,0.44455645161290325,992,-0.023286530020725844,0.41451990632318503,854,0.023966940241566027,0.004671125124884591,0.11817367949865712,0.12088974854932302,0.18666666666666668,600,0.12962962962962962,702,24.0,22.0,-2.0,3.907608695652174,1.0,2.1621621621621623,0.3891891891891892,0.14594594594594595,185,1.8172043010752688,0.3709677419354839,0.15053763440860216,186,1.9809150326797385,48.22222222222222,32.89869281045751,6.0,419,354,12.0,17,5.0,65,3.823529411764706,24.647058823529413,20.823529411764707
2021,REG,WAS,-0.03481347231524105,0.45104510451045104,909,0.0975732443431212,0.4608501118568233,894,0.02730618206047822,0.021608733695644616,0.13137996219281664,0.1380952380952381,0.15847860538827258,631,0.1536144578313253,664,24.0,19.0,-5.0,4.122969837587007,1.0,1.6722222222222223,0.34444444444444444,0.15,180,2.2768361581920904,0.423728813559322,0.14689265536723164,177,-3.527990196078431,31.821895424836597,12.212418300653596,2.0,335,434,7.0,17,10.0,-99,-5.823529411764706,19.705882352941178,25.529411764705884
2022,POST,BAL,-0.08871894213110368,0.42424242424242425,66,0.036956181308086464,0.5283018867924528,53,0.14961811615648912,0.03656302336748922,0.13636363636363635,0.05660377358490566,0.15151515151515152,33,0.1794871794871795,39,2.0,1.0,-1.0,2.8333333333333335,0.0,1.1111111111111112,0.3333333333333333,0.1111111111111111,9,2.125,0.375,0.125,8,-3.623611111111111,16.805555555555557,0.0,0.0,17,24,0.0,1,1.0,-7,-7.0,17.0,24.0
2022,POST,BUF,-0.08699758510195588,0.42105263157894735,114,0.015312802646324697,0.4297520661157025,121,-0.12425811490555451,-0.006978067704039859,0.14285714285714285,0.10218978102189781,0.21052631578947367,95,0.15730337078651685,89,4.0,2.0,-2.0,3.962962962962963,1.0,1.5416666666666667,0.3333333333333333,0.25,24,2.0833333333333335,0.4166666666666667,0.16666666666666666,24,-2.31125,36.541666666666664,26.680555555555557,0.0,44,58,1.0,2,1.0,-14,-7.0,22.0,29.0
2022,POST,CIN,0.12484745252265698,0.5119047619047619,168,-0.004708799481455967,0.4147727272727273,176,0.06907319050010637,0.06978742549379431,0.11956521739130435,0.11855670103092783,0.16666666666666666,126,0.14728682170542637,129,3.0,4.0,1.0,3.527027027027027,0.0,2.3703703703703702,0.4444444444444444,0.037037037037037035,27,1.5925925925925926,0.37037037037037035,0.2222222222222222,27,3.7549999999999994,52.68518518518518,31.259259259259256,1.0,71,50,2.0,3,1.0,21,7.0,23.666666666666668,16.666666666666668
2022,POST,DAL,0.14213678713015285,0.4897959183673469,98,-0.10402356997476417,0.4,90,0.16632669704189096,-0.1834409373259766,0.14960629921259844,0.1048951048951049,0.11688311688311688,77,0.10891089108910891,101,3.0,1.0,-2.0,3.75,0.0,2.4,0.4,0.2,20,1.65,0.35,0.25,20,6.012638888888889,47.72222222222222,32.19444444444444,1.0,43,33,1.0,2,1.0,10,5.0,21.5,16.5
2022,POST,JAX,0.0057335730955026115,0.5045045045045045,111,0.28624450745567315,0.5225225225225225,111,0.024521907517479728,0.17004822771682332,0.13953488372093023,0.10526315789473684,0.11956521739130435,92,0.1744186046511628,86,6.0,1.0,-5.0,3.981132075471698,0.0,2.3181818181818183,0.4090909090909091,0.18181818181818182,22,2.375,0.4583333333333333,0.25,24,-9.314583333333333,0.04166666666666667,0.0,0.0,51,57,1.0,2,1.0,-6,-3.0,25.5,28.5
2022,POST,KC,0.21403078850129448,0.5113636363636364,176,0.07802745467907429,0.47368421052631576,190,0.16408698713571035,0.0007486409278172532,0.12637362637362637,0.14948453608247422,0.1440677966101695,118,0.16541353383458646,133,1.0,5.0,4.0,4.811594202898551,0.0,2.793103448275862,0.5172413793103449,0.1724137931034483,29,2.2333333333333334,0.4666666666666667,0.06666666666666667,30,1.9969444444444442,49.53703703703704,31.23148148148148,2.0,88,75,3.0,3,0.0,13,4.333333333333333,29.333333333333332,25.0
2022,POST,LAC,0.31187262533747145,0.4807692307692308,52,-0.03857235242600154,0.5,56,0.06192156431352487,0.09411556624965979,0.11764705882352941,0.1,0.19148936170212766,47,0.08,50,1.0,4.0,3.0,5.409090909090909,1.0,2.3076923076923075,0.46153846153846156,0.3076923076923077,13,2.5833333333333335,0.4166666666666667,0.25,12,13.454444444444444,97.69444444444444,78.25,0.0,30,31,0.0,1,1.0,-1,-1.0,30.0,31.0
2022,POST,MIA,-0.2287995382781814,0.30434782608695654,69,-0.1705918942796957,0.4142857142857143,70,-0.20128261606156478,-0.3154411072892925,0.057971014492753624,0.18309859154929578,0.21568627450980393,51,0.25,48,2.0,3.0,1.0,4.115384615384615,0.0,1.5333333333333334,0.3333333333333333,0.26666666666666666,15,1.6875,0.375,0.1875,16,-6.256111111111111,14.583333333333334,0.0,0.0,31,34,0.0,1,1.0,-3,-3.0,31.0,34.0
2022,POST,MIN,0.17036439283193822,0.5357142857142857,56,0.3702248293131409,0.515625,64,0.12770233709836082,0.332728777815355,0.10714285714285714,0.171875,0.275,40,0.09090909090909091,44,,,,4.733333333333333,0.0,3.0,0.5,0.25,8,3.4444444444444446,0.5555555555555556,0.0,9,-3.8297222222222222,5.416666666666667,0.0,0.0,24,31,0.0,1,1.0,-7,-7.0,24.0,31.0
2022,POST,NYG,0.15735285341991884,0.4810126582278481,79,0.25468664981807315,0.5714285714285714,84,0.16308369358226688,0.18721072433373906,0.14655172413793102,0.1532258064516129,0.1518987341772152,79,0.18181818181818182,66,1.0,0.0,-1.0,5.483333333333333,1.0,2.0,0.3157894736842105,0.21052631578947367,19,3.4444444444444446,0.5555555555555556,0.16666666666666666,18,-7.004722222222222,34.47222222222222,16.208333333333332,0.0,38,62,1.0,2,1.0,-24,-12.0,19.0,31.0
2022,POST,PHI,0.17022534888563062,0.4864864864864865,148,-0.04072976858697904,0.48484848484848486,99,0.09223076518045033,-0.05548063818104111,0.14423076923076922,0.12162162162162163,0.08421052631578947,95,0.2441860465116279,86,1.0,4.0,3.0,5.1,0.0,3.2,0.5666666666666667,0.16666666666666666,30,1.6071428571428572,0.25,0.21428571428571427,28,10.498981481481481,73.4074074074074,55.10185185185185,2.0,104,52,2.0,3,1.0,52,17.333333333333332,34.666666666666664,17.333333333333332
2022,POST,SEA,0.1439537774222844,0.4883720930232558,43,0.38949783357629825,0.52,50,0.09494597404700021,0.3978650109368443,0.07936507936507936,0.2222222222222222,0.07317073170731707,41,0.09375,32,2.0,0.0,-2.0,5.484848484848484,1.0,2.4,0.4,0.2,10,4.0,0.8,0.0,10,-7.216666666666667,20.72222222222222,0.0,0.0,23,41,0.0,1,1.0,-18,-18.0,23.0,41.0
2022,POST,SF,0.063334767250132,0.45714285714285713,140,0.023489776610581603,0.42758620689655175,145,0.022907180401378714,0.00998749313662375,0.14619883040935672,0.09947643979057591,0.18604651162790697,86,0.09259259259259259,108,3.0,5.0,2.0,3.6043956043956045,0.0,2.2758620689655173,0.4827586206896552,0.10344827586206896,29,2.2666666666666666,0.4,0.2,30,-0.7585185185185187,39.620370370370374,23.555555555555557,0.0,67,66,2.0,3,1.0,1,0.3333333333333333,22.333333333333332,22.0
2022,POST,TB,-0.3222270260730786,0.30303030303030304,33,0.44091859367803077,0.5909090909090909,44,-0.46744604931212963,0.3828308092363711,0.0875,0.19402985074626866,0.08823529411764706,68,0.13513513513513514,37,1.0,0.0,-1.0,3.657142857142857,0.0,1.2727272727272727,0.18181818181818182,0.2727272727272727,11,3.5,0.5,0.3,10,-13.769722222222223,0.0,0.0,0.0,14,31,0.0,1,1.0,-17,-17.0,14.0,31.0
2022,REG,ARI,-0.10002356350610521,0.4037460978147763,961,0.003965683766998538,0.483835005574136,897,-0.023619307412530287,0.038082873654016386,0.10414827890556046,0.13705103969754254,0.12466487935656836,746,0.16257668711656442,652,24.0,21.0,-3.0,4.520179372197309,3.0,1.572192513368984,0.32085561497326204,0.20320855614973263,187,2.1157894736842104,0.41578947368421054,0.19473684210526315,190,-3.798316993464052,21.091503267973856,9.90686274509804,0.0,340,449,4.0,17,13.0,-109,-6.411764705882353,20.0,26.41176470588235
2022,REG,ATL,0.0003703167875868625,0.45403587443946186,892,0.09773845344791358,0.49843260188087773,957,0.01635098279574051,0.12147434317100343,0.13941825476429287,0.1280373831775701,0.16872427983539096,486,0.11185308848080133,599,19.0,18.0,-1.0,4.4095427435387675,4.0,1.9880952380952381,0.39285714285714285,0.14285714285714285,168,2.135294117647059,0.43529411764705883,0.17058823529411765,170,-2.564771241830065,26.784313725490193,11.995098039215687,1.0,365,386,7.0,17,10.0,-21,-1.2352941176470589,21.470588235294116,22.705882352941178
2022,REG,BAL,0.006983908374672483,0.45729166666666665,960,-0.02351755616146043,0.43628509719222464,926,0.04001969213534249,0.006064736415698822,0.15369649805447472,0.11872586872586872,0.10854092526690391,562,0.14114114114114115,666,22.0,24.0,2.0,3.847665847665848,1.0,1.8611111111111112,0.3888888888888889,0.12222222222222222,180,1.7714285714285714,0.35428571428571426,0.18285714285714286,175,2.6529248366013074,54.27614379084967,31.07516339869281,5.0,350,315,10.0,17,7.0,35,2.0588235294117645,20.58823529411765,18.529411764705884
2022,REG,BUF,0.14076797746935693,0.505656108597285,884,-0.025158932565446733,0.43596059113300495,812,0.10226575694557866,-0.08473777567393884,0.15960591133004925,0.1301715438950555,0.1171993911719939,657,0.14733542319749215,638,27.0,27.0,0.0,4.31701030927835,3.0,2.4678362573099415,0.4502923976608187,0.12280701754385964,171,1.6011904761904763,0.30952380952380953,0.16666666666666666,168,5.250572916666666,54.50347222222222,32.630208333333336,5.0,455,286,13.0,16,3.0,169,10.5625,28.4375,17.875
2022,REG,CAR,-0.04216575707122686,0.41078305519897307,779,-0.023235262921535847,0.44492911668484186,917,0.009290550812055808,-0.004897218021046787,0.13340227507755947,0.13720073664825047,0.12180746561886051,509,0.14330708661417324,635,20.0,18.0,-2.0,4.263803680981595,4.0,1.6808510638297873,0.35106382978723405,0.24468085106382978,188,1.7875647668393781,0.34196891191709844,0.15025906735751296,193,0.011225490196078566,38.90522875816993,22.68300653594771,6.0,347,374,7.0,17,10.0,-27,-1.588235294117647,20.41176470588235,22.0
2022,REG,CHI,-0.017549843195552466,0.41367323290845887,863,0.13724692302613292,0.4904386951631046,889,-0.02921200483188471,0.08443497410061437,0.14795918367346939,0.16208251473477406,0.19047619047619047,504,0.07939508506616257,529,25.0,23.0,-2.0,4.928176795580111,5.0,1.729281767955801,0.3425414364640884,0.17679558011049723,181,2.4519774011299433,0.4180790960451977,0.12429378531073447,177,-3.593513071895425,25.687908496732028,8.341503267973856,0.0,326,463,3.0,17,14.0,-137,-8.058823529411764,19.176470588235293,27.235294117647058
2022,REG,CIN,0.10227064812724446,0.4727694090382387,863,-0.07793026377011317,0.4131227217496962,823,0.05396573391387891,-0.04612566523664417,0.122568093385214,0.13109756097560976,0.12794117647058822,680,0.16472545757071547,601,17.0,25.0,8.0,4.186274509803922,1.0,2.278409090909091,0.4147727272727273,0.16477272727272727,176,1.7329545454545454,0.36363636363636365,0.17613636363636365,176,3.2442881944444446,49.19791666666667,33.916666666666664,6.0,418,322,12.0,16,4.0,96,6.0,26.125,20.125
2022,REG,CLE,0.004762945740619007,0.4416135881104034,942,0.011412661940912207,0.4261931187569367,901,0.004496540110449638,0.026861893000582466,0.1431175934366454,0.14579256360078277,0.16612377850162866,614,0.1111111111111111,567,21.0,20.0,-1.0,4.693251533742331,3.0,1.8666666666666667,0.34444444444444444,0.12222222222222222,180,1.9037433155080214,0.3850267379679144,0.18716577540106952,187,0.12888888888888886,39.33496732026144,16.856209150326798,2.0,361,381,7.0,17,10.0,-20,-1.1764705882352942,21.235294117647058,22.41176470588235
2022,REG,DAL,0.03314820667213141,0.46346555323590816,958,-0.051801272924002516,0.41511500547645125,913,0.02271658099103045,-0.0243431994399518,0.13466787989080983,0.13523459061637536,0.13689482470784642,599,0.17703349282296652,627,22.0,34.0,12.0,4.413654618473895,3.0,2.2051282051282053,0.4153846153846154,0.2,195,1.5482233502538072,0.3350253807106599,0.13705583756345177,197,3.063643790849673,51.71732026143791,31.060457516339874,4.0,467,342,12.0,17,5.0,125,7.352941176470588,27.470588235294116,20.11764705882353
2022,REG,DEN,-0.09889562802675722,0.38422131147540983,976,-0.053146516398257536,0.41725888324873095,985,-0.039120571194634225,-0.0012275129449547072,0.13389513108614232,0.12605832549388524,0.2084592145015106,662,0.12330827067669173,665,24.0,23.0,-1.0,4.2505694760820045,5.0,1.3366834170854272,0.2864321608040201,0.21608040201005024,199,1.7121212121212122,0.35858585858585856,0.19696969696969696,198,-2.4014705882352945,28.990196078431374,7.2369281045751634,0.0,287,359,5.0,17,12.0,-72,-4.235294117647059,16.88235294117647,21.11764705882353
2022,REG,DET,0.07757975481170926,0.46368715083798884,895,0.0777398076123314,0.48081264108352145,886,0.025632032831726975,0.0232212375836939,0.13940520446096655,0.1713747645951036,0.12619808306709265,626,0.1546875,640,16.0,21.0,5.0,5.222222222222222,6.0,2.346590909090909,0.4318181818181818,0.14772727272727273,176,2.231638418079096,0.4124293785310734,0.12994350282485875,177,1.4448366013071896,45.06372549019608,27.245098039215687,4.0,453,427,9.0,17,8.0,26,1.5294117647058822,26.647058823529413,25.11764705882353
2022,REG,GB,-0.004888646683472747,0.45353982300884954,904,0.038504551522233726,0.45622119815668205,868,0.0692534844526394,0.08265036383295002,0.13746369796708616,0.14651639344262296,0.11570247933884298,605,0.16104868913857678,534,20.0,26.0,6.0,4.945833333333334,5.0,1.887005649717514,0.3615819209039548,0.11299435028248588,177,1.9714285714285715,0.38285714285714284,0.18285714285714286,175,-0.2947058823529412,33.99673202614379,20.137254901960784,1.0,370,371,8.0,17,9.0,-1,-0.058823529411764705,21.764705882352942,21.823529411764707
2022,REG,HOU,-0.20832207878083545,0.36662606577344703,821,0.05119802213760329,0.4686192468619247,956,-0.11777363065447595,0.041625308801985256,0.11232604373757456,0.1681654676258993,0.17111459968602827,637,0.1273344651952462,589,29.0,26.0,-3.0,5.045296167247387,8.0,1.1464646464646464,0.2878787878787879,0.20707070707070707,198,1.839378238341969,0.35233160621761656,0.16580310880829016,193,-4.1771078431372555,23.388888888888886,5.024509803921568,0.0,289,420,3.5,17,13.5,-131,-7.705882352941177,17.0,24.705882352941178
2022,REG,IND,-0.13860429085797435,0.40990516332982085,949,-0.04033864256252352,0.44554455445544555,909,-0.049235297068354764,0.00843091556022925,0.11963470319634703,0.12197392923649907,0.18832116788321168,685,0.13980263157894737,608,35.0,20.0,-15.0,4.12720156555773,2.0,1.2102564102564102,0.2923076923076923,0.16923076923076924,195,1.8883248730964468,0.3604060913705584,0.19289340101522842,197,-3.4501307189542483,24.120915032679736,11.30718954248366,0.0,289,427,4.5,17,12.5,-138,-8.117647058823529,17.0,25.11764705882353
2022,REG,JAX,0.05776214354595182,0.4713804713804714,891,0.007632607382048397,0.45154185022026433,908,0.08561703999376558,0.03347663593352744,0.14069877242681775,0.13254113345521024,0.1021671826625387,646,0.16442451420029897,669,22.0,27.0,5.0,4.146496815286624,5.0,2.0828729281767955,0.39226519337016574,0.14917127071823205,181,1.7944444444444445,0.3611111111111111,0.1388888888888889,180,0.9442810457516342,40.38562091503268,23.861111111111114,3.0,404,350,9.0,17,8.0,54,3.176470588235294,23.764705882352942,20.58823529411765
2022,REG,KC,0.21412099011248747,0.5126582278481012,948,-0.0534604201279518,0.4166666666666667,924,0.16994419136638222,0.006011739640034194,0.1574074074074074,0.12395929694727105,0.11894882434301521,723,0.16129032258064516,713,19.0,24.0,5.0,4.34047619047619,4.0,2.7094972067039107,0.46368715083798884,0.1452513966480447,179,1.923913043478261,0.358695652173913,0.15217391304347827,184,4.416895424836602,59.77614379084967,34.85130718954248,7.0,496,369,14.0,17,3.0,127,7.470588235294118,29.176470588235293,21.705882352941178
2022,REG,LA,-0.09906257701022134,0.4019975031210986,801,0.03872441077882891,0.4585698070374574,881,-0.08555233051278471,0.03637225983418966,0.11651469098277609,0.11207729468599034,0.19967266775777415,611,0.1312803889789303,617,24.0,21.0,-3.0,4.284463894967177,2.0,1.5397727272727273,0.3352272727272727,0.20454545454545456,176,2.0,0.41040462427745666,0.17341040462427745,173,-1.0648856209150326,29.812091503267972,15.178104575163399,3.0,307,384,5.0,17,12.0,-77,-4.529411764705882,18.058823529411764,22.58823529411765
2022,REG,LAC,-0.0062206311658470365,0.4343629343629344,1036,0.015163560104008229,0.44334433443344334,909,-0.006324413559408714,0.05685189793040191,0.12246696035242291,0.15423387096774194,0.14396887159533073,771,0.1368421052631579,570,21.0,21.0,0.0,5.422319474835886,10.0,1.9735449735449735,0.38095238095238093,0.164021164021164,189,1.9627659574468086,0.3723404255319149,0.16489361702127658,188,0.7054738562091505,43.12908496732026,20.41013071895425,5.0,391,384,10.0,17,7.0,7,0.4117647058823529,23.0,22.58823529411765
2022,REG,LV,0.020088922645171176,0.4415718717683557,967,0.04719975502425462,0.46932185145317545,929,0.01134782927655868,0.08057646721040407,0.1388888888888889,0.141643059490085,0.14705882352941177,646,0.13928012519561817,639,21.0,13.0,-8.0,4.531453362255966,4.0,2.086705202312139,0.4277456647398844,0.13872832369942195,173,2.111731843575419,0.40782122905027934,0.12849162011173185,179,-0.4505228758169936,41.09477124183007,18.950980392156865,0.0,395,418,6.0,17,11.0,-23,-1.3529411764705883,23.235294117647058,24.58823529411765
2022,REG,MIA,0.06947617432847569,0.440046565774156,859,0.01759119348281088,0.4282765737874097,969,0.07445169466152063,-0.016533800310331494,0.16717019133937563,0.12617702448210924,0.14937106918238993,636,0.13852813852813853,693,21.0,14.0,-7.0,4.134433962264151,2.0,2.0280898876404496,0.38764044943820225,0.14606741573033707,178,1.9130434782608696,0.375,0.15217391304347827,184,0.49671568627450996,34.21895424836601,20.802287581699346,4.0,397,399,9.0,17,8.0,-2,-0.11764705882352941,23.352941176470587,23.470588235294116
2022,REG,MIN,-0.021279207229595545,0.4547413793103448,928,0.031266166367721795,0.4602829162132753,919,-0.02200885238188237,0.08099527256130115,0.14144144144144144,0.15176151761517614,0.1863013698630137,730,0.12336719883889695,689,25.0,23.0,-2.0,4.520518358531318,1.0,1.955223880597015,0.3681592039800995,0.19900497512437812,201,2.0520833333333335,0.4114583333333333,0.09895833333333333,192,-2.0850816993464054,39.71568627450981,22.215686274509803,3.0,424,427,13.0,17,4.0,-3,-0.17647058823529413,24.941176470588236,25.11764705882353
2022,REG,NE,-0.020799331667668702,0.42720763723150357,838,-0.060863688189850766,0.42219804134929273,919,0.006815152019652213,-0.05205905771183249,0.1415478615071283,0.12093023255813953,0.11333333333333333,600,0.1390532544378698,676,26.0,27.0,1.0,4.0565610859728505,2.0,1.5572916666666667,0.328125,0.1875,192,1.3664921465968587,0.3089005235602094,0.17277486910994763,191,-0.5363888888888889,32.66666666666667,16.962418300653596,5.0,364,347,8.0,17,9.0,17,1.0,21.41176470588235,20.41176470588235
2022,REG,NO,-0.055686526421975566,0.45413363533408835,883,-0.044903916861302025,0.42093784078516905,917,-0.03556457722334624,-0.023963541017138632,0.12987012987012986,0.11090225563909774,0.12811387900355872,562,0.1299342105263158,608,25.0,14.0,-11.0,4.488888888888889,3.0,1.575268817204301,0.3172043010752688,0.1774193548387097,186,1.691891891891892,0.34594594594594597,0.1837837837837838,185,0.29663398692810466,42.52287581699346,23.504901960784313,3.0,330,345,7.0,17,10.0,-15,-0.8823529411764706,19.41176470588235,20.294117647058822
2022,REG,NYG,0.007810638422483617,0.4335511982570806,918,0.05603086864425537,0.4479495268138801,951,0.03539502638419891,0.12480149701663944,0.14098972922502334,0.1636876763875823,0.1824,625,0.1700787401574803,635,15.0,20.0,5.0,5.219148936170213,5.0,1.9608938547486034,0.3743016759776536,0.16759776536312848,179,1.9453551912568305,0.40437158469945356,0.16393442622950818,183,-1.7272549019607846,30.653594771241828,15.388888888888888,1.0,365,371,9.5,17,7.5,-6,-0.35294117647058826,21.470588235294116,21.823529411764707
2022,REG,NYJ,-0.10659570302531096,0.38058887677208286,917,-0.02440925179278467,0.4200426439232409,938,-0.0628674498835509,-0.04816855956088543,0.1317027281279398,0.11595547309833024,0.15406976744186046,688,0.19462025316455697,632,23.0,16.0,-7.0,4.203252032520325,2.0,1.3917525773195876,0.29896907216494845,0.1958762886597938,194,1.515625,0.3229166666666667,0.15625,192,-2.2268954248366013,24.20915032679739,9.232026143790849,2.0,296,316,7.0,17,10.0,-20,-1.1764705882352942,17.41176470588235,18.58823529411765
2022,REG,PHI,0.1582977018629184,0.4994606256742179,927,-0.08006955706887038,0.42658959537572255,865,0.10490348072638722,-0.0659337018602319,0.16257947320617622,0.12370160528800755,0.10416666666666667,624,0.18167938931297709,655,19.0,27.0,8.0,4.63677130044843,2.0,2.3763440860215055,0.42473118279569894,0.13440860215053763,186,1.718232044198895,0.3259668508287293,0.16574585635359115,181,5.773464052287582,62.43790849673202,43.78921568627451,8.0,477,344,14.0,17,3.0,133,7.823529411764706,28.058823529411764,20.235294117647058
2022,REG,PIT,0.027825955660977123,0.4498997995991984,998,0.02113495135638819,0.4320855614973262,935,-0.019022106891496398,-0.00020941872200796988,0.10746812386156648,0.14314115308151093,0.13458528951486698,639,0.12866449511400652,614,18.0,24.0,6.0,4.158371040723982,2.0,1.6440677966101696,0.3502824858757062,0.20903954802259886,177,1.8926553672316384,0.3728813559322034,0.1638418079096045,177,-1.5114215686274508,36.51633986928105,16.87581699346405,5.0,308,346,9.0,17,8.0,-38,-2.235294117647059,18.11764705882353,20.352941176470587
2022,REG,SEA,-0.016439926478830462,0.4455337690631808,918,0.029412399216183445,0.4249201277955272,939,-0.0016555103228644281,0.04336530250927724,0.14645974781765275,0.14012738853503184,0.17050691244239632,651,0.15865384615384615,624,23.0,25.0,2.0,4.8538899430740035,9.0,2.0320855614973263,0.40641711229946526,0.16042780748663102,187,1.9787234042553192,0.3723404255319149,0.1702127659574468,188,-0.38730392156862753,41.423202614379086,17.491830065359476,5.0,407,401,9.0,17,8.0,6,0.35294117647058826,23.941176470588236,23.58823529411765
2022,REG,SF,0.1207619076303536,0.4784217016029593,811,-0.09224434075111324,0.39826302729528534,806,0.11051090648659415,-0.10789327325264514,0.14951456310679612,0.10848126232741617,0.13489208633093525,556,0.1779788838612368,663,19.0,28.0,9.0,3.387179487179487,0.0,2.2204301075268815,0.41397849462365593,0.10215053763440861,186,1.3333333333333333,0.2568306010928962,0.2185792349726776,183,4.937924836601307,61.00980392156863,37.7859477124183,6.0,450,277,13.0,17,4.0,173,10.176470588235293,26.470588235294116,16.294117647058822
2022,REG,TB,-0.03270914300050349,0.43500511770726713,977,-0.030875231644076025,0.4150731158605174,889,0.019886812948538113,-0.0451536711115,0.09482001755926252,0.13137996219281664,0.10077519379844961,774,0.15855572998430142,637,21.0,21.0,0.0,4.4803493449781655,4.0,1.597938144329897,0.31958762886597936,0.18556701030927836,194,1.7868020304568528,0.3299492385786802,0.2233502538071066,197,-1.9629901960784313,29.029411764705884,16.84967320261438,2.0,313,358,8.0,17,9.0,-45,-2.6470588235294117,18.41176470588235,21.058823529411764
2022,REG,TEN,-0.021269962272598534,0.41743119266055045,872,0.012026793496410603,0.43195876288659796,970,0.014242249377811279,0.04960699022462612,0.12576687116564417,0.1271889400921659,0.20454545454545456,528,0.1383989145183175,737,20.0,23.0,3.0,3.3392857142857144,1.0,1.4578947368421054,0.2789473684210526,0.23684210526315788,190,1.8042328042328042,0.3386243386243386,0.19576719576719576,189,0.45617647058823524,46.77614379084967,23.955882352941178,4.0,298,359,7.0,17,10.0,-61,-3.588235294117647,17.529411764705884,21.11764705882353
2022,REG,WAS,-0.0653143149084926,0.4052631578947368,950,-0.045017085159570834,0.40386803185437997,879,-0.0021371401718949866,0.024610143203705595,0.12056737588652482,0.12016293279022404,0.1926751592356688,628,0.19015280135823429,589,26.0,15.0,-11.0,4.36734693877551,2.0,1.4720812182741116,0.29441624365482233,0.14213197969543148,197,1.5583756345177664,0.3147208121827411,0.233502538071066,197,-1.091486928104575,35.45751633986929,17.6078431372549,2.0,321,343,8.5,17,8.5,-22,-1.2941176470588236,18.88235294117647,20.176470588235293
2023,POST,BAL,-0.011700906474730367,0.41904761904761906,105,-0.026612276177195717,0.3925233644859813,107,0.021575618110080363,-0.11948699309859522,0.15447154471544716,0.09482758620689655,0.15789473684210525,76,0.1518987341772152,79,3.0,0.0,-3.0,2.760869565217391,0.0,1.7619047619047619,0.38095238095238093,0.2857142857142857,21,0.9523809523809523,0.19047619047619047,0.3333333333333333,21,0.10111111111111093,33.58333333333333,23.069444444444446,1.0,44,27,1.0,2,1.0,17,8.5,22.0,13.5
2023,POST,BUF,0.1802897372886328,0.5426356589147286,129,0.0934275963502053,0.4835164835164835,91,0.08616433358738683,0.12418973553358229,0.0979020979020979,0.2,0.0625,80,0.12121212121212122,66,0.0,3.0,3.0,5.361702127659575,0.0,2.8947368421052633,0.47368421052631576,0.21052631578947367,19,2.2,0.4,0.15,20,5.94875,61.04166666666667,43.361111111111114,1.0,55,44,1.0,2,1.0,11,5.5,27.5,22.0
2023,POST,CLE,-0.15413661449636537,0.4634146341463415,41,0.2686698719756519,0.375,32,-0.09570096088855555,0.43688325835736813,0.1,0.1951219512195122,0.1346153846153846,52,0.045454545454545456,22,2.0,0.0,-2.0,3.4545454545454546,0.0,0.0,0.16666666666666666,0.16666666666666666,12,3.1,0.5,0.1,10,-12.239166666666666,3.4444444444444446,0.0,0.0,14,45,0.0,1,1.0,-31,-31.0,14.0,45.0
2023,POST,DAL,-0.42923497643821007,0.45714285714285713,35,0.5235889857097337,0.5588235294117647,34,-0.39152575414024154,0.323546647376913,0.10112359550561797,0.20754716981132076,0.12857142857142856,70,0.14285714285714285,21,2.0,0.0,-2.0,4.333333333333333,1.0,2.1818181818181817,0.45454545454545453,0.0,11,4.2,0.6,0.1,10,-16.223333333333333,0.0,0.0,0.0,32,48,0.0,1,1.0,-16,-16.0,32.0,48.0
2023,POST,DET,0.14627219682359896,0.5166666666666667,180,0.20769900574530129,0.46987951807228917,166,0.14543381929317298,0.1867156194500389,0.16753926701570682,0.2011173184357542,0.12605042016806722,119,0.15702479338842976,121,1.0,3.0,2.0,4.8,0.0,2.8666666666666667,0.4666666666666667,0.13333333333333333,30,2.7,0.5,0.1,30,4.945185185185185,71.37037037037037,29.90740740740741,2.0,86,80,2.0,3,1.0,6,2.0,28.666666666666668,26.666666666666668
2023,POST,GB,0.15513595481716633,0.47368421052631576,95,-0.04705323587553664,0.4639175257731959,97,0.13316006103452915,-0.11645584110224824,0.15789473684210525,0.11258278145695365,0.16071428571428573,56,0.12612612612612611,111,2.0,2.0,0.0,4.666666666666667,0.0,3.1,0.5,0.1,20,2.2857142857142856,0.42857142857142855,0.09523809523809523,21,9.036666666666667,72.375,41.30555555555556,1.0,69,56,1.0,2,1.0,13,6.5,34.5,28.0
2023,POST,HOU,0.04441133859992526,0.34285714285714286,70,0.02644178173379435,0.4444444444444444,90,0.08053703805436035,0.05703183796382897,0.14942528735632185,0.1386861313868613,0.10526315789473684,57,0.14634146341463414,82,0.0,2.0,2.0,4.596774193548387,1.0,1.7,0.3,0.2,20,1.2272727272727273,0.36363636363636365,0.22727272727272727,22,2.787222222222222,40.38888888888889,29.416666666666668,0.0,55,48,1.0,2,1.0,7,3.5,27.5,24.0
2023,POST,KC,0.07454547771606004,0.4426877470355731,253,-0.0263947508814053,0.46835443037974683,237,0.05317826566425471,0.010460928295946656,0.13857677902621723,0.10646387832699619,0.12574850299401197,167,0.12921348314606743,178,5.0,5.0,0.0,4.3173076923076925,0.0,2.2325581395348837,0.46511627906976744,0.2558139534883721,43,1.4883720930232558,0.27906976744186046,0.16279069767441862,43,3.2201388888888887,53.79166666666667,31.52083333333333,2.0,95,63,4.0,4,0.0,32,8.0,23.75,15.75
2023,POST,LA,0.2889270453209822,0.45454545454545453,55,0.19434361574111467,0.5,52,0.22102052822657342,0.14308373736715768,0.21818181818181817,0.19230769230769232,0.18421052631578946,38,0.16666666666666666,30,,,,3.16,0.0,2.875,0.625,0.0,8,3.0,0.5,0.125,8,-4.503888888888889,0.0,0.0,0.0,23,24,0.0,1,1.0,-1,-1.0,23.0,24.0
2023,POST,MIA,-0.21959724890731389,0.36363636363636365,33,0.11537329548208285,0.3870967741935484,62,0.12127710290224059,0.07361487024558747,0.1016949152542373,0.14666666666666667,0.09090909090909091,44,0.11627906976744186,43,1.0,1.0,0.0,4.323529411764706,0.0,0.6363636363636364,0.09090909090909091,0.09090909090909091,11,2.6,0.6,0.3,10,-9.494444444444444,0.0,0.0,0.0,7,26,0.0,1,1.0,-19,-19.0,7.0,26.0
2023,POST,PHI,-0.12094722177653416,0.2682926829268293,41,0.13154617881038957,0.4716981132075472,53,0.10121247906799373,0.24573200377164453,0.09433962264150944,0.18840579710144928,0.1282051282051282,39,0.11904761904761904,42,,,,4.103448275862069,0.0,0.7272727272727273,0.18181818181818182,0.18181818181818182,11,3.0,0.6,0.0,10,-10.469722222222222,0.0,0.0,0.0,9,32,0.0,1,1.0,-23,-23.0,9.0,32.0
2023,POST,PIT,-0.04227713262774632,0.4375,48,0.2370275736486861,0.49019607843137253,51,-0.06421635326611377,0.15063418387208224,0.16129032258064516,0.13846153846153847,0.14634146341463414,41,0.08823529411764706,34,2.0,0.0,-2.0,5.264705882352941,0.0,1.5454545454545454,0.2727272727272727,0.2727272727272727,11,2.8181818181818183,0.45454545454545453,0.2727272727272727,11,-11.624722222222223,0.0,0.0,0.0,17,31,0.0,1,1.0,-14,-14.0,17.0,31.0
2023,POST,SF,0.13610508372475086,0.46632124352331605,193,-0.01082469790076411,0.45145631067961167,206,0.10024147462541104,0.014701288977308142,0.14795918367346939,0.13679245283018868,0.16806722689075632,119,0.13533834586466165,133,2.0,6.0,4.0,5.149425287356322,1.0,2.3823529411764706,0.4411764705882353,0.14705882352941177,34,2.3333333333333335,0.45454545454545453,0.18181818181818182,33,-1.8267592592592592,34.78703703703704,5.842592592592593,0.0,80,77,2.0,3,1.0,3,1.0,26.666666666666668,25.666666666666668
2023,POST,TB,0.09223217675424118,0.46601941747572817,103,0.08703484015472436,0.44660194174757284,103,0.1732687762195394,0.1568832746720929,0.20155038759689922,0.11666666666666667,0.1348314606741573,89,0.11764705882352941,85,2.0,0.0,-2.0,3.7142857142857144,0.0,2.5714285714285716,0.47619047619047616,0.09523809523809523,21,1.6956521739130435,0.30434782608695654,0.17391304347826086,23,3.285972222222222,45.90277777777778,40.61111111111111,1.0,55,40,1.0,2,1.0,15,7.5,27.5,20.0
2023,REG,ARI,-0.05658494905299763,0.4112903225806452,868,0.08704538823446337,0.48318385650224216,892,-0.033554365325612824,0.09898121093650458,0.1359773371104816,0.14354066985645933,0.15580286168521462,629,0.10017574692442882,569,19.0,16.0,-3.0,4.671785028790787,8.0,1.711111111111111,0.35,0.16111111111111112,180,2.4457142857142857,0.44,0.17714285714285713,175,-3.027859477124183,25.851307189542485,12.34640522875817,1.0,330,455,4.0,17,13.0,-125,-7.352941176470588,19.41176470588235,26.764705882352942
2023,REG,ATL,-0.07323841858911612,0.4127789046653144,986,-0.03907680485523643,0.39508700102354144,977,-0.061138302471147675,-0.012854257447586703,0.13531047265987026,0.12710280373831775,0.13689482470784642,599,0.15619967793880837,621,28.0,16.0,-12.0,4.026052104208417,3.0,1.5408163265306123,0.32142857142857145,0.16326530612244897,196,1.8102564102564103,0.37948717948717947,0.18974358974358974,195,-1.8594607843137254,32.65522875816993,8.975490196078432,1.0,321,373,7.0,17,10.0,-52,-3.0588235294117645,18.88235294117647,21.941176470588236
2023,REG,BAL,0.06397071922622898,0.48899188876013905,863,-0.15401936924590368,0.3957345971563981,844,0.06725663735902906,-0.11503790445677056,0.1497175141242938,0.11485870556061988,0.12026359143327842,607,0.16142270861833105,731,22.0,28.0,6.0,4.4700239808153475,6.0,2.269035532994924,0.43147208121827413,0.13705583756345177,197,1.2717948717948717,0.28717948717948716,0.14871794871794872,195,7.115882352941177,67.68464052287582,42.8937908496732,7.0,483,280,13.0,17,4.0,203,11.941176470588236,28.41176470588235,16.470588235294116
2023,REG,BUF,0.10447548665013578,0.49422875131164745,953,-0.0385054036770833,0.428246013667426,878,0.08401354913147806,-0.04995892074457622,0.14482126489459213,0.1467065868263473,0.11556240369799692,649,0.17337461300309598,646,27.0,31.0,4.0,4.567961165048544,3.0,2.3314917127071824,0.4143646408839779,0.09392265193370165,181,1.5611111111111111,0.32222222222222224,0.16666666666666666,180,3.6948692810457513,49.802287581699346,35.53104575163398,6.0,451,311,11.0,17,6.0,140,8.235294117647058,26.529411764705884,18.294117647058822
2023,REG,CAR,-0.18101254452593593,0.3698193411264612,941,0.028887906680669925,0.44379391100702575,854,-0.1678436836487747,0.07895343421240579,0.0999083409715857,0.12155260469867211,0.18328445747800587,682,0.14038461538461539,520,21.0,10.0,-11.0,4.096456692913386,4.0,1.0,0.25,0.2222222222222222,180,1.9781420765027322,0.3770491803278688,0.18579234972677597,183,-5.233774509803921,11.601307189542483,2.816993464052288,0.0,236,416,2.0,17,15.0,-180,-10.588235294117647,13.882352941176471,24.470588235294116
2023,REG,CHI,-0.013882630251843817,0.4311111111111111,900,-0.018845035453730234,0.41358024691358025,810,-0.05104078833997778,-0.07454421469072665,0.13548387096774195,0.1171875,0.1553398058252427,618,0.12721893491124261,676,24.0,29.0,5.0,3.7789203084832903,1.0,1.691891891891892,0.3783783783783784,0.14594594594594595,185,1.798913043478261,0.3423913043478261,0.16847826086956522,184,0.5249019607843136,44.3937908496732,29.137254901960784,4.0,360,379,7.0,17,10.0,-19,-1.1176470588235294,21.176470588235293,22.294117647058822
2023,REG,CIN,0.024523952324782945,0.45051194539249145,879,0.054349671713880165,0.46514285714285714,875,0.02994884341445657,0.06655044913223943,0.11251212415130941,0.15583173996175909,0.16570605187319884,694,0.16434108527131783,645,17.0,25.0,8.0,4.698030634573304,5.0,1.8297872340425532,0.34574468085106386,0.19148936170212766,188,1.9358288770053476,0.3850267379679144,0.1657754010695187,187,-0.28985294117647065,39.29575163398693,20.633986928104576,4.0,366,384,9.0,17,8.0,-18,-1.0588235294117647,21.529411764705884,22.58823529411765
2023,REG,CLE,-0.1299724505856441,0.39344262295081966,976,-0.16076338216292502,0.3586550435865504,803,-0.11996856194610059,-0.13078191642410936,0.11774744027303755,0.1172901921132457,0.1585014409221902,694,0.1742671009771987,614,37.0,28.0,-9.0,4.258907363420428,2.0,1.506726457399103,0.3273542600896861,0.19282511210762332,223,1.3333333333333333,0.24774774774774774,0.24324324324324326,222,0.31370915032679747,42.325163398692816,24.047385620915037,7.0,396,362,11.0,17,6.0,34,2.0,23.294117647058822,21.294117647058822
2023,REG,DAL,0.10587910768566677,0.48246674727932287,827,-0.06657914368917575,0.45027624309392267,724,0.059681518119982936,-0.04272331122570695,0.14012738853503184,0.1282565130260521,0.1277533039647577,681,0.16183986371379896,587,15.0,27.0,12.0,4.1521739130434785,1.0,2.652941176470588,0.5058823529411764,0.13529411764705881,170,1.4606741573033708,0.3202247191011236,0.17415730337078653,178,5.389101307189542,55.48529411764706,39.20261437908497,8.0,509,315,12.0,17,5.0,194,11.411764705882353,29.941176470588236,18.529411764705884
2023,REG,DEN,-0.07251726544985208,0.41536614645858344,833,0.01000474159005517,0.45266594124047876,919,-0.0578716455049073,0.075109976568824,0.13165829145728644,0.14606741573033707,0.20333333333333334,600,0.1564945226917058,639,23.0,25.0,2.0,4.963829787234043,6.0,1.7712765957446808,0.35106382978723405,0.17553191489361702,188,2.1027027027027025,0.4,0.15675675675675677,185,-1.839248366013072,40.27450980392157,20.197712418300654,4.0,357,413,8.0,17,9.0,-56,-3.2941176470588234,21.0,24.294117647058822
2023,REG,DET,0.07637009306242414,0.4594894561598224,901,-0.035125999769770565,0.4257075471698113,848,0.06102903259440724,-0.06186262221839946,0.1420863309352518,0.14021421616358326,0.159375,640,0.17602427921092564,659,23.0,23.0,0.0,3.6894865525672373,1.0,2.3262032085561497,0.40641711229946526,0.1497326203208556,187,2.0,0.372972972972973,0.13513513513513514,185,2.527941176470588,53.67156862745098,36.552287581699346,8.0,461,395,12.0,17,5.0,66,3.8823529411764706,27.11764705882353,23.235294117647058
2023,REG,GB,0.06888622107471706,0.4453038674033149,905,0.015917215988718147,0.45374449339207046,908,0.04251171137698664,-0.010262471368306348,0.13706563706563707,0.14231136580706782,0.12006319115323855,633,0.16830065359477125,612,17.0,19.0,2.0,4.400402414486922,4.0,2.1149425287356323,0.39655172413793105,0.1206896551724138,174,1.9132947976878614,0.3872832369942196,0.10404624277456648,173,0.5730065359477121,43.71078431372548,23.50653594771242,6.0,383,350,9.0,17,8.0,33,1.9411764705882353,22.529411764705884,20.58823529411765
2023,REG,HOU,-0.0083419689328859,0.41611479028697573,906,-0.011399500611580545,0.418554476806904,927,0.02193623374382691,0.004802782656327371,0.14911463187325255,0.13432835820895522,0.1354642313546423,657,0.17156105100463678,647,15.0,22.0,7.0,3.489406779661017,1.0,1.8429319371727748,0.3717277486910995,0.15706806282722513,191,1.763157894736842,0.3473684210526316,0.1736842105263158,190,0.39346405228758163,43.81535947712418,26.037581699346404,5.0,377,353,10.0,17,7.0,24,1.411764705882353,22.176470588235293,20.764705882352942
2023,REG,IND,-0.014393963125023388,0.4158829676071055,957,0.008835117769926334,0.4556701030927835,970,-0.015949960367368177,0.008600711068913185,0.12014787430683918,0.13368983957219252,0.12286158631415241,643,0.16174183514774496,643,19.0,26.0,7.0,4.055876685934489,4.0,1.780612244897959,0.35714285714285715,0.1683673469387755,196,1.832512315270936,0.3891625615763547,0.1625615763546798,203,-0.38148692810457513,39.439542483660134,19.936274509803923,3.0,396,415,9.0,17,8.0,-19,-1.1176470588235294,23.294117647058822,24.41176470588235
2023,REG,JAX,-0.06500754207430079,0.4268689057421452,923,-0.03300772848668785,0.435632183908046,870,-0.0255171366195282,-0.01962059926334333,0.11405109489051095,0.13503305004721436,0.12464589235127478,706,0.15195369030390737,691,31.0,26.0,-5.0,4.161520190023753,2.0,1.8256410256410256,0.35384615384615387,0.13333333333333333,195,1.758974358974359,0.3230769230769231,0.15384615384615385,195,0.44929738562091504,46.30392156862745,28.547385620915033,6.0,377,371,9.0,17,8.0,6,0.35294117647058826,22.176470588235293,21.823529411764707
2023,REG,KC,0.03259448995580354,0.4459893048128342,935,-0.07256849619745272,0.3963083604777416,921,0.0006396805874082974,-0.03213741728365203,0.12998102466793168,0.1098153547133139,0.15384615384615385,715,0.18575851393188855,646,26.0,19.0,-7.0,4.428899082568807,2.0,1.8715083798882681,0.39106145251396646,0.12290502793296089,179,1.4245810055865922,0.2849162011173184,0.2011173184357542,179,2.8875163398692814,49.16666666666667,29.468954248366014,5.0,371,294,11.0,17,6.0,77,4.529411764705882,21.823529411764707,17.294117647058822
2023,REG,LA,0.051428083139853,0.46008869179600886,902,-0.015493737565034138,0.4264870931537598,891,0.000632784692888338,0.005468067550574859,0.1336405529953917,0.12973484848484848,0.13858267716535433,635,0.13037037037037036,675,17.0,16.0,-1.0,4.188940092165899,1.0,2.0594594594594593,0.41081081081081083,0.13513513513513514,185,1.9027027027027028,0.3675675675675676,0.16756756756756758,185,0.7358496732026142,40.295751633986924,23.200980392156865,4.0,404,377,10.0,17,7.0,27,1.588235294117647,23.764705882352942,22.176470588235293
2023,REG,LAC,-0.04613050409542254,0.4164070612668744,963,0.025315411866236183,0.44352331606217615,965,-0.003765435741936243,0.042072559281367466,0.1141552511415525,0.13266239707227814,0.14145658263305322,714,0.13901345291479822,669,22.0,20.0,-2.0,4.119914346895075,1.0,1.668421052631579,0.3473684210526316,0.18947368421052632,190,1.9735449735449735,0.35978835978835977,0.12698412698412698,189,-1.0708169934640521,36.86764705882353,16.959150326797385,4.0,346,398,5.0,17,12.0,-52,-3.0588235294117645,20.352941176470587,23.41176470588235
2023,REG,LV,-0.08223940072465062,0.40736196319018403,815,-0.05828921132906676,0.4334811529933481,902,-0.09346474556097698,-0.09912737397922315,0.10372608257804633,0.12044817927170869,0.1390728476821192,604,0.13846153846153847,650,25.0,21.0,-4.0,4.206680584551148,2.0,1.6089385474860336,0.31843575418994413,0.2011173184357542,179,1.5675675675675675,0.32972972972972975,0.16756756756756758,185,0.9739542483660131,36.127450980392155,23.46732026143791,4.0,332,331,8.0,17,9.0,1,0.058823529411764705,19.529411764705884,19.470588235294116
2023,REG,MIA,0.11624360749870206,0.47985347985347987,819,-0.029458988318179172,0.435,800,0.09179309490562647,-0.0001393738982652608,0.18375241779497098,0.11357074109720885,0.09656301145662848,611,0.20367534456355282,653,26.0,26.0,0.0,3.810623556581986,1.0,2.3440860215053765,0.43548387096774194,0.13440860215053763,186,1.7112299465240641,0.32085561497326204,0.1443850267379679,187,3.889705882352941,50.75326797385621,38.82843137254902,6.0,496,391,11.0,17,6.0,105,6.176470588235294,29.176470588235293,23.0
2023,REG,MIN,-0.04418974424835968,0.4287200832466181,961,-0.02705183939323029,0.4323499491353001,983,-0.05213817476547063,-0.04673368100055721,0.1384180790960452,0.10966542750929369,0.2175141242937853,708,0.1337295690936107,673,34.0,22.0,-12.0,3.7461024498886415,2.0,1.7988826815642458,0.3407821229050279,0.17318435754189945,179,1.8333333333333333,0.3709677419354839,0.14516129032258066,186,-0.5087418300653596,33.916666666666664,18.49019607843137,5.0,344,362,7.0,17,10.0,-18,-1.0588235294117647,20.235294117647058,21.294117647058822
2023,REG,NE,-0.16111684376800936,0.4,925,-0.04848082695559764,0.41816261879619854,947,-0.09068729789093977,-0.04342725651326654,0.09861932938856016,0.10357815442561205,0.14217252396166133,626,0.12106918238993711,636,29.0,17.0,-12.0,3.2972972972972974,2.0,0.916256157635468,0.2019704433497537,0.2561576354679803,203,1.5862068965517242,0.31527093596059114,0.21182266009852216,203,-3.903316993464052,22.052287581699346,11.169934640522875,2.0,236,366,4.0,17,13.0,-130,-7.647058823529412,13.882352941176471,21.529411764705884
2023,REG,NO,-0.012422211668712343,0.4268817204301075,930,-0.06863318954219698,0.39791183294663574,862,0.03463139326842074,-0.043270173599859095,0.122040072859745,0.1407907425265188,0.11638591117917305,653,0.11550632911392406,632,18.0,28.0,10.0,4.411255411255412,1.0,1.8711340206185567,0.36597938144329895,0.14432989690721648,194,1.4948979591836735,0.3163265306122449,0.18877551020408162,196,0.6637908496732027,39.54901960784314,25.080065359477125,3.0,402,327,9.0,17,8.0,75,4.411764705882353,23.647058823529413,19.235294117647058
2023,REG,NYG,-0.17789986449758716,0.3781094527363184,804,-0.021044616479776016,0.4515752625437573,857,-0.15880365102075025,0.020827243851295654,0.11004784688995216,0.14814814814814814,0.18796992481203006,665,0.12322274881516587,633,18.0,32.0,14.0,4.723270440251572,2.0,1.1055276381909547,0.23618090452261306,0.2562814070351759,199,1.8190954773869348,0.35175879396984927,0.18592964824120603,199,-4.926372549019608,26.666666666666664,11.882352941176471,4.0,266,407,6.0,17,11.0,-141,-8.294117647058824,15.647058823529411,23.941176470588236
2023,REG,NYJ,-0.21554524815175574,0.35141509433962265,848,-0.09381463074101494,0.3779956427015251,918,-0.16657307180635608,-0.13170887031540884,0.09665071770334928,0.11858076563958916,0.18614718614718614,693,0.16666666666666666,600,33.0,26.0,-7.0,4.069364161849711,3.0,1.0144230769230769,0.25961538461538464,0.1875,208,1.4103773584905661,0.3160377358490566,0.22641509433962265,212,-4.423545751633987,21.75653594771242,10.75,2.0,268,355,7.0,17,10.0,-87,-5.117647058823529,15.764705882352942,20.88235294117647
2023,REG,PHI,0.06753141278921486,0.45850622406639,964,0.027759749505221202,0.4404517453798768,974,-0.01454432651268068,-0.011353899034961337,0.1306715063520871,0.14233576642335766,0.1058282208588957,652,0.13561643835616438,730,29.0,17.0,-12.0,4.271844660194175,1.0,2.248587570621469,0.4293785310734463,0.1638418079096045,177,2.222857142857143,0.4114285714285714,0.13714285714285715,175,0.8449019607843137,49.161764705882355,26.073529411764707,4.0,433,428,11.0,17,6.0,5,0.29411764705882354,25.470588235294116,25.176470588235293
2023,REG,PIT,-0.048387967717200255,0.42045454545454547,880,-0.07292075530823554,0.4038668098818475,931,-0.01895538632250189,-0.06496353587143824,0.11442786069651742,0.1388101983002833,0.15425531914893617,564,0.16203703703703703,648,15.0,28.0,13.0,4.293216630196937,3.0,1.4948453608247423,0.29896907216494845,0.22164948453608246,194,1.6,0.3368421052631579,0.18421052631578946,190,-1.5845751633986929,32.17156862745098,14.92156862745098,2.0,304,324,10.0,17,7.0,-20,-1.1764705882352942,17.88235294117647,19.058823529411764
2023,REG,SEA,0.03120491497367166,0.44396551724137934,928,0.05831423515214212,0.4519607843137255,1020,0.0681920099452758,0.018636060137225838,0.14678899082568808,0.13051146384479717,0.1360759493670886,632,0.15,660,15.0,21.0,6.0,4.566990291262136,5.0,1.9269662921348314,0.38764044943820225,0.17415730337078653,178,2.081967213114754,0.40437158469945356,0.12021857923497267,183,-1.052107843137255,33.20424836601307,15.235294117647058,1.0,364,402,9.0,17,8.0,-38,-2.235294117647059,21.41176470588235,23.647058823529413
2023,REG,SF,0.21934264834351772,0.5208333333333334,768,-0.04966359171896699,0.42460796139927626,829,0.2024099013527322,-0.06338032090837323,0.18875502008032127,0.11381322957198443,0.1478743068391867,541,0.1623931623931624,702,19.0,27.0,8.0,4.121621621621622,0.0,2.659217877094972,0.45251396648044695,0.1340782122905028,179,1.6551724137931034,0.3390804597701149,0.15517241379310345,174,6.051062091503268,65.86601307189542,44.756535947712415,8.0,491,298,12.0,17,5.0,193,11.352941176470589,28.88235294117647,17.529411764705884
2023,REG,TB,-0.024066953499902143,0.3922462941847206,877,0.012958241555695563,0.43638392857142855,896,-0.09553669193812467,-0.014194301129188356,0.12878048780487805,0.13189897100093545,0.12225705329153605,638,0.13088235294117648,680,18.0,26.0,8.0,3.8211764705882354,2.0,1.8415300546448088,0.3551912568306011,0.1912568306010929,183,1.7173913043478262,0.3423913043478261,0.16304347826086957,184,-0.2879901960784313,38.92156862745098,18.369281045751634,2.0,348,325,9.0,17,8.0,23,1.3529411764705883,20.470588235294116,19.11764705882353
2023,REG,TEN,-0.04254719252689234,0.3952941176470588,850,0.021868880664151727,0.4408376963350785,955,0.00276879127224268,0.026530214231112847,0.12410986775178026,0.11959521619135234,0.25217391304347825,575,0.12693498452012383,646,17.0,16.0,-1.0,3.814583333333333,2.0,1.5248618784530388,0.3259668508287293,0.14917127071823205,181,1.9375,0.4318181818181818,0.19318181818181818,176,-0.740751633986928,37.7859477124183,17.720588235294116,1.0,305,367,6.0,17,11.0,-62,-3.6470588235294117,17.941176470588236,21.58823529411765
2023,REG,WAS,-0.08532335171445257,0.4180602006688963,897,0.08556196787974503,0.4518201284796574,934,-0.07090010765021552,0.054480283049485566,0.13257575757575757,0.1503623188405797,0.17142857142857143,735,0.12575757575757576,660,32.0,18.0,-14.0,4.469979296066253,1.0,1.49746192893401,0.29441624365482233,0.18781725888324874,197,2.5555555555555554,0.4708994708994709,0.14285714285714285,189,-5.899052287581699,21.47549019607843,6.490196078431373,0.0,329,518,4.0,17,13.0,-189,-11.117647058823529,19.352941176470587,30.470588235294116
2024,POST,BAL,0.2484200384620087,0.5306122448979592,98,0.01008551635174798,0.43373493975903615,83,0.08286123995285613,-0.0433251712695762,0.23015873015873015,0.09900990099009901,0.10714285714285714,56,0.1864406779661017,59,3.0,0.0,-3.0,3.74468085106383,0.0,3.0555555555555554,0.5,0.0,18,2.2777777777777777,0.3888888888888889,0.16666666666666666,18,3.758194444444445,46.56944444444444,41.458333333333336,1.0,53,41,1.0,2,1.0,12,6.0,26.5,20.5
2024,POST,BUF,0.17490581475703607,0.49714285714285716,175,0.15988849014247916,0.5070422535211268,142,0.11892709959158852,0.06207100540949316,0.1134020618556701,0.22151898734177214,0.16304347826086957,92,0.17204301075268819,93,0.0,4.0,4.0,4.7560975609756095,0.0,3.3846153846153846,0.6153846153846154,0.11538461538461539,26,2.4074074074074074,0.4074074074074074,0.07407407407407407,27,2.3696296296296295,53.231481481481474,29.98148148148148,0.0,87,64,2.0,3,1.0,23,7.666666666666667,29.0,21.333333333333332
2024,POST,DEN,0.023900437975355047,0.43333333333333335,30,0.2634272704715226,0.5686274509803921,51,0.05923231895829711,0.17676627952068186,0.16666666666666666,0.14492753623188406,0.14285714285714285,28,0.125,32,,,,4.7727272727272725,1.0,0.875,0.125,0.25,8,3.75,0.75,0.0,8,-6.560277777777777,24.47222222222222,0.0,0.0,7,31,0.0,1,1.0,-24,-24.0,7.0,31.0
2024,POST,DET,0.09204748282308116,0.5957446808510638,47,0.33794272007742626,0.5238095238095238,63,0.11274883904705002,0.3416361036256421,0.23076923076923078,0.15492957746478872,0.16279069767441862,43,0.05405405405405406,37,5.0,0.0,-5.0,4.333333333333333,0.0,2.1818181818181817,0.45454545454545453,0.09090909090909091,11,3.4545454545454546,0.5454545454545454,0.0,11,-4.4447222222222225,21.63888888888889,0.0,0.0,31,45,0.0,1,1.0,-14,-14.0,31.0,45.0
2024,POST,GB,-0.05820150807703635,0.46296296296296297,54,0.06873656237530773,0.3877551020408163,49,-0.12783078390639274,0.13059194017305822,0.11864406779661017,0.10714285714285714,0.1388888888888889,36,0.16666666666666666,24,4.0,0.0,-4.0,4.970588235294118,1.0,1.0,0.2,0.1,10,2.090909090909091,0.45454545454545453,0.09090909090909091,11,-8.686944444444444,0.0,0.0,0.0,10,22,0.0,1,1.0,-12,-12.0,10.0,22.0
2024,POST,HOU,-0.0487931832638025,0.4444444444444444,108,-0.29294857578280303,0.367816091954023,87,-0.15428561784559777,-0.28095307734051245,0.12878787878787878,0.13861386138613863,0.2375,80,0.23880597014925373,67,3.0,4.0,1.0,2.5,0.0,1.6363636363636365,0.36363636363636365,0.13636363636363635,22,1.2272727272727273,0.36363636363636365,0.13636363636363635,22,-0.9938888888888888,25.805555555555554,18.666666666666668,0.0,46,35,1.0,2,1.0,11,5.5,23.0,17.5
2024,POST,KC,-0.0318433374098357,0.43103448275862066,116,0.09720908361283506,0.4451219512195122,164,-0.0019584153914879803,0.07126649464688802,0.14102564102564102,0.135678391959799,0.2336448598130841,107,0.23148148148148148,108,4.0,1.0,-3.0,4.02803738317757,0.0,2.0625,0.40625,0.125,32,2.4838709677419355,0.4838709677419355,0.0967741935483871,31,-3.333981481481482,51.02777777777778,21.0,1.0,77,83,2.0,3,1.0,-6,-2.0,25.666666666666668,27.666666666666668
2024,POST,LA,-0.04936113447246273,0.43820224719101125,89,-0.18800983020883252,0.4020618556701031,97,0.05378617432271473,-0.07614320332733249,0.13445378151260504,0.12307692307692308,0.1518987341772152,79,0.2125,80,2.0,2.0,0.0,6.982142857142857,1.0,1.8181818181818181,0.36363636363636365,0.22727272727272727,22,1.2916666666666667,0.3333333333333333,0.16666666666666666,24,5.051111111111111,50.59722222222222,33.875,1.0,49,37,1.0,2,1.0,12,6.0,24.5,18.5
2024,POST,LAC,-0.6702907118952455,0.32608695652173914,46,-0.1908174514427042,0.3877551020408163,49,-0.5416557488303321,-0.37552927334219616,0.1111111111111111,0.11764705882352941,0.2222222222222222,36,0.1282051282051282,39,4.0,3.0,-1.0,4.9411764705882355,1.0,0.46153846153846156,0.23076923076923078,0.15384615384615385,13,1.7692307692307692,0.38461538461538464,0.15384615384615385,13,-2.9025,39.416666666666664,0.0,0.0,12,32,0.0,1,1.0,-20,-20.0,12.0,32.0
2024,POST,MIN,-0.6270382200827287,0.3783783783783784,37,0.21666383224981334,0.52,25,-0.22635834431723476,0.3407807818924387,0.12857142857142856,0.12244897959183673,0.2,50,0.1724137931034483,29,2.0,0.0,-2.0,4.090909090909091,0.0,0.2727272727272727,0.18181818181818182,0.09090909090909091,11,2.0,0.4,0.1,10,-13.399166666666666,0.0,0.0,0.0,9,27,0.0,1,1.0,-18,-18.0,9.0,27.0
2024,POST,PHI,0.12401953482348119,0.4371859296482412,199,-0.16628282697961005,0.4105263157894737,190,0.09619819300245464,-0.21129074942482748,0.1417004048582996,0.10588235294117647,0.14782608695652175,115,0.14130434782608695,184,1.0,13.0,12.0,4.463414634146342,1.0,2.857142857142857,0.5306122448979592,0.10204081632653061,49,1.4565217391304348,0.30434782608695654,0.1956521739130435,46,10.270208333333333,87.13194444444444,66.80555555555556,2.0,145,77,4.0,4,0.0,68,17.0,36.25,19.25
2024,POST,PIT,-0.127981342086396,0.3333333333333333,27,0.37559486086287175,0.5454545454545454,44,-0.2335898187256565,0.2819602878489864,0.13636363636363635,0.17142857142857143,0.2222222222222222,36,0.04,25,,,,5.98,1.0,1.5555555555555556,0.2222222222222222,0.2222222222222222,9,3.111111111111111,0.4444444444444444,0.0,9,-10.902777777777779,0.0,0.0,0.0,14,28,0.0,1,1.0,-14,-14.0,14.0,28.0
2024,POST,TB,0.10660879265439384,0.5227272727272727,44,0.11329059497378559,0.43283582089552236,67,0.012671053843639259,0.007736119541384161,0.20454545454545456,0.11940298507462686,0.043478260869565216,23,0.125,40,1.0,0.0,-1.0,2.484848484848485,0.0,2.857142857142857,0.5714285714285714,0.0,7,2.875,0.625,0.0,8,0.24472222222222223,44.80555555555556,0.0,0.0,20,23,0.0,1,1.0,-3,-3.0,20.0,23.0
2024,POST,WAS,0.18080312797691525,0.4702702702702703,185,0.18322630653305128,0.5625,144,0.04906933213003219,0.12288128160465579,0.12093023255813953,0.20809248554913296,0.08270676691729323,133,0.1134020618556701,97,4.0,6.0,2.0,6.247058823529412,2.0,2.8,0.5333333333333333,0.03333333333333333,30,3.3333333333333335,0.5666666666666667,0.06666666666666667,30,-2.388981481481481,33.50925925925926,14.379629629629632,0.0,91,106,2.0,3,1.0,-15,-5.0,30.333333333333332,35.333333333333336
2024,REG,ARI,0.0641366798459178,0.46650998824911866,851,0.056299484647532594,0.4813979706877114,887,0.09306652843648511,0.05570793880194471,0.14912280701754385,0.1454898157129001,0.08482871125611746,613,0.12317666126418152,617,20.0,16.0,-4.0,4.621505376344086,5.0,2.232142857142857,0.44642857142857145,0.13095238095238096,168,2.179640718562874,0.4311377245508982,0.1377245508982036,167,0.47039215686274516,37.66666666666667,23.40359477124183,4.0,400,379,8.0,17,9.0,21,1.2352941176470589,23.529411764705884,22.294117647058822
2024,REG,ATL,0.06327275547746436,0.48643006263048016,958,0.07004041850577342,0.47108307045215564,951,0.060906243924942274,0.006666589117344705,0.1449953227315248,0.1315538608198284,0.15151515151515152,594,0.11367127496159754,651,25.0,17.0,-8.0,4.47276688453159,1.0,2.0526315789473686,0.40350877192982454,0.07017543859649122,171,2.2126436781609193,0.4367816091954023,0.13793103448275862,174,0.09637254901960789,37.72712418300654,15.511437908496733,1.0,389,423,8.0,17,9.0,-34,-2.0,22.88235294117647,24.88235294117647
2024,REG,BAL,0.22718860378346364,0.5093240093240093,858,-0.028719733455160802,0.40636042402826855,849,0.21382150217761134,-0.004272157540180233,0.18629343629343628,0.13320647002854424,0.10516605166051661,542,0.16879432624113475,705,11.0,17.0,6.0,3.5494791666666665,1.0,2.7790055248618786,0.4696132596685083,0.10497237569060773,181,1.8602150537634408,0.3655913978494624,0.16129032258064516,186,5.338774509803921,54.46732026143791,39.02124183006536,7.0,518,361,12.0,17,5.0,157,9.235294117647058,30.470588235294116,21.235294117647058
2024,REG,BUF,0.1802390446325972,0.4800483675937122,827,-0.01489321943780169,0.4443099273607748,826,0.14565116161476574,-0.06733935735771597,0.14442231075697212,0.1420345489443378,0.09185441941074524,577,0.15384615384615385,637,9.0,31.0,22.0,4.506880733944954,3.0,2.884393063583815,0.49710982658959535,0.12716763005780346,173,1.935672514619883,0.36257309941520466,0.1286549707602339,171,3.6937254901960785,51.36437908496732,33.31372549019608,5.0,525,368,13.0,17,4.0,157,9.235294117647058,30.88235294117647,21.647058823529413
2024,REG,CAR,-0.010476628855674578,0.4198966408268734,774,0.16827509152761386,0.5150501672240803,897,0.011197894422849125,0.14809674187832567,0.12296747967479675,0.16622458001768348,0.13578274760383385,626,0.10304054054054054,592,23.0,16.0,-7.0,5.153198653198653,10.0,1.7849462365591398,0.3333333333333333,0.20430107526881722,186,2.8162162162162163,0.5135135135135135,0.10810810810810811,185,-5.917418300653595,23.926470588235293,10.648692810457517,3.0,341,534,5.0,17,12.0,-193,-11.352941176470589,20.058823529411764,31.41176470588235
2024,REG,CHI,-0.11028274304351816,0.39362912400455063,879,0.041369605582728765,0.45838218053927315,853,-0.05730272502347286,0.08244786506368684,0.1124880838894185,0.16224188790560473,0.1588235294117647,680,0.17491166077738515,566,15.0,25.0,10.0,4.767489711934156,4.0,1.6132596685082874,0.2983425414364641,0.19337016574585636,181,1.9027027027027028,0.40540540540540543,0.14054054054054055,185,-4.079640522875817,19.516339869281044,10.792483660130719,0.0,310,370,5.0,17,12.0,-60,-3.5294117647058822,18.235294117647058,21.764705882352942
2024,REG,CIN,0.1032433716742814,0.4782608695652174,966,0.05839734845681251,0.4732984293193717,955,0.10388945550210152,0.07126065859834749,0.12851782363977485,0.13619402985074627,0.16920943134535368,721,0.15716486902927582,649,21.0,25.0,4.0,4.425,4.0,2.386740331491713,0.43646408839779005,0.1270718232044199,181,2.185792349726776,0.39344262295081966,0.16393442622950818,183,1.945751633986928,48.11274509803921,23.455882352941178,5.0,472,434,9.0,17,8.0,38,2.235294117647059,27.764705882352942,25.529411764705884
2024,REG,CLE,-0.22042622419711502,0.35600907029478457,882,0.03934292387153518,0.42924528301886794,848,-0.17733492776572157,0.05020211960982965,0.10152740341419586,0.15742574257425743,0.19553805774278216,762,0.18858131487889274,578,32.0,14.0,-18.0,4.51844262295082,2.0,1.0696517412935322,0.22388059701492538,0.21393034825870647,201,1.8557692307692308,0.33653846153846156,0.21634615384615385,208,-5.8342156862745105,15.535947712418299,6.772875816993464,1.0,258,435,3.0,17,14.0,-177,-10.411764705882353,15.176470588235293,25.58823529411765
2024,REG,DAL,-0.05956611298941127,0.4211764705882353,850,0.07614406527554304,0.4519350811485643,801,-0.03856216855966439,0.07823351264980348,0.1227106227106227,0.145224171539961,0.12719298245614036,684,0.174496644295302,596,28.0,22.0,-6.0,4.830227743271221,4.0,1.6349206349206349,0.36507936507936506,0.14814814814814814,189,2.3125,0.4270833333333333,0.140625,192,-3.174558823529412,35.54575163398693,15.312091503267974,2.0,350,468,7.0,17,10.0,-118,-6.9411764705882355,20.58823529411765,27.529411764705884
2024,REG,DEN,0.017648110459862133,0.42478941034897716,831,-0.09329767861497736,0.39073634204275537,842,-0.00021930994518252803,-0.12022148097748042,0.133076181292189,0.1195551436515292,0.09161490683229814,644,0.1908831908831909,702,20.0,24.0,4.0,3.852112676056338,3.0,2.036842105263158,0.38421052631578945,0.18947368421052632,190,1.402061855670103,0.31443298969072164,0.14948453608247422,194,2.573660130718954,48.50490196078431,28.76797385620915,4.0,425,311,10.0,17,7.0,114,6.705882352941177,25.0,18.294117647058822
2024,REG,DET,0.16640519465320922,0.5096045197740113,885,-0.01920448389913423,0.4215189873417722,790,0.1153411585592329,0.03703616025709789,0.15952597994530537,0.1506442021803766,0.1476510067114094,596,0.15497076023391812,684,15.0,24.0,9.0,4.531165311653116,1.0,2.9945054945054945,0.5164835164835165,0.11538461538461539,182,1.7790055248618784,0.35359116022099446,0.13259668508287292,181,6.390849673202615,59.94117647058823,42.857843137254896,6.0,564,342,15.0,17,2.0,222,13.058823529411764,33.1764705882353,20.11764705882353
2024,REG,GB,0.09121925961324734,0.4597402597402597,770,-0.014090303907301482,0.46256038647342995,828,0.10677011545361728,0.024161804369425267,0.15748031496062992,0.13209393346379647,0.1401151631477927,521,0.1368584758942457,643,20.0,30.0,10.0,3.946261682242991,4.0,2.386740331491713,0.4585635359116022,0.12154696132596685,181,1.7541899441340782,0.329608938547486,0.15083798882681565,179,3.5025490196078435,56.004901960784316,35.790849673202615,7.0,460,338,11.0,17,6.0,122,7.176470588235294,27.058823529411764,19.88235294117647
2024,REG,HOU,-0.0405497577672556,0.39956803455723544,926,-0.09017128596368064,0.3919372900335946,893,-0.04586234130165893,-0.06784095074346547,0.14477468839884947,0.1287223823246878,0.17069486404833836,662,0.15590551181102363,635,20.0,28.0,8.0,4.3162583518930955,4.0,1.8186528497409327,0.36787564766839376,0.16062176165803108,193,1.8082901554404145,0.35233160621761656,0.17616580310880828,193,1.837173202614379,54.55065359477124,31.460784313725494,6.0,372,372,10.0,17,7.0,0,0.0,21.88235294117647,21.88235294117647
2024,REG,IND,-0.05885665984642394,0.3978835978835979,945,-0.006683406718153653,0.42771684945164506,1003,-0.07896906298830725,-0.012008622488297463,0.14285714285714285,0.1416819012797075,0.14285714285714285,567,0.1309328968903437,611,29.0,25.0,-4.0,4.208255159474672,4.0,1.8505154639175259,0.36597938144329895,0.15463917525773196,194,2.0306122448979593,0.3826530612244898,0.15306122448979592,196,-0.3806862745098038,35.12091503267974,15.076797385620914,2.0,377,427,8.0,17,9.0,-50,-2.9411764705882355,22.176470588235293,25.11764705882353
2024,REG,JAX,-0.01634582573246564,0.4196642685851319,834,0.10659669840655464,0.4492462311557789,995,0.008401547573559891,0.07874535976735274,0.1290650406504065,0.15231187669990934,0.11258278145695365,604,0.10182370820668693,658,24.0,9.0,-15.0,4.393762183235867,5.0,1.7118644067796611,0.3333333333333333,0.192090395480226,177,2.3555555555555556,0.45555555555555555,0.09444444444444444,180,-3.5719281045751634,30.06045751633987,11.027777777777779,1.0,320,435,4.0,17,13.0,-115,-6.764705882352941,18.823529411764707,25.58823529411765
2024,REG,KC,0.09046363534303632,0.4898373983739837,984,-0.010366121673906912,0.4223194748358862,914,0.02451651358315461,-0.0019347782614181804,0.10871602624179943,0.1248770894788594,0.17404129793510326,678,0.17251908396946564,655,15.0,19.0,4.0,4.136038186157518,1.0,2.2662721893491122,0.4319526627218935,0.1952662721893491,169,1.9401197604790419,0.3652694610778443,0.1437125748502994,167,1.505408496732026,54.04738562091503,27.06045751633987,4.0,385,326,15.0,17,2.0,59,3.4705882352941178,22.647058823529413,19.176470588235293
2024,REG,LA,0.01816816098895219,0.471875,960,0.028251752277601096,0.4537902388369678,963,0.06418320761001284,0.06162613692299566,0.1298828125,0.13658070678127984,0.16694772344013492,593,0.11783960720130933,611,15.0,19.0,4.0,4.633123689727463,3.0,2.0473372781065087,0.3905325443786982,0.17751479289940827,169,2.0988372093023258,0.42441860465116277,0.11046511627906977,172,-2.414248366013072,26.46732026143791,13.794117647058824,2.0,367,386,10.0,17,7.0,-19,-1.1176470588235294,21.58823529411765,22.705882352941178
2024,REG,LAC,0.06446422642299962,0.42806603773584906,848,-0.07325135264190356,0.40838323353293415,835,0.06739377158145197,-0.04072315753099098,0.1419939577039275,0.13073170731707318,0.1832191780821918,584,0.14923076923076922,650,8.0,21.0,13.0,4.687793427230047,4.0,2.158469945355191,0.43169398907103823,0.18032786885245902,183,1.6243093922651934,0.3259668508287293,0.18232044198895028,181,3.8241830065359474,51.4297385620915,30.5,4.0,402,301,11.0,17,6.0,101,5.9411764705882355,23.647058823529413,17.705882352941178
2024,REG,LV,-0.1601975208262987,0.3935340022296544,897,0.03237531413521754,0.44124168514412415,902,-0.10717270855605619,0.013336074139363397,0.10867492850333652,0.14216163583252192,0.15142857142857144,700,0.12721417069243157,621,29.0,13.0,-16.0,4.312087912087912,5.0,1.4764397905759161,0.3298429319371728,0.17277486910994763,191,2.1818181818181817,0.43315508021390375,0.13903743315508021,187,-3.70218954248366,22.101307189542485,6.4297385620915035,0.0,309,434,4.0,17,13.0,-125,-7.352941176470588,18.176470588235293,25.529411764705884
2024,REG,MIA,-0.03973759514880126,0.44385026737967914,935,-0.019221336301884953,0.4311594202898551,828,0.005257609683916176,0.011875289339695972,0.12791783380018673,0.13883299798792756,0.12213740458015267,655,0.1282051282051282,624,20.0,17.0,-3.0,4.325980392156863,0.0,1.8186813186813187,0.3901098901098901,0.09340659340659341,182,1.9116022099447514,0.3867403314917127,0.1712707182320442,181,-1.2191666666666667,36.63562091503268,16.258169934640524,4.0,345,364,8.0,17,9.0,-19,-1.1176470588235294,20.294117647058822,21.41176470588235
2024,REG,MIN,0.07152604430791791,0.4683257918552036,884,-0.1059793453850105,0.41723356009070295,882,0.06315108713354728,-0.07781743414894454,0.14688715953307394,0.13670411985018727,0.1632,625,0.1622002820874471,709,21.0,33.0,12.0,4.0458015267175576,3.0,2.115183246073298,0.41361256544502617,0.1256544502617801,191,1.6042780748663101,0.3155080213903743,0.1443850267379679,187,4.661781045751634,57.209150326797385,41.341503267973856,5.0,432,332,14.0,17,3.0,100,5.882352941176471,25.41176470588235,19.529411764705884
2024,REG,NE,-0.07189372182378423,0.4266666666666667,825,0.10732343221101344,0.4728950403690888,867,-0.0552513170258531,0.13613100847909107,0.11701081612586037,0.11647727272727272,0.1732283464566929,635,0.10508474576271186,590,24.0,11.0,-13.0,4.399606299212598,6.0,1.4606741573033708,0.3089887640449438,0.1853932584269663,178,2.260115606936416,0.4277456647398844,0.10982658959537572,173,-4.031699346405229,30.514705882352942,9.315359477124183,2.0,289,417,4.0,17,13.0,-128,-7.529411764705882,17.0,24.529411764705884
2024,REG,NO,-0.026081846391577915,0.40636042402826855,849,0.08644851083969159,0.46474358974358976,936,-0.008399175521935932,0.0630747337630617,0.13209393346379647,0.1448087431693989,0.13843648208469056,614,0.12351190476190477,672,17.0,19.0,2.0,4.910204081632653,6.0,1.723756906077348,0.34806629834254144,0.1712707182320442,181,2.021857923497268,0.3989071038251366,0.14207650273224043,183,-0.20499999999999996,43.09640522875817,19.148692810457515,5.0,338,398,5.0,17,12.0,-60,-3.5294117647058822,19.88235294117647,23.41176470588235
2024,REG,NYG,-0.11497175462667042,0.4047350620067644,887,0.08219264500218909,0.4664391353811149,879,-0.12235926336667917,0.07326513722732815,0.11590038314176246,0.14161008729388944,0.18552036199095023,663,0.1527777777777778,576,23.0,15.0,-8.0,4.604373757455268,6.0,1.2185792349726776,0.2786885245901639,0.18032786885245902,183,2.027624309392265,0.3867403314917127,0.16022099447513813,181,-5.605637254901961,14.200980392156863,8.524509803921568,0.0,273,415,3.0,17,14.0,-142,-8.352941176470589,16.058823529411764,24.41176470588235
2024,REG,NYJ,-0.018018454001797482,0.4219269102990033,903,0.022015391030962606,0.43548387096774194,930,0.02108451212046319,0.012631985150811511,0.13233830845771144,0.12844909609895339,0.14135338345864662,665,0.1411764705882353,595,18.0,18.0,0.0,4.077227722772277,5.0,1.8323699421965318,0.34104046242774566,0.16184971098265896,173,2.2514285714285713,0.44571428571428573,0.17714285714285713,175,-1.8565359477124184,34.97385620915033,14.408496732026144,1.0,338,404,5.0,17,12.0,-66,-3.8823529411764706,19.88235294117647,23.764705882352942
2024,REG,PHI,0.1063311457668815,0.4515778019586507,919,-0.10437215994849715,0.392018779342723,852,0.08322370938995927,-0.07219095787045231,0.14627414903403863,0.10808080808080808,0.1441947565543071,534,0.13268608414239483,618,14.0,27.0,13.0,4.241626794258373,1.0,2.423076923076923,0.44505494505494503,0.15384615384615385,182,1.6101694915254237,0.3163841807909605,0.20903954802259886,177,3.695588235294118,55.700980392156865,37.307189542483655,7.0,463,303,14.0,17,3.0,160,9.411764705882353,27.235294117647058,17.823529411764707
2024,REG,PIT,-0.020871926003737988,0.4105263157894737,950,-0.0393616036307327,0.437636761487965,914,-0.016195511752935876,-0.027521000281396684,0.13533834586466165,0.1357421875,0.19006849315068494,584,0.16535433070866143,635,20.0,30.0,10.0,4.072815533980583,2.0,1.8631578947368421,0.4,0.18421052631578946,190,1.7747252747252746,0.34615384615384615,0.14285714285714285,182,-0.5183660130718953,37.580065359477125,18.5,2.0,380,347,10.0,17,7.0,33,1.9411764705882353,22.352941176470587,20.41176470588235
2024,REG,SEA,-0.027592021204684004,0.4419642857142857,896,-0.015473839361797238,0.440713536201469,953,-0.0021153955760113002,0.08592274800581713,0.1497536945812808,0.11988582302568981,0.16865671641791044,670,0.17519379844961241,645,22.0,20.0,-2.0,4.520879120879121,3.0,1.7621621621621621,0.34594594594594597,0.12972972972972974,185,1.6288659793814433,0.3402061855670103,0.1958762886597938,194,-0.557091503267974,37.95424836601307,16.1781045751634,3.0,375,368,10.0,17,7.0,7,0.4117647058823529,22.058823529411764,21.647058823529413
2024,REG,SF,0.08986023767051358,0.47264260768335276,859,0.019478167995590802,0.45066991473812423,821,0.08920520211207424,0.0031167771491385416,0.15217391304347827,0.11067193675889328,0.1260229132569558,611,0.14084507042253522,568,26.0,18.0,-8.0,4.4258872651356995,5.0,2.165714285714286,0.41714285714285715,0.10857142857142857,175,2.353932584269663,0.4438202247191011,0.1853932584269663,178,1.517794117647059,49.68790849673203,27.799019607843135,3.0,389,436,6.0,17,11.0,-47,-2.764705882352941,22.88235294117647,25.647058823529413
2024,REG,TB,0.1254588021965719,0.4944933920704846,908,0.038290135556173784,0.45361990950226244,884,0.10525532486097605,0.017724882888955386,0.17391304347826086,0.12167300380228137,0.08895705521472393,652,0.15937940761636107,709,25.0,16.0,-9.0,4.275064267352185,2.0,2.6629834254143647,0.48066298342541436,0.09944751381215469,181,1.9945054945054945,0.4010989010989011,0.16483516483516483,182,2.4858986928104576,49.35457516339869,26.098039215686274,5.0,502,385,10.0,17,7.0,117,6.882352941176471,29.529411764705884,22.647058823529413
2024,REG,TEN,-0.1452784354843664,0.3918269230769231,832,0.030746214282725958,0.42947903430749684,787,-0.09474193708602158,-0.0023319039938111304,0.13255360623781676,0.12550200803212852,0.1781045751633987,612,0.1213235294117647,544,33.0,18.0,-15.0,4.526838966202783,4.0,1.3455497382198953,0.3036649214659686,0.16753926701570682,191,2.240437158469945,0.40437158469945356,0.16393442622950818,183,-4.540424836601308,31.39869281045751,8.258169934640522,1.0,311,460,3.0,17,14.0,-149,-8.764705882352942,18.294117647058822,27.058823529411764
2024,REG,WAS,0.11955765200896254,0.4785553047404063,886,0.0002256509501775407,0.425531914893617,893,0.07100307860155172,0.02340227115244655,0.12903225806451613,0.14720314033366044,0.12037037037037036,648,0.14736842105263157,570,14.0,19.0,5.0,4.7693877551020405,5.0,2.727272727272727,0.5,0.1590909090909091,176,2.210526315789474,0.4152046783625731,0.16374269005847952,171,4.068905228758171,52.424836601307184,35.36601307189543,5.0,485,391,12.0,17,5.0,94,5.529411764705882,28.529411764705884,23.0
2025,POST,BUF,0.15327944240248662,0.4927536231884058,138,0.031038156907195625,0.4666666666666667,120,0.006883668380660321,0.06304347682312401,0.14492753623188406,0.175,0.1411764705882353,85,0.07317073170731707,82,6.0,3.0,-3.0,4.977777777777778,0.0,2.85,0.55,0.05,20,2.4782608695652173,0.4782608695652174,0.17391304347826086,23,-0.9043055555555556,37.63888888888889,1.8888888888888888,0.0,57,57,1.0,2,1.0,0,0.0,28.5,28.5
2025,POST,CAR,-0.07389202366997207,0.42857142857142855,63,0.11456465343702234,0.49295774647887325,71,-0.0401415257165354,0.30053332875208333,0.1111111111111111,0.11267605633802817,0.18181818181818182,44,0.13953488372093023,43,1.0,2.0,1.0,4.0,0.0,2.3846153846153846,0.38461538461538464,0.07692307692307693,13,2.4285714285714284,0.42857142857142855,0.14285714285714285,14,-4.13,12.944444444444445,0.1388888888888889,0.0,31,34,0.0,1,1.0,-3,-3.0,31.0,34.0
2025,POST,CHI,-0.00045978574581933364,0.42038216560509556,157,0.13887364842142716,0.4014084507042254,142,-0.006191733042888464,0.09728928516954626,0.1518987341772152,0.1506849315068493,0.14285714285714285,98,0.13829787234042554,94,5.0,0.0,-5.0,3.888888888888889,0.0,2.238095238095238,0.42857142857142855,0.047619047619047616,21,2.0,0.3333333333333333,0.2916666666666667,24,-4.5408333333333335,6.597222222222222,0.3611111111111111,0.0,48,47,1.0,2,1.0,1,0.5,24.0,23.5
2025,POST,DEN,-0.1282189148965784,0.3629032258064516,124,-0.013528936991768626,0.4172661870503597,139,-0.06728791876736542,-0.13326044591194017,0.0967741935483871,0.1366906474820144,0.12790697674418605,86,0.2,75,3.0,5.0,2.0,4.378378378378378,1.0,1.6,0.32,0.2,25,1.6666666666666667,0.3333333333333333,0.20833333333333334,24,2.0881944444444445,45.80555555555556,22.958333333333336,0.0,40,40,1.0,2,1.0,0,0.0,20.0,20.0
2025,POST,GB,0.25476134359262925,0.4393939393939394,66,0.037184442098122265,0.3684210526315789,76,0.1271556949314391,-0.0012840324046779782,0.17142857142857143,0.18181818181818182,0.16666666666666666,48,0.18867924528301888,53,0.0,2.0,2.0,3.3214285714285716,0.0,2.5454545454545454,0.36363636363636365,0.2727272727272727,11,3.0,0.6,0.0,10,7.6883333333333335,75.63888888888889,57.277777777777786,0.0,27,31,0.0,1,1.0,-4,-4.0,27.0,31.0
2025,POST,HOU,-0.22197684154999328,0.41025641025641024,117,-0.3860158664532098,0.2903225806451613,93,-0.43612327032494935,-0.34595779882598,0.08695652173913043,0.1016949152542373,0.14942528735632185,87,0.22535211267605634,71,8.0,5.0,-3.0,3.36,0.0,1.0833333333333333,0.2916666666666667,0.16666666666666666,24,0.5,0.19230769230769232,0.2692307692307692,26,-1.9277777777777776,34.02777777777777,9.48611111111111,0.0,46,34,1.0,2,1.0,12,6.0,23.0,17.0
2025,POST,JAX,0.027460529384001373,0.5185185185185185,54,0.24351304215165026,0.48333333333333334,60,0.05716375453961187,0.14930505381000164,0.18518518518518517,0.13333333333333333,0.09090909090909091,33,0.07692307692307693,39,2.0,1.0,-1.0,3.0384615384615383,0.0,2.4,0.4,0.2,10,3.0,0.5555555555555556,0.1111111111111111,9,-0.6919444444444445,26.13888888888889,0.1388888888888889,0.0,24,27,0.0,1,1.0,-3,-3.0,24.0,27.0
2025,POST,LA,0.14317299289773466,0.45098039215686275,204,0.02864985924427713,0.46153846153846156,208,0.2802853870157434,0.011363024384198256,0.16176470588235295,0.11961722488038277,0.1111111111111111,126,0.14728682170542637,129,2.0,5.0,3.0,3.6551724137931036,0.0,2.189189189189189,0.40540540540540543,0.21621621621621623,37,2.323529411764706,0.38235294117647056,0.08823529411764706,34,0.39092592592592607,33.38888888888889,11.074074074074076,0.0,81,79,2.0,3,1.0,2,0.6666666666666666,27.0,26.333333333333332
2025,POST,LAC,-0.34099212678618984,0.36363636363636365,44,0.04340523110327589,0.44642857142857145,56,-0.08571379452311834,0.023306692159078865,0.06779661016949153,0.18032786885245902,0.25,44,0.125,40,1.0,2.0,1.0,5.0344827586206895,0.0,0.3333333333333333,0.1111111111111111,0.1111111111111111,9,1.6,0.4,0.1,10,-3.8183333333333334,0.0,0.0,0.0,3,16,0.0,1,1.0,-13,-13.0,3.0,16.0
2025,POST,NE,-0.21619514141362348,0.34299516908212563,207,-0.2634268642668757,0.33035714285714285,224,-0.21344546317125987,-0.24965171127516111,0.124,0.08076923076923077,0.17419354838709677,155,0.19653179190751446,173,8.0,8.0,0.0,3.55,1.0,1.0188679245283019,0.20754716981132076,0.3018867924528302,53,0.8367346938775511,0.24489795918367346,0.22448979591836735,49,0.1850694444444443,45.708333333333336,22.965277777777775,1.0,67,55,3.0,4,1.0,12,3.0,16.75,13.75
2025,POST,PHI,-0.04102145821338829,0.4305555555555556,72,0.10420946951831479,0.509090909090909,55,-0.040496770357576144,0.12421633284409633,0.05555555555555555,0.12727272727272726,0.02702702702702703,37,0.05555555555555555,36,0.0,2.0,2.0,3.0,0.0,2.0,0.4,0.1,10,2.1818181818181817,0.36363636363636365,0.2727272727272727,11,0.29444444444444445,43.833333333333336,8.972222222222221,0.0,19,23,0.0,1,1.0,-4,-4.0,19.0,23.0
2025,POST,PIT,-0.4511066573590428,0.2826086956521739,46,-0.008172978530306574,0.5,56,-0.31351061735062324,-0.13880033672619393,0.125,0.12121212121212122,0.2894736842105263,38,0.11428571428571428,35,2.0,3.0,1.0,5.290322580645161,1.0,-0.7272727272727273,0.18181818181818182,0.18181818181818182,11,1.8888888888888888,0.3333333333333333,0.0,9,-3.0680555555555555,20.88888888888889,0.0,0.0,6,30,0.0,1,1.0,-24,-24.0,6.0,30.0
2025,POST,SEA,0.1354845962008543,0.4444444444444444,153,-0.1278554032080099,0.39855072463768115,138,0.11966310298956785,0.05612927032297338,0.15425531914893617,0.14754098360655737,0.16161616161616163,99,0.1484375,128,1.0,6.0,5.0,4.492537313432836,0.0,2.71875,0.53125,0.21875,32,1.1111111111111112,0.25,0.19444444444444445,36,10.675092592592593,94.72222222222223,61.2962962962963,2.0,101,46,3.0,3,0.0,55,18.333333333333332,33.666666666666664,15.333333333333334
2025,POST,SF,-0.06954516633448625,0.44086021505376344,93,0.046125307160305835,0.47,100,0.0038172228378243744,0.07483482869212969,0.09565217391304348,0.10483870967741936,0.0945945945945946,74,0.07142857142857142,56,5.0,0.0,-5.0,4.565217391304348,2.0,1.3636363636363635,0.2727272727272727,0.13636363636363635,22,2.8421052631578947,0.5263157894736842,0.21052631578947367,19,-9.821666666666667,25.38888888888889,0.8472222222222223,0.0,29,60,1.0,2,1.0,-31,-15.5,14.5,30.0
2025,REG,ARI,-0.021207153549859234,0.4303030303030303,825,0.06941516135070143,0.47300469483568075,852,-0.01819396031771102,0.14682227694873015,0.12897196261682242,0.14857142857142858,0.17583892617449665,745,0.11612903225806452,620,20.0,18.0,-2.0,4.395112016293279,4.0,1.871345029239766,0.3684210526315789,0.16374269005847952,171,2.55,0.49444444444444446,0.10555555555555556,180,-3.3968137254901962,31.459150326797385,16.271241830065357,2.0,355,488,3.0,17,14.0,-133,-7.823529411764706,20.88235294117647,28.705882352941178
2025,REG,ATL,0.014262933912346036,0.44759825327510916,916,-0.034661706580174846,0.43952483801295894,926,0.07801417763303305,0.002177282596563752,0.13565891472868216,0.1343570057581574,0.12864493996569468,583,0.1472,625,19.0,22.0,3.0,4.605150214592275,2.0,1.7868852459016393,0.37158469945355194,0.12021857923497267,183,2.07909604519774,0.4124293785310734,0.15254237288135594,177,-0.09730392156862747,44.97222222222222,20.640522875816995,6.0,353,401,8.0,17,9.0,-48,-2.823529411764706,20.764705882352942,23.58823529411765
2025,REG,BAL,0.04904997618075703,0.45443499392466585,823,0.05255200505324569,0.4441887226697353,869,0.03630337628506868,0.04826036353341125,0.1530398322851153,0.13152985074626866,0.17165668662674652,501,0.1416184971098266,692,22.0,21.0,-1.0,4.17741935483871,1.0,2.2752808988764044,0.42696629213483145,0.12921348314606743,178,2.140449438202247,0.43258426966292135,0.0898876404494382,178,0.6035784313725491,44.31535947712418,26.20098039215686,3.0,424,398,8.0,17,9.0,26,1.5294117647058822,24.941176470588236,23.41176470588235
2025,REG,BUF,0.12533192925432676,0.4821826280623608,898,-0.012974397449827908,0.43184559710494574,829,0.10469672099358385,-0.02884068256991161,0.1590909090909091,0.1440677966101695,0.12157534246575342,584,0.16981132075471697,530,18.0,21.0,3.0,5.133037694013304,5.0,2.7011494252873565,0.4482758620689655,0.14367816091954022,174,2.0112994350282487,0.3728813559322034,0.1864406779661017,177,1.707777777777778,43.459150326797385,27.27450980392157,4.0,481,365,12.0,17,5.0,116,6.823529411764706,28.294117647058822,21.470588235294116
2025,REG,CAR,-0.057299324401019744,0.42280285035629456,842,0.06388369336115463,0.44799054373522457,846,-0.048340031775886534,0.007791414779512411,0.12209889001009082,0.12224448897795591,0.14948453608247422,582,0.09591474245115453,563,23.0,21.0,-2.0,4.375782881002087,4.0,1.7409638554216869,0.3433734939759036,0.0963855421686747,166,2.1790123456790123,0.42592592592592593,0.10493827160493827,162,-3.5668627450980392,25.624183006535947,11.32516339869281,2.0,311,380,8.0,17,9.0,-69,-4.0588235294117645,18.294117647058822,22.352941176470587
2025,REG,CHI,0.09514472753519074,0.469,1000,0.0012156560500205108,0.46162402669632924,899,0.09680118890426614,0.057194753513374955,0.15137614678899083,0.14454277286135694,0.10625,640,0.13682432432432431,592,11.0,33.0,22.0,5.00437636761488,2.0,2.300546448087432,0.4371584699453552,0.13114754098360656,183,2.138121546961326,0.39226519337016574,0.13812154696132597,181,0.7475816993464053,42.439542483660134,23.263071895424837,4.0,441,415,11.0,17,6.0,26,1.5294117647058822,25.941176470588236,24.41176470588235
2025,REG,CIN,-0.00621052098734136,0.46118192352259557,863,0.1325092326499003,0.48182883939038684,853,-0.0394576011647199,0.14366417678871074,0.1235632183908046,0.16197866149369544,0.1470160116448326,687,0.1301482701812191,607,24.0,21.0,-3.0,5.2125,6.0,1.893854748603352,0.4022346368715084,0.1452513966480447,179,2.394285714285714,0.4228571428571429,0.13142857142857142,175,-1.9277287581699345,34.50326797385621,17.97222222222222,1.0,414,492,6.0,17,11.0,-78,-4.588235294117647,24.352941176470587,28.941176470588236
2025,REG,CLE,-0.17862801436360753,0.34269005847953216,855,-0.0866984797390283,0.40945790080738176,867,-0.155346824015565,-0.05342926845105111,0.1064453125,0.12096774193548387,0.2112676056338028,639,0.18505338078291814,562,25.0,18.0,-7.0,4.166315789473685,3.0,1.1846153846153846,0.2564102564102564,0.1794871794871795,195,1.663265306122449,0.336734693877551,0.1683673469387755,196,-2.2617483660130717,30.00653594771242,11.818627450980392,3.0,279,379,5.0,17,12.0,-100,-5.882352941176471,16.41176470588235,22.294117647058822
2025,REG,DAL,0.1319380076571586,0.47126436781609193,957,0.2036979021016716,0.4954233409610984,874,0.10662855704533653,0.12580363297543748,0.13533151680290645,0.15949119373776907,0.14096916299559473,681,0.17274167987321712,631,22.0,11.0,-11.0,4.708609271523179,5.0,2.536723163841808,0.480225988700565,0.096045197740113,177,2.785310734463277,0.5141242937853108,0.1016949152542373,177,-0.9601143790849673,33.40522875816993,17.379084967320264,1.0,471,511,7.5,17,9.5,-40,-2.3529411764705883,27.705882352941178,30.058823529411764
2025,REG,DEN,0.04223276535531277,0.4402583423035522,929,-0.08436935522743996,0.37136929460580914,964,0.033138179394204034,-0.07001101147809305,0.12488350419384903,0.0949667616334283,0.10730253353204174,671,0.2178932178932179,693,15.0,16.0,1.0,3.87,1.0,2.0264550264550265,0.37566137566137564,0.20634920634920634,189,1.5706806282722514,0.34554973821989526,0.2198952879581152,191,1.363872549019608,46.01797385620915,20.619281045751634,2.0,401,311,14.0,17,3.0,90,5.294117647058823,23.58823529411765,18.294117647058822
2025,REG,DET,0.06849000020131232,0.4550438596491228,912,-0.011161743929888765,0.42660550458715596,872,0.10441432249755346,-0.006646279224272284,0.14761904761904762,0.14908034849951599,0.1907051282051282,624,0.16220472440944883,635,15.0,19.0,4.0,4.350446428571429,1.0,2.518716577540107,0.44385026737967914,0.12834224598930483,187,2.160427807486631,0.40106951871657753,0.1925133689839572,187,2.147565359477124,42.86601307189542,27.63235294117647,6.0,481,413,9.0,17,8.0,68,4.0,28.294117647058822,24.294117647058822
2025,REG,GB,0.1375977226564253,0.4880174291938998,918,0.04971036105335625,0.44936708860759494,948,0.08594141502361353,0.06816304969035375,0.15539858728557013,0.10931558935361217,0.1503623188405797,552,0.16393442622950818,610,14.0,13.0,-1.0,4.190376569037657,2.0,2.36144578313253,0.43373493975903615,0.14457831325301204,166,2.2641509433962264,0.4276729559748428,0.12578616352201258,159,2.166339869281046,49.877450980392155,24.986928104575163,5.0,391,360,9.5,17,7.5,31,1.8235294117647058,23.0,21.176470588235293
2025,REG,HOU,-0.024327757831486142,0.4147368421052632,950,-0.12379337102591807,0.38063063063063063,888,0.006830162157705165,-0.15268334460754532,0.11753731343283583,0.12487205731832139,0.12286158631415241,643,0.15048543689320387,618,13.0,28.0,15.0,3.9825,2.0,1.963350785340314,0.4293193717277487,0.17277486910994763,191,1.3891891891891892,0.2756756756756757,0.24864864864864866,185,2.8160294117647062,53.529411764705884,31.93300653594771,6.0,404,295,12.0,17,5.0,109,6.411764705882353,23.764705882352942,17.352941176470587
2025,REG,IND,0.07678315030839386,0.4547563805104408,862,0.035123783248291164,0.4660831509846827,914,0.051015155465863396,0.054338731880240375,0.1454183266932271,0.13934426229508196,0.15025041736227046,599,0.13748191027496381,691,22.0,22.0,0.0,3.8660714285714284,2.0,2.616279069767442,0.5,0.13372093023255813,172,2.1988636363636362,0.4431818181818182,0.10227272727272728,176,3.2918627450980393,51.802287581699346,24.754901960784313,4.0,466,412,8.0,17,9.0,54,3.176470588235294,27.41176470588235,24.235294117647058
2025,REG,JAX,0.049661580708627105,0.46285714285714286,875,-0.06946479282125011,0.4294330518697226,829,0.03731651350531483,-0.04220463699361041,0.13738317757009347,0.109375,0.13198757763975155,644,0.1340941512125535,701,18.0,31.0,13.0,3.9324324324324325,0.0,2.291005291005291,0.42857142857142855,0.15343915343915343,189,1.5913978494623655,0.3118279569892473,0.14516129032258066,186,4.815522875816994,55.4264705882353,37.109477124183,4.0,474,336,13.0,17,4.0,138,8.117647058823529,27.88235294117647,19.764705882352942
2025,REG,KC,0.017020338316680983,0.44823906083244397,937,0.001918158859272493,0.4453125,896,0.026264760437885913,0.004944652043281273,0.12344497607655502,0.11668372569089049,0.1836734693877551,686,0.1718213058419244,582,15.0,14.0,-1.0,4.011160714285714,2.0,2.094674556213018,0.42011834319526625,0.15976331360946747,169,1.8982035928143712,0.3772455089820359,0.1377245508982036,167,0.8627777777777778,32.521241830065364,17.0702614379085,3.0,362,328,6.0,17,11.0,34,2.0,21.294117647058822,19.294117647058822
2025,REG,LA,0.16092161769515279,0.5247191011235955,890,-0.041011614465524225,0.4258210645526614,883,0.16511497490588742,-0.0647385141212482,0.15625,0.11665098777046096,0.125,624,0.17933130699088146,658,15.0,26.0,11.0,4.315789473684211,3.0,2.6464088397790055,0.4696132596685083,0.11049723756906077,181,1.7329545454545454,0.3465909090909091,0.1875,176,4.897124183006535,55.088235294117645,38.0702614379085,5.0,518,346,12.0,17,5.0,172,10.117647058823529,30.470588235294116,20.352941176470587
2025,REG,LAC,-0.01280754785784468,0.4325782092772384,927,-0.07743225462544003,0.40930787589498807,838,-0.019123982434187427,-0.05597967370357479,0.12326227988878591,0.12815126050420167,0.2026431718061674,681,0.15187713310580206,586,21.0,21.0,0.0,4.299760191846523,3.0,1.9714285714285715,0.4228571428571429,0.14857142857142858,175,1.7966101694915255,0.3615819209039548,0.1807909604519774,177,0.008709150326797336,43.87745098039216,26.454248366013072,4.0,368,340,11.0,17,6.0,28,1.6470588235294117,21.647058823529413,20.0
2025,REG,LV,-0.22149779025567068,0.3683510638297872,752,0.014641746053535607,0.44063647490820074,817,-0.17239037010281213,-0.0019980341415055053,0.10223642172523961,0.11725452812202097,0.19230769230769232,598,0.1423728813559322,590,23.0,16.0,-7.0,3.8828125,1.0,1.2044198895027625,0.2596685082872928,0.18232044198895028,181,2.2768361581920904,0.423728813559322,0.2033898305084746,177,-5.995441176470588,19.264705882352942,6.419934640522875,1.0,241,432,3.0,17,14.0,-191,-11.235294117647058,14.176470588235293,25.41176470588235
2025,REG,MIA,0.0020047697539664305,0.42994505494505497,728,0.06601734978993501,0.48813982521847693,801,0.022538087636335285,0.06486554028208492,0.14164004259850904,0.1493570722057369,0.12830188679245283,530,0.13028764805414553,591,25.0,19.0,-6.0,4.781779661016949,5.0,1.8628571428571428,0.3657142857142857,0.17714285714285713,175,2.281609195402299,0.41379310344827586,0.1896551724137931,174,-0.8730555555555555,41.630718954248366,25.715686274509807,5.0,347,424,7.0,17,10.0,-77,-4.529411764705882,20.41176470588235,24.941176470588236
2025,REG,MIN,-0.131939322867562,0.4209844559585492,772,-0.08021885795006227,0.4126611957796014,853,-0.04949402443164616,-0.0911312554333027,0.13205537806176784,0.12401574803149606,0.2171628721541156,571,0.18857142857142858,525,28.0,22.0,-6.0,3.988657844990548,4.0,1.6685082872928176,0.36464088397790057,0.1712707182320442,181,1.6022099447513811,0.35359116022099446,0.1878453038674033,181,-0.22019607843137254,37.1078431372549,18.962418300653596,5.0,344,333,9.0,17,8.0,11,0.6470588235294118,20.235294117647058,19.58823529411765
2025,REG,NE,0.16070014146824704,0.5011737089201878,852,-0.021918037573512236,0.4600262123197903,763,0.1418063329550168,0.010854407500543867,0.16272189349112426,0.1308411214953271,0.15497553017944535,613,0.15110356536502548,589,16.0,19.0,3.0,4.196601941747573,4.0,2.5172413793103448,0.45977011494252873,0.12643678160919541,174,1.622093023255814,0.31976744186046513,0.1569767441860465,172,5.989232026143791,61.892156862745104,40.3562091503268,4.0,490,320,14.0,17,3.0,170,10.0,28.823529411764707,18.823529411764707
2025,REG,NO,-0.08744018480666557,0.42028985507246375,897,-0.03619360956502983,0.43184421534937,873,-0.05755899322960549,-0.02497932452903721,0.10744580584354382,0.11879259980525804,0.12388059701492538,670,0.14513274336283186,565,23.0,21.0,-2.0,3.9576107899807322,4.0,1.5454545454545454,0.32954545454545453,0.17045454545454544,176,1.9222222222222223,0.40555555555555556,0.1,180,-5.795735294117647,13.112745098039214,5.374183006535948,0.0,306,383,6.0,17,11.0,-77,-4.529411764705882,18.0,22.529411764705884
2025,REG,NYG,-0.0035188485829172242,0.4089935760171306,934,0.08218732523488753,0.4659977703455964,897,-0.024172647862012994,0.06893670042629076,0.13581395348837208,0.15953307392996108,0.1858974358974359,624,0.15619967793880837,621,17.0,15.0,-2.0,5.304721030042918,5.0,2.052941176470588,0.38823529411764707,0.13529411764705881,170,2.283333333333333,0.43333333333333335,0.1111111111111111,180,-0.7236928104575163,39.60130718954248,20.063725490196077,2.0,381,439,4.0,17,13.0,-58,-3.411764705882353,22.41176470588235,25.823529411764707
2025,REG,NYJ,-0.15476576553675375,0.3976063829787234,752,0.16378869310105432,0.45936395759717313,849,-0.10085165846147358,0.15496508157655733,0.1008991008991009,0.1522359657469077,0.19407894736842105,608,0.10051993067590988,577,24.0,3.0,-21.0,4.398886827458256,5.0,1.430939226519337,0.2983425414364641,0.1712707182320442,181,2.5483870967741935,0.489247311827957,0.17204301075268819,186,-8.16936274509804,14.08986928104575,3.444444444444444,0.0,300,503,3.0,17,14.0,-203,-11.941176470588236,17.647058823529413,29.58823529411765
2025,REG,PHI,0.013562199668714242,0.4288939051918736,886,-0.0994313150478285,0.41434262948207173,1004,0.0020367810095539094,-0.05769759316752102,0.1350806451612903,0.12041392285983067,0.1099476439790576,573,0.16613418530351437,626,13.0,21.0,8.0,4.276767676767677,2.0,2.0168539325842696,0.3539325842696629,0.21348314606741572,178,1.6888888888888889,0.35,0.15,180,3.588039215686275,54.13562091503268,32.640522875817,7.0,379,325,11.0,17,6.0,54,3.176470588235294,22.294117647058822,19.11764705882353
2025,REG,PIT,0.038010912286278974,0.443557582668187,877,0.016987368581730472,0.4291799787007455,939,0.028246229284585568,-0.048195859935304106,0.12127440904419322,0.14038286235186873,0.1065989847715736,591,0.16251830161054173,683,15.0,27.0,12.0,4.242825607064018,5.0,2.0677966101694913,0.3898305084745763,0.1864406779661017,177,1.9943502824858756,0.4067796610169492,0.12994350282485875,177,1.2155065359477124,47.73202614379085,22.00980392156863,3.0,397,387,10.0,17,7.0,10,0.5882352941176471,23.352941176470587,22.764705882352942
2025,REG,SEA,0.0500585999152383,0.47081218274111675,788,-0.12541922698614685,0.39473684210526316,798,0.059681112942510946,-0.06639006137595552,0.14688128772635814,0.09564393939393939,0.12162162162162163,518,0.16110304789550073,689,26.0,25.0,-1.0,3.7303102625298328,0.0,2.254054054054054,0.4594594594594595,0.14594594594594595,185,1.2925531914893618,0.2872340425531915,0.1702127659574468,188,6.818823529411765,57.34313725490196,41.075163398692816,7.0,483,292,14.0,17,3.0,191,11.235294117647058,28.41176470588235,17.176470588235293
2025,REG,SF,0.10517859508259039,0.4910807974816369,953,0.0802186553869731,0.4857792946530148,879,0.04645668522966484,0.0960238512846885,0.12641509433962264,0.12734452122408688,0.1346153846153846,624,0.09365079365079365,630,23.0,15.0,-8.0,4.297423887587822,2.0,2.4647058823529413,0.4764705882352941,0.12941176470588237,170,2.1265060240963853,0.3855421686746988,0.1566265060240964,166,1.8842156862745099,47.661764705882355,28.377450980392155,5.0,437,371,12.0,17,5.0,66,3.8823529411764706,25.705882352941178,21.823529411764707
2025,REG,TB,0.0187022775000438,0.43776371308016876,948,0.04759862847060994,0.46029919447640966,869,0.015016569922269836,0.0709859703776915,0.12204351939451277,0.13488843813387424,0.09404388714733543,638,0.134375,640,17.0,22.0,5.0,4.252525252525253,2.0,1.9333333333333333,0.39444444444444443,0.12777777777777777,180,2.111731843575419,0.39106145251396646,0.11173184357541899,179,-0.6710947712418298,42.16830065359477,16.841503267973856,3.0,380,411,8.0,17,9.0,-31,-1.8235294117647058,22.352941176470587,24.176470588235293
2025,REG,TEN,-0.17207346422144806,0.36387782204515273,753,0.1451056678014448,0.47361647361647363,777,-0.08969008289240259,0.1347581950423647,0.10854271356783919,0.14777327935222673,0.17492260061919504,646,0.1610738255033557,596,20.0,12.0,-8.0,4.285714285714286,2.0,1.292817679558011,0.2983425414364641,0.22099447513812154,181,2.3369565217391304,0.45108695652173914,0.15217391304347827,184,-5.971699346405228,20.95751633986928,6.388888888888889,0.0,284,478,3.0,17,14.0,-194,-11.411764705882353,16.705882352941178,28.11764705882353
2025,REG,WAS,0.012281868437644611,0.44884910485933505,782,0.14008278401494392,0.4836527621195039,887,0.02970608995684768,0.1233392200658263,0.14094650205761317,0.15730337078651685,0.14184397163120568,564,0.1461038961038961,616,22.0,11.0,-11.0,4.763313609467455,6.0,2.0180722891566263,0.37349397590361444,0.12048192771084337,166,2.532544378698225,0.47337278106508873,0.1242603550295858,169,-4.293709150326798,26.02450980392157,13.305555555555557,3.0,356,451,5.0,17,12.0,-95,-5.588235294117647,20.941176470588236,26.529411764705884
